{"type":"FeatureCollection", "features": [
{"type":"Feature","geometry":{"type":"Polygon","coordinates":[[[123.094612,46.249092],[123.338575,46.214837],[123.483705,46.259134],[123.559537,46.224827],[123.652209,46.274833],[123.746943,46.26939],[123.818185,46.295953],[123.865028,46.268395],[123.92767,46.295186],[123.945832,46.244086],[123.898621,46.199369],[123.960067,46.150635],[123.971596,46.067329],[123.994928,46.042034],[123.918741,45.947653],[124.013829,45.879189],[123.963012,45.769254],[124.067083,45.699881],[124.114092,45.606576],[124.200668,45.614337],[124.226364,45.555955],[124.306882,45.534712],[124.354125,45.444593],[124.498351,45.413464],[124.552598,45.447283],[124.814948,45.439731],[124.854138,45.468462],[124.866877,45.549246],[125.011201,45.474868],[125.05819,45.387742],[125.277448,45.42005],[125.350421,45.408853],[125.427103,45.456372],[125.430411,45.492173],[125.491043,45.488832],[125.576402,45.532064],[125.697733,45.525225],[125.667081,45.452978],[125.654609,45.335998],[125.856344,45.188533],[125.930448,45.183453],[126.090345,45.122527],[126.240576,45.141431],[126.34503,45.204989],[126.531436,45.235866],[126.77693,45.121225],[126.937138,45.121762],[126.970608,45.009092],[127.060581,44.935644],[127.064171,44.912169],[127.018422,44.897985],[126.966893,44.821976],[126.983229,44.773942],[126.969759,44.699932],[127.004898,44.601334],[127.068241,44.605728],[127.140652,44.652772],[127.195519,44.609844],[127.227276,44.605931],[127.246447,44.626595],[127.41137,44.612713],[127.512163,44.567189],[127.530797,44.548402],[127.471512,44.523462],[127.400115,44.526304],[127.408514,44.46449],[127.597358,44.227984],[127.567702,44.202853],[127.586862,44.173172],[127.661788,44.16067],[127.692945,44.186496],[127.714872,44.177275],[127.714375,44.067398],[127.818079,44.058567],[127.947796,44.083954],[128.030288,44.152733],[127.996151,44.188118],[128.020737,44.284599],[127.993275,44.349935],[128.126953,44.344789],[128.247834,44.486474],[128.338857,44.475094],[128.387505,44.450336],[128.421337,44.385813],[128.413159,44.187228],[128.480145,44.033802],[128.707663,43.768319],[128.773983,43.579483],[128.83341,43.545755],[128.909355,43.557736],[128.993457,43.534958],[129.085135,43.584537],[129.175115,43.578048],[129.167649,43.772461],[129.193528,43.796013],[129.319945,43.799695],[129.350934,43.849743],[129.400214,43.860814],[129.570915,43.875161],[129.637502,43.857281],[129.734574,43.891262],[129.718906,43.92538],[129.737099,43.970002],[129.833213,44.030476],[129.914094,44.025826],[129.951142,43.990324],[129.989295,43.859115],[130.01755,43.837626],[130.263812,44.042882],[130.305859,44.020165],[130.290467,43.905032],[130.328897,43.785447],[130.393269,43.731094],[130.421851,43.66031],[130.543902,43.628021],[130.53496,43.611187],[130.577343,43.586486],[130.645238,43.574222],[130.81259,43.452731],[130.93709,43.512543],[130.971648,43.512602],[131.076836,43.447805],[131.208667,43.492421],[131.13221,43.577923],[131.154186,43.647625],[131.155088,43.790784],[131.198535,43.901687],[131.174125,43.990461],[131.275142,44.052976],[131.048528,44.725803],[130.920193,44.835538],[131.012831,44.880288],[131.037571,44.927617],[131.097583,44.933576],[131.173959,44.897197],[131.202143,44.929173],[131.22441,44.924005],[131.248812,44.987144],[131.4148,44.975281],[131.588283,45.078124],[131.617444,45.108066],[131.584055,45.141915],[131.632937,45.209752],[131.719477,45.214251],[131.815943,45.339904],[131.848723,45.333958],[131.872153,45.281097],[131.943581,45.24131],[132.918119,45.026304],[133.051863,45.07265],[133.094384,45.160794],[133.049252,45.286483],[133.124673,45.481297],[133.175451,45.529036],[133.304399,45.557513],[133.406412,45.637003],[133.416268,45.666211],[133.373896,45.719854],[133.435153,45.769623],[133.40488,45.835318],[133.467249,45.899892],[133.524746,45.890458],[133.631699,45.966372],[133.683195,46.053315],[133.652521,46.149166],[133.668563,46.164308],[133.728526,46.17314],[133.760506,46.214669],[133.863513,46.261294],[133.864935,46.296654],[133.834553,46.338243],[133.863118,46.38131],[133.784225,46.487162],[133.944508,46.637886],[133.959641,46.688867],[133.941082,46.729488],[133.969895,46.796062],[133.957209,46.830084],[134.011916,47.036155],[134.150577,47.09396],[134.164915,47.11884],[134.149658,47.188168],[134.101812,47.231873],[134.109703,47.285136],[134.276962,47.421099],[134.408216,47.417018],[134.459834,47.44509],[134.516858,47.514659],[134.599536,47.562932],[134.710571,47.711147],[134.609905,47.800867],[134.616216,47.875343],[134.52211,47.880796],[134.499043,47.905441],[134.481118,47.948109],[134.494329,47.999735],[134.592902,48.082409],[134.642131,48.247174],[134.972726,48.363509],[134.976798,48.412082],[134.833036,48.391965],[134.750842,48.336739],[134.568743,48.394802],[134.282513,48.367676],[134.020874,48.318066],[133.919127,48.252506],[133.750799,48.262825],[133.6235,48.171067],[133.50919,48.139434],[133.494247,48.096578],[133.239796,48.061713],[133.157898,48.102915],[132.998196,48.071512],[132.942559,48.014318],[132.822177,47.974753],[132.761621,47.914555],[132.716656,47.904602],[132.633384,47.933456],[132.628908,47.878682],[132.537096,47.811071],[132.547168,47.745641],[132.526039,47.702875],[132.48339,47.678448],[132.270878,47.738128],[132.192185,47.683441],[132.057963,47.686827],[131.890706,47.651881],[131.692257,47.673886],[131.556563,47.646101],[131.447427,47.723924],[131.404464,47.732068],[131.217902,47.713251],[131.069066,47.664456],[130.954536,47.677101],[130.920686,47.696897],[130.863975,47.871555],[130.643204,48.040281],[130.638151,48.073764],[130.698619,48.144937],[130.746626,48.265685],[130.737242,48.316701],[130.693014,48.353843],[130.711367,48.491073],[130.669756,48.50532],[130.586023,48.472866],[130.570266,48.553873],[130.471813,48.615339],[130.518199,48.662452],[130.536147,48.7398],[130.595148,48.800216],[130.601832,48.867898],[130.478255,48.85299],[130.383207,48.895156],[130.220833,48.858095],[130.023824,48.925063],[129.884857,49.014079],[129.862246,49.080018],[129.818455,49.093345],[129.770907,49.156011],[129.710476,49.184652],[129.665399,49.256365],[129.505274,49.276353],[129.473048,49.393332],[129.432472,49.408932],[129.336492,49.427903],[129.315139,49.329146],[129.200898,49.382328],[129.053375,49.348512],[129.013318,49.3611],[128.927855,49.442334],[128.693098,49.479204],[128.692759,49.508362],[128.737405,49.557302],[128.624309,49.556296],[128.47734,49.595997],[128.360334,49.575535],[128.275307,49.532349],[128.209815,49.550596],[128.065131,49.525768],[127.981441,49.549837],[127.923452,49.60178],[127.765604,49.56414],[127.721564,49.616227],[127.622557,49.657822],[127.621698,49.746131],[127.468312,49.796767],[127.480232,49.902427],[127.423735,50.000993],[127.540852,50.151087],[127.546749,50.189911],[127.502122,50.242101],[127.304619,50.291972],[127.334508,50.385515],[127.257118,50.455496],[127.30934,50.569227],[127.252106,50.640736],[127.20216,50.763291],[127.147563,50.807156],[127.118984,50.874516],[126.876399,51.038294],[126.847186,51.144452],[126.920298,51.250796],[126.899724,51.300347],[126.844266,51.292236],[126.871407,51.26279],[126.866998,51.22262],[126.845954,51.219256],[126.799184,51.233818],[126.748556,51.28472],[126.881445,51.359114],[126.737009,51.416512],[126.775281,51.510785],[126.64946,51.563239],[126.671831,51.686834],[126.568417,51.743446],[126.488303,51.853471],[126.409274,51.910243],[126.381855,51.999509],[126.466127,52.027605],[126.485839,52.13],[126.275179,52.170288],[126.248944,52.206287],[126.384821,52.252858],[126.244486,52.295155],[126.28689,52.360163],[126.234981,52.411264],[126.131051,52.460137],[126.150175,52.496235],[126.062584,52.558615],[125.948184,52.547497],[125.905815,52.603253],[126.005095,52.660748],[125.992727,52.688693],[126.025755,52.757767],[125.920951,52.738931],[125.774743,52.860562],[125.593015,52.847298],[125.585996,52.861347],[125.674189,52.952727],[125.551903,53.035559],[125.469561,53.018879],[125.168267,53.155238],[124.994567,53.179551],[124.918226,53.169626],[124.85028,53.07869],[124.820869,53.07288],[124.596125,53.173106],[124.397593,53.165627],[124.249598,53.323226],[124.176671,53.356535],[123.999181,53.352323],[123.826473,53.455414],[123.689312,53.481676],[123.615995,53.5224],[123.566974,53.472149],[123.507865,53.531663],[123.462618,53.484874],[123.232915,53.531943],[123.118379,53.471744],[122.988368,53.48245],[122.798432,53.421555],[122.556184,53.434226],[122.380897,53.416525],[122.306589,53.463301],[122.105913,53.444388],[122.004819,53.385338],[121.844955,53.402085],[121.526359,53.315023],[121.466243,53.317989],[121.556995,53.228409],[121.608402,53.215164],[121.640851,53.14624],[121.736104,53.103424],[121.804075,53.015887],[121.676034,52.926588],[121.570897,52.754338],[121.207462,52.501751],[121.331682,52.513076],[121.450264,52.420423],[121.71607,52.381625],[121.812279,52.249497],[121.859908,52.228125],[121.998605,52.257269],[122.150177,52.459439],[122.179372,52.469219],[122.268642,52.447158],[122.338562,52.399577],[122.350577,52.327807],[122.414183,52.330086],[122.422085,52.296849],[122.401569,52.265001],[122.450063,52.234047],[122.517859,52.25083],[122.722206,52.24692],[122.760418,52.208341],[122.755581,52.169647],[122.627881,52.110514],[122.673203,52.057443],[122.717841,51.871535],[122.780706,51.778957],[122.782372,51.715691],[122.870582,51.630283],[122.931521,51.509164],[122.909407,51.377622],[122.993895,51.347216],[123.05808,51.265747],[123.115501,51.256135],[123.151613,51.280767],[123.241459,51.215501],[123.314071,51.204476],[123.518204,51.275208],[123.613259,51.343565],[123.638891,51.397804],[123.673965,51.409468],[123.869529,51.310016],[123.965161,51.287283],[123.997448,51.305611],[124.066666,51.278771],[124.143445,51.338348],[124.20216,51.334684],[124.291247,51.276173],[124.40189,51.283262],[124.398331,51.324421],[124.437475,51.372647],[124.497275,51.379903],[124.605006,51.323086],[124.658351,51.320692],[124.716282,51.381892],[124.817788,51.403521],[124.896208,51.447818],[124.908537,51.464254],[124.890035,51.494897],[125.015316,51.562445],[125.067221,51.674516],[125.291243,51.602661],[125.468233,51.485052],[125.61201,51.36131],[125.724378,51.193612],[125.761246,51.182317],[125.797647,51.122808],[125.820792,51.10182],[125.915324,51.095514],[125.92953,51.038348],[125.988438,51.002393],[125.978953,50.918115],[125.929148,50.853007],[125.867904,50.85582],[125.806399,50.788242],[125.763642,50.774246],[125.742186,50.73208],[125.684775,50.727015],[125.71616,50.694107],[125.737735,50.551255],[125.725313,50.522982],[125.686718,50.478991],[125.631264,50.481124],[125.580121,50.431052],[125.502892,50.435421],[125.497211,50.387994],[125.460745,50.399172],[125.448295,50.322921],[125.376839,50.256514],[125.361601,50.191688],[125.286239,50.155206],[125.300403,50.120563],[125.221405,50.091821],[125.249359,50.04473],[125.200935,50.027593],[125.200937,49.97971],[125.141335,49.937928],[125.172615,49.857422],[125.165148,49.825065],[125.133127,49.806255],[125.17349,49.765337],[125.149054,49.63545],[125.096771,49.648147],[125.068616,49.621619],[125.128365,49.59346],[125.167366,49.523312],[125.201325,49.383919],[125.193897,49.303917],[125.140352,49.166348],[125.033801,49.107612],[124.972336,49.150541],[124.853688,49.1589],[124.743418,49.082033],[124.747495,49.026677],[124.722917,49.01449],[124.697694,48.925479],[124.598484,48.821935],[124.557664,48.635843],[124.50248,48.557269],[124.462993,48.400498],[124.510099,48.29362],[124.511218,48.224187],[124.479375,48.201826],[124.422234,48.087158],[124.418711,48.145842],[124.253035,48.3299],[124.242703,48.484193],[124.163072,48.517485],[124.103084,48.449526],[123.678665,48.160409],[123.624918,48.082487],[123.493728,47.98718],[123.269311,47.92012],[123.233308,47.834455],[123.146695,47.769526],[122.942275,47.717829],[122.684041,47.576438],[122.525139,47.524954],[122.472537,47.413444],[122.392658,47.326059],[122.460535,47.204283],[122.549804,47.142221],[122.81785,47.046212],[122.72904,46.996139],[122.727425,46.931112],[122.739672,46.911932],[122.87295,46.918173],[122.87099,46.824231],[122.924228,46.743464],[123.010266,46.724841],[123.092073,46.739118],[123.177676,46.854379],[123.259996,46.843195],[123.316755,46.863295],[123.338311,46.919261],[123.296678,46.960367],[123.315236,46.990236],[123.480193,46.950183],[123.438236,46.835535],[123.49352,46.823773],[123.529732,46.836837],[123.540889,46.868722],[123.577976,46.861928],[123.546803,46.729863],[123.484123,46.679807],[123.307809,46.66006],[123.232206,46.591401],[123.010676,46.608378],[122.94523,46.515682],[123.094612,46.249092]]]},"properties":{"name":"Heilongjian","created_at":"2013-12-02T20:23:52+0100","updated_at":"2013-12-20T02:37:59+0100","name_simplified_chinese":"黑龙江","cartodb_id":1,"name_traditional_chinese":"黑龍江\n"}},
{"type":"Feature","geometry":{"type":"Polygon","coordinates":[[[79.022935,34.34907],[79.160314,34.478037],[79.31319,34.517123],[79.429619,34.647723],[79.736432,34.725034],[79.853875,34.855216],[80.007814,34.893436],[80.106279,35.0493],[80.200723,35.115135],[80.276051,35.212321],[80.247937,35.284215],[80.26122,35.331002],[80.512015,35.456656],[80.724692,35.348622],[80.835515,35.349235],[80.913054,35.299295],[80.98633,35.290847],[81.04349,35.315505],[81.05036,35.386454],[81.225873,35.354889],[81.22017,35.335997],[81.367345,35.351159],[81.47405,35.312399],[81.574822,35.245431],[81.736711,35.251614],[81.85945,35.28177],[81.990515,35.345635],[82.05799,35.438767],[82.224864,35.518116],[82.302992,35.579036],[82.289733,35.650628],[82.415911,35.708434],[82.725976,35.630459],[82.79913,35.701674],[82.901986,35.67838],[82.935895,35.645395],[82.93936,35.481643],[83.056447,35.390679],[83.325538,35.401663],[83.38475,35.375028],[83.470102,35.399918],[83.509365,35.356998],[83.59632,35.353698],[83.885418,35.37754],[83.8958,35.396582],[83.988859,35.412634],[84.10161,35.360372],[84.508317,35.491046],[84.480608,35.539308],[84.567055,35.579124],[84.746274,35.591215],[84.880929,35.653336],[84.964635,35.667654],[85.041306,35.717543],[85.161307,35.720549],[85.22089,35.785334],[85.306315,35.770698],[85.40773,35.706364],[85.553026,35.6929],[85.531074,35.635764],[85.609944,35.640781],[85.669841,35.705354],[86.074572,35.82633],[86.090442,35.839935],[86.077759,35.874721],[86.138061,35.915472],[86.133157,35.97558],[86.201381,36.043306],[86.207365,36.131903],[86.48896,36.19894],[86.53566,36.232302],[86.641665,36.213034],[86.760407,36.292487],[86.836108,36.303803],[86.95171,36.26423],[87.047509,36.278204],[87.178382,36.345759],[87.412668,36.423191],[87.449125,36.413991],[87.465431,36.359133],[87.70619,36.378101],[87.808975,36.364572],[87.963575,36.424481],[88.325682,36.463009],[88.379478,36.490402],[88.564473,36.448696],[88.61449,36.423697],[88.628624,36.381722],[88.762029,36.302932],[88.900209,36.351713],[88.988235,36.276739],[89.10362,36.269759],[89.172303,36.225989],[89.243568,36.265841],[89.320453,36.21703],[89.40028,36.221122],[89.457754,36.153686],[89.686005,36.098031],[89.806812,36.117295],[89.848437,36.095079],[89.976935,36.093089],[89.996544,36.11067],[89.988138,36.142746],[90.039238,36.177119],[90.052973,36.252447],[90.162292,36.243641],[90.211341,36.183479],[90.724777,36.15604],[90.807125,36.126268],[90.845621,36.064522],[90.949741,36.071354],[91.01957,36.049484],[91.017109,36.077956],[91.14371,36.11956],[91.126186,36.251202],[91.098195,36.275836],[91.116429,36.332638],[91.077345,36.336689],[91.057521,36.50944],[90.773787,36.570224],[90.737882,36.698205],[90.7719,36.719608],[90.723392,36.778055],[90.802056,36.829672],[90.852919,36.895059],[91.058719,36.936758],[91.063157,36.960849],[91.116625,36.951694],[91.178687,37.025249],[91.303232,37.015318],[91.339032,37.129552],[91.170128,37.297473],[91.119988,37.449168],[90.848101,37.525355],[90.880862,37.576228],[90.832146,37.638355],[90.408892,37.788109],[90.45461,37.851921],[90.415808,37.905557],[90.481815,38.027474],[90.178441,38.333147],[90.19862,38.42652],[90.34884,38.460265],[90.594052,38.639797],[90.695786,38.655877],[90.823327,38.641412],[91.328759,38.716859],[91.401332,38.764201],[91.471973,38.762569],[91.653894,38.835166],[91.806458,38.839456],[92.025394,38.942722],[92.205881,38.960256],[92.250275,38.99868],[92.390131,38.97714],[92.429369,39.052562],[92.547005,39.124954],[92.86291,39.146911],[92.924123,39.173197],[92.927637,39.284744],[92.971367,39.390159],[92.931248,39.464931],[92.855486,39.522483],[92.819414,39.584289],[92.788568,39.935383],[92.901838,40.069639],[92.950846,40.180247],[92.897139,40.254267],[92.890549,40.503444],[93.362196,40.470558],[93.655156,40.608312],[93.764509,40.722255],[93.829359,40.856776],[93.944542,40.980221],[93.954053,41.030763],[94.37183,41.340422],[94.444648,41.372193],[94.621168,41.555845],[94.783479,41.642436],[95.20306,41.784925],[95.391205,41.792731],[95.535987,41.850395],[95.920358,41.832446],[96.104469,41.987657],[96.057477,42.007074],[96.086088,42.303296],[96.040846,42.602925],[96.395572,42.718897],[96.367888,42.919375],[95.972786,43.189673],[95.877381,43.280105],[95.818742,43.505964],[95.732082,43.61288],[95.624993,43.863049],[95.552869,43.977051],[95.531758,44.003171],[95.423308,44.002517],[95.338461,44.029981],[95.367073,44.21988],[95.421893,44.254174],[95.424079,44.291962],[95.010701,44.258903],[94.973688,44.285062],[94.726054,44.339989],[94.677223,44.411543],[94.53164,44.4896],[94.461103,44.518293],[94.344072,44.527855],[94.332186,44.584342],[94.278631,44.606645],[94.231023,44.659023],[93.542608,44.958647],[93.485813,44.949053],[93.38085,44.985159],[93.203267,45.005896],[92.857818,45.023054],[92.424632,44.991297],[92.319579,45.014697],[92.216157,45.006867],[92.146088,45.056834],[92.058956,45.066707],[91.56756,45.052402],[91.455486,45.137126],[91.415213,45.134459],[91.388276,45.107695],[91.226415,45.132827],[91.088777,45.212024],[90.856455,45.166907],[90.896208,45.22242],[90.878835,45.269073],[90.823413,45.290992],[90.779019,45.407988],[90.681009,45.498078],[90.746032,45.72411],[90.865163,45.871405],[90.971066,45.954635],[91.023806,46.041643],[91.030604,46.08804],[90.917212,46.280477],[91.043941,46.443618],[91.065147,46.519903],[91.051976,46.560869],[91.019741,46.57415],[91.044945,46.688204],[90.953285,46.807837],[90.920922,46.914179],[90.854997,46.962913],[90.778574,46.97295],[90.532927,47.24016],[90.509741,47.294789],[90.523361,47.349863],[90.463029,47.400304],[90.483569,47.441424],[90.468847,47.476729],[90.359959,47.605467],[90.38488,47.627623],[90.296929,47.681741],[90.153492,47.714028],[90.086056,47.776578],[90.085309,47.837297],[90.03997,47.858988],[89.963235,47.865936],[89.953588,47.81683],[89.912885,47.810116],[89.750767,47.838502],[89.737447,47.872195],[89.66148,47.907203],[89.611956,48.011621],[89.443888,48.004217],[89.362993,48.031864],[89.337087,47.991503],[89.287998,47.989023],[89.243567,47.959066],[89.085127,47.96485],[88.948059,48.083489],[88.807552,48.109532],[88.724028,48.164692],[88.633704,48.17275],[88.575705,48.246753],[88.591383,48.325319],[88.515204,48.357116],[88.506616,48.395346],[88.440457,48.355209],[88.384717,48.408894],[88.352458,48.413398],[88.328724,48.467244],[88.295876,48.485792],[88.167313,48.493464],[88.099871,48.543437],[87.974963,48.580765],[88.0302,48.611927],[88.062471,48.698027],[88.009014,48.735099],[87.902095,48.763895],[87.739526,48.863348],[87.773894,48.922562],[87.878073,48.996385],[87.834927,49.019017],[87.842336,49.075014],[87.7709,49.174637],[87.517792,49.129464],[87.496538,49.08541],[87.432811,49.053609],[87.305741,49.100743],[87.240149,49.094116],[87.135757,49.12864],[86.891621,49.114075],[86.8245,49.049188],[86.728286,48.998479],[86.723029,48.88485],[86.819116,48.834186],[86.754172,48.787629],[86.759558,48.718442],[86.649663,48.629478],[86.56241,48.51009],[86.405953,48.457717],[86.335477,48.458295],[86.243768,48.387141],[86.186923,48.426838],[85.801438,48.405225],[85.753335,48.379962],[85.654517,48.214289],[85.584027,48.170899],[85.533956,47.967221],[85.580689,47.88448],[85.590356,47.645059],[85.628539,47.455223],[85.688273,47.399495],[85.677779,47.279727],[85.693333,47.241863],[85.502725,47.036055],[85.300644,47.03068],[85.295717,47.010939],[85.22399,47.021827],[85.148778,46.983936],[84.854774,47.020061],[84.545171,46.963964],[84.48175,46.963717],[84.431366,46.997037],[84.356463,46.976672],[84.219412,46.980737],[84.130299,46.940586],[83.902025,46.954832],[83.781481,46.986188],[83.696744,46.983487],[83.322126,47.143703],[83.261119,47.143414],[83.184334,47.191341],[83.044034,47.197565],[82.91513,46.900084],[82.829657,46.842609],[82.845586,46.814399],[82.794444,46.764538],[82.758016,46.590419],[82.62317,46.336244],[82.574291,46.301902],[82.581849,46.274017],[82.529496,46.221912],[82.43771,46.002689],[82.442652,45.964838],[82.352799,45.905125],[82.35717,45.780972],[82.296483,45.672144],[82.3092,45.525164],[82.537146,45.376267],[82.569915,45.336532],[82.602462,45.208885],[82.241316,45.237038],[82.123242,45.214849],[82.100849,45.251906],[82.032853,45.242711],[81.844993,45.362201],[81.668807,45.351335],[81.614243,45.339053],[81.505235,45.25756],[81.227112,45.231365],[81.0551,45.152206],[80.918451,45.123063],[80.74666,45.16123],[80.738764,45.145281],[80.764397,45.124205],[80.581218,45.098935],[80.497021,45.113941],[80.440691,45.036113],[80.322794,45.047461],[80.224809,45.017434],[80.127481,45.04931],[80.114142,45.021638],[80.052489,45.016609],[80.009191,44.986103],[79.910259,44.895652],[80.001935,44.87318],[79.975502,44.841636],[80.027329,44.796058],[80.10546,44.797184],[80.185823,44.841529],[80.222167,44.718377],[80.29401,44.699983],[80.41004,44.609582],[80.386466,44.441157],[80.423107,44.273689],[80.390358,44.123279],[80.482809,44.038413],[80.539417,43.821587],[80.74101,43.545952],[80.766228,43.414343],[80.716359,43.330584],[80.743435,43.304577],[80.788726,43.301105],[80.816555,43.181515],[80.746423,43.123561],[80.662728,43.142906],[80.393092,43.018712],[80.503123,42.944902],[80.675045,42.885739],[80.500418,42.860166],[80.407839,42.818681],[80.328552,42.828332],[80.271214,42.808837],[80.26968,42.761198],[80.180825,42.609685],[80.273485,42.505809],[80.216269,42.462625],[80.288344,42.285165],[80.282151,42.224239],[79.993837,42.121713],[79.966964,42.096647],[79.976082,42.040107],[79.912953,42.029401],[79.901493,41.98421],[79.87758,42.008962],[79.805903,41.887444],[79.678731,41.886358],[79.565703,41.829765],[79.481287,41.852646],[79.405476,41.809312],[79.33524,41.803225],[79.267195,41.73984],[79.057248,41.676834],[78.870559,41.574429],[78.716553,41.549742],[78.723874,41.505026],[78.655115,41.464712],[78.592314,41.474176],[78.499497,41.421276],[78.336211,41.391906],[78.246474,41.414566],[78.185755,41.469969],[78.139279,41.477553],[78.03424,41.43455],[77.946872,41.482369],[77.721861,41.367449],[77.775827,41.313355],[77.745267,41.295271],[77.664683,41.264649],[77.527116,41.280557],[77.410028,41.228181],[77.371402,41.235556],[77.437975,41.105722],[77.406217,41.027223],[77.350768,41.026492],[77.330608,41.003281],[77.233245,41.006126],[77.111292,41.016906],[77.089879,41.040036],[76.990118,41.06118],[76.94267,41.013691],[76.860914,41.010759],[76.852809,40.976233],[76.760395,40.936113],[76.722318,40.802181],[76.633544,40.752348],[76.677853,40.65224],[76.574105,40.55069],[76.550062,40.471846],[76.498377,40.42104],[76.345417,40.339655],[76.29579,40.428733],[76.175179,40.387193],[76.07608,40.38376],[76.072159,40.352119],[76.049299,40.346021],[75.973241,40.366818],[75.923659,40.280847],[75.883114,40.308226],[75.695771,40.295102],[75.668501,40.363373],[75.684782,40.408936],[75.731046,40.446293],[75.66875,40.493667],[75.601865,40.633653],[75.571939,40.638993],[75.218066,40.435444],[75.092178,40.427791],[75.030739,40.456962],[74.988846,40.44735],[74.843847,40.512946],[74.809009,40.433185],[74.939359,40.34249],[74.888311,40.317806],[74.833,40.339937],[74.703026,40.340339],[74.67492,40.275811],[74.59766,40.269615],[74.510859,40.185709],[74.376409,40.114235],[74.300102,40.101357],[74.269235,40.131116],[74.161721,40.12087],[74.08543,40.082824],[74.046569,40.097767],[73.939125,40.032428],[73.989378,39.97551],[73.844948,39.822339],[73.836201,39.762008],[73.88972,39.748494],[73.902969,39.69547],[73.820379,39.615805],[73.79646,39.537595],[73.765189,39.503489],[73.658219,39.476328],[73.586818,39.395779],[73.490842,39.377417],[73.47919,39.325777],[73.451005,39.310771],[73.451395,39.282911],[73.622359,39.221018],[73.697561,39.125352],[73.718184,39.040782],[73.751602,39.020652],[73.803913,39.035875],[73.839602,39.021209],[73.846845,38.942418],[73.826119,38.918089],[73.728686,38.931111],[73.700658,38.903651],[73.71119,38.863373],[73.562792,38.804462],[73.613136,38.726711],[73.749523,38.706945],[73.811263,38.611342],[73.961701,38.523355],[74.067084,38.530915],[74.080126,38.582804],[74.149065,38.662409],[74.624446,38.601013],[74.797095,38.490868],[74.852164,38.48444],[74.859818,38.42043],[74.786338,38.339104],[74.802111,38.217932],[74.845315,38.061441],[74.943337,38.015543],[74.914633,37.938332],[74.985042,37.763809],[74.90327,37.649367],[74.965046,37.558716],[75.137051,37.456443],[75.151626,37.436644],[75.133574,37.394137],[75.163802,37.362527],[75.09329,37.312696],[74.978426,37.297989],[74.867432,37.242099],[74.830871,37.235396],[74.732543,37.283724],[74.681828,37.257528],[74.626614,37.283735],[74.612248,37.254612],[74.497033,37.235487],[74.48305,37.14498],[74.503731,37.095322],[74.56821,37.034018],[74.69998,37.088151],[74.745835,37.032376],[74.816431,37.055705],[74.870889,36.964051],[74.924034,36.943942],[74.935896,36.99626],[74.985972,37.018361],[75.057914,37.005514],[75.124245,37.035099],[75.265792,36.959727],[75.361496,36.982242],[75.406206,36.958607],[75.448334,36.753372],[75.475156,36.715082],[75.498666,36.740911],[75.532058,36.730322],[75.549625,36.786963],[75.600581,36.796634],[75.688953,36.776707],[75.857267,36.680832],[76.029584,36.472342],[75.990129,36.33041],[76.052124,36.239],[75.994677,36.215173],[75.990782,36.168227],[75.917696,36.136101],[75.9364,36.077386],[75.992914,36.016004],[76.085263,36.022031],[76.149539,35.927489],[76.16516,35.808739],[76.387298,35.812011],[76.367397,35.85032],[76.482924,35.863544],[76.575269,35.906428],[76.606955,35.87139],[76.555147,35.787382],[76.706633,35.731349],[76.783905,35.640354],[76.859524,35.633673],[76.947222,35.58362],[77.027503,35.593366],[77.178993,35.516029],[77.296972,35.533085],[77.45728,35.467424],[77.643332,35.485536],[77.706352,35.456952],[77.784041,35.505402],[77.927486,35.463201],[77.935128,35.498454],[78.014573,35.47604],[78.144509,35.501151],[78.031159,35.367578],[78.020647,35.274644],[78.045274,35.192051],[78.090147,35.13196],[78.107473,35.113819],[78.147938,35.125585],[78.172461,35.098935],[78.140071,35.054246],[78.193156,34.968839],[78.191277,34.911437],[78.249118,34.848178],[78.227146,34.719968],[78.2886,34.698465],[78.296391,34.609514],[78.404386,34.598528],[78.459315,34.558176],[78.533738,34.576063],[78.576826,34.512648],[78.722087,34.531187],[78.777073,34.458577],[78.83852,34.433102],[78.915316,34.352963],[78.980473,34.38142],[79.022935,34.34907]]]},"properties":{"name":"Xinjiang","created_at":"2013-12-02T20:23:52+0100","updated_at":"2013-12-20T02:38:01+0100","name_simplified_chinese":"新疆","cartodb_id":2,"name_traditional_chinese":"新疆"}},
{"type":"Feature","geometry":{"type":"Polygon","coordinates":[[[113.707296,36.332291],[113.696213,36.370265],[113.554207,36.456309],[113.537003,36.519366],[113.550737,36.556166],[113.450434,36.619167],[113.440393,36.660869],[113.486427,36.675831],[113.448189,36.690739],[113.442174,36.716467],[113.566789,36.762457],[113.63734,36.82364],[113.639976,36.866849],[113.66571,36.883952],[113.699691,36.84435],[113.753071,36.868765],[113.729795,36.95141],[113.746498,37.002253],[113.724789,37.034524],[113.748037,37.139089],[113.795303,37.177756],[113.859941,37.310485],[113.942031,37.324447],[113.938277,37.404894],[114.074117,37.54995],[114.119694,37.676859],[114.083401,37.720159],[113.9621,37.718701],[114.010094,37.792611],[113.934347,37.83593],[113.903281,37.89936],[113.829564,37.969947],[113.836207,38.022781],[113.787944,38.096287],[113.796619,38.142015],[113.706391,38.151081],[113.719152,38.182597],[113.661247,38.220061],[113.571429,38.210475],[113.516114,38.258416],[113.503897,38.344323],[113.533875,38.472646],[113.531558,38.57514],[113.603819,38.638124],[113.666189,38.650054],[113.803665,38.761869],[113.812864,38.819079],[113.754659,38.860123],[113.721174,38.937707],[113.774773,39.021337],[114.003949,39.110603],[114.158486,39.038801],[114.25847,39.094582],[114.311342,39.093206],[114.313199,39.13469],[114.364012,39.165161],[114.437522,39.176446],[114.396006,39.272119],[114.454513,39.363336],[114.502481,39.55294],[114.390742,39.644352],[114.362566,39.701674],[114.395559,39.748537],[114.399213,39.801479],[114.36984,39.859724],[114.262432,39.849247],[114.130544,39.876417],[114.005913,39.937762],[113.958555,39.991993],[113.904982,39.993579],[113.950458,40.095539],[114.038247,40.057231],[114.063575,40.064587],[114.049723,40.132112],[114.063233,40.169814],[114.171307,40.18575],[114.201161,40.213306],[114.322909,40.212865],[114.490601,40.298635],[114.289957,40.355218],[114.22076,40.60199],[114.131003,40.663476],[114.080303,40.759678],[114.04501,40.751298],[114.004895,40.703326],[113.979193,40.535085],[113.864544,40.489288],[113.823064,40.490481],[113.762831,40.532135],[113.667118,40.445707],[113.630651,40.379118],[113.545017,40.323065],[113.378869,40.315099],[113.237809,40.407672],[113.134948,40.428556],[112.982858,40.361406],[112.79301,40.162873],[112.677957,40.183662],[112.553927,40.264598],[112.411282,40.298152],[112.366856,40.286283],[112.147696,40.153397],[112.027634,39.968615],[111.911927,39.656771],[111.840176,39.594625],[111.800452,39.630733],[111.435409,39.644441],[111.377563,39.62358],[111.434208,39.580024],[111.433637,39.549356],[111.399679,39.485299],[111.34585,39.452117],[111.32857,39.400146],[111.230101,39.382713],[111.136298,39.401963],[111.086498,39.350248],[111.098489,39.331745],[111.204991,39.346139],[111.175501,39.288125],[111.240803,39.284453],[111.252713,39.262873],[111.174717,39.235994],[111.110908,39.055612],[111.069496,39.003828],[110.971403,38.97087],[110.958895,38.94643],[110.986535,38.87876],[110.857715,38.612926],[110.865158,38.551554],[110.836017,38.472037],[110.803282,38.432394],[110.738583,38.423589],[110.68133,38.338063],[110.539667,38.262108],[110.51735,38.198363],[110.468535,38.150216],[110.479235,38.062035],[110.460039,37.956906],[110.563854,37.896773],[110.637422,37.788383],[110.715023,37.742476],[110.726007,37.725356],[110.688526,37.682921],[110.758611,37.639871],[110.743239,37.580258],[110.761337,37.534656],[110.678951,37.418562],[110.619758,37.413182],[110.608283,37.359222],[110.652263,37.316354],[110.648218,37.270888],[110.455242,37.052829],[110.411,37.033083],[110.414413,36.979053],[110.344527,36.965054],[110.370005,36.902433],[110.351467,36.856998],[110.391592,36.802858],[110.358422,36.76031],[110.420474,36.708931],[110.361605,36.640886],[110.416278,36.595219],[110.459486,36.467117],[110.430064,36.424573],[110.448065,36.376173],[110.429578,36.322209],[110.451156,36.268108],[110.417984,36.182918],[110.431975,36.069119],[110.48219,35.955184],[110.467236,35.869921],[110.533527,35.816227],[110.561274,35.663066],[110.560625,35.562708],[110.448193,35.359937],[110.336595,35.229815],[110.304277,35.036658],[110.237575,34.906299],[110.240097,34.637693],[110.268333,34.607508],[110.340608,34.594765],[110.598288,34.573664],[110.885564,34.689906],[111.05921,34.72869],[111.125916,34.770772],[111.53356,34.829122],[111.591926,34.911229],[111.646242,34.943145],[111.653215,34.975689],[111.72641,34.999788],[111.794213,35.06409],[111.956035,35.084235],[112.002482,35.043323],[112.026015,35.06212],[112.019711,35.2574],[112.040016,35.270456],[112.319816,35.220702],[112.577699,35.207721],[112.615197,35.238123],[112.714987,35.201348],[112.80225,35.253918],[112.841979,35.232094],[112.897505,35.263008],[112.938754,35.257916],[112.986362,35.30224],[112.969841,35.336901],[113.080882,35.30407],[113.154,35.437918],[113.214418,35.435036],[113.233591,35.400224],[113.265333,35.412867],[113.273925,35.438322],[113.254441,35.461664],[113.332729,35.455735],[113.332123,35.472529],[113.451659,35.529315],[113.506438,35.626226],[113.564469,35.614398],[113.569838,35.674351],[113.535552,35.725428],[113.518059,35.809709],[113.588893,35.806438],[113.631379,35.830245],[113.604813,35.943881],[113.659025,35.978022],[113.621273,36.029197],[113.654216,36.067335],[113.633438,36.087226],[113.652789,36.123894],[113.651354,36.245804],[113.707296,36.332291]]]},"properties":{"name":"Shanxi","created_at":"2013-12-02T20:23:52+0100","updated_at":"2013-12-20T02:38:04+0100","name_simplified_chinese":"山西","cartodb_id":3,"name_traditional_chinese":"山西"}},
{"type":"Feature","geometry":{"type":"Polygon","coordinates":[[[89.686005,36.098031],[89.457754,36.153686],[89.40028,36.221122],[89.320453,36.21703],[89.243568,36.265841],[89.172303,36.225989],[89.10362,36.269759],[88.988235,36.276739],[88.900209,36.351713],[88.762029,36.302932],[88.628624,36.381722],[88.61449,36.423697],[88.564473,36.448696],[88.379478,36.490402],[88.325682,36.463009],[87.963575,36.424481],[87.808975,36.364572],[87.70619,36.378101],[87.465431,36.359133],[87.449125,36.413991],[87.412668,36.423191],[87.178382,36.345759],[87.047509,36.278204],[86.95171,36.26423],[86.836108,36.303803],[86.760407,36.292487],[86.641665,36.213034],[86.53566,36.232302],[86.48896,36.19894],[86.207365,36.131903],[86.201381,36.043306],[86.133157,35.97558],[86.138061,35.915472],[86.077759,35.874721],[86.090442,35.839935],[86.074572,35.82633],[85.669841,35.705354],[85.609944,35.640781],[85.531074,35.635764],[85.553026,35.6929],[85.40773,35.706364],[85.306315,35.770698],[85.22089,35.785334],[85.161307,35.720549],[85.041306,35.717543],[84.964635,35.667654],[84.880929,35.653336],[84.746274,35.591215],[84.567055,35.579124],[84.480608,35.539308],[84.508317,35.491046],[84.10161,35.360372],[83.988859,35.412634],[83.8958,35.396582],[83.885418,35.37754],[83.59632,35.353698],[83.509365,35.356998],[83.470102,35.399918],[83.38475,35.375028],[83.325538,35.401663],[83.056447,35.390679],[82.93936,35.481643],[82.935895,35.645395],[82.901986,35.67838],[82.79913,35.701674],[82.725976,35.630459],[82.415911,35.708434],[82.289733,35.650628],[82.302992,35.579036],[82.224864,35.518116],[82.05799,35.438767],[81.990515,35.345635],[81.85945,35.28177],[81.736711,35.251614],[81.574822,35.245431],[81.47405,35.312399],[81.367345,35.351159],[81.22017,35.335997],[81.225873,35.354889],[81.05036,35.386454],[81.04349,35.315505],[80.98633,35.290847],[80.913054,35.299295],[80.835515,35.349235],[80.724692,35.348622],[80.512015,35.456656],[80.26122,35.331002],[80.247937,35.284215],[80.276051,35.212321],[80.200723,35.115135],[80.106279,35.0493],[80.007814,34.893436],[79.853875,34.855216],[79.736432,34.725034],[79.429619,34.647723],[79.31319,34.517123],[79.160314,34.478037],[79.022935,34.34907],[79.078552,34.326673],[79.01452,34.307074],[78.972002,34.186133],[78.841396,34.139398],[78.722572,34.067192],[78.704931,34.098507],[78.681866,34.068695],[78.687832,34.03427],[78.772621,33.988584],[78.807957,33.75071],[78.803245,33.707773],[78.712242,33.657921],[78.773069,33.623928],[78.755726,33.583287],[78.778108,33.534294],[78.858623,33.437316],[78.953521,33.382051],[78.989354,33.322424],[79.043941,33.302825],[79.097658,33.210059],[79.169224,33.179781],[79.174095,33.037131],[79.259879,32.935809],[79.242982,32.835686],[79.314965,32.742076],[79.297671,32.52344],[79.142376,32.464008],[79.1382,32.364309],[79.089798,32.381668],[78.978088,32.363961],[78.882578,32.397956],[78.813104,32.467407],[78.799387,32.642069],[78.759526,32.694867],[78.714627,32.691262],[78.672822,32.651469],[78.623778,32.64385],[78.61646,32.616232],[78.506284,32.579575],[78.437582,32.518051],[78.504328,32.402379],[78.502658,32.309774],[78.542499,32.276981],[78.479894,32.218015],[78.495524,32.139636],[78.572245,32.100825],[78.58501,32.040664],[78.641625,32.045723],[78.649863,32.005227],[78.821464,31.932426],[78.733053,31.857955],[78.719861,31.802089],[78.821647,31.66464],[78.859128,31.671085],[78.882208,31.598554],[78.76966,31.487918],[78.83301,31.460629],[78.805896,31.333442],[78.828728,31.304549],[78.848971,31.319612],[78.863221,31.286458],[78.915336,31.315954],[78.940368,31.252491],[78.982689,31.237472],[79.053207,31.023027],[79.12983,31.009772],[79.215521,31.025533],[79.238296,31.016533],[79.252505,30.96247],[79.375493,30.995855],[79.340064,31.034669],[79.457669,31.061726],[79.460706,31.027434],[79.524562,31.035164],[79.617297,30.952908],[79.728513,30.987468],[79.815682,30.936812],[79.837817,30.86972],[79.942608,30.846458],[79.937657,30.814815],[79.974635,30.788633],[80.009916,30.686175],[80.037309,30.679243],[80.040318,30.638338],[80.093756,30.627894],[80.094955,30.600729],[80.263468,30.595129],[80.527794,30.466733],[80.666624,30.464212],[80.690825,30.416581],[80.82898,30.329525],[81.045223,30.241734],[81.102219,30.148634],[81.11834,30.057283],[81.153018,30.022723],[81.21657,30.028685],[81.313567,30.078154],[81.265191,30.157437],[81.348443,30.174009],[81.417681,30.21434],[81.404009,30.249585],[81.440059,30.295591],[81.424216,30.39638],[81.461489,30.426609],[81.557057,30.371507],[81.584837,30.428545],[81.637528,30.405966],[81.656208,30.435206],[81.990173,30.326391],[82.022212,30.323993],[82.040362,30.34547],[82.08134,30.330196],[82.105785,30.356046],[82.133115,30.322296],[82.162656,30.198615],[82.239732,30.130045],[82.201431,30.11868],[82.215449,30.06843],[82.294199,30.071885],[82.307346,30.033664],[82.346645,30.045251],[82.374075,30.010552],[82.418914,30.025362],[82.501052,29.950396],[82.594363,29.943117],[82.661812,29.868256],[82.647763,29.821504],[82.731212,29.855995],[82.71359,29.757526],[82.766824,29.766745],[82.802018,29.72447],[82.835118,29.734404],[82.84796,29.696097],[82.876825,29.682399],[82.959347,29.706172],[82.982038,29.664601],[83.036111,29.671083],[83.123228,29.611162],[83.151526,29.625499],[83.18914,29.595024],[83.237407,29.612254],[83.308963,29.56543],[83.300093,29.508751],[83.359116,29.503121],[83.384701,29.451859],[83.446112,29.418546],[83.439644,29.364336],[83.578844,29.19904],[83.677429,29.171675],[83.738144,29.258443],[83.825741,29.258427],[83.827334,29.284179],[83.912106,29.323824],[84.018212,29.324225],[84.000538,29.293797],[84.12143,29.295691],[84.146593,29.250834],[84.229341,29.238124],[84.188002,29.199422],[84.223286,29.111833],[84.20841,29.058601],[84.251562,29.060173],[84.28059,29.030282],[84.25198,28.906221],[84.435457,28.876438],[84.426158,28.857389],[84.494569,28.749223],[84.593807,28.765516],[84.724022,28.684611],[84.738017,28.639003],[84.807607,28.62769],[84.890915,28.581924],[84.946037,28.617921],[84.944808,28.596998],[85.006354,28.611899],[85.025225,28.664017],[85.07874,28.694867],[85.130627,28.695308],[85.227892,28.642157],[85.197577,28.58096],[85.208987,28.561019],[85.114228,28.480565],[85.138274,28.443775],[85.143579,28.361467],[85.230694,28.344532],[85.248424,28.368226],[85.274043,28.365547],[85.299531,28.327186],[85.403075,28.305384],[85.472365,28.348059],[85.531879,28.351002],[85.609585,28.325146],[85.649486,28.262754],[85.705313,28.373512],[85.752627,28.388629],[85.796052,28.258589],[85.836014,28.202732],[85.898346,28.169583],[85.935296,28.071803],[86.001327,28.014132],[85.967126,27.969137],[86.065071,27.91563],[86.139677,27.943169],[86.099487,28.038402],[86.11003,28.102527],[86.208323,28.179137],[86.26289,28.119795],[86.228239,28.053297],[86.25546,27.988023],[86.391882,27.956649],[86.463842,27.902865],[86.534613,27.951765],[86.59233,28.104473],[86.638688,28.080676],[86.74045,28.115392],[86.777498,28.101728],[86.822327,28.013957],[86.906422,28.019546],[86.990977,27.938228],[87.033711,27.950004],[87.096038,27.929403],[87.122889,27.870513],[87.168569,27.83238],[87.285841,27.844648],[87.356362,27.824695],[87.467602,27.871019],[87.508212,27.807447],[87.563075,27.853274],[87.655099,27.812342],[87.679385,27.83317],[87.697401,27.797631],[87.727592,27.796315],[87.765971,27.81626],[87.873316,27.962129],[87.896921,27.905315],[87.937334,27.921856],[87.971392,27.897925],[88.151902,27.876252],[88.19142,27.928888],[88.255027,27.909829],[88.278605,27.925689],[88.317076,27.90068],[88.377835,27.97047],[88.43929,27.976046],[88.515917,28.038584],[88.598758,28.04825],[88.602041,28.093584],[88.671706,28.117368],[88.833379,28.039724],[88.896314,27.879636],[88.890101,27.761109],[88.847706,27.617843],[88.802769,27.569054],[88.819249,27.482785],[88.964756,27.298759],[89.066623,27.267803],[89.202175,27.373024],[89.188339,27.437449],[89.139874,27.487795],[89.142251,27.55065],[89.196409,27.584267],[89.179666,27.660215],[89.270704,27.823619],[89.447487,27.955494],[89.522611,28.091292],[89.652046,28.180343],[89.760797,28.197607],[89.825572,28.251268],[90.078463,28.170146],[90.159251,28.166179],[90.167228,28.213076],[90.186846,28.215679],[90.240979,28.171602],[90.344316,28.157638],[90.538251,28.074333],[90.652835,28.06581],[90.755698,28.094058],[90.863177,28.009939],[91.160185,27.901918],[91.194243,27.971683],[91.304188,27.972859],[91.326661,28.023911],[91.38376,28.053039],[91.519272,27.929642],[91.655273,27.883956],[91.644445,27.856222],[91.586568,27.82615],[91.649584,27.81357],[91.661106,27.780317],[91.646215,27.58332],[91.697782,27.491918],[91.856675,27.497152],[91.902475,27.475123],[92.04768,27.489858],[92.165101,27.303561],[92.095681,27.244914],[92.056404,27.133726],[92.059529,27.094389],[92.140254,26.975168],[92.145263,26.872157],[92.436393,26.898499],[92.632373,26.956069],[92.813138,26.904353],[92.954117,26.909061],[93.122452,26.870659],[93.62462,26.925643],[93.850224,27.015921],[93.875006,27.044559],[93.872616,27.11165],[93.894518,27.155548],[94.169099,27.445105],[94.245761,27.56689],[94.346582,27.594299],[94.578336,27.606078],[95.153124,27.876221],[95.266821,27.910885],[95.326783,27.958473],[95.353341,28.07053],[95.41774,28.129652],[95.707086,28.26042],[95.866865,28.288389],[95.991565,28.206086],[96.057405,28.190581],[96.099633,28.215207],[96.149376,28.201288],[96.274357,28.241735],[96.291561,28.182391],[96.352495,28.132153],[96.460652,28.159304],[96.717667,27.974142],[96.806569,27.956436],[96.850714,27.903016],[96.935276,27.912229],[96.99874,27.841791],[97.068091,27.847265],[97.069909,27.75479],[97.12158,27.759065],[97.347805,27.909351],[97.366069,27.885782],[97.417628,27.884393],[97.398453,27.969301],[97.408195,28.050184],[97.34381,28.100523],[97.39485,28.186141],[97.375845,28.214197],[97.44781,28.287498],[97.482073,28.27675],[97.50227,28.310194],[97.534086,28.315637],[97.521361,28.476295],[97.614569,28.529838],[97.671204,28.525205],[97.747628,28.479719],[97.748846,28.414858],[97.837787,28.31212],[97.895112,28.366056],[97.925363,28.346497],[98.045828,28.169241],[98.1446,28.16898],[98.181155,28.144375],[98.202617,28.192882],[98.25614,28.20924],[98.285506,28.243811],[98.235416,28.382814],[98.335058,28.411069],[98.411033,28.262972],[98.412699,28.120756],[98.469393,28.121121],[98.573967,28.195661],[98.685247,28.158137],[98.764974,28.317047],[98.755368,28.390152],[98.667002,28.53653],[98.634598,28.662306],[98.698861,28.69476],[98.712961,28.741954],[98.672465,28.801376],[98.696463,28.835449],[98.668621,28.952455],[98.774579,29.015676],[98.804191,29.008001],[98.853994,28.815646],[98.964885,28.840458],[98.977377,28.869828],[98.946022,28.891459],[98.940582,28.933191],[99.035938,29.047929],[98.989613,29.184274],[99.152709,29.220845],[99.101504,29.300441],[99.116825,29.340577],[99.079038,29.537444],[99.012044,29.640662],[99.014416,29.717647],[99.049205,29.76662],[99.101282,29.936643],[99.03412,30.134056],[99.0309,30.221536],[99.007233,30.243892],[99.01486,30.406087],[98.965062,30.499684],[98.975007,30.581331],[98.92466,30.646775],[98.996775,30.762292],[98.899992,30.861952],[98.822876,30.907283],[98.830853,31.00273],[98.748427,31.07496],[98.740796,31.14147],[98.650915,31.185486],[98.647098,31.213173],[98.668133,31.334385],[98.722034,31.339518],[98.797351,31.280049],[98.822217,31.282395],[98.898955,31.366704],[98.884561,31.410912],[98.620513,31.61723],[98.543385,31.746499],[98.452245,31.793779],[98.399011,31.900743],[98.446142,31.926322],[98.445668,31.989327],[98.228627,32.236436],[98.227014,32.352039],[98.126552,32.389096],[98.045747,32.446804],[97.930003,32.457162],[97.848076,32.520902],[97.77209,32.544509],[97.745183,32.509218],[97.673817,32.484945],[97.394843,32.543793],[97.336467,32.450861],[97.437041,32.39158],[97.378621,32.355033],[97.376884,32.324414],[97.414055,32.315779],[97.370338,32.261955],[97.356814,32.299927],[97.309687,32.268101],[97.273446,32.180991],[97.312671,32.152013],[97.263399,32.093057],[97.224878,32.117615],[97.194213,32.099116],[97.206803,32.067319],[97.189214,32.035944],[97.167819,32.027381],[97.006405,32.088326],[96.962542,32.064277],[96.946202,32.017692],[96.907341,32.003588],[96.749936,32.032873],[96.733952,31.945048],[96.803076,31.912363],[96.757935,31.850888],[96.772477,31.787946],[96.850953,31.723103],[96.785619,31.672189],[96.587921,31.761058],[96.46129,31.788903],[96.43418,31.841435],[96.368855,31.863594],[96.310206,31.935821],[96.239682,31.930412],[96.236008,31.86898],[96.181413,31.846523],[96.176154,31.801049],[96.22737,31.766599],[96.296291,31.616748],[96.299217,31.554286],[96.253756,31.555316],[96.166168,31.598852],[96.162684,31.663971],[96.013093,31.718297],[95.87893,31.732093],[95.815192,31.688599],[95.752861,31.76107],[95.680422,31.791899],[95.646066,31.790457],[95.602821,31.74752],[95.49604,31.794745],[95.395404,31.981857],[95.447352,32.042976],[95.451383,32.12338],[95.355798,32.201513],[95.329445,32.262932],[95.117321,32.268214],[95.101783,32.311193],[95.041401,32.343191],[94.941211,32.360299],[94.953267,32.395045],[94.9318,32.439953],[94.824148,32.553948],[94.646602,32.665269],[94.453398,32.565892],[94.409549,32.588973],[94.379218,32.553584],[94.238213,32.53068],[94.171258,32.498501],[94.127814,32.441511],[93.974619,32.503003],[93.933261,32.447102],[93.861863,32.56346],[93.698815,32.590034],[93.585937,32.472074],[93.497214,32.477901],[93.499855,32.56648],[93.400891,32.520432],[93.393305,32.557193],[93.330351,32.575482],[93.263147,32.65617],[93.071576,32.638353],[93.069492,32.679483],[92.996739,32.743074],[92.823114,32.696786],[92.720034,32.762209],[92.645799,32.71908],[92.525485,32.706159],[92.395139,32.779101],[92.364174,32.744813],[92.330967,32.760674],[92.283606,32.715071],[92.254856,32.836033],[92.15351,32.860732],[92.002872,32.824774],[91.859704,32.970191],[91.753088,32.948682],[91.697411,32.970019],[91.615922,33.021696],[91.469274,33.177084],[91.388914,33.208062],[91.381421,33.244822],[91.420267,33.277879],[91.309324,33.32037],[91.234718,33.302504],[91.131903,33.202516],[90.999514,33.24138],[90.884809,33.122981],[90.768245,33.105349],[90.578957,33.222391],[90.415706,33.262942],[90.284375,33.389019],[90.275899,33.441004],[90.197165,33.533081],[89.987499,33.625307],[90.008688,33.674039],[89.984774,33.719863],[89.925661,33.749918],[89.95613,33.792948],[89.944982,33.819155],[89.823065,33.857809],[89.696236,33.988757],[89.686052,34.058561],[89.658296,34.070224],[89.70942,34.142084],[89.787753,34.130644],[89.877296,34.29016],[89.884145,34.329275],[89.832089,34.417488],[89.81295,34.552713],[89.789608,34.564248],[89.810395,34.623738],[89.746039,34.671033],[89.709795,34.662341],[89.739201,34.727786],[89.808651,34.752767],[89.869006,34.804238],[89.820454,34.877671],[89.729833,34.911638],[89.657322,34.876185],[89.544727,34.898263],[89.600243,35.045842],[89.597231,35.100516],[89.500273,35.139657],[89.478146,35.24454],[89.51855,35.255749],[89.533125,35.282582],[89.516518,35.332294],[89.53906,35.355007],[89.637427,35.410972],[89.720048,35.405509],[89.738392,35.44014],[89.7136,35.503894],[89.725097,35.542832],[89.77419,35.586974],[89.757268,35.607725],[89.770739,35.700298],[89.802673,35.779575],[89.733785,35.853367],[89.642621,35.828597],[89.436255,35.87345],[89.441078,35.975524],[89.419016,36.036105],[89.525227,36.039959],[89.686005,36.098031]]]},"properties":{"name":"Tibet","created_at":"2013-12-02T20:23:52+0100","updated_at":"2013-12-20T02:38:37+0100","name_simplified_chinese":"西藏","cartodb_id":5,"name_traditional_chinese":"西藏"}},
{"type":"Feature","geometry":{"type":"Polygon","coordinates":[[[115.442912,36.116336],[115.414716,36.079867],[115.413761,36.019612],[115.321561,35.929491],[115.305018,35.835505],[115.339674,35.779081],[115.451094,35.864748],[115.623948,35.909919],[115.67527,35.955356],[115.83907,35.960441],[115.988002,36.064035],[115.972634,36.115022],[115.994138,36.144156],[116.061653,36.103242],[116.016253,35.972217],[115.877028,35.953652],[115.836089,35.920375],[115.84157,35.864837],[115.711042,35.830614],[115.623441,35.723999],[115.563996,35.741718],[115.501896,35.721837],[115.366298,35.607097],[115.359214,35.54961],[115.283099,35.555351],[115.300304,35.479244],[115.190746,35.410965],[115.140805,35.425588],[114.977232,35.354316],[114.95147,35.247299],[114.806523,35.160002],[114.814012,35.074284],[114.775047,35.005428],[114.955297,34.972259],[115.084481,34.990953],[115.141331,34.969566],[115.204003,34.891356],[115.206648,34.85766],[115.34336,34.833367],[115.393989,34.783781],[115.425765,34.616747],[115.484622,34.556319],[115.526097,34.564529],[115.624934,34.537448],[115.665233,34.573328],[115.825473,34.550911],[115.973282,34.598399],[116.018373,34.578863],[116.094793,34.583801],[116.12793,34.530104],[116.161606,34.544547],[116.33391,34.626925],[116.360008,34.658165],[116.365631,34.691544],[116.339331,34.729869],[116.380963,34.785547],[116.382536,34.857152],[116.591824,34.917617],[116.693794,34.909352],[116.924952,34.847671],[116.93584,34.805604],[117.013665,34.720704],[117.029239,34.646831],[117.087526,34.628411],[117.124846,34.435761],[117.14852,34.423226],[117.227961,34.444656],[117.261163,34.53699],[117.237246,34.547077],[117.334957,34.579781],[117.371574,34.572645],[117.459274,34.455894],[117.517507,34.449237],[117.631549,34.513039],[117.767809,34.509955],[117.784523,34.536485],[117.769023,34.614411],[117.908268,34.668596],[118.064308,34.63485],[118.043372,34.599735],[118.061213,34.563265],[118.140675,34.532934],[118.116265,34.496265],[118.166183,34.38611],[118.268205,34.422587],[118.368708,34.429835],[118.394973,34.460987],[118.406067,34.566068],[118.455388,34.70381],[118.651248,34.688938],[118.723806,34.713621],[118.731856,34.738813],[118.697906,34.767547],[118.716246,34.840834],[118.819957,34.929967],[118.803024,35.017899],[118.83807,35.044019],[119.039215,35.053169],[119.125457,35.09713],[119.191032,35.104295],[119.283135,35.082645],[119.348544,35.107771],[119.370169,35.188344],[119.338978,35.164401],[119.354828,35.254406],[119.393408,35.303079],[119.491152,35.339364],[119.499479,35.382072],[119.528611,35.357405],[119.558329,35.446385],[119.607271,35.513204],[119.58626,35.549023],[119.600976,35.596682],[119.653005,35.591071],[119.703923,35.634246],[119.731147,35.583509],[119.797841,35.662486],[119.81378,35.642349],[119.802017,35.620657],[119.846825,35.611901],[119.892073,35.635577],[119.864554,35.673751],[119.912664,35.701723],[119.870741,35.734655],[119.910752,35.752409],[119.959177,35.716261],[120.003535,35.778787],[120.004877,35.827422],[119.966708,35.853785],[120.18372,35.943707],[120.136653,35.907619],[120.13046,35.885528],[120.147446,35.883313],[120.223588,35.958677],[120.251988,35.955566],[120.277333,36.001437],[120.194599,35.966336],[120.201185,35.982074],[120.159448,35.97988],[120.150201,36.016698],[120.193862,36.034098],[120.15883,36.030478],[120.059519,36.112992],[120.084884,36.202215],[120.180679,36.214736],[120.217396,36.166776],[120.269277,36.184417],[120.237441,36.206747],[120.260983,36.219365],[120.252993,36.266021],[120.323423,36.237977],[120.30571,36.216789],[120.333469,36.144205],[120.245885,36.044507],[120.406717,36.049071],[120.543234,36.105947],[120.567068,36.085078],[120.607808,36.114315],[120.66585,36.116857],[120.680732,36.124682],[120.666397,36.208923],[120.625199,36.317898],[120.679373,36.316242],[120.664532,36.432119],[120.699495,36.424781],[120.729807,36.461158],[120.777563,36.462698],[120.813227,36.434505],[120.82537,36.369386],[120.861786,36.364596],[120.884076,36.409724],[120.856655,36.447204],[120.927406,36.438666],[120.914134,36.477701],[120.942212,36.505185],[120.946091,36.533769],[120.917014,36.516296],[120.853085,36.541423],[120.83932,36.585901],[120.729216,36.535258],[120.716062,36.549868],[120.75667,36.610694],[120.8599,36.643823],[120.931898,36.609006],[120.903413,36.595997],[120.929344,36.573088],[120.996455,36.571147],[120.982593,36.622879],[120.99949,36.635931],[121.015168,36.640047],[121.023147,36.587893],[121.145332,36.681559],[121.151059,36.655778],[121.193876,36.679273],[121.350948,36.69572],[121.358567,36.724891],[121.434713,36.744538],[121.419575,36.810006],[121.437095,36.834705],[121.480606,36.788471],[121.495696,36.812466],[121.569404,36.822322],[121.462457,36.751182],[121.491475,36.726074],[121.528805,36.750843],[121.563064,36.746049],[121.599583,36.716641],[121.610341,36.726547],[121.579705,36.764476],[121.592559,36.813066],[121.630204,36.823326],[121.595468,36.784793],[121.719665,36.829001],[121.725393,36.860132],[121.789318,36.905988],[121.923751,36.914756],[121.86493,36.935407],[121.905092,36.993287],[121.934767,36.957168],[122.002869,36.943782],[121.992874,36.885005],[122.070034,36.893365],[122.071346,36.948413],[122.10194,36.926629],[122.111004,36.986394],[122.143776,36.994244],[122.14681,37.0194],[122.181712,37.02061],[122.178904,36.979266],[122.151502,36.983587],[122.131967,36.916646],[122.223961,36.876527],[122.152155,36.880427],[122.143945,36.818779],[122.304839,36.810229],[122.317237,36.845257],[122.410694,36.845561],[122.370271,36.916292],[122.449055,36.904379],[122.451509,36.875193],[122.502056,36.892141],[122.474382,36.90199],[122.474842,36.927281],[122.537805,37.015427],[122.483743,36.991586],[122.415534,37.00433],[122.356875,36.965492],[122.370062,36.99773],[122.340392,37.01769],[122.423399,37.03978],[122.409086,37.075501],[122.428801,37.134268],[122.442814,37.104004],[122.488823,37.135865],[122.541379,37.127289],[122.519861,37.16913],[122.587832,37.176274],[122.519234,37.247005],[122.515506,37.305256],[122.570587,37.311825],[122.531038,37.329131],[122.678072,37.366764],[122.638746,37.407613],[122.470428,37.38459],[122.500802,37.36093],[122.434755,37.367121],[122.450924,37.402701],[122.36329,37.38373],[122.261089,37.399513],[122.205065,37.448071],[122.144325,37.420158],[122.110744,37.462099],[122.117766,37.531098],[122.034032,37.561276],[122.016126,37.513154],[121.94645,37.457023],[121.957805,37.415312],[121.91971,37.404262],[121.908856,37.449536],[121.730139,37.441852],[121.733784,37.410799],[121.658437,37.449938],[121.632503,37.449486],[121.656699,37.422073],[121.564626,37.427363],[121.60906,37.465989],[121.557293,37.449689],[121.543594,37.420144],[121.518311,37.424135],[121.430844,37.461462],[121.423703,37.509966],[121.342771,37.561123],[121.410851,37.584255],[121.317962,37.618335],[121.333817,37.580858],[121.259026,37.526629],[121.25311,37.55965],[121.147879,37.572961],[121.108533,37.611455],[121.118589,37.64133],[121.097053,37.655763],[121.117693,37.693801],[121.001809,37.69973],[120.994915,37.726487],[120.909103,37.771405],[120.910514,37.807417],[120.719389,37.82547],[120.554973,37.751769],[120.419011,37.739783],[120.35707,37.689495],[120.192796,37.675842],[120.197739,37.659226],[120.276309,37.64784],[120.265375,37.571957],[120.185591,37.499506],[120.091335,37.450658],[119.912847,37.402575],[119.91611,37.381583],[119.817351,37.341016],[119.811068,37.327939],[119.870242,37.313685],[119.88034,37.262421],[119.780332,37.181334],[119.744397,37.11629],[119.468477,37.114385],[119.367426,37.088999],[119.117162,37.102717],[119.085288,37.165144],[118.979217,37.188475],[118.985377,37.243952],[118.888753,37.269277],[118.880877,37.314859],[118.79644,37.334798],[118.757003,37.40315],[118.874648,37.418025],[118.887882,37.506386],[118.85994,37.519036],[118.911181,37.547225],[118.90388,37.587363],[118.973785,37.666592],[118.968409,37.692187],[119.00704,37.690533],[119.023503,37.721893],[119.021178,37.753598],[118.904639,37.78562],[118.893937,37.848516],[118.93185,37.839725],[118.971008,37.894843],[118.963434,37.943118],[118.879941,37.945879],[118.892071,38.012694],[118.832841,38.011135],[118.805714,37.936268],[118.759624,37.968084],[118.755714,38.007991],[118.863293,38.051522],[118.713862,38.046718],[118.756886,38.116074],[118.735052,38.121978],[118.688596,38.086181],[118.669879,38.109902],[118.623049,38.026343],[118.576408,38.031978],[118.498333,37.963856],[118.48664,38.009641],[118.455624,38.017868],[118.472486,38.054671],[118.442913,38.088039],[118.324316,38.07277],[118.263288,38.042226],[118.257992,38.013715],[118.226932,38.028516],[118.252931,38.074877],[118.225532,38.054407],[118.183566,38.083043],[118.12963,38.063727],[118.102195,37.943736],[118.056197,37.955451],[118.02834,37.936372],[117.951262,37.812058],[117.895771,37.82247],[117.964828,37.866213],[117.962285,37.912298],[118.005424,37.943112],[117.99797,37.975073],[117.925679,37.983773],[118.017868,38.009045],[117.997911,38.069661],[117.864913,38.074633],[117.951576,38.102974],[117.929392,38.117766],[117.839321,38.103113],[117.886512,38.126535],[117.859564,38.153298],[117.833395,38.139474],[117.848423,38.184557],[117.784558,38.205023],[117.714512,38.101029],[117.533474,38.038727],[117.442906,37.888025],[117.407761,37.864894],[116.98283,37.820654],[116.879542,37.841278],[116.770266,37.831964],[116.640994,37.705451],[116.609036,37.63923],[116.426778,37.503623],[116.379437,37.486207],[116.347191,37.568022],[116.26269,37.57108],[116.222167,37.475046],[116.193085,37.452609],[116.194726,37.418575],[116.225443,37.394476],[116.214067,37.374925],[116.055971,37.357352],[115.944415,37.307289],[115.925824,37.235294],[115.842603,37.126062],[115.830256,37.048747],[115.750915,36.987024],[115.743958,36.937095],[115.666567,36.855142],[115.652854,36.800486],[115.467952,36.750779],[115.39662,36.655867],[115.308529,36.59678],[115.319024,36.561176],[115.254978,36.473426],[115.276643,36.364524],[115.304576,36.333066],[115.389603,36.331835],[115.459832,36.17378],[115.46698,36.140819],[115.442912,36.116336]]]},"properties":{"name":"Shandong","created_at":"2013-12-02T20:23:52+0100","updated_at":"2013-12-20T02:38:43+0100","name_simplified_chinese":"山东","cartodb_id":6,"name_traditional_chinese":"山東"}},
{"type":"Feature","geometry":{"type":"Polygon","coordinates":[[[115.442912,36.116336],[115.418982,36.132829],[115.312162,36.084483],[115.191083,36.186763],[115.110885,36.211563],[115.052723,36.182567],[115.013118,36.096393],[114.936659,36.038785],[114.903842,36.060159],[114.881451,36.131557],[114.724403,36.112582],[114.662383,36.140076],[114.547643,36.105468],[114.368763,36.216985],[114.163274,36.255353],[114.085144,36.298068],[114.055731,36.288974],[113.955015,36.332322],[113.908797,36.308657],[113.836531,36.343501],[113.764169,36.310533],[113.707296,36.332291],[113.651354,36.245804],[113.652789,36.123894],[113.633438,36.087226],[113.654216,36.067335],[113.621273,36.029197],[113.659025,35.978022],[113.604813,35.943881],[113.631379,35.830245],[113.588893,35.806438],[113.518059,35.809709],[113.535552,35.725428],[113.569838,35.674351],[113.564469,35.614398],[113.506438,35.626226],[113.451659,35.529315],[113.332123,35.472529],[113.332729,35.455735],[113.254441,35.461664],[113.273925,35.438322],[113.265333,35.412867],[113.233591,35.400224],[113.214418,35.435036],[113.154,35.437918],[113.080882,35.30407],[112.969841,35.336901],[112.986362,35.30224],[112.938754,35.257916],[112.897505,35.263008],[112.841979,35.232094],[112.80225,35.253918],[112.714987,35.201348],[112.615197,35.238123],[112.577699,35.207721],[112.319816,35.220702],[112.040016,35.270456],[112.019711,35.2574],[112.026015,35.06212],[112.002482,35.043323],[111.956035,35.084235],[111.794213,35.06409],[111.72641,34.999788],[111.653215,34.975689],[111.646242,34.943145],[111.591926,34.911229],[111.53356,34.829122],[111.125916,34.770772],[111.05921,34.72869],[110.885564,34.689906],[110.598288,34.573664],[110.340608,34.594765],[110.36374,34.562751],[110.332061,34.508925],[110.354686,34.448042],[110.487187,34.308872],[110.393553,34.274967],[110.39372,34.251103],[110.568451,34.182694],[110.639316,34.112122],[110.546032,34.042077],[110.566098,33.99085],[110.638872,33.949452],[110.585362,33.870655],[110.607517,33.829141],[110.667839,33.848705],[110.76353,33.788688],[110.791015,33.764831],[110.805453,33.671984],[110.889863,33.629538],[111.001525,33.53394],[111.013455,33.347276],[110.967628,33.265027],[111.006856,33.264115],[111.026423,33.204807],[111.183974,33.046974],[111.220728,32.981377],[111.218307,32.905261],[111.250695,32.852052],[111.390163,32.766537],[111.49964,32.606632],[111.553647,32.599249],[111.613368,32.629887],[111.666273,32.618032],[111.769923,32.490658],[111.974337,32.427831],[112.04803,32.45105],[112.08821,32.390415],[112.161442,32.382563],[112.242494,32.324074],[112.558296,32.379402],[112.677176,32.339581],[112.757061,32.343667],[112.851699,32.38024],[112.980796,32.366525],[113.004237,32.398006],[113.050953,32.400577],[113.10604,32.372234],[113.162053,32.409277],[113.254386,32.392421],[113.295705,32.290577],[113.400428,32.260945],[113.459978,32.306645],[113.536803,32.315601],[113.687235,32.39813],[113.728317,32.27309],[113.704826,32.247056],[113.741866,32.164632],[113.743922,32.130009],[113.687841,32.093224],[113.750331,32.034109],[113.722484,32.004632],[113.727996,31.977012],[113.793953,31.928425],[113.854254,31.812533],[113.875879,31.848356],[113.908289,31.855515],[113.92881,31.7113],[114.032594,31.768027],[114.081164,31.862523],[114.128698,31.871879],[114.297981,31.762472],[114.353089,31.748457],[114.548808,31.767426],[114.560236,31.710292],[114.531261,31.585178],[114.567765,31.564525],[114.59288,31.601019],[114.617033,31.591386],[114.662876,31.517157],[114.718349,31.539343],[114.789605,31.46334],[114.910174,31.485048],[115.024087,31.478461],[115.046291,31.53894],[115.149159,31.608074],[115.186569,31.398983],[115.224381,31.408256],[115.329469,31.377424],[115.360064,31.412086],[115.379325,31.533002],[115.483832,31.685245],[115.644098,31.755277],[115.735938,31.768435],[115.86051,31.855879],[115.888454,32.016612],[115.858062,32.209365],[115.836048,32.210438],[115.859337,32.227513],[115.857681,32.35962],[115.808643,32.448485],[115.744328,32.478883],[115.655061,32.469458],[115.649454,32.387798],[115.566862,32.390115],[115.518318,32.412093],[115.36197,32.56022],[115.260161,32.528315],[115.259114,32.568283],[115.163262,32.573453],[115.167251,32.636968],[115.141706,32.641632],[115.123074,32.67951],[115.158959,32.765977],[115.115985,32.880024],[114.998634,32.878762],[114.980407,32.927221],[114.912544,32.917098],[114.857886,32.955228],[114.871947,33.066373],[114.846495,33.125664],[114.874067,33.132731],[115.020125,33.069378],[115.150226,33.101183],[115.225896,33.090522],[115.267237,33.130665],[115.273987,33.257083],[115.316434,33.295396],[115.276725,33.389825],[115.311462,33.425756],[115.31941,33.49188],[115.392292,33.503376],[115.382255,33.54005],[115.404344,33.563138],[115.525472,33.555049],[115.567263,33.581725],[115.544259,33.615428],[115.578791,33.682279],[115.532787,33.722108],[115.536159,33.761819],[115.569101,33.780923],[115.569467,33.825171],[115.517682,33.861667],[115.52932,33.969216],[115.561395,34.029068],[115.702974,34.074928],[115.786679,34.037096],[115.80247,33.988664],[115.890156,33.999282],[115.956118,33.94434],[115.956376,33.913344],[116.002956,33.901669],[116.057324,33.753288],[116.162312,33.712493],[116.250905,33.757345],[116.401468,33.790506],[116.378747,33.811896],[116.406465,33.847845],[116.449167,33.845029],[116.468108,33.880478],[116.520528,33.906417],[116.549704,33.882934],[116.600465,33.885004],[116.61924,33.916895],[116.519153,34.076505],[116.531951,34.21227],[116.513795,34.252943],[116.490602,34.284989],[116.364114,34.246414],[116.310979,34.327546],[116.201945,34.368589],[116.145264,34.466599],[116.161606,34.544547],[116.12793,34.530104],[116.094793,34.583801],[116.018373,34.578863],[115.973282,34.598399],[115.825473,34.550911],[115.665233,34.573328],[115.624934,34.537448],[115.526097,34.564529],[115.484622,34.556319],[115.425765,34.616747],[115.393989,34.783781],[115.34336,34.833367],[115.206648,34.85766],[115.204003,34.891356],[115.141331,34.969566],[115.084481,34.990953],[114.955297,34.972259],[114.775047,35.005428],[114.814012,35.074284],[114.806523,35.160002],[114.95147,35.247299],[114.977232,35.354316],[115.140805,35.425588],[115.190746,35.410965],[115.300304,35.479244],[115.283099,35.555351],[115.359214,35.54961],[115.366298,35.607097],[115.501896,35.721837],[115.563996,35.741718],[115.623441,35.723999],[115.711042,35.830614],[115.84157,35.864837],[115.836089,35.920375],[115.877028,35.953652],[116.016253,35.972217],[116.061653,36.103242],[115.994138,36.144156],[115.972634,36.115022],[115.988002,36.064035],[115.83907,35.960441],[115.67527,35.955356],[115.623948,35.909919],[115.451094,35.864748],[115.339674,35.779081],[115.305018,35.835505],[115.321561,35.929491],[115.413761,36.019612],[115.414716,36.079867],[115.442912,36.116336]]]},"properties":{"name":"Henan","created_at":"2013-12-02T20:23:52+0100","updated_at":"2013-12-20T02:38:49+0100","name_simplified_chinese":"河南","cartodb_id":7,"name_traditional_chinese":"河南"}},
{"type":"Feature","geometry":{"type":"Polygon","coordinates":[[[119.191032,35.104295],[119.125457,35.09713],[119.039215,35.053169],[118.83807,35.044019],[118.803024,35.017899],[118.819957,34.929967],[118.716246,34.840834],[118.697906,34.767547],[118.731856,34.738813],[118.723806,34.713621],[118.651248,34.688938],[118.455388,34.70381],[118.406067,34.566068],[118.394973,34.460987],[118.368708,34.429835],[118.268205,34.422587],[118.166183,34.38611],[118.116265,34.496265],[118.140675,34.532934],[118.061213,34.563265],[118.043372,34.599735],[118.064308,34.63485],[117.908268,34.668596],[117.769023,34.614411],[117.784523,34.536485],[117.767809,34.509955],[117.631549,34.513039],[117.517507,34.449237],[117.459274,34.455894],[117.371574,34.572645],[117.334957,34.579781],[117.237246,34.547077],[117.261163,34.53699],[117.227961,34.444656],[117.14852,34.423226],[117.124846,34.435761],[117.087526,34.628411],[117.029239,34.646831],[117.013665,34.720704],[116.93584,34.805604],[116.924952,34.847671],[116.693794,34.909352],[116.591824,34.917617],[116.382536,34.857152],[116.380963,34.785547],[116.339331,34.729869],[116.365631,34.691544],[116.360008,34.658165],[116.33391,34.626925],[116.455787,34.58132],[116.603717,34.476317],[116.704542,34.460992],[116.785845,34.381048],[116.898028,34.369798],[116.925241,34.343254],[116.931264,34.261498],[117.001036,34.219084],[117.013931,34.170622],[117.133982,34.066264],[117.333053,34.071927],[117.37764,34.022622],[117.471902,34.042413],[117.506757,34.036994],[117.536889,33.987517],[117.627475,34.002957],[117.614491,33.926572],[117.665415,33.890091],[117.718098,33.888046],[117.724459,33.84604],[117.686691,33.789644],[117.714476,33.727819],[117.75273,33.71238],[117.81576,33.74251],[117.869211,33.699582],[117.902439,33.76594],[118.017576,33.724709],[118.124059,33.735299],[118.132564,33.646123],[118.082134,33.597668],[118.083179,33.485863],[118.014329,33.475717],[118.000912,33.397565],[117.944415,33.339656],[117.91524,33.217165],[118.022461,33.131952],[118.127559,33.16188],[118.148535,33.197139],[118.196454,33.196677],[118.200217,33.066309],[118.248979,32.893817],[118.336023,32.72963],[118.708566,32.740687],[118.72024,32.817196],[118.782459,32.864653],[118.786877,32.932738],[118.809258,32.961467],[118.98407,32.955225],[119.063897,32.86015],[119.18343,32.819908],[119.203634,32.778651],[119.17373,32.687422],[119.176853,32.578801],[119.141956,32.555424],[119.129561,32.486068],[119.097873,32.450907],[119.059988,32.44016],[118.894528,32.575689],[118.848139,32.555668],[118.776288,32.597714],[118.71127,32.598401],[118.546762,32.578778],[118.531607,32.555756],[118.573216,32.502474],[118.657278,32.486411],[118.670974,32.436664],[118.655012,32.23332],[118.577882,32.173619],[118.458231,32.186267],[118.423765,32.07747],[118.360675,32.042566],[118.331577,31.915261],[118.441369,31.869244],[118.482196,31.822197],[118.480063,31.763648],[118.629453,31.742466],[118.649033,31.699389],[118.614488,31.650941],[118.677678,31.638813],[118.726114,31.686331],[118.756022,31.67368],[118.750688,31.628666],[118.785559,31.612119],[118.829963,31.639408],[118.848847,31.476353],[118.818242,31.42665],[118.683731,31.326113],[118.764448,31.230868],[119.002439,31.231686],[119.140498,31.289794],[119.186647,31.249167],[119.222598,31.245749],[119.300004,31.283011],[119.353893,31.277381],[119.33637,31.251919],[119.352867,31.183051],[119.514867,31.17133],[119.563904,31.119626],[119.608903,31.123016],[119.644716,31.178697],[119.702594,31.19132],[119.853405,31.174619],[120.329947,30.902825],[120.417146,30.914637],[120.462593,30.76028],[120.506079,30.77115],[120.532292,30.836349],[120.567489,30.856096],[120.678201,30.868999],[120.691886,30.890662],[120.642387,30.973027],[120.901616,31.024298],[120.829832,31.091032],[120.85677,31.11106],[120.989069,31.119429],[121.035847,31.161807],[121.036895,31.258059],[121.119702,31.305332],[121.079909,31.356041],[121.118843,31.391704],[121.112245,31.424381],[121.289309,31.488552],[121.255169,31.572937],[121.155838,31.665436],[121.009814,31.736564],[120.859982,31.753392],[120.760732,31.81645],[120.787194,31.826854],[120.799618,31.864771],[120.744279,31.973844],[120.552293,31.981171],[120.456848,32.007337],[120.429939,32.002339],[120.427207,31.952712],[120.301302,31.953197],[120.301168,31.970429],[120.448972,32.068718],[120.602309,32.066677],[120.782929,32.002237],[120.963402,31.861322],[120.922713,31.851301],[120.973064,31.816931],[121.082699,31.852557],[121.179619,31.832365],[121.263225,31.86807],[121.335238,31.866051],[121.757133,31.683286],[121.858918,31.668111],[121.882782,31.690343],[121.880568,31.729608],[121.82046,31.857044],[121.812895,31.921321],[121.749205,31.984557],[121.533266,32.100079],[121.434746,32.110986],[121.400664,32.1767],[121.335962,32.194396],[121.331199,32.216594],[121.367612,32.250472],[121.348112,32.285799],[121.360432,32.36176],[121.287069,32.431876],[120.869117,32.595697],[120.849187,32.647246],[120.894808,32.632432],[120.882065,32.731376],[120.830358,32.768445],[120.838265,32.81305],[120.904107,32.842696],[120.875816,32.993669],[120.854473,33.026293],[120.778035,33.036454],[120.716594,33.17385],[120.743533,33.219543],[120.651227,33.290687],[120.639389,33.382176],[120.582433,33.479224],[120.588615,33.528471],[120.524862,33.626028],[120.524645,33.695694],[120.480915,33.739991],[120.474534,33.787543],[120.446902,33.781662],[120.47025,33.843059],[120.415313,33.897277],[120.39209,33.990482],[120.312115,34.107215],[120.241888,34.305343],[119.991715,34.428854],[119.778306,34.476769],[119.721735,34.524376],[119.667554,34.534746],[119.587606,34.468437],[119.519022,34.492399],[119.60519,34.523123],[119.632551,34.564437],[119.47445,34.625726],[119.448712,34.678154],[119.474922,34.719583],[119.362524,34.757497],[119.320928,34.760481],[119.301272,34.73661],[119.196576,34.775523],[119.14742,34.83142],[119.197503,35.048985],[119.223048,35.074261],[119.191032,35.104295]]]},"properties":{"name":"Jiangsu","created_at":"2013-12-02T20:23:52+0100","updated_at":"2013-12-20T02:38:54+0100","name_simplified_chinese":"江苏","cartodb_id":8,"name_traditional_chinese":"江蘇"}},
{"type":"Feature","geometry":{"type":"Polygon","coordinates":[[[116.33391,34.626925],[116.161606,34.544547],[116.145264,34.466599],[116.201945,34.368589],[116.310979,34.327546],[116.364114,34.246414],[116.490602,34.284989],[116.513795,34.252943],[116.531951,34.21227],[116.519153,34.076505],[116.61924,33.916895],[116.600465,33.885004],[116.549704,33.882934],[116.520528,33.906417],[116.468108,33.880478],[116.449167,33.845029],[116.406465,33.847845],[116.378747,33.811896],[116.401468,33.790506],[116.250905,33.757345],[116.162312,33.712493],[116.057324,33.753288],[116.002956,33.901669],[115.956376,33.913344],[115.956118,33.94434],[115.890156,33.999282],[115.80247,33.988664],[115.786679,34.037096],[115.702974,34.074928],[115.561395,34.029068],[115.52932,33.969216],[115.517682,33.861667],[115.569467,33.825171],[115.569101,33.780923],[115.536159,33.761819],[115.532787,33.722108],[115.578791,33.682279],[115.544259,33.615428],[115.567263,33.581725],[115.525472,33.555049],[115.404344,33.563138],[115.382255,33.54005],[115.392292,33.503376],[115.31941,33.49188],[115.311462,33.425756],[115.276725,33.389825],[115.316434,33.295396],[115.273987,33.257083],[115.267237,33.130665],[115.225896,33.090522],[115.150226,33.101183],[115.020125,33.069378],[114.874067,33.132731],[114.846495,33.125664],[114.871947,33.066373],[114.857886,32.955228],[114.912544,32.917098],[114.980407,32.927221],[114.998634,32.878762],[115.115985,32.880024],[115.158959,32.765977],[115.123074,32.67951],[115.141706,32.641632],[115.167251,32.636968],[115.163262,32.573453],[115.259114,32.568283],[115.260161,32.528315],[115.36197,32.56022],[115.518318,32.412093],[115.566862,32.390115],[115.649454,32.387798],[115.655061,32.469458],[115.744328,32.478883],[115.808643,32.448485],[115.857681,32.35962],[115.859337,32.227513],[115.836048,32.210438],[115.858062,32.209365],[115.888454,32.016612],[115.86051,31.855879],[115.735938,31.768435],[115.644098,31.755277],[115.483832,31.685245],[115.379325,31.533002],[115.360064,31.412086],[115.329469,31.377424],[115.329788,31.34396],[115.379303,31.352747],[115.445714,31.299581],[115.523883,31.171285],[115.569632,31.171257],[115.630197,31.226584],[115.662769,31.219053],[115.72321,31.122411],[115.83204,31.128562],[115.874539,31.109888],[115.911607,31.054102],[116.021501,30.991588],[115.951847,30.910157],[115.901346,30.881205],[115.825927,30.879063],[115.803723,30.843546],[115.822735,30.76984],[115.741306,30.716327],[115.780352,30.604428],[115.873151,30.547145],[115.903389,30.397271],[115.862905,30.300227],[115.94017,30.288894],[116.033754,30.182432],[116.066237,29.937891],[116.09298,29.894832],[116.078157,29.800124],[116.131593,29.814588],[116.20734,29.781377],[116.29474,29.793186],[116.536299,29.910886],[116.592138,30.055284],[116.697456,30.059463],[116.865601,29.940456],[116.805585,29.846401],[116.673954,29.759465],[116.652611,29.7222],[116.700861,29.585166],[116.755166,29.600257],[116.760873,29.57678],[116.78977,29.57174],[116.943466,29.662767],[117.066496,29.686575],[117.081176,29.788321],[117.048568,29.830176],[117.10625,29.90286],[117.165094,29.93267],[117.211975,29.914083],[117.271669,29.8288],[117.308032,29.838384],[117.332249,29.812077],[117.364186,29.832584],[117.397072,29.810236],[117.406593,29.742825],[117.387685,29.686812],[117.503745,29.658829],[117.501637,29.617914],[117.526836,29.592385],[117.654202,29.590347],[117.662562,29.563986],[117.758278,29.571717],[117.873102,29.544307],[117.98536,29.56245],[118.073428,29.540939],[118.122341,29.501287],[118.102931,29.444478],[118.18922,29.416361],[118.243821,29.432004],[118.324224,29.504525],[118.40866,29.51423],[118.468326,29.54561],[118.571393,29.662431],[118.691899,29.698102],[118.730466,29.775833],[118.71701,29.834756],[118.804211,29.903798],[118.815068,29.94143],[118.863061,29.982761],[118.857778,30.116947],[118.836189,30.167481],[118.884712,30.179325],[118.842653,30.281196],[118.847073,30.328156],[118.908479,30.352487],[119.021257,30.295635],[119.077216,30.306884],[119.231361,30.28615],[119.218972,30.331637],[119.249462,30.37316],[119.341657,30.365631],[119.300337,30.491687],[119.191948,30.593937],[119.312911,30.628095],[119.316833,30.677736],[119.353608,30.684893],[119.420535,30.644382],[119.445463,30.754003],[119.531349,30.804764],[119.537756,30.897881],[119.582944,30.995259],[119.608903,31.123016],[119.563904,31.119626],[119.514867,31.17133],[119.352867,31.183051],[119.33637,31.251919],[119.353893,31.277381],[119.300004,31.283011],[119.222598,31.245749],[119.186647,31.249167],[119.140498,31.289794],[119.002439,31.231686],[118.764448,31.230868],[118.683731,31.326113],[118.818242,31.42665],[118.848847,31.476353],[118.829963,31.639408],[118.785559,31.612119],[118.750688,31.628666],[118.756022,31.67368],[118.726114,31.686331],[118.677678,31.638813],[118.614488,31.650941],[118.649033,31.699389],[118.629453,31.742466],[118.480063,31.763648],[118.482196,31.822197],[118.441369,31.869244],[118.331577,31.915261],[118.360675,32.042566],[118.423765,32.07747],[118.458231,32.186267],[118.577882,32.173619],[118.655012,32.23332],[118.670974,32.436664],[118.657278,32.486411],[118.573216,32.502474],[118.531607,32.555756],[118.546762,32.578778],[118.71127,32.598401],[118.776288,32.597714],[118.848139,32.555668],[118.894528,32.575689],[119.059988,32.44016],[119.097873,32.450907],[119.129561,32.486068],[119.141956,32.555424],[119.176853,32.578801],[119.17373,32.687422],[119.203634,32.778651],[119.18343,32.819908],[119.063897,32.86015],[118.98407,32.955225],[118.809258,32.961467],[118.786877,32.932738],[118.782459,32.864653],[118.72024,32.817196],[118.708566,32.740687],[118.336023,32.72963],[118.248979,32.893817],[118.200217,33.066309],[118.196454,33.196677],[118.148535,33.197139],[118.127559,33.16188],[118.022461,33.131952],[117.91524,33.217165],[117.944415,33.339656],[118.000912,33.397565],[118.014329,33.475717],[118.083179,33.485863],[118.082134,33.597668],[118.132564,33.646123],[118.124059,33.735299],[118.017576,33.724709],[117.902439,33.76594],[117.869211,33.699582],[117.81576,33.74251],[117.75273,33.71238],[117.714476,33.727819],[117.686691,33.789644],[117.724459,33.84604],[117.718098,33.888046],[117.665415,33.890091],[117.614491,33.926572],[117.627475,34.002957],[117.536889,33.987517],[117.506757,34.036994],[117.471902,34.042413],[117.37764,34.022622],[117.333053,34.071927],[117.133982,34.066264],[117.013931,34.170622],[117.001036,34.219084],[116.931264,34.261498],[116.925241,34.343254],[116.898028,34.369798],[116.785845,34.381048],[116.704542,34.460992],[116.603717,34.476317],[116.455787,34.58132],[116.33391,34.626925]]]},"properties":{"name":"Anhui","created_at":"2013-12-02T20:23:52+0100","updated_at":"2013-12-20T02:38:59+0100","name_simplified_chinese":"安徽","cartodb_id":9,"name_traditional_chinese":"安徽"}},
{"type":"Feature","geometry":{"type":"Polygon","coordinates":[[[110.967628,33.265027],[110.924025,33.207557],[110.845567,33.212884],[110.804258,33.165973],[110.693379,33.107465],[110.618201,33.131234],[110.577754,33.166541],[110.556734,33.234622],[110.529441,33.243398],[110.402258,33.192552],[110.246704,33.167975],[110.074556,33.175836],[109.85695,33.239723],[109.603348,33.252414],[109.437519,33.170066],[109.462327,33.124332],[109.573391,33.122018],[109.76157,33.056598],[109.736138,33.012995],[109.749955,32.960898],[109.731467,32.890795],[109.784701,32.852278],[109.895746,32.879655],[110.073546,32.838778],[110.102717,32.812647],[110.120551,32.733553],[110.104565,32.707775],[110.146678,32.612401],[110.119805,32.595416],[110.080736,32.609336],[109.998068,32.557415],[109.882091,32.583095],[109.740823,32.545497],[109.537761,32.549713],[109.518972,32.483663],[109.545216,32.431988],[109.442194,32.342236],[109.509042,32.22074],[109.566513,32.195672],[109.581002,32.102781],[109.557127,32.052895],[109.581137,31.966294],[109.557134,31.864979],[109.597888,31.798036],[109.546391,31.721712],[109.638558,31.732846],[109.663495,31.712703],[109.709724,31.627137],[109.691704,31.548031],[109.833737,31.545789],[109.892484,31.501773],[109.927735,31.487588],[109.92833,31.461017],[110.006092,31.412324],[110.02755,31.400054],[110.049785,31.412629],[110.115859,31.310147],[110.109183,31.234682],[110.153508,31.160411],[110.093218,31.134296],[110.099442,31.047354],[110.144929,30.952654],[110.113882,30.878765],[110.092757,30.844406],[110.042693,30.803707],[109.992611,30.834429],[109.978055,30.901805],[109.957883,30.905202],[109.746592,30.865218],[109.648268,30.787879],[109.565651,30.667981],[109.520473,30.665516],[109.422815,30.621906],[109.384534,30.524589],[109.345112,30.490322],[109.324496,30.574467],[109.280075,30.631628],[109.161602,30.542906],[109.121504,30.54321],[109.045491,30.63802],[108.997862,30.642606],[108.947336,30.635579],[108.82708,30.505609],[108.780929,30.495914],[108.685373,30.559058],[108.650052,30.61527],[108.613974,30.621693],[108.565926,30.492802],[108.389774,30.494565],[108.388352,30.369202],[108.469802,30.321106],[108.536498,30.234424],[108.537007,30.143728],[108.489403,30.04849],[108.5299,29.989703],[108.494459,29.947178],[108.50279,29.877055],[108.378438,29.870022],[108.345307,29.824817],[108.448085,29.710397],[108.52816,29.722713],[108.535481,29.79584],[108.608302,29.847105],[108.647533,29.790014],[108.662753,29.691509],[108.810397,29.635458],[108.845604,29.604915],[108.8367,29.585172],[108.883906,29.574413],[108.829463,29.499571],[108.834613,29.460479],[108.883761,29.452423],[108.908476,29.420785],[108.88875,29.333162],[108.998486,29.354577],[109.048481,29.398125],[109.090177,29.347999],[109.093789,29.183248],[109.183523,29.16142],[109.205049,29.123416],[109.20507,29.139426],[109.238374,29.160929],[109.237589,29.243186],[109.25872,29.257028],[109.280255,29.229743],[109.322799,29.229992],[109.301165,29.270994],[109.343495,29.29865],[109.342662,29.399156],[109.385076,29.426787],[109.384756,29.467894],[109.500494,29.559239],[109.501983,29.593974],[109.453739,29.608534],[109.529249,29.646807],[109.686914,29.642277],[109.783508,29.750898],[110.030812,29.782286],[110.189064,29.73615],[110.2586,29.666226],[110.371947,29.619461],[110.414883,29.664965],[110.500557,29.692005],[110.597403,29.768935],[110.580405,29.830286],[110.473383,29.890471],[110.483396,29.970557],[110.516797,29.992896],[110.467295,30.035428],[110.635982,30.062552],[110.672761,30.042167],[110.714655,30.058234],[110.700929,30.087559],[110.718721,30.10181],[110.834086,30.134789],[110.861387,30.125903],[110.947467,30.016497],[111.145628,30.042863],[111.23466,30.019489],[111.370415,29.910468],[111.431269,29.93687],[111.523209,29.904361],[111.729467,29.909237],[111.997722,29.759243],[112.138213,29.64209],[112.154143,29.661494],[112.20923,29.645739],[112.260195,29.565913],[112.255292,29.517897],[112.376039,29.572474],[112.427163,29.634108],[112.614451,29.605621],[112.839771,29.793368],[112.85931,29.778795],[112.841597,29.7346],[112.863475,29.720155],[112.967553,29.802696],[112.99859,29.788783],[112.95667,29.651585],[112.868805,29.59705],[112.883562,29.512213],[112.935746,29.470328],[112.984196,29.492607],[113.043225,29.435407],[113.079714,29.479242],[113.117539,29.442328],[113.255842,29.636015],[113.314927,29.661492],[113.438967,29.774377],[113.495509,29.75879],[113.5163,29.689114],[113.596744,29.689924],[113.634689,29.667656],[113.665077,29.605494],[113.669526,29.581345],[113.595544,29.517211],[113.723403,29.47405],[113.570434,29.276395],[113.657618,29.206596],[113.60279,29.146417],[113.648782,29.123925],[113.632616,29.104706],[113.660938,29.081735],[113.674025,29.10192],[113.705047,29.099378],[113.708258,29.069881],[113.737672,29.081629],[113.75346,29.120457],[113.833522,29.032841],[113.860354,29.02947],[113.890907,29.074142],[113.92234,29.073634],[113.938327,29.125481],[113.966255,29.122951],[114.037609,29.173601],[114.034581,29.204881],[114.132238,29.205723],[114.223623,29.259248],[114.229538,29.332149],[114.271556,29.342505],[114.420329,29.316637],[114.496165,29.339235],[114.601186,29.410743],[114.736493,29.385798],[114.846666,29.404341],[114.908252,29.452107],[114.898828,29.47382],[114.8638,29.459889],[114.85608,29.47352],[114.873747,29.51746],[114.927384,29.504901],[114.941376,29.514211],[114.929505,29.550264],[114.9596,29.568806],[115.045576,29.555938],[115.075103,29.51923],[115.123896,29.514774],[115.135587,29.561567],[115.094172,29.675334],[115.278778,29.627483],[115.415653,29.728212],[115.443239,29.775229],[115.43583,29.816544],[115.694561,29.819055],[115.797904,29.742013],[115.934214,29.707031],[116.033532,29.743203],[116.078157,29.800124],[116.09298,29.894832],[116.066237,29.937891],[116.033754,30.182432],[115.94017,30.288894],[115.862905,30.300227],[115.903389,30.397271],[115.873151,30.547145],[115.780352,30.604428],[115.741306,30.716327],[115.822735,30.76984],[115.803723,30.843546],[115.825927,30.879063],[115.901346,30.881205],[115.951847,30.910157],[116.021501,30.991588],[115.911607,31.054102],[115.874539,31.109888],[115.83204,31.128562],[115.72321,31.122411],[115.662769,31.219053],[115.630197,31.226584],[115.569632,31.171257],[115.523883,31.171285],[115.445714,31.299581],[115.379303,31.352747],[115.329788,31.34396],[115.329469,31.377424],[115.224381,31.408256],[115.186569,31.398983],[115.149159,31.608074],[115.046291,31.53894],[115.024087,31.478461],[114.910174,31.485048],[114.789605,31.46334],[114.718349,31.539343],[114.662876,31.517157],[114.617033,31.591386],[114.59288,31.601019],[114.567765,31.564525],[114.531261,31.585178],[114.560236,31.710292],[114.548808,31.767426],[114.353089,31.748457],[114.297981,31.762472],[114.128698,31.871879],[114.081164,31.862523],[114.032594,31.768027],[113.92881,31.7113],[113.908289,31.855515],[113.875879,31.848356],[113.854254,31.812533],[113.793953,31.928425],[113.727996,31.977012],[113.722484,32.004632],[113.750331,32.034109],[113.687841,32.093224],[113.743922,32.130009],[113.741866,32.164632],[113.704826,32.247056],[113.728317,32.27309],[113.687235,32.39813],[113.536803,32.315601],[113.459978,32.306645],[113.400428,32.260945],[113.295705,32.290577],[113.254386,32.392421],[113.162053,32.409277],[113.10604,32.372234],[113.050953,32.400577],[113.004237,32.398006],[112.980796,32.366525],[112.851699,32.38024],[112.757061,32.343667],[112.677176,32.339581],[112.558296,32.379402],[112.242494,32.324074],[112.161442,32.382563],[112.08821,32.390415],[112.04803,32.45105],[111.974337,32.427831],[111.769923,32.490658],[111.666273,32.618032],[111.613368,32.629887],[111.553647,32.599249],[111.49964,32.606632],[111.390163,32.766537],[111.250695,32.852052],[111.218307,32.905261],[111.220728,32.981377],[111.183974,33.046974],[111.026423,33.204807],[111.006856,33.264115],[110.967628,33.265027]]]},"properties":{"name":"Hubei","created_at":"2013-12-02T20:23:52+0100","updated_at":"2013-12-20T02:39:05+0100","name_simplified_chinese":"湖北","cartodb_id":10,"name_traditional_chinese":"湖北"}},
{"type":"Feature","geometry":{"type":"Polygon","coordinates":[[[121.29777,30.678414],[121.234034,30.718785],[121.198756,30.786184],[121.103085,30.786514],[121.10786,30.834306],[121.079463,30.8457],[120.985164,30.8226],[120.951034,31.025428],[120.901616,31.024298],[120.642387,30.973027],[120.691886,30.890662],[120.678201,30.868999],[120.567489,30.856096],[120.532292,30.836349],[120.506079,30.77115],[120.462593,30.76028],[120.417146,30.914637],[120.329947,30.902825],[119.853405,31.174619],[119.702594,31.19132],[119.644716,31.178697],[119.608903,31.123016],[119.582944,30.995259],[119.537756,30.897881],[119.531349,30.804764],[119.445463,30.754003],[119.420535,30.644382],[119.353608,30.684893],[119.316833,30.677736],[119.312911,30.628095],[119.191948,30.593937],[119.300337,30.491687],[119.341657,30.365631],[119.249462,30.37316],[119.218972,30.331637],[119.231361,30.28615],[119.077216,30.306884],[119.021257,30.295635],[118.908479,30.352487],[118.847073,30.328156],[118.842653,30.281196],[118.884712,30.179325],[118.836189,30.167481],[118.857778,30.116947],[118.863061,29.982761],[118.815068,29.94143],[118.804211,29.903798],[118.71701,29.834756],[118.730466,29.775833],[118.691899,29.698102],[118.571393,29.662431],[118.468326,29.54561],[118.40866,29.51423],[118.324224,29.504525],[118.243821,29.432004],[118.18922,29.416361],[118.16329,29.31925],[118.053008,29.296699],[118.051087,29.236091],[118.005376,29.212135],[117.994454,29.168156],[118.02938,29.037346],[118.156415,28.979322],[118.175341,28.908405],[118.20876,28.923255],[118.259062,28.904831],[118.263139,28.855401],[118.302972,28.848356],[118.34869,28.801571],[118.392627,28.65113],[118.396906,28.545281],[118.444686,28.465165],[118.435492,28.311825],[118.394394,28.267633],[118.401762,28.243333],[118.440504,28.23897],[118.521878,28.27471],[118.561497,28.268458],[118.560565,28.246132],[118.67274,28.302964],[118.760741,28.22793],[118.75361,28.114669],[118.699149,28.069164],[118.729677,27.951455],[118.797305,27.848137],[118.854635,27.70063],[118.880473,27.613582],[118.861231,27.502802],[118.898478,27.463355],[119.063777,27.484635],[119.111789,27.473948],[119.140327,27.408117],[119.204328,27.405183],[119.302066,27.456243],[119.351553,27.514464],[119.414616,27.511485],[119.454492,27.532689],[119.492193,27.648772],[119.558304,27.683597],[119.617758,27.663741],[119.634182,27.571801],[119.698622,27.459911],[119.751626,27.296735],[119.899067,27.312816],[119.968394,27.371906],[120.030212,27.348005],[120.119745,27.42333],[120.247538,27.395658],[120.313741,27.403585],[120.328781,27.343899],[120.399909,27.274946],[120.406654,27.171829],[120.437123,27.1999],[120.467831,27.160529],[120.498707,27.18614],[120.510086,27.258351],[120.538457,27.288748],[120.515205,27.321044],[120.536293,27.351181],[120.528867,27.394857],[120.571915,27.390062],[120.618463,27.3529],[120.633654,27.421072],[120.665833,27.456581],[120.637649,27.491166],[120.60717,27.479291],[120.584086,27.558222],[120.537152,27.566104],[120.64061,27.597017],[120.667077,27.627541],[120.661991,27.681961],[120.609793,27.76166],[120.712196,27.710316],[120.836901,27.856162],[120.837823,27.916413],[120.729889,27.966508],[120.702228,27.99257],[120.719229,28.026877],[120.796728,27.992397],[120.89295,27.992683],[120.930563,27.966349],[120.964349,27.977834],[120.998405,28.129124],[121.072854,28.146838],[121.116079,28.234152],[121.04098,28.280478],[121.13499,28.285368],[121.137813,28.325295],[121.179691,28.349667],[121.16964,28.387154],[121.263934,28.326139],[121.227324,28.310439],[121.275094,28.197146],[121.232424,28.210294],[121.127232,28.128926],[121.141023,28.019763],[121.263257,28.060247],[121.271897,28.095992],[121.246879,28.112665],[121.262294,28.161807],[121.304727,28.174198],[121.354186,28.125571],[121.381145,28.173249],[121.364779,28.184881],[121.372806,28.215186],[121.416068,28.242083],[121.400808,28.287427],[121.430543,28.281811],[121.450467,28.322833],[121.574363,28.297961],[121.567968,28.240083],[121.613378,28.258476],[121.639197,28.336372],[121.581339,28.352114],[121.557336,28.484219],[121.601935,28.495384],[121.615378,28.526043],[121.526763,28.524656],[121.485948,28.650089],[121.432345,28.684486],[121.627594,28.725789],[121.635091,28.775277],[121.669661,28.789236],[121.650894,28.799293],[121.665443,28.829826],[121.625568,28.831902],[121.632368,28.875974],[121.50416,28.898476],[121.491275,28.946265],[121.532858,28.965062],[121.559319,28.932379],[121.688593,28.909712],[121.702112,28.932122],[121.666717,28.993096],[121.696701,29.003844],[121.654171,29.059118],[121.616221,29.028145],[121.54846,29.028343],[121.554961,29.01311],[121.520436,28.991816],[121.523599,29.048997],[121.61765,29.047168],[121.634013,29.099408],[121.546663,29.120666],[121.485461,29.098286],[121.444157,29.106815],[121.453108,29.135146],[121.413987,29.160781],[121.469864,29.158164],[121.47812,29.197508],[121.497567,29.159154],[121.520274,29.17065],[121.511196,29.198887],[121.536607,29.247514],[121.500027,29.268365],[121.564701,29.259395],[121.588266,29.285386],[121.613316,29.184448],[121.61298,29.279344],[121.647539,29.307901],[121.649541,29.193693],[121.73944,29.191275],[121.767068,29.239646],[121.7564,29.367486],[121.790273,29.374187],[121.78095,29.344093],[121.812971,29.329079],[121.79241,29.286414],[121.828583,29.294696],[121.79682,29.183796],[121.835032,29.159939],[121.861329,29.158239],[121.911308,29.2144],[121.952094,29.217619],[121.980771,29.280448],[121.924988,29.268693],[121.907367,29.311507],[121.937598,29.338597],[121.907163,29.341628],[121.883048,29.39967],[121.919483,29.425235],[121.954341,29.415374],[121.973245,29.452709],[121.903966,29.523447],[121.946425,29.530164],[121.979845,29.587927],[121.944043,29.630704],[121.815809,29.613308],[121.731618,29.557748],[121.841188,29.524191],[121.809843,29.520899],[121.775873,29.465887],[121.770239,29.527529],[121.708627,29.529001],[121.666356,29.499386],[121.568288,29.482443],[121.480308,29.395174],[121.528782,29.457075],[121.498641,29.4545],[121.494436,29.487718],[121.422058,29.405294],[121.42421,29.479836],[121.496903,29.547637],[121.528457,29.5118],[121.55875,29.539876],[121.681557,29.558075],[121.8212,29.677496],[121.882045,29.764469],[122.090458,29.842141],[122.119442,29.889358],[121.976113,29.874532],[121.679574,29.978322],[121.565995,30.059365],[121.440478,30.231501],[121.379401,30.240889],[121.342059,30.284418],[121.281746,30.300046],[121.127396,30.277886],[120.919575,30.158645],[120.766687,30.112986],[120.620337,30.125866],[120.622347,30.160252],[120.581741,30.232896],[120.599289,30.325021],[120.547527,30.350416],[120.419555,30.340506],[120.374381,30.267094],[120.327959,30.2374],[120.288197,30.264394],[120.184931,30.225192],[120.215504,30.266866],[120.322392,30.290593],[120.382643,30.355467],[120.475764,30.388411],[120.671253,30.386925],[120.781969,30.325359],[120.882428,30.355525],[120.894114,30.406307],[120.937455,30.426067],[120.925476,30.48533],[121.017333,30.573443],[121.111608,30.585806],[121.146022,30.627219],[121.29777,30.678414]]]},"properties":{"name":"Zhejiang","created_at":"2013-12-02T20:23:52+0100","updated_at":"2013-12-20T02:39:11+0100","name_simplified_chinese":"浙江","cartodb_id":11,"name_traditional_chinese":"浙江"}},
{"type":"Feature","geometry":{"type":"Polygon","coordinates":[[[118.18922,29.416361],[118.102931,29.444478],[118.122341,29.501287],[118.073428,29.540939],[117.98536,29.56245],[117.873102,29.544307],[117.758278,29.571717],[117.662562,29.563986],[117.654202,29.590347],[117.526836,29.592385],[117.501637,29.617914],[117.503745,29.658829],[117.387685,29.686812],[117.406593,29.742825],[117.397072,29.810236],[117.364186,29.832584],[117.332249,29.812077],[117.308032,29.838384],[117.271669,29.8288],[117.211975,29.914083],[117.165094,29.93267],[117.10625,29.90286],[117.048568,29.830176],[117.081176,29.788321],[117.066496,29.686575],[116.943466,29.662767],[116.78977,29.57174],[116.760873,29.57678],[116.755166,29.600257],[116.700861,29.585166],[116.652611,29.7222],[116.673954,29.759465],[116.805585,29.846401],[116.865601,29.940456],[116.697456,30.059463],[116.592138,30.055284],[116.536299,29.910886],[116.29474,29.793186],[116.20734,29.781377],[116.131593,29.814588],[116.078157,29.800124],[116.033532,29.743203],[115.934214,29.707031],[115.797904,29.742013],[115.694561,29.819055],[115.43583,29.816544],[115.443239,29.775229],[115.415653,29.728212],[115.278778,29.627483],[115.094172,29.675334],[115.135587,29.561567],[115.123896,29.514774],[115.075103,29.51923],[115.045576,29.555938],[114.9596,29.568806],[114.929505,29.550264],[114.941376,29.514211],[114.927384,29.504901],[114.873747,29.51746],[114.85608,29.47352],[114.8638,29.459889],[114.898828,29.47382],[114.908252,29.452107],[114.846666,29.404341],[114.736493,29.385798],[114.601186,29.410743],[114.496165,29.339235],[114.420329,29.316637],[114.271556,29.342505],[114.229538,29.332149],[114.223623,29.259248],[114.132238,29.205723],[114.034581,29.204881],[114.037609,29.173601],[113.966255,29.122951],[113.938327,29.125481],[113.92234,29.073634],[113.922861,28.978787],[114.086539,28.836968],[114.138053,28.831947],[114.129364,28.680518],[114.081386,28.553362],[114.199993,28.499972],[114.201232,28.478511],[114.157697,28.443167],[114.247264,28.361968],[114.194975,28.284023],[114.095705,28.238648],[114.051977,28.193429],[113.972267,28.174192],[114.027894,28.093142],[114.005837,28.049073],[113.729297,27.95719],[113.697795,27.864506],[113.721764,27.817033],[113.587806,27.611079],[113.5477,27.599516],[113.559022,27.534835],[113.592268,27.522405],[113.567034,27.462166],[113.602034,27.407624],[113.587021,27.382036],[113.63051,27.340698],[113.834336,27.38831],[113.861357,27.375064],[113.821954,27.320606],[113.834947,27.25222],[113.747941,27.102244],[113.801433,27.064128],[113.890311,26.933632],[113.819397,26.743707],[113.826108,26.639508],[113.97402,26.630094],[114.064995,26.579078],[114.100045,26.487448],[114.036046,26.41301],[114.02557,26.313676],[113.955788,26.240232],[113.936664,26.178805],[114.009609,26.170467],[114.214999,26.218323],[114.225913,26.18746],[114.212402,26.147451],[114.055939,26.089198],[113.991178,26.041643],[114.0167,25.968138],[114.004332,25.928051],[113.946099,25.802058],[113.897869,25.762939],[113.881493,25.72023],[113.876279,25.682602],[113.945476,25.573646],[113.932067,25.469649],[113.973187,25.439286],[114.027679,25.384125],[114.0161,25.27732],[114.123647,25.313782],[114.265245,25.300467],[114.281052,25.325185],[114.390754,25.335209],[114.469786,25.399255],[114.523787,25.406467],[114.637626,25.31976],[114.675707,25.327445],[114.703143,25.294064],[114.712162,25.272132],[114.668206,25.1935],[114.703566,25.160729],[114.697896,25.119481],[114.636841,25.081063],[114.562663,25.085408],[114.440352,24.972326],[114.393304,24.958539],[114.377183,24.924804],[114.390305,24.85315],[114.323624,24.761502],[114.157182,24.662046],[114.269887,24.587271],[114.342265,24.572333],[114.392809,24.501194],[114.510438,24.53791],[114.555447,24.530066],[114.602996,24.560929],[114.69706,24.547704],[114.745595,24.601034],[114.837208,24.552576],[114.898567,24.649593],[115.008815,24.666188],[115.021643,24.688258],[115.084751,24.665058],[115.155323,24.675825],[115.174675,24.710253],[115.297064,24.750438],[115.316348,24.740622],[115.360661,24.778497],[115.460447,24.738219],[115.565288,24.604632],[115.74063,24.543589],[115.767065,24.61464],[115.723891,24.751095],[115.79583,24.895836],[115.858492,24.865005],[115.870231,24.885357],[115.852768,24.923909],[115.884062,24.95314],[115.861078,25.040781],[115.914818,25.062649],[115.857372,25.100464],[115.82442,25.18851],[115.969385,25.313412],[115.997454,25.38868],[115.983638,25.444277],[116.037604,25.553417],[116.025667,25.642214],[116.060029,25.719804],[116.152647,25.766685],[116.15998,25.789735],[116.099376,25.848422],[116.122973,25.893178],[116.181647,25.920949],[116.288489,25.932836],[116.344312,26.028119],[116.479732,26.142722],[116.480735,26.175036],[116.450589,26.190946],[116.379622,26.180125],[116.382357,26.274369],[116.50461,26.412893],[116.520607,26.395007],[116.574529,26.403927],[116.61524,26.473703],[116.536895,26.57384],[116.524323,26.678641],[116.48081,26.709573],[116.516692,26.749951],[116.518581,26.844095],[116.636527,26.994189],[116.697026,26.98926],[116.785132,27.033972],[116.919217,27.051916],[116.973337,27.086657],[117.129785,27.276242],[117.137421,27.326923],[117.077192,27.367923],[117.105096,27.446162],[117.087349,27.498227],[117.071682,27.536729],[117.008737,27.570645],[116.991216,27.627142],[117.010773,27.643996],[117.05372,27.630002],[117.098661,27.64455],[117.054927,27.676518],[117.183762,27.70611],[117.26133,27.760863],[117.268101,27.882276],[117.334018,27.873157],[117.353659,27.903374],[117.445027,27.933024],[117.496541,27.990905],[117.54985,27.977032],[117.557295,27.926447],[117.60761,27.847338],[117.740632,27.845602],[117.914631,27.984487],[118.018027,27.994129],[118.067902,27.976642],[118.112059,28.039212],[118.166601,28.065269],[118.342262,28.101299],[118.334224,28.187801],[118.289794,28.222047],[118.336245,28.271828],[118.394394,28.267633],[118.435492,28.311825],[118.444686,28.465165],[118.396906,28.545281],[118.392627,28.65113],[118.34869,28.801571],[118.302972,28.848356],[118.263139,28.855401],[118.259062,28.904831],[118.20876,28.923255],[118.175341,28.908405],[118.156415,28.979322],[118.02938,29.037346],[117.994454,29.168156],[118.005376,29.212135],[118.051087,29.236091],[118.053008,29.296699],[118.16329,29.31925],[118.18922,29.416361]]]},"properties":{"name":"Jiangxi","created_at":"2013-12-02T20:23:52+0100","updated_at":"2013-12-20T02:39:19+0100","name_simplified_chinese":"江西","cartodb_id":12,"name_traditional_chinese":"江西"}},
{"type":"Feature","geometry":{"type":"Polygon","coordinates":[[[113.92234,29.073634],[113.890907,29.074142],[113.860354,29.02947],[113.833522,29.032841],[113.75346,29.120457],[113.737672,29.081629],[113.708258,29.069881],[113.705047,29.099378],[113.674025,29.10192],[113.660938,29.081735],[113.632616,29.104706],[113.648782,29.123925],[113.60279,29.146417],[113.657618,29.206596],[113.570434,29.276395],[113.723403,29.47405],[113.595544,29.517211],[113.669526,29.581345],[113.665077,29.605494],[113.634689,29.667656],[113.596744,29.689924],[113.5163,29.689114],[113.495509,29.75879],[113.438967,29.774377],[113.314927,29.661492],[113.255842,29.636015],[113.117539,29.442328],[113.079714,29.479242],[113.043225,29.435407],[112.984196,29.492607],[112.935746,29.470328],[112.883562,29.512213],[112.868805,29.59705],[112.95667,29.651585],[112.99859,29.788783],[112.967553,29.802696],[112.863475,29.720155],[112.841597,29.7346],[112.85931,29.778795],[112.839771,29.793368],[112.614451,29.605621],[112.427163,29.634108],[112.376039,29.572474],[112.255292,29.517897],[112.260195,29.565913],[112.20923,29.645739],[112.154143,29.661494],[112.138213,29.64209],[111.997722,29.759243],[111.729467,29.909237],[111.523209,29.904361],[111.431269,29.93687],[111.370415,29.910468],[111.23466,30.019489],[111.145628,30.042863],[110.947467,30.016497],[110.861387,30.125903],[110.834086,30.134789],[110.718721,30.10181],[110.700929,30.087559],[110.714655,30.058234],[110.672761,30.042167],[110.635982,30.062552],[110.467295,30.035428],[110.516797,29.992896],[110.483396,29.970557],[110.473383,29.890471],[110.580405,29.830286],[110.597403,29.768935],[110.500557,29.692005],[110.414883,29.664965],[110.371947,29.619461],[110.2586,29.666226],[110.189064,29.73615],[110.030812,29.782286],[109.783508,29.750898],[109.686914,29.642277],[109.529249,29.646807],[109.453739,29.608534],[109.501983,29.593974],[109.500494,29.559239],[109.384756,29.467894],[109.385076,29.426787],[109.342662,29.399156],[109.343495,29.29865],[109.301165,29.270994],[109.322799,29.229992],[109.280255,29.229743],[109.25872,29.257028],[109.237589,29.243186],[109.238374,29.160929],[109.20507,29.139426],[109.292821,29.038199],[109.204085,28.868473],[109.279733,28.7554],[109.177415,28.659398],[109.205249,28.609849],[109.297389,28.59062],[109.2493,28.487412],[109.277803,28.328574],[109.269332,28.253573],[109.347376,28.28964],[109.352551,28.231674],[109.284911,28.067326],[109.327377,28.042894],[109.28621,27.946733],[109.313735,27.790713],[109.444788,27.654752],[109.440672,27.598366],[109.237123,27.430135],[109.180939,27.441841],[109.112816,27.391591],[109.090648,27.33487],[108.988088,27.286667],[108.793065,27.041493],[108.935436,27.06015],[109.087766,27.136989],[109.152368,27.101278],[109.177064,27.132991],[109.367808,27.180458],[109.452848,27.130523],[109.434299,27.089995],[109.510292,27.02825],[109.527611,26.95949],[109.426482,26.899114],[109.486489,26.878363],[109.50322,26.783585],[109.286636,26.703661],[109.283122,26.675818],[109.370037,26.609772],[109.367277,26.539791],[109.254559,26.327405],[109.303965,26.263493],[109.33724,26.25588],[109.367538,26.301164],[109.434529,26.318199],[109.458428,26.270941],[109.418622,26.250686],[109.423494,26.201382],[109.464418,26.153429],[109.449956,26.060762],[109.482414,26.042522],[109.534992,26.003441],[109.585632,26.030083],[109.684853,26.023101],[109.716343,25.990202],[109.644257,25.924756],[109.654744,25.891633],[109.724165,25.866375],[109.782541,25.902839],[109.778349,25.992624],[109.808825,26.03423],[109.874479,26.068958],[109.89145,26.157991],[109.933257,26.184385],[110.056778,26.166499],[110.084006,26.049081],[110.126216,26.032308],[110.17798,26.065863],[110.216126,26.054418],[110.249803,25.97648],[110.308724,25.990264],[110.387781,26.145967],[110.495799,26.190365],[110.543397,26.304484],[110.714034,26.329967],[110.747339,26.2645],[110.88183,26.267252],[110.919917,26.381189],[110.969162,26.391021],[111.075584,26.297557],[111.144928,26.327908],[111.253207,26.267458],[111.264097,26.222547],[111.225863,26.184984],[111.239575,26.079003],[111.160291,26.010997],[111.175155,25.944499],[111.241886,25.858048],[111.30205,25.913523],[111.394991,25.907723],[111.443753,25.866151],[111.353383,25.765951],[111.292416,25.743737],[111.279334,25.711434],[111.284371,25.449751],[111.104131,25.308143],[111.089087,25.206466],[110.963125,25.142736],[110.933411,25.057214],[110.95322,24.961723],[110.989807,24.913937],[111.073882,24.945338],[111.084865,25.016478],[111.210853,25.118815],[111.270401,25.145623],[111.321837,25.118404],[111.387339,25.138816],[111.439102,24.995361],[111.418718,24.877441],[111.44088,24.769175],[111.407916,24.691815],[111.424591,24.672793],[111.465102,24.687001],[111.48073,24.659862],[111.528987,24.65146],[111.642127,24.753489],[111.735251,24.792445],[111.947336,24.773402],[111.979348,24.746691],[112.15792,24.871141],[112.155307,24.898209],[112.090698,24.949416],[112.124016,25.003089],[112.157893,25.169302],[112.306657,25.171039],[112.37769,25.147563],[112.41407,25.190269],[112.519296,25.1383],[112.636878,25.122076],[112.777141,24.897144],[112.805742,24.893936],[112.916249,24.928855],[112.969533,24.923327],[112.99175,24.943622],[112.966164,25.039623],[112.983883,25.078915],[112.951757,25.149788],[112.997699,25.208326],[112.853923,25.259659],[112.832043,25.305968],[112.847283,25.321893],[112.915567,25.30983],[112.962017,25.34405],[113.06794,25.369867],[113.114616,25.409413],[113.119787,25.459696],[113.144295,25.485278],[113.268302,25.508718],[113.346385,25.412501],[113.421757,25.368466],[113.500231,25.366602],[113.616137,25.319635],[113.707368,25.34611],[113.780019,25.31809],[113.817124,25.328796],[113.870572,25.414656],[113.925254,25.443741],[113.973187,25.439286],[113.932067,25.469649],[113.945476,25.573646],[113.876279,25.682602],[113.881493,25.72023],[113.897869,25.762939],[113.946099,25.802058],[114.004332,25.928051],[114.0167,25.968138],[113.991178,26.041643],[114.055939,26.089198],[114.212402,26.147451],[114.225913,26.18746],[114.214999,26.218323],[114.009609,26.170467],[113.936664,26.178805],[113.955788,26.240232],[114.02557,26.313676],[114.036046,26.41301],[114.100045,26.487448],[114.064995,26.579078],[113.97402,26.630094],[113.826108,26.639508],[113.819397,26.743707],[113.890311,26.933632],[113.801433,27.064128],[113.747941,27.102244],[113.834947,27.25222],[113.821954,27.320606],[113.861357,27.375064],[113.834336,27.38831],[113.63051,27.340698],[113.587021,27.382036],[113.602034,27.407624],[113.567034,27.462166],[113.592268,27.522405],[113.559022,27.534835],[113.5477,27.599516],[113.587806,27.611079],[113.721764,27.817033],[113.697795,27.864506],[113.729297,27.95719],[114.005837,28.049073],[114.027894,28.093142],[113.972267,28.174192],[114.051977,28.193429],[114.095705,28.238648],[114.194975,28.284023],[114.247264,28.361968],[114.157697,28.443167],[114.201232,28.478511],[114.199993,28.499972],[114.081386,28.553362],[114.129364,28.680518],[114.138053,28.831947],[114.086539,28.836968],[113.922861,28.978787],[113.92234,29.073634]]]},"properties":{"name":"Hunan","created_at":"2013-12-02T20:23:52+0100","updated_at":"2013-12-20T02:39:25+0100","name_simplified_chinese":"湖南","cartodb_id":13,"name_traditional_chinese":"湖南"}},
{"type":"Feature","geometry":{"type":"Polygon","coordinates":[[[99.152709,29.220845],[98.989613,29.184274],[99.035938,29.047929],[98.940582,28.933191],[98.946022,28.891459],[98.977377,28.869828],[98.964885,28.840458],[98.853994,28.815646],[98.804191,29.008001],[98.774579,29.015676],[98.668621,28.952455],[98.696463,28.835449],[98.672465,28.801376],[98.712961,28.741954],[98.698861,28.69476],[98.634598,28.662306],[98.667002,28.53653],[98.755368,28.390152],[98.764974,28.317047],[98.685247,28.158137],[98.573967,28.195661],[98.469393,28.121121],[98.412699,28.120756],[98.411033,28.262972],[98.335058,28.411069],[98.235416,28.382814],[98.285506,28.243811],[98.25614,28.20924],[98.202617,28.192882],[98.181155,28.144375],[98.165415,27.965177],[98.204737,27.939203],[98.202635,27.851026],[98.235964,27.815228],[98.241574,27.746191],[98.269204,27.720762],[98.260817,27.698777],[98.316986,27.611332],[98.331879,27.542346],[98.421679,27.526291],[98.459103,27.587106],[98.457423,27.659328],[98.543017,27.628979],[98.566733,27.646135],[98.619804,27.571071],[98.692866,27.593365],[98.724754,27.558197],[98.710208,27.450374],[98.748846,27.303136],[98.72173,27.165497],[98.73502,27.066892],[98.784947,27.05008],[98.789658,27.030387],[98.755642,26.982795],[98.78569,26.920772],[98.753346,26.868746],[98.784168,26.831578],[98.773522,26.710185],[98.798768,26.613636],[98.769106,26.511312],[98.767708,26.398131],[98.715154,26.321803],[98.702234,26.256991],[98.730009,26.248901],[98.75811,26.176459],[98.707843,26.099389],[98.69703,26.149755],[98.579063,26.157398],[98.620102,26.004457],[98.736746,25.881605],[98.660476,25.801656],[98.564282,25.848406],[98.528489,25.840855],[98.491499,25.743823],[98.362316,25.567503],[98.335058,25.558044],[98.267593,25.611412],[98.176551,25.642751],[98.178546,25.53972],[98.130993,25.529772],[98.174391,25.451644],[98.101351,25.390851],[98.072235,25.322047],[98.023938,25.303647],[97.984407,25.229914],[97.95304,25.221711],[97.879174,25.291697],[97.80268,25.142506],[97.734744,25.084713],[97.746027,24.912304],[97.798055,24.866614],[97.793877,24.832077],[97.754317,24.825601],[97.707241,24.857625],[97.651241,24.79544],[97.608423,24.79778],[97.568211,24.725491],[97.596768,24.653024],[97.559873,24.431119],[97.680907,24.437177],[97.73096,24.33939],[97.677205,24.320996],[97.696067,24.287113],[97.77515,24.282551],[97.747222,24.194971],[97.774866,24.176925],[97.73833,24.115167],[97.572194,23.948895],[97.658947,23.866544],[97.658728,23.83962],[97.873647,23.935544],[97.934467,24.010319],[97.985613,24.032025],[98.182547,24.080635],[98.41096,24.089789],[98.566708,24.133032],[98.601964,24.116555],[98.606167,24.092023],[98.682063,24.086472],[98.882564,24.14893],[98.895244,24.080893],[98.87065,24.045853],[98.758873,23.972649],[98.69095,23.955974],[98.714567,23.904845],[98.696177,23.791667],[98.818386,23.757758],[98.864949,23.619174],[98.903131,23.585302],[98.825083,23.540679],[98.836046,23.47789],[98.877463,23.488885],[98.944236,23.377402],[98.919929,23.325606],[98.957221,23.305519],[98.954376,23.272739],[98.906119,23.174697],[99.068535,23.169026],[99.081464,23.104509],[99.274207,23.092498],[99.369535,23.115487],[99.418629,23.086264],[99.527791,23.084562],[99.538872,22.991044],[99.57263,22.931392],[99.565131,22.911128],[99.507615,22.904269],[99.464843,22.923052],[99.468584,22.850082],[99.328545,22.708156],[99.394111,22.597007],[99.384768,22.485376],[99.283978,22.398444],[99.274829,22.310927],[99.181803,22.153865],[99.210417,22.128069],[99.370501,22.101366],[99.506929,22.133409],[99.533404,22.099863],[99.619706,22.107896],[99.705727,22.075797],[99.724808,22.046098],[99.753783,22.066754],[99.820751,22.054958],[99.882433,22.011863],[99.904407,22.025253],[99.893793,22.058629],[99.96747,22.055324],[100.018764,21.956651],[100.019108,21.918504],[99.962844,21.827168],[99.990757,21.743313],[100.029146,21.705224],[100.04162,21.654272],[100.078419,21.647694],[100.123907,21.695093],[100.186093,21.670487],[100.193327,21.64883],[100.133075,21.602789],[100.148543,21.497087],[100.239135,21.487385],[100.265069,21.454492],[100.418072,21.543048],[100.449025,21.535777],[100.521475,21.457888],[100.649544,21.46073],[100.760864,21.531759],[100.898832,21.687047],[100.971906,21.687198],[101.111807,21.769646],[101.166123,21.772632],[101.184384,21.755637],[101.159036,21.716149],[101.199915,21.627609],[101.16516,21.555593],[101.252681,21.526106],[101.228876,21.421506],[101.191882,21.382798],[101.241216,21.305152],[101.284466,21.289406],[101.261387,21.217426],[101.323878,21.17259],[101.399473,21.212802],[101.635254,21.230335],[101.629178,21.181332],[101.710244,21.184477],[101.747971,21.142898],[101.799848,21.147245],[101.814353,21.200665],[101.862866,21.210291],[101.868465,21.234057],[101.866689,21.253485],[101.848843,21.247346],[101.822298,21.283349],[101.766996,21.30483],[101.770247,21.501655],[101.789294,21.516278],[101.768243,21.575973],[101.831946,21.581263],[101.848633,21.611498],[101.79947,21.659545],[101.76484,21.749717],[101.788969,21.826132],[101.746124,21.856986],[101.705143,21.951198],[101.643971,21.97861],[101.646172,22.038283],[101.608785,22.123422],[101.633941,22.126466],[101.631353,22.174561],[101.591004,22.269621],[101.657318,22.303973],[101.694034,22.403574],[101.693636,22.480568],[101.782752,22.514829],[101.813188,22.504335],[101.872095,22.408936],[101.931402,22.393329],[101.950388,22.443112],[102.094115,22.449027],[102.130989,22.442665],[102.151327,22.412725],[102.287559,22.42521],[102.303098,22.516372],[102.390221,22.575896],[102.376435,22.610069],[102.40536,22.639152],[102.385798,22.671954],[102.45357,22.695624],[102.475191,22.787115],[102.545725,22.768312],[102.573857,22.726867],[102.622585,22.732328],[102.664435,22.690945],[102.780562,22.666064],[102.78812,22.634185],[102.86341,22.61459],[102.932652,22.499987],[103.056372,22.449392],[103.095263,22.503083],[103.172309,22.546404],[103.190839,22.610674],[103.280961,22.677011],[103.344124,22.801612],[103.434401,22.753003],[103.448445,22.671532],[103.519808,22.58454],[103.58061,22.651471],[103.583309,22.721081],[103.644342,22.799979],[103.991348,22.493942],[104.032628,22.605716],[104.032377,22.708446],[104.111382,22.802938],[104.271998,22.83122],[104.280032,22.722191],[104.370132,22.696848],[104.573868,22.85999],[104.705073,22.838482],[104.736527,22.8864],[104.858739,22.931699],[104.806632,23.107291],[104.878221,23.130438],[104.901186,23.158415],[104.963718,23.152401],[104.986068,23.191406],[105.104728,23.255549],[105.132384,23.238463],[105.168366,23.265162],[105.242249,23.268775],[105.257363,23.333186],[105.312006,23.381022],[105.445935,23.283073],[105.467899,23.297014],[105.5123,23.208516],[105.593493,23.309994],[105.692861,23.346752],[105.65598,23.386149],[105.74295,23.419624],[105.841825,23.513421],[105.880391,23.52217],[105.990977,23.48822],[106.007918,23.457065],[106.096363,23.528425],[106.134906,23.584289],[106.119852,23.640021],[106.152823,23.713806],[106.137885,23.766801],[106.192174,23.869413],[106.159256,23.908148],[106.084412,23.942639],[106.113075,24.004415],[105.961891,24.123049],[105.873331,24.087082],[105.865455,24.045089],[105.733215,24.086181],[105.651168,24.039402],[105.606499,24.111924],[105.471758,24.022059],[105.355553,24.091469],[105.260307,24.075551],[105.184666,24.133855],[105.198312,24.172532],[105.238994,24.201518],[105.192503,24.374325],[105.121766,24.391098],[105.076964,24.437077],[104.946322,24.414773],[104.832007,24.451963],[104.79677,24.431258],[104.778252,24.462073],[104.736264,24.439213],[104.723507,24.387862],[104.673124,24.324694],[104.540724,24.445445],[104.542949,24.493977],[104.505171,24.548225],[104.507791,24.683261],[104.563121,24.7423],[104.54557,24.760281],[104.557451,24.825121],[104.670063,24.926564],[104.704461,24.997868],[104.629304,25.078291],[104.710138,25.095082],[104.746686,25.147349],[104.791863,25.163868],[104.816337,25.203883],[104.807764,25.282989],[104.742456,25.295238],[104.65599,25.262158],[104.609941,25.350247],[104.546153,25.401296],[104.561266,25.4472],[104.529381,25.528695],[104.443991,25.475663],[104.439691,25.576568],[104.368516,25.598235],[104.320774,25.67432],[104.352583,25.739124],[104.422321,25.758004],[104.47133,26.029234],[104.589041,26.282854],[104.682806,26.410755],[104.65789,26.496737],[104.56383,26.58561],[104.467172,26.638856],[104.482812,26.710721],[104.407561,26.734882],[104.293761,26.621149],[104.199712,26.639712],[104.107757,26.611506],[104.083329,26.539984],[103.89455,26.514516],[103.764881,26.59471],[103.732318,26.65502],[103.720883,26.772308],[103.7313,26.83859],[103.773028,26.87781],[103.767934,26.977392],[103.701703,27.038466],[103.637277,27.004259],[103.612639,27.036142],[103.671513,27.077243],[103.647774,27.124475],[103.720383,27.15912],[103.813512,27.263158],[103.9548,27.467592],[104.197507,27.266476],[104.256554,27.280276],[104.381448,27.439275],[104.421474,27.450236],[104.510497,27.395313],[104.552937,27.303047],[104.824755,27.33019],[104.899598,27.285086],[104.940266,27.354277],[105.027743,27.371625],[105.142528,27.428686],[105.220585,27.415844],[105.26977,27.521138],[105.246831,27.567748],[105.272609,27.618181],[105.329838,27.653742],[105.33243,27.711927],[105.271633,27.724214],[105.33852,27.813775],[105.338087,27.840659],[105.269685,27.838738],[105.261297,27.879643],[105.296874,27.977054],[105.277682,28.028255],[105.189789,28.005762],[105.061223,28.121294],[104.996325,28.090687],[104.895361,27.891648],[104.836059,27.873728],[104.739501,27.880075],[104.61291,27.842759],[104.395208,27.949773],[104.329385,28.031725],[104.328448,28.061275],[104.453471,28.110455],[104.471336,28.151667],[104.404739,28.196838],[104.4365,28.229759],[104.397612,28.305841],[104.285956,28.329905],[104.268611,28.389083],[104.324793,28.535223],[104.427568,28.635187],[104.364951,28.660795],[104.206567,28.651141],[104.119798,28.621659],[103.962734,28.62338],[103.890928,28.63123],[103.864442,28.669236],[103.810942,28.538258],[103.892373,28.351728],[103.875518,28.299729],[103.744136,28.211029],[103.712143,28.212858],[103.671392,28.263521],[103.596273,28.250373],[103.481959,28.117438],[103.481119,28.060867],[103.564464,27.989332],[103.571402,27.937675],[103.496103,27.795157],[103.378961,27.721937],[103.297349,27.601274],[103.224992,27.547551],[103.162098,27.436364],[103.076672,27.411846],[103.018005,27.368677],[102.957689,27.4083],[102.91669,27.249955],[102.907437,26.902027],[102.97239,26.774663],[103.022906,26.572449],[103.070033,26.512312],[103.002243,26.515288],[103.015287,26.376403],[102.932669,26.327009],[102.801822,26.302383],[102.678273,26.214941],[102.635174,26.237352],[102.650358,26.344787],[102.610447,26.376411],[102.568757,26.369127],[102.503688,26.305235],[102.454434,26.304606],[102.298287,26.225324],[102.116963,26.070869],[102.0806,26.061956],[102.034648,26.103806],[101.9694,26.114447],[101.821673,26.081967],[101.816854,26.155654],[101.771644,26.241688],[101.665579,26.21391],[101.595567,26.241132],[101.60547,26.31681],[101.6369,26.314666],[101.693452,26.35591],[101.630581,26.43422],[101.557257,26.504474],[101.400644,26.536705],[101.436545,26.624265],[101.489363,26.66348],[101.542106,26.766677],[101.488667,26.785159],[101.420975,26.721376],[101.398564,26.73318],[101.425579,26.819108],[101.393661,26.886072],[101.267862,26.916896],[101.251028,26.963355],[101.188278,26.991788],[101.171328,27.058946],[101.189331,27.152269],[101.048028,27.269924],[100.978673,27.457115],[100.88738,27.44167],[100.862874,27.644954],[100.760792,27.73836],[100.717827,27.861719],[100.677153,27.896173],[100.63611,27.886493],[100.530557,27.810241],[100.485803,27.881185],[100.436673,27.842857],[100.372401,27.738402],[100.336585,27.747055],[100.298204,27.814888],[100.326999,27.841653],[100.195612,27.905073],[100.201019,27.94784],[100.067251,28.082898],[100.053968,28.179802],[100.139671,28.187255],[100.189904,28.261741],[100.170191,28.271734],[100.177243,28.300217],[100.143919,28.356683],[100.091254,28.365612],[100.097674,28.390447],[100.007986,28.495015],[100.005432,28.543332],[99.94679,28.637061],[99.856146,28.571545],[99.870544,28.615964],[99.793195,28.716953],[99.752015,28.740239],[99.764076,28.795233],[99.741769,28.859729],[99.641319,28.788711],[99.6437,28.735005],[99.593113,28.698967],[99.560162,28.612362],[99.401484,28.513238],[99.408669,28.221483],[99.382008,28.178491],[99.351836,28.197277],[99.2449,28.367245],[99.208616,28.4664],[99.222716,28.543302],[99.160822,28.745225],[99.15224,28.845113],[99.179896,29.040442],[99.153512,29.118893],[99.152709,29.220845]]]},"properties":{"name":"Yunnan","created_at":"2013-12-02T20:23:52+0100","updated_at":"2013-12-20T02:39:31+0100","name_simplified_chinese":"云南","cartodb_id":14,"name_traditional_chinese":"雲南"}},
{"type":"Feature","geometry":{"type":"Polygon","coordinates":[[[109.2493,28.487412],[109.195754,28.46962],[109.146356,28.419804],[109.117257,28.289035],[109.088078,28.260904],[109.092517,28.198466],[109.012129,28.213263],[108.965912,28.16964],[108.914439,28.220568],[108.86448,28.206308],[108.811989,28.253599],[108.770883,28.213561],[108.735826,28.220057],[108.748268,28.335472],[108.739511,28.436182],[108.71702,28.469679],[108.68153,28.487752],[108.627567,28.465289],[108.649402,28.419301],[108.621582,28.344663],[108.562554,28.358977],[108.57705,28.467862],[108.561226,28.518417],[108.60758,28.631768],[108.544638,28.668878],[108.484458,28.644448],[108.473294,28.602283],[108.337592,28.656477],[108.287844,28.729418],[108.352725,28.769213],[108.317814,28.829096],[108.333933,28.9106],[108.282484,29.000406],[108.266266,29.087403],[108.226098,29.046378],[108.163814,29.080595],[108.078786,29.080356],[107.926596,29.043597],[107.88409,29.014869],[107.865088,28.967118],[107.835784,28.958135],[107.786895,29.008752],[107.754761,29.174595],[107.710183,29.200129],[107.668705,29.171356],[107.580755,29.163544],[107.535459,29.205924],[107.494484,29.191367],[107.427463,29.204546],[107.35781,29.082995],[107.442301,28.920555],[107.415189,28.87515],[107.245549,28.77805],[107.209496,28.822408],[107.214719,28.844879],[107.149871,28.883839],[107.092306,28.898027],[107.014481,28.879392],[106.964528,28.781676],[106.903107,28.794361],[106.819309,28.742904],[106.863867,28.654677],[106.836756,28.60742],[106.807224,28.597662],[106.732058,28.622398],[106.769191,28.567974],[106.724312,28.555974],[106.741573,28.482191],[106.697243,28.457661],[106.649985,28.50731],[106.604053,28.497019],[106.573146,28.522951],[106.644982,28.686104],[106.566114,28.722255],[106.576626,28.743136],[106.51725,28.780719],[106.477392,28.844797],[106.425833,28.841429],[106.439943,28.776578],[106.475378,28.719526],[106.519418,28.702969],[106.527474,28.657587],[106.480053,28.581891],[106.5047,28.534319],[106.383179,28.55742],[106.377893,28.521775],[106.339582,28.469236],[106.295402,28.491091],[106.289714,28.526709],[106.241728,28.540369],[106.179102,28.626903],[106.107756,28.630781],[105.980959,28.759751],[105.89075,28.681421],[105.900381,28.610178],[105.722859,28.612678],[105.627307,28.505256],[105.62401,28.469323],[105.658181,28.424953],[105.635228,28.350652],[105.645517,28.290144],[105.694228,28.261526],[105.779808,28.317549],[105.865327,28.228407],[105.879806,28.141138],[105.944744,28.134496],[105.995984,28.0915],[106.16261,28.147373],[106.258526,28.112769],[106.250591,28.012315],[106.291525,27.989452],[106.321472,27.935751],[106.338254,27.830525],[106.277752,27.759561],[106.196899,27.742572],[106.121625,27.782976],[106.082512,27.74585],[105.977273,27.727857],[105.935532,27.747849],[105.901327,27.739578],[105.896164,27.7178],[105.798084,27.721377],[105.693999,27.681682],[105.57858,27.70589],[105.476805,27.769121],[105.33243,27.711927],[105.329838,27.653742],[105.272609,27.618181],[105.246831,27.567748],[105.26977,27.521138],[105.220585,27.415844],[105.142528,27.428686],[105.027743,27.371625],[104.940266,27.354277],[104.899598,27.285086],[104.824755,27.33019],[104.552937,27.303047],[104.510497,27.395313],[104.421474,27.450236],[104.381448,27.439275],[104.256554,27.280276],[104.197507,27.266476],[103.9548,27.467592],[103.813512,27.263158],[103.720383,27.15912],[103.647774,27.124475],[103.671513,27.077243],[103.612639,27.036142],[103.637277,27.004259],[103.701703,27.038466],[103.767934,26.977392],[103.773028,26.87781],[103.7313,26.83859],[103.720883,26.772308],[103.732318,26.65502],[103.764881,26.59471],[103.89455,26.514516],[104.083329,26.539984],[104.107757,26.611506],[104.199712,26.639712],[104.293761,26.621149],[104.407561,26.734882],[104.482812,26.710721],[104.467172,26.638856],[104.56383,26.58561],[104.65789,26.496737],[104.682806,26.410755],[104.589041,26.282854],[104.47133,26.029234],[104.422321,25.758004],[104.352583,25.739124],[104.320774,25.67432],[104.368516,25.598235],[104.439691,25.576568],[104.443991,25.475663],[104.529381,25.528695],[104.561266,25.4472],[104.546153,25.401296],[104.609941,25.350247],[104.65599,25.262158],[104.742456,25.295238],[104.807764,25.282989],[104.816337,25.203883],[104.791863,25.163868],[104.746686,25.147349],[104.710138,25.095082],[104.629304,25.078291],[104.704461,24.997868],[104.670063,24.926564],[104.557451,24.825121],[104.54557,24.760281],[104.563121,24.7423],[104.620628,24.678029],[104.704765,24.640515],[104.706839,24.605311],[104.752636,24.614771],[104.783165,24.649731],[104.895924,24.679514],[104.912135,24.741808],[105.024185,24.822968],[105.086773,24.923878],[105.229307,25.017942],[105.265862,24.925716],[105.454712,24.929432],[105.532738,24.807037],[105.732172,24.764488],[105.790687,24.694561],[105.939287,24.721861],[105.990726,24.629894],[106.030711,24.616916],[106.190686,24.745374],[106.233401,24.855118],[106.168705,24.94217],[106.283216,24.986684],[106.378595,24.975455],[106.53235,25.088603],[106.594209,25.100785],[106.648262,25.164298],[106.917406,25.172179],[106.915907,25.215378],[106.930993,25.237419],[106.963174,25.223901],[106.984979,25.282144],[106.991443,25.325546],[106.957245,25.396637],[107.048882,25.507143],[107.064698,25.578941],[107.134416,25.554072],[107.216076,25.60592],[107.229822,25.563189],[107.293176,25.524773],[107.323359,25.46815],[107.312047,25.428181],[107.389071,25.392839],[107.438579,25.322375],[107.428991,25.262642],[107.487411,25.215827],[107.558353,25.229706],[107.630095,25.30299],[107.68181,25.192838],[107.762574,25.237488],[107.763513,25.12673],[107.850413,25.137269],[108.061162,25.182513],[108.129223,25.226562],[108.146914,25.26392],[108.129661,25.370619],[108.181295,25.469086],[108.226345,25.46028],[108.311913,25.527983],[108.428498,25.455053],[108.529806,25.424863],[108.607795,25.332899],[108.599738,25.488412],[108.664658,25.518519],[108.687261,25.608912],[108.742443,25.634273],[108.779667,25.579225],[108.768426,25.55023],[109.019971,25.52326],[109.053243,25.550793],[109.023417,25.594367],[109.050502,25.726086],[108.922446,25.696934],[108.878007,25.720416],[109.103377,25.823117],[109.21086,25.741193],[109.302797,25.734446],[109.331364,25.754619],[109.320291,25.813784],[109.353921,25.887933],[109.391344,25.919882],[109.411231,25.983922],[109.482414,26.042522],[109.449956,26.060762],[109.464418,26.153429],[109.423494,26.201382],[109.418622,26.250686],[109.458428,26.270941],[109.434529,26.318199],[109.367538,26.301164],[109.33724,26.25588],[109.303965,26.263493],[109.254559,26.327405],[109.367277,26.539791],[109.370037,26.609772],[109.283122,26.675818],[109.286636,26.703661],[109.50322,26.783585],[109.486489,26.878363],[109.426482,26.899114],[109.527611,26.95949],[109.510292,27.02825],[109.434299,27.089995],[109.452848,27.130523],[109.367808,27.180458],[109.177064,27.132991],[109.152368,27.101278],[109.087766,27.136989],[108.935436,27.06015],[108.793065,27.041493],[108.988088,27.286667],[109.090648,27.33487],[109.112816,27.391591],[109.180939,27.441841],[109.237123,27.430135],[109.440672,27.598366],[109.444788,27.654752],[109.313735,27.790713],[109.28621,27.946733],[109.327377,28.042894],[109.284911,28.067326],[109.352551,28.231674],[109.347376,28.28964],[109.269332,28.253573],[109.277803,28.328574],[109.2493,28.487412]]]},"properties":{"name":"Guizhou","created_at":"2013-12-02T20:23:52+0100","updated_at":"2013-12-20T02:39:36+0100","name_simplified_chinese":"贵州","cartodb_id":15,"name_traditional_chinese":"貴州"}},
{"type":"Feature","geometry":{"type":"Polygon","coordinates":[[[120.406654,27.171829],[120.399909,27.274946],[120.328781,27.343899],[120.313741,27.403585],[120.247538,27.395658],[120.119745,27.42333],[120.030212,27.348005],[119.968394,27.371906],[119.899067,27.312816],[119.751626,27.296735],[119.698622,27.459911],[119.634182,27.571801],[119.617758,27.663741],[119.558304,27.683597],[119.492193,27.648772],[119.454492,27.532689],[119.414616,27.511485],[119.351553,27.514464],[119.302066,27.456243],[119.204328,27.405183],[119.140327,27.408117],[119.111789,27.473948],[119.063777,27.484635],[118.898478,27.463355],[118.861231,27.502802],[118.880473,27.613582],[118.854635,27.70063],[118.797305,27.848137],[118.729677,27.951455],[118.699149,28.069164],[118.75361,28.114669],[118.760741,28.22793],[118.67274,28.302964],[118.560565,28.246132],[118.561497,28.268458],[118.521878,28.27471],[118.440504,28.23897],[118.401762,28.243333],[118.394394,28.267633],[118.336245,28.271828],[118.289794,28.222047],[118.334224,28.187801],[118.342262,28.101299],[118.166601,28.065269],[118.112059,28.039212],[118.067902,27.976642],[118.018027,27.994129],[117.914631,27.984487],[117.740632,27.845602],[117.60761,27.847338],[117.557295,27.926447],[117.54985,27.977032],[117.496541,27.990905],[117.445027,27.933024],[117.353659,27.903374],[117.334018,27.873157],[117.268101,27.882276],[117.26133,27.760863],[117.183762,27.70611],[117.054927,27.676518],[117.098661,27.64455],[117.05372,27.630002],[117.010773,27.643996],[116.991216,27.627142],[117.008737,27.570645],[117.071682,27.536729],[117.087349,27.498227],[117.105096,27.446162],[117.077192,27.367923],[117.137421,27.326923],[117.129785,27.276242],[116.973337,27.086657],[116.919217,27.051916],[116.785132,27.033972],[116.697026,26.98926],[116.636527,26.994189],[116.518581,26.844095],[116.516692,26.749951],[116.48081,26.709573],[116.524323,26.678641],[116.536895,26.57384],[116.61524,26.473703],[116.574529,26.403927],[116.520607,26.395007],[116.50461,26.412893],[116.382357,26.274369],[116.379622,26.180125],[116.450589,26.190946],[116.480735,26.175036],[116.479732,26.142722],[116.344312,26.028119],[116.288489,25.932836],[116.181647,25.920949],[116.122973,25.893178],[116.099376,25.848422],[116.15998,25.789735],[116.152647,25.766685],[116.060029,25.719804],[116.025667,25.642214],[116.037604,25.553417],[115.983638,25.444277],[115.997454,25.38868],[115.969385,25.313412],[115.82442,25.18851],[115.857372,25.100464],[115.914818,25.062649],[115.861078,25.040781],[115.884062,24.95314],[115.852768,24.923909],[115.870231,24.885357],[115.893458,24.925643],[115.96771,24.907747],[116.021164,24.854692],[116.177211,24.849874],[116.24448,24.798723],[116.311813,24.850422],[116.381974,24.832438],[116.339843,24.78944],[116.458108,24.71749],[116.515789,24.610634],[116.646347,24.66245],[116.799132,24.657793],[116.756476,24.530922],[116.823588,24.485669],[116.882236,24.311533],[116.951215,24.238007],[116.958273,24.150748],[116.912597,24.08274],[116.95424,24.014307],[116.94696,23.94772],[117.055796,23.71229],[117.17256,23.624976],[117.233211,23.63386],[117.235618,23.70752],[117.254167,23.675887],[117.2477,23.628322],[117.288642,23.645074],[117.269609,23.683203],[117.304245,23.762161],[117.283579,23.792081],[117.307808,23.79698],[117.351055,23.749916],[117.382931,23.804111],[117.376773,23.748247],[117.334371,23.699332],[117.33915,23.68334],[117.409251,23.690777],[117.413085,23.675761],[117.325876,23.584535],[117.420235,23.585774],[117.424079,23.650126],[117.470019,23.653564],[117.474815,23.716917],[117.52552,23.730169],[117.506079,23.761904],[117.442987,23.742999],[117.423623,23.789469],[117.450846,23.781227],[117.44975,23.806203],[117.522305,23.870593],[117.512248,23.895234],[117.435862,23.912244],[117.423696,23.948997],[117.637009,23.885984],[117.622961,23.781777],[117.597234,23.770591],[117.582032,23.728246],[117.60803,23.717274],[117.659349,23.76364],[117.672764,23.910317],[117.710998,24.02943],[117.746291,24.021501],[117.756683,24.039228],[117.774331,24.010365],[117.806419,24.037662],[117.776378,23.973342],[117.728439,23.934202],[117.73652,23.897684],[117.849894,24.019913],[117.884793,24.007352],[117.906952,24.022404],[117.899357,24.101294],[117.935885,24.12087],[117.946958,24.158804],[117.92257,24.166037],[117.958321,24.212379],[117.975158,24.149455],[117.996866,24.206911],[118.04165,24.204671],[118.14371,24.26559],[118.117467,24.3467],[118.024478,24.323817],[118.091032,24.390033],[117.994995,24.395096],[117.917993,24.368117],[117.856362,24.411055],[117.887552,24.437448],[117.919843,24.427844],[117.882623,24.475536],[117.983883,24.439033],[118.052619,24.446169],[118.023626,24.471233],[118.073896,24.48518],[118.062752,24.520034],[117.966451,24.544283],[118.008917,24.572611],[118.025137,24.550302],[118.110004,24.545221],[118.082652,24.457857],[118.094998,24.42567],[118.132387,24.417481],[118.181606,24.442504],[118.19551,24.488469],[118.141766,24.529151],[118.128188,24.594556],[118.159157,24.6761],[118.194353,24.676343],[118.194094,24.64967],[118.216366,24.651751],[118.186393,24.618011],[118.227003,24.611408],[118.207851,24.575044],[118.234044,24.528966],[118.300653,24.580296],[118.428023,24.590277],[118.436845,24.702851],[118.461734,24.700088],[118.466544,24.628851],[118.582828,24.569503],[118.582284,24.50692],[118.6515,24.540353],[118.683014,24.600575],[118.650343,24.661989],[118.73677,24.672882],[118.742841,24.717526],[118.776215,24.719563],[118.796957,24.759385],[118.735603,24.770549],[118.72492,24.797139],[118.678375,24.77216],[118.63609,24.816782],[118.640042,24.849608],[118.683294,24.860126],[118.657397,24.908095],[118.66637,24.940531],[118.723316,24.857077],[118.711478,24.837735],[118.826161,24.847324],[118.874076,24.885936],[118.926792,24.856973],[118.995849,24.862587],[118.929012,24.880725],[118.891293,24.919557],[119.022232,24.93964],[118.985562,24.957256],[119.01406,24.970643],[119.012956,25.023174],[118.965633,25.002984],[118.963472,24.969114],[118.85281,25.059609],[118.886263,25.082763],[118.977192,25.083017],[118.943437,25.121531],[118.990367,25.137158],[118.980063,25.167394],[118.918417,25.167616],[118.928427,25.199014],[118.888616,25.205787],[118.87499,25.222473],[118.890579,25.237808],[118.9953,25.264565],[119.070468,25.256799],[119.037732,25.231807],[118.990041,25.241078],[118.970174,25.191155],[119.076382,25.202086],[119.063669,25.153443],[119.030064,25.129434],[119.038325,25.09935],[119.071238,25.094904],[119.071796,25.132567],[119.100801,25.087031],[119.168257,25.105553],[119.097468,25.158114],[119.124783,25.189962],[119.12025,25.2271],[119.172026,25.218365],[119.162828,25.16485],[119.244398,25.182189],[119.23581,25.156213],[119.283635,25.13854],[119.307818,25.168762],[119.290189,25.216177],[119.352507,25.212014],[119.365513,25.241294],[119.299483,25.300932],[119.250807,25.300279],[119.213594,25.229735],[119.191575,25.263685],[119.229652,25.290957],[119.213058,25.339177],[119.196213,25.322148],[119.148229,25.349884],[119.12421,25.405014],[119.281454,25.499994],[119.284993,25.546562],[119.31771,25.5384],[119.282484,25.417211],[119.333973,25.414865],[119.321546,25.453555],[119.347631,25.50197],[119.327015,25.601948],[119.386077,25.562227],[119.362623,25.509938],[119.457743,25.496618],[119.427695,25.409027],[119.468012,25.447063],[119.511182,25.442565],[119.48731,25.427081],[119.506437,25.385051],[119.476911,25.343373],[119.560449,25.367677],[119.572251,25.384158],[119.526638,25.38429],[119.530203,25.39962],[119.57896,25.430479],[119.593856,25.327182],[119.641541,25.327765],[119.649139,25.392407],[119.62696,25.413583],[119.643914,25.440653],[119.597219,25.480423],[119.550718,25.462255],[119.557408,25.488348],[119.600799,25.495747],[119.576012,25.521716],[119.593907,25.568003],[119.537297,25.570889],[119.521173,25.531799],[119.488293,25.558414],[119.489754,25.613417],[119.472531,25.603817],[119.470495,25.634298],[119.44071,25.631237],[119.441128,25.686314],[119.614189,25.67747],[119.623751,25.691368],[119.599905,25.697035],[119.632387,25.765957],[119.581481,25.82622],[119.57739,25.876138],[119.613757,25.842813],[119.641857,25.8983],[119.687259,25.893568],[119.716176,25.985685],[119.709222,26.007378],[119.66089,26.004096],[119.506068,26.058243],[119.547079,26.109905],[119.602576,26.13283],[119.625057,26.19242],[119.671684,26.217878],[119.637865,26.247297],[119.765084,26.288908],[119.793549,26.267243],[119.786726,26.299917],[119.896921,26.305216],[119.964453,26.361787],[119.874217,26.352096],[119.835284,26.420511],[119.749568,26.35624],[119.738663,26.320481],[119.690996,26.315308],[119.667791,26.358506],[119.669556,26.415199],[119.645462,26.44012],[119.580518,26.427168],[119.557879,26.466612],[119.62034,26.465118],[119.656,26.492402],[119.720742,26.433836],[119.760059,26.436952],[119.756732,26.405145],[119.826212,26.441447],[119.761012,26.550524],[119.805831,26.540333],[119.774019,26.589749],[119.58271,26.598347],[119.550924,26.629355],[119.570031,26.635119],[119.549471,26.665198],[119.608628,26.670409],[119.562209,26.719109],[119.628198,26.730158],[119.559177,26.769725],[119.616574,26.786982],[119.618392,26.75478],[119.731532,26.714245],[119.677617,26.75995],[119.687574,26.815902],[119.650744,26.897693],[119.686569,26.865429],[119.755513,26.726894],[119.779773,26.830182],[119.8431,26.844085],[119.790685,26.816447],[119.806966,26.794929],[119.844499,26.79909],[119.842921,26.774495],[119.791391,26.744949],[119.793331,26.685243],[119.83682,26.707228],[119.864113,26.644444],[119.900536,26.657843],[119.933588,26.726487],[119.920853,26.780704],[120.067834,26.777243],[120.069011,26.759734],[119.978609,26.695146],[119.982814,26.648056],[119.939897,26.612331],[119.914174,26.621861],[119.838416,26.586149],[119.819251,26.511704],[119.871638,26.511842],[119.935332,26.550402],[119.944112,26.584476],[120.001205,26.589653],[120.067949,26.636122],[120.089841,26.610395],[120.147907,26.64291],[120.112146,26.673522],[120.115115,26.700758],[120.152265,26.720424],[120.104565,26.745654],[120.131548,26.794614],[120.043822,26.831533],[120.023025,26.848895],[120.030889,26.873861],[120.095933,26.883815],[120.122031,26.933753],[120.227454,26.9163],[120.238009,26.950912],[120.176184,26.972894],[120.255894,26.985976],[120.23809,27.030759],[120.2748,27.049045],[120.241738,27.110088],[120.306705,27.071412],[120.369478,27.068595],[120.363525,27.098426],[120.429284,27.121866],[120.420796,27.147343],[120.346494,27.149377],[120.379276,27.183086],[120.353029,27.216534],[120.292307,27.201759],[120.242226,27.235446],[120.180167,27.189614],[120.174047,27.218513],[120.202671,27.26178],[120.23421,27.247131],[120.244716,27.276407],[120.302082,27.279606],[120.298356,27.218617],[120.369015,27.229762],[120.388602,27.210633],[120.387455,27.165462],[120.406654,27.171829]]]},"properties":{"name":"Fujian","created_at":"2013-12-02T20:23:52+0100","updated_at":"2013-12-20T02:39:42+0100","name_simplified_chinese":"福建","cartodb_id":16,"name_traditional_chinese":"福建"}},
{"type":"Feature","geometry":{"type":"Polygon","coordinates":[[[111.979348,24.746691],[111.947336,24.773402],[111.735251,24.792445],[111.642127,24.753489],[111.528987,24.65146],[111.48073,24.659862],[111.465102,24.687001],[111.424591,24.672793],[111.407916,24.691815],[111.44088,24.769175],[111.418718,24.877441],[111.439102,24.995361],[111.387339,25.138816],[111.321837,25.118404],[111.270401,25.145623],[111.210853,25.118815],[111.084865,25.016478],[111.073882,24.945338],[110.989807,24.913937],[110.95322,24.961723],[110.933411,25.057214],[110.963125,25.142736],[111.089087,25.206466],[111.104131,25.308143],[111.284371,25.449751],[111.279334,25.711434],[111.292416,25.743737],[111.353383,25.765951],[111.443753,25.866151],[111.394991,25.907723],[111.30205,25.913523],[111.241886,25.858048],[111.175155,25.944499],[111.160291,26.010997],[111.239575,26.079003],[111.225863,26.184984],[111.264097,26.222547],[111.253207,26.267458],[111.144928,26.327908],[111.075584,26.297557],[110.969162,26.391021],[110.919917,26.381189],[110.88183,26.267252],[110.747339,26.2645],[110.714034,26.329967],[110.543397,26.304484],[110.495799,26.190365],[110.387781,26.145967],[110.308724,25.990264],[110.249803,25.97648],[110.216126,26.054418],[110.17798,26.065863],[110.126216,26.032308],[110.084006,26.049081],[110.056778,26.166499],[109.933257,26.184385],[109.89145,26.157991],[109.874479,26.068958],[109.808825,26.03423],[109.778349,25.992624],[109.782541,25.902839],[109.724165,25.866375],[109.654744,25.891633],[109.644257,25.924756],[109.716343,25.990202],[109.684853,26.023101],[109.585632,26.030083],[109.534992,26.003441],[109.482414,26.042522],[109.411231,25.983922],[109.391344,25.919882],[109.353921,25.887933],[109.320291,25.813784],[109.331364,25.754619],[109.302797,25.734446],[109.21086,25.741193],[109.103377,25.823117],[108.878007,25.720416],[108.922446,25.696934],[109.050502,25.726086],[109.023417,25.594367],[109.053243,25.550793],[109.019971,25.52326],[108.768426,25.55023],[108.779667,25.579225],[108.742443,25.634273],[108.687261,25.608912],[108.664658,25.518519],[108.599738,25.488412],[108.607795,25.332899],[108.529806,25.424863],[108.428498,25.455053],[108.311913,25.527983],[108.226345,25.46028],[108.181295,25.469086],[108.129661,25.370619],[108.146914,25.26392],[108.129223,25.226562],[108.061162,25.182513],[107.850413,25.137269],[107.763513,25.12673],[107.762574,25.237488],[107.68181,25.192838],[107.630095,25.30299],[107.558353,25.229706],[107.487411,25.215827],[107.428991,25.262642],[107.438579,25.322375],[107.389071,25.392839],[107.312047,25.428181],[107.323359,25.46815],[107.293176,25.524773],[107.229822,25.563189],[107.216076,25.60592],[107.134416,25.554072],[107.064698,25.578941],[107.048882,25.507143],[106.957245,25.396637],[106.991443,25.325546],[106.984979,25.282144],[106.963174,25.223901],[106.930993,25.237419],[106.915907,25.215378],[106.917406,25.172179],[106.648262,25.164298],[106.594209,25.100785],[106.53235,25.088603],[106.378595,24.975455],[106.283216,24.986684],[106.168705,24.94217],[106.233401,24.855118],[106.190686,24.745374],[106.030711,24.616916],[105.990726,24.629894],[105.939287,24.721861],[105.790687,24.694561],[105.732172,24.764488],[105.532738,24.807037],[105.454712,24.929432],[105.265862,24.925716],[105.229307,25.017942],[105.086773,24.923878],[105.024185,24.822968],[104.912135,24.741808],[104.895924,24.679514],[104.783165,24.649731],[104.752636,24.614771],[104.706839,24.605311],[104.704765,24.640515],[104.620628,24.678029],[104.563121,24.7423],[104.507791,24.683261],[104.505171,24.548225],[104.542949,24.493977],[104.540724,24.445445],[104.673124,24.324694],[104.723507,24.387862],[104.736264,24.439213],[104.778252,24.462073],[104.79677,24.431258],[104.832007,24.451963],[104.946322,24.414773],[105.076964,24.437077],[105.121766,24.391098],[105.192503,24.374325],[105.238994,24.201518],[105.198312,24.172532],[105.184666,24.133855],[105.260307,24.075551],[105.355553,24.091469],[105.471758,24.022059],[105.606499,24.111924],[105.651168,24.039402],[105.733215,24.086181],[105.865455,24.045089],[105.873331,24.087082],[105.961891,24.123049],[106.113075,24.004415],[106.084412,23.942639],[106.159256,23.908148],[106.192174,23.869413],[106.137885,23.766801],[106.152823,23.713806],[106.119852,23.640021],[106.134906,23.584289],[106.096363,23.528425],[106.007918,23.457065],[105.990977,23.48822],[105.880391,23.52217],[105.841825,23.513421],[105.74295,23.419624],[105.65598,23.386149],[105.692861,23.346752],[105.593493,23.309994],[105.5123,23.208516],[105.501849,23.19831],[105.575834,23.162596],[105.581361,23.058511],[105.718439,23.056342],[105.868665,22.948349],[105.891348,22.907746],[106.003288,22.931855],[106.014283,22.969261],[106.040496,22.97681],[106.173296,22.978495],[106.220923,22.970227],[106.303867,22.855236],[106.34942,22.847755],[106.559408,22.924865],[106.658548,22.85822],[106.703928,22.878287],[106.833646,22.804221],[106.714737,22.588491],[106.729927,22.552038],[106.673353,22.546351],[106.617581,22.568406],[106.579154,22.456955],[106.584137,22.408105],[106.615801,22.375937],[106.597617,22.342893],[106.665832,22.324055],[106.706322,22.241255],[106.725654,22.076175],[106.708722,21.988492],[106.735784,21.969058],[106.789668,22.009851],[106.835204,21.991031],[106.886458,22.000181],[106.940083,21.921351],[107.07321,21.92568],[107.024059,21.834193],[107.100812,21.807911],[107.222837,21.707849],[107.322995,21.73126],[107.373865,21.661338],[107.369943,21.603713],[107.403266,21.592618],[107.469926,21.660381],[107.533876,21.600941],[107.67812,21.607601],[107.801729,21.658993],[107.898402,21.636252],[107.909351,21.590125],[107.940933,21.569539],[108.015255,21.544373],[108.108963,21.55485],[108.11056,21.529829],[108.14092,21.516578],[108.188829,21.538033],[108.13939,21.57872],[108.172164,21.585927],[108.162964,21.605214],[108.208374,21.611753],[108.221278,21.639859],[108.271409,21.569467],[108.213817,21.506087],[108.326652,21.569666],[108.314199,21.605599],[108.346096,21.695288],[108.368892,21.674409],[108.3493,21.639701],[108.362379,21.618622],[108.420333,21.672625],[108.436871,21.671085],[108.421744,21.653172],[108.460471,21.656692],[108.407928,21.619513],[108.447045,21.603563],[108.392837,21.556129],[108.404816,21.540587],[108.462792,21.547262],[108.489509,21.567247],[108.483118,21.594034],[108.506634,21.582408],[108.568067,21.659587],[108.55117,21.697599],[108.531223,21.706225],[108.510789,21.662263],[108.483724,21.703501],[108.553724,21.744649],[108.506054,21.74935],[108.511777,21.800447],[108.478709,21.80262],[108.476792,21.847075],[108.546641,21.901177],[108.555796,21.880955],[108.590727,21.884352],[108.58265,21.850845],[108.621078,21.873758],[108.575312,21.781192],[108.603806,21.71586],[108.640956,21.801799],[108.702969,21.810252],[108.645201,21.733265],[108.725011,21.722536],[108.7183,21.665856],[108.758994,21.668368],[108.704096,21.647074],[108.750402,21.607939],[108.823696,21.629494],[108.868613,21.611623],[108.796189,21.704194],[108.805421,21.730301],[108.829109,21.708413],[108.848292,21.721684],[108.82372,21.793629],[108.870049,21.75446],[108.904653,21.775365],[108.937932,21.759154],[108.875389,21.725796],[108.857879,21.671751],[108.934839,21.592177],[109.022861,21.6036],[109.073799,21.568088],[109.144779,21.566287],[109.151278,21.502253],[109.034069,21.442289],[109.142168,21.394471],[109.174005,21.3995],[109.232946,21.47723],[109.24804,21.43285],[109.298304,21.437118],[109.319264,21.463329],[109.354463,21.433993],[109.436499,21.451509],[109.4594,21.482346],[109.506975,21.468855],[109.553046,21.509151],[109.547321,21.597242],[109.457522,21.654887],[109.519425,21.671204],[109.497283,21.697244],[109.55675,21.722517],[109.573505,21.762429],[109.578039,21.729182],[109.605103,21.739593],[109.552296,21.682608],[109.578936,21.635531],[109.596284,21.646798],[109.606675,21.571745],[109.618416,21.559776],[109.641289,21.601692],[109.677461,21.609625],[109.696729,21.653194],[109.756046,21.690589],[109.829895,21.66402],[109.904911,21.700266],[109.92633,21.837088],[109.974439,21.902151],[110.082615,21.899377],[110.141692,21.928928],[110.206965,21.907517],[110.357039,21.937478],[110.317855,22.208392],[110.429222,22.209818],[110.482216,22.175463],[110.561668,22.224829],[110.590603,22.193082],[110.621314,22.194062],[110.656503,22.295969],[110.766093,22.281585],[110.756406,22.316116],[110.708233,22.355139],[110.724416,22.425134],[110.680936,22.4823],[110.745424,22.49238],[110.731809,22.550497],[110.770253,22.600478],[110.857029,22.600518],[110.907137,22.64137],[111.077912,22.675651],[111.088621,22.749148],[111.211351,22.776038],[111.358825,22.929672],[111.347381,22.970535],[111.412627,23.05091],[111.375235,23.139025],[111.345014,23.335764],[111.379334,23.403523],[111.387458,23.478628],[111.476604,23.581329],[111.48863,23.640074],[111.598828,23.642991],[111.62268,23.704339],[111.664688,23.711267],[111.605705,23.789479],[111.643309,23.856122],[111.790734,23.839572],[111.818454,23.876396],[111.815064,23.933378],[111.940791,23.982802],[111.867467,24.090134],[111.843229,24.21862],[112.026979,24.324233],[111.992022,24.448257],[111.990166,24.545719],[111.92847,24.577917],[111.902397,24.62868],[111.910959,24.694423],[111.979348,24.746691]]]},"properties":{"name":"Guangxi","created_at":"2013-12-02T20:23:52+0100","updated_at":"2013-12-20T02:39:48+0100","name_simplified_chinese":"广西","cartodb_id":17,"name_traditional_chinese":"廣西"}},
{"type":"Feature","geometry":{"type":"Polygon","coordinates":[[[113.973187,25.439286],[113.925254,25.443741],[113.870572,25.414656],[113.817124,25.328796],[113.780019,25.31809],[113.707368,25.34611],[113.616137,25.319635],[113.500231,25.366602],[113.421757,25.368466],[113.346385,25.412501],[113.268302,25.508718],[113.144295,25.485278],[113.119787,25.459696],[113.114616,25.409413],[113.06794,25.369867],[112.962017,25.34405],[112.915567,25.30983],[112.847283,25.321893],[112.832043,25.305968],[112.853923,25.259659],[112.997699,25.208326],[112.951757,25.149788],[112.983883,25.078915],[112.966164,25.039623],[112.99175,24.943622],[112.969533,24.923327],[112.916249,24.928855],[112.805742,24.893936],[112.777141,24.897144],[112.636878,25.122076],[112.519296,25.1383],[112.41407,25.190269],[112.37769,25.147563],[112.306657,25.171039],[112.157893,25.169302],[112.124016,25.003089],[112.090698,24.949416],[112.155307,24.898209],[112.15792,24.871141],[111.979348,24.746691],[111.910959,24.694423],[111.902397,24.62868],[111.92847,24.577917],[111.990166,24.545719],[111.992022,24.448257],[112.026979,24.324233],[111.843229,24.21862],[111.867467,24.090134],[111.940791,23.982802],[111.815064,23.933378],[111.818454,23.876396],[111.790734,23.839572],[111.643309,23.856122],[111.605705,23.789479],[111.664688,23.711267],[111.62268,23.704339],[111.598828,23.642991],[111.48863,23.640074],[111.476604,23.581329],[111.387458,23.478628],[111.379334,23.403523],[111.345014,23.335764],[111.375235,23.139025],[111.412627,23.05091],[111.347381,22.970535],[111.358825,22.929672],[111.211351,22.776038],[111.088621,22.749148],[111.077912,22.675651],[110.907137,22.64137],[110.857029,22.600518],[110.770253,22.600478],[110.731809,22.550497],[110.745424,22.49238],[110.680936,22.4823],[110.724416,22.425134],[110.708233,22.355139],[110.756406,22.316116],[110.766093,22.281585],[110.656503,22.295969],[110.621314,22.194062],[110.590603,22.193082],[110.561668,22.224829],[110.482216,22.175463],[110.429222,22.209818],[110.317855,22.208392],[110.357039,21.937478],[110.206965,21.907517],[110.141692,21.928928],[110.082615,21.899377],[109.974439,21.902151],[109.92633,21.837088],[109.904911,21.700266],[109.829895,21.66402],[109.756046,21.690589],[109.696729,21.653194],[109.677461,21.609625],[109.652811,21.50529],[109.720026,21.453795],[109.748939,21.470689],[109.733547,21.581004],[109.762042,21.528306],[109.786294,21.522887],[109.791637,21.455176],[109.825324,21.481359],[109.866136,21.456525],[109.915421,21.467913],[109.906867,21.44374],[109.926339,21.425269],[109.898519,21.384291],[109.909372,21.349064],[109.756776,21.332424],[109.759628,21.212634],[109.731163,21.149272],[109.709737,21.175145],[109.676421,21.121947],[109.698194,21.054252],[109.688021,21.003052],[109.708508,20.996662],[109.653895,20.903034],[109.687335,20.817723],[109.70294,20.790859],[109.695808,20.838246],[109.75687,20.778203],[109.729106,20.764063],[109.770008,20.69269],[109.85345,20.705292],[109.75383,20.674902],[109.7339,20.644986],[109.791694,20.616507],[109.814146,20.562649],[109.833115,20.592552],[109.847879,20.536775],[109.809572,20.532827],[109.812574,20.515152],[109.879857,20.483871],[109.912748,20.433745],[109.916153,20.502687],[109.935658,20.445037],[110.010265,20.462138],[110.000076,20.395024],[109.978142,20.380954],[109.993543,20.364248],[110.033693,20.371867],[109.986985,20.339991],[109.961797,20.393924],[109.859333,20.402715],[109.927847,20.309894],[109.917749,20.242731],[109.933144,20.223229],[109.975842,20.276568],[110.032217,20.283328],[110.166234,20.234357],[110.244472,20.277414],[110.268471,20.239235],[110.353423,20.298061],[110.412683,20.312068],[110.510233,20.451797],[110.484353,20.550529],[110.426818,20.565438],[110.377791,20.656651],[110.317385,20.632402],[110.327879,20.664059],[110.281832,20.653765],[110.320109,20.707789],[110.302757,20.741265],[110.322899,20.757104],[110.31416,20.801746],[110.342092,20.763634],[110.33451,20.713387],[110.357592,20.681768],[110.374858,20.70318],[110.362193,20.819463],[110.220785,20.849033],[110.161204,20.838661],[110.181311,20.862894],[110.163658,20.954898],[110.101796,21.015135],[110.171257,20.984663],[110.190353,21.036757],[110.181496,21.091558],[110.208532,21.078612],[110.218299,21.035889],[110.290405,21.101986],[110.310692,21.084358],[110.296295,21.055535],[110.342551,21.059302],[110.250277,20.966242],[110.254196,20.943937],[110.324388,20.982146],[110.421647,20.989637],[110.464021,20.983124],[110.522762,20.915227],[110.524701,21.05558],[110.432189,21.049119],[110.401309,21.086282],[110.349273,21.074174],[110.314508,21.104803],[110.373289,21.131792],[110.409869,21.196827],[110.410796,21.233974],[110.346945,21.311934],[110.397171,21.331455],[110.348681,21.429807],[110.369955,21.436315],[110.400982,21.379722],[110.441581,21.402928],[110.424251,21.307325],[110.466756,21.346308],[110.480302,21.321238],[110.451319,21.291543],[110.476446,21.271108],[110.411724,21.271115],[110.437837,21.228405],[110.430153,21.184757],[110.581703,21.236653],[110.590367,21.205993],[110.572976,21.19116],[110.449466,21.162461],[110.457188,21.142025],[110.509271,21.151288],[110.531459,21.09274],[110.564232,21.098278],[110.626105,21.229149],[110.613694,21.353576],[110.643526,21.260685],[110.670686,21.326541],[110.785892,21.39675],[110.865139,21.379742],[111.061953,21.466885],[110.973762,21.446045],[110.960532,21.511982],[111.015875,21.539512],[111.070812,21.490954],[111.11435,21.48789],[111.078363,21.461216],[111.211126,21.483498],[111.140688,21.5174],[111.216273,21.525202],[111.276982,21.486691],[111.269904,21.449637],[111.236955,21.44433],[111.237709,21.41463],[111.378842,21.509929],[111.352849,21.525933],[111.309952,21.493837],[111.313188,21.531845],[111.360961,21.565745],[111.425502,21.528046],[111.397819,21.570973],[111.432938,21.595681],[111.449014,21.554718],[111.478966,21.547925],[111.445696,21.513008],[111.596912,21.52626],[111.572943,21.546933],[111.578148,21.579338],[111.640399,21.517413],[111.670329,21.589407],[111.767556,21.612315],[111.729054,21.634129],[111.767014,21.645702],[111.760073,21.706983],[111.722325,21.713946],[111.676305,21.760853],[111.774624,21.779092],[111.800604,21.761143],[111.834709,21.769956],[111.845889,21.736437],[111.826037,21.705189],[111.844997,21.673412],[111.905065,21.66794],[111.896864,21.637459],[111.837787,21.642912],[111.856828,21.618545],[111.804618,21.558037],[111.870674,21.570127],[111.986617,21.610188],[112.006514,21.642345],[111.932993,21.654562],[111.931286,21.734314],[112.012293,21.762775],[111.959081,21.774695],[111.920238,21.840125],[112.0045,21.822206],[112.030041,21.779189],[112.189703,21.800707],[112.186358,21.831345],[112.212781,21.842014],[112.176275,21.755519],[112.22946,21.68972],[112.390295,21.726677],[112.401589,21.806182],[112.360561,21.993163],[112.402546,22.047937],[112.384803,21.989006],[112.402123,21.930327],[112.470488,21.942907],[112.492638,21.978596],[112.50782,21.959771],[112.501513,21.937663],[112.417893,21.892045],[112.430029,21.81954],[112.481342,21.811128],[112.491475,21.784049],[112.564483,21.746426],[112.647661,21.775275],[112.648156,21.840143],[112.730779,21.881904],[112.762247,21.93772],[112.849956,21.943134],[112.890293,21.8449],[112.959963,21.870107],[112.986481,21.917642],[113.026838,21.935175],[112.994593,22.003595],[112.996972,22.09429],[113.06879,22.22673],[113.059785,22.362041],[113.031528,22.438586],[113.060987,22.442476],[113.073062,22.419054],[113.083145,22.216185],[113.152248,22.24403],[113.182901,22.360736],[113.184879,22.258908],[113.135443,22.201889],[113.113975,22.095981],[113.138055,22.050912],[113.185016,22.058017],[113.224326,22.035675],[113.258854,22.05049],[113.251507,22.099768],[113.301378,22.170626],[113.248161,22.285911],[113.258016,22.389262],[113.319351,22.347813],[113.391663,22.219949],[113.418937,22.218245],[113.439519,22.158413],[113.519728,22.165332],[113.545839,22.188629],[113.591924,22.225199],[113.569588,22.288806],[113.599534,22.308264],[113.611915,22.357853],[113.548031,22.377349],[113.574512,22.49957],[113.569418,22.553349],[113.548393,22.56969],[113.560961,22.594276],[113.469768,22.716163],[113.385988,22.736099],[113.337436,22.785486],[113.278321,22.778783],[113.31872,22.816479],[113.601317,22.629117],[113.584336,22.679536],[113.474037,22.789025],[113.598016,22.737336],[113.46765,22.897261],[113.492526,22.906701],[113.494799,23.008182],[113.492015,23.044259],[113.465976,23.060238],[113.51882,23.050863],[113.617332,22.786641],[113.671014,22.748051],[113.732126,22.755398],[113.759004,22.737923],[113.775809,22.656995],[113.844839,22.557714],[113.895636,22.526464],[113.869687,22.485701],[113.902087,22.488337],[113.928757,22.52167],[113.989431,22.520557],[114.027903,22.496152],[114.194343,22.564292],[114.241866,22.559195],[114.416198,22.584777],[114.466279,22.540329],[114.486568,22.441495],[114.520596,22.481804],[114.596947,22.503784],[114.526851,22.559258],[114.479569,22.553688],[114.496562,22.584478],[114.564678,22.617884],[114.553052,22.644228],[114.477587,22.645307],[114.507909,22.689437],[114.545338,22.692602],[114.500278,22.740568],[114.564735,22.732516],[114.6896,22.780229],[114.745239,22.772423],[114.760053,22.817096],[114.801633,22.781189],[114.722607,22.728055],[114.724578,22.597612],[114.748158,22.577228],[114.860088,22.602168],[114.880981,22.545791],[114.902521,22.566153],[114.897969,22.615365],[114.952247,22.663905],[114.897879,22.717999],[114.87568,22.705072],[114.85462,22.758649],[114.937125,22.75885],[114.970405,22.694561],[115.012332,22.709387],[115.003965,22.739333],[115.028417,22.757682],[115.004711,22.81602],[115.047989,22.796573],[115.109426,22.806809],[115.163835,22.774801],[115.170068,22.820738],[115.232973,22.820665],[115.304236,22.868232],[115.29683,22.839001],[115.217288,22.782559],[115.39079,22.774542],[115.42119,22.754618],[115.345347,22.750784],[115.332384,22.708855],[115.386709,22.677647],[115.46528,22.697043],[115.553521,22.640067],[115.552745,22.698375],[115.592771,22.748205],[115.551515,22.748368],[115.547185,22.722687],[115.506885,22.758848],[115.602772,22.859579],[115.532316,22.829729],[115.511061,22.891757],[115.553965,22.902624],[115.526014,22.85869],[115.633841,22.887629],[115.678632,22.932546],[115.731843,22.933587],[115.653925,22.877394],[115.794705,22.82689],[115.810603,22.778001],[115.798388,22.805437],[115.783281,22.798809],[115.801341,22.753507],[115.877748,22.800445],[115.93415,22.806763],[115.950466,22.833649],[116.056472,22.846544],[116.033649,22.876419],[116.076931,22.892603],[116.022266,22.933408],[116.122898,22.904001],[116.081206,22.84892],[116.104286,22.823643],[116.257025,22.955849],[116.281275,22.94989],[116.267467,22.965443],[116.282348,22.983105],[116.339176,22.930953],[116.476299,22.950007],[116.508752,23.01008],[116.536678,23.000152],[116.560322,23.030211],[116.543602,23.121742],[116.607406,23.20673],[116.529731,23.212148],[116.504579,23.266233],[116.600705,23.255147],[116.650472,23.170959],[116.688521,23.237999],[116.741742,23.250551],[116.69978,23.288134],[116.750309,23.274979],[116.756616,23.236734],[116.796838,23.217699],[116.825436,23.260319],[116.79196,23.262332],[116.770219,23.320891],[116.680194,23.350231],[116.642763,23.322879],[116.594412,23.324773],[116.541771,23.427512],[116.607788,23.377544],[116.780352,23.353529],[116.861514,23.454821],[116.912012,23.640014],[116.927469,23.648299],[116.950292,23.605388],[116.996949,23.6339],[117.06758,23.635988],[117.096315,23.593596],[117.083678,23.569469],[117.17256,23.624976],[117.055796,23.71229],[116.94696,23.94772],[116.95424,24.014307],[116.912597,24.08274],[116.958273,24.150748],[116.951215,24.238007],[116.882236,24.311533],[116.823588,24.485669],[116.756476,24.530922],[116.799132,24.657793],[116.646347,24.66245],[116.515789,24.610634],[116.458108,24.71749],[116.339843,24.78944],[116.381974,24.832438],[116.311813,24.850422],[116.24448,24.798723],[116.177211,24.849874],[116.021164,24.854692],[115.96771,24.907747],[115.893458,24.925643],[115.870231,24.885357],[115.858492,24.865005],[115.79583,24.895836],[115.723891,24.751095],[115.767065,24.61464],[115.74063,24.543589],[115.565288,24.604632],[115.460447,24.738219],[115.360661,24.778497],[115.316348,24.740622],[115.297064,24.750438],[115.174675,24.710253],[115.155323,24.675825],[115.084751,24.665058],[115.021643,24.688258],[115.008815,24.666188],[114.898567,24.649593],[114.837208,24.552576],[114.745595,24.601034],[114.69706,24.547704],[114.602996,24.560929],[114.555447,24.530066],[114.510438,24.53791],[114.392809,24.501194],[114.342265,24.572333],[114.269887,24.587271],[114.157182,24.662046],[114.323624,24.761502],[114.390305,24.85315],[114.377183,24.924804],[114.393304,24.958539],[114.440352,24.972326],[114.562663,25.085408],[114.636841,25.081063],[114.697896,25.119481],[114.703566,25.160729],[114.668206,25.1935],[114.712162,25.272132],[114.703143,25.294064],[114.675707,25.327445],[114.637626,25.31976],[114.523787,25.406467],[114.469786,25.399255],[114.390754,25.335209],[114.281052,25.325185],[114.265245,25.300467],[114.123647,25.313782],[114.0161,25.27732],[114.027679,25.384125],[113.973187,25.439286]]]},"properties":{"name":"Guangdong","created_at":"2013-12-02T20:23:52+0100","updated_at":"2013-12-20T02:39:53+0100","name_simplified_chinese":"广东","cartodb_id":18,"name_traditional_chinese":"廣東"}},
{"type":"Feature","geometry":{"type":"Polygon","coordinates":[[[110.297116,20.022874],[110.166357,20.062779],[110.07897,19.97765],[110.120873,19.985235],[110.129532,19.963796],[110.066089,19.966652],[110.011531,19.935424],[110.013645,19.892496],[109.963016,19.921229],[109.990607,19.929743],[109.964688,19.9651],[109.909226,19.994709],[109.840187,19.915969],[109.84937,19.966413],[109.833005,19.990584],[109.813384,19.934484],[109.806552,19.959641],[109.737838,19.971353],[109.717503,20.01134],[109.631798,19.999538],[109.524732,19.935222],[109.55443,19.917739],[109.510833,19.897767],[109.51389,19.878189],[109.570207,19.862793],[109.53716,19.836378],[109.527434,19.856835],[109.471428,19.841402],[109.4559,19.870201],[109.333909,19.881135],[109.305816,19.920976],[109.280183,19.913231],[109.164383,19.74662],[109.197041,19.721789],[109.283739,19.782557],[109.303958,19.763164],[109.28049,19.73769],[109.308662,19.689419],[109.238777,19.728815],[109.180988,19.644051],[109.026144,19.583194],[108.938977,19.513728],[108.945834,19.499802],[108.792184,19.391789],[108.670679,19.353293],[108.677355,19.30007],[108.638931,19.27975],[108.634408,19.219762],[108.673495,19.20265],[108.680796,19.166261],[108.617214,19.080859],[108.65433,18.914712],[108.621992,18.830699],[108.669924,18.786521],[108.713005,18.696261],[108.677737,18.568016],[108.698458,18.513913],[108.878966,18.443578],[109.004083,18.360858],[109.111824,18.36607],[109.171932,18.28883],[109.246734,18.301004],[109.468075,18.279822],[109.504944,18.246322],[109.490446,18.200124],[109.57706,18.246003],[109.559489,18.222354],[109.575015,18.163247],[109.627193,18.187174],[109.604597,18.203921],[109.658591,18.238181],[109.70572,18.199036],[109.745812,18.22093],[109.744713,18.240663],[109.706207,18.254505],[109.734209,18.265976],[109.727381,18.300704],[109.781077,18.390315],[109.813811,18.401784],[109.831791,18.379339],[110.037744,18.447924],[110.031325,18.418784],[109.989188,18.403593],[110.014671,18.370814],[110.068023,18.391669],[110.053761,18.433891],[110.082901,18.420838],[110.101595,18.4378],[110.100396,18.498838],[110.280265,18.66628],[110.422211,18.715124],[110.347954,18.679469],[110.426953,18.675721],[110.459817,18.773259],[110.547378,18.792858],[110.521027,18.878216],[110.50971,18.806974],[110.457918,18.810771],[110.437176,18.841725],[110.520084,18.908212],[110.52104,18.985992],[110.573921,19.071162],[110.557912,19.153599],[110.579655,19.149816],[110.625086,19.210575],[110.610905,19.224648],[110.640326,19.298515],[110.681988,19.318054],[110.684937,19.370435],[110.797931,19.46825],[110.82845,19.52422],[110.827598,19.554136],[110.768903,19.606714],[110.842967,19.609212],[110.892457,19.639817],[110.872323,19.590386],[110.834363,19.592429],[110.847431,19.52881],[110.873011,19.518408],[110.979766,19.627201],[111.033916,19.631542],[111.000038,19.692485],[110.992249,19.844759],[110.936736,19.989743],[110.902474,20.003917],[110.813763,19.984729],[110.725292,20.058759],[110.684411,20.133497],[110.647109,20.080438],[110.589868,20.083362],[110.549793,20.04612],[110.606008,20.002172],[110.630663,19.894795],[110.60114,19.895795],[110.566896,19.938793],[110.578352,19.98543],[110.547843,19.960289],[110.527842,20.002306],[110.386663,20.08262],[110.337072,20.072344],[110.297116,20.022874]]]},"properties":{"name":"Hainan","created_at":"2013-12-02T20:23:52+0100","updated_at":"2013-12-20T02:39:57+0100","name_simplified_chinese":"海南","cartodb_id":19,"name_traditional_chinese":"海南"}},
{"type":"Feature","geometry":{"type":"Polygon","coordinates":[[[123.094612,46.249092],[123.059402,46.194464],[123.058047,46.125895],[122.999591,46.073384],[122.81815,46.088863],[122.715348,46.056494],[122.764096,45.856216],[122.758367,45.73489],[122.648528,45.654484],[122.562942,45.768501],[122.493744,45.760148],[122.43557,45.819363],[122.428002,45.906644],[122.355811,45.911099],[122.223478,45.798013],[122.167468,45.841579],[122.086804,45.856549],[121.917698,46.014178],[121.848742,45.992846],[121.76151,46.016285],[121.709542,45.987182],[121.759555,45.921754],[121.775256,45.846532],[121.719525,45.787116],[121.608791,45.747513],[121.723492,45.681361],[121.820766,45.718378],[121.913822,45.700719],[121.93187,45.677578],[121.934307,45.587269],[121.901458,45.554884],[122.101186,45.438039],[122.138138,45.39075],[122.077968,45.342751],[122.179522,45.252131],[122.167739,45.21076],[122.110806,45.179683],[122.075401,45.110792],[122.042712,44.976343],[122.05606,44.945805],[122.010256,44.923577],[121.999547,44.888561],[122.017503,44.749878],[122.066658,44.765255],[122.022494,44.671094],[122.034407,44.578683],[122.116127,44.568389],[122.163753,44.495724],[122.252838,44.448801],[122.265994,44.418273],[122.222393,44.252003],[122.283537,44.223561],[122.396462,44.214282],[122.586596,44.288261],[122.981794,44.501229],[123.120736,44.499102],[123.090349,44.378728],[123.18286,44.294522],[123.20844,44.234575],[123.314695,44.150781],[123.319596,43.992073],[123.39932,43.902819],[123.41932,43.838882],[123.395251,43.736786],[123.496464,43.642153],[123.428632,43.550885],[123.322331,43.533548],[123.29628,43.456066],[123.480373,43.366508],[123.477916,43.425436],[123.661415,43.381327],[123.653531,43.411456],[123.705353,43.419371],[123.731887,43.485244],[123.825241,43.465721],[123.85207,43.358871],[124.042573,43.266012],[124.102808,43.271557],[124.211667,43.187648],[124.26445,43.1876],[124.368252,43.061858],[124.39797,43.072225],[124.376693,43.023259],[124.313257,43.001127],[124.298024,42.956918],[124.400996,42.927327],[124.404317,42.888372],[124.363674,42.885439],[124.424576,42.840454],[124.488669,42.841794],[124.671729,43.042451],[124.799317,43.124065],[124.82939,43.121923],[124.837054,42.939371],[124.792336,42.815722],[124.827107,42.760772],[124.941065,42.755601],[124.927455,42.685221],[124.947786,42.633604],[125.059323,42.594443],[125.049577,42.442835],[125.114734,42.409602],[125.126918,42.303195],[125.212204,42.300896],[125.242609,42.268764],[125.230184,42.187546],[125.258525,42.180785],[125.267659,42.124993],[125.335641,42.146982],[125.391291,42.146088],[125.408085,42.126227],[125.298548,41.974296],[125.226831,41.94556],[125.217844,41.91813],[125.245999,41.929306],[125.257764,41.879083],[125.241892,41.825455],[125.283581,41.768597],[125.262997,41.692705],[125.420242,41.674846],[125.438932,41.557343],[125.517512,41.377339],[125.572665,41.351967],[125.557583,41.316838],[125.579176,41.29796],[125.689909,41.23755],[125.732148,41.122259],[125.659982,41.105572],[125.667587,41.039201],[125.625713,40.981305],[125.536379,40.92834],[125.541851,40.891878],[125.612793,40.912928],[125.663954,40.847293],[125.732127,40.871383],[125.756649,40.858555],[125.826083,40.894294],[125.931214,40.870307],[125.999553,40.888781],[125.937624,40.917848],[126.001424,40.94962],[126.098446,41.077742],[126.222251,41.144354],[126.300486,41.251849],[126.409578,41.351117],[126.494474,41.334606],[126.469434,41.395992],[126.548339,41.537151],[126.537897,41.596815],[126.658494,41.670918],[126.661977,41.72529],[126.726327,41.699271],[126.818662,41.7027],[126.838534,41.773359],[126.88983,41.789047],[127.026702,41.690962],[127.005114,41.662559],[127.023566,41.639269],[127.115664,41.587698],[127.119885,41.573471],[127.062551,41.542189],[127.220844,41.49604],[127.226201,41.470696],[127.445139,41.438594],[127.513756,41.453658],[127.599828,41.384178],[127.705664,41.41358],[127.743821,41.384887],[127.810532,41.391814],[127.901684,41.437608],[127.922224,41.413903],[127.975749,41.418179],[127.998674,41.378305],[128.102289,41.36195],[128.155684,41.406155],[128.243721,41.554691],[128.219074,41.627532],[128.125935,41.682836],[128.104569,41.718595],[128.055158,41.809289],[128.055967,41.935545],[127.993689,42.000422],[128.533915,41.999716],[128.672831,42.034205],[128.853499,42.004196],[128.889143,42.014921],[128.890821,42.060565],[129.082387,42.135205],[129.149725,42.193831],[129.136049,42.248046],[129.17225,42.265077],[129.157426,42.295589],[129.196761,42.319535],[129.187425,42.36123],[129.259692,42.379687],[129.263404,42.417747],[129.380396,42.43178],[129.438196,42.409912],[129.466973,42.370048],[129.508376,42.367904],[129.505419,42.399561],[129.547252,42.408378],[129.559501,42.439733],[129.590512,42.422496],[129.652176,42.43859],[129.710714,42.673047],[129.684869,42.719009],[129.767933,42.849843],[129.776896,42.938761],[129.828408,42.958141],[129.826054,42.996218],[129.905826,43.006046],[129.945921,42.969935],[130.051362,42.970475],[130.100498,42.944057],[130.044982,42.906012],[130.216911,42.883023],[130.231427,42.856963],[130.199037,42.791679],[130.309408,42.632869],[130.401012,42.617593],[130.377024,42.577832],[130.405149,42.550682],[130.470966,42.602685],[130.522466,42.545341],[130.530548,42.461252],[130.573179,42.418095],[130.605335,42.428039],[130.548411,42.533206],[130.579434,42.547948],[130.582352,42.616606],[130.523983,42.717379],[130.45467,42.68522],[130.377108,42.723337],[130.562256,42.811239],[130.728544,42.836328],[130.767389,42.877559],[130.84456,42.851259],[130.988922,42.861829],[130.942539,42.923243],[131.062829,42.929992],[131.039108,43.002795],[131.068272,43.075913],[131.140451,43.106522],[131.147025,43.233877],[131.24911,43.399437],[131.208667,43.492421],[131.076836,43.447805],[130.971648,43.512602],[130.93709,43.512543],[130.81259,43.452731],[130.645238,43.574222],[130.577343,43.586486],[130.53496,43.611187],[130.543902,43.628021],[130.421851,43.66031],[130.393269,43.731094],[130.328897,43.785447],[130.290467,43.905032],[130.305859,44.020165],[130.263812,44.042882],[130.01755,43.837626],[129.989295,43.859115],[129.951142,43.990324],[129.914094,44.025826],[129.833213,44.030476],[129.737099,43.970002],[129.718906,43.92538],[129.734574,43.891262],[129.637502,43.857281],[129.570915,43.875161],[129.400214,43.860814],[129.350934,43.849743],[129.319945,43.799695],[129.193528,43.796013],[129.167649,43.772461],[129.175115,43.578048],[129.085135,43.584537],[128.993457,43.534958],[128.909355,43.557736],[128.83341,43.545755],[128.773983,43.579483],[128.707663,43.768319],[128.480145,44.033802],[128.413159,44.187228],[128.421337,44.385813],[128.387505,44.450336],[128.338857,44.475094],[128.247834,44.486474],[128.126953,44.344789],[127.993275,44.349935],[128.020737,44.284599],[127.996151,44.188118],[128.030288,44.152733],[127.947796,44.083954],[127.818079,44.058567],[127.714375,44.067398],[127.714872,44.177275],[127.692945,44.186496],[127.661788,44.16067],[127.586862,44.173172],[127.567702,44.202853],[127.597358,44.227984],[127.408514,44.46449],[127.400115,44.526304],[127.471512,44.523462],[127.530797,44.548402],[127.512163,44.567189],[127.41137,44.612713],[127.246447,44.626595],[127.227276,44.605931],[127.195519,44.609844],[127.140652,44.652772],[127.068241,44.605728],[127.004898,44.601334],[126.969759,44.699932],[126.983229,44.773942],[126.966893,44.821976],[127.018422,44.897985],[127.064171,44.912169],[127.060581,44.935644],[126.970608,45.009092],[126.937138,45.121762],[126.77693,45.121225],[126.531436,45.235866],[126.34503,45.204989],[126.240576,45.141431],[126.090345,45.122527],[125.930448,45.183453],[125.856344,45.188533],[125.654609,45.335998],[125.667081,45.452978],[125.697733,45.525225],[125.576402,45.532064],[125.491043,45.488832],[125.430411,45.492173],[125.427103,45.456372],[125.350421,45.408853],[125.277448,45.42005],[125.05819,45.387742],[125.011201,45.474868],[124.866877,45.549246],[124.854138,45.468462],[124.814948,45.439731],[124.552598,45.447283],[124.498351,45.413464],[124.354125,45.444593],[124.306882,45.534712],[124.226364,45.555955],[124.200668,45.614337],[124.114092,45.606576],[124.067083,45.699881],[123.963012,45.769254],[124.013829,45.879189],[123.918741,45.947653],[123.994928,46.042034],[123.971596,46.067329],[123.960067,46.150635],[123.898621,46.199369],[123.945832,46.244086],[123.92767,46.295186],[123.865028,46.268395],[123.818185,46.295953],[123.746943,46.26939],[123.652209,46.274833],[123.559537,46.224827],[123.483705,46.259134],[123.338575,46.214837],[123.094612,46.249092]]]},"properties":{"name":"Jilin","created_at":"2013-12-02T20:23:52+0100","updated_at":"2013-12-20T02:40:02+0100","name_simplified_chinese":"吉林","cartodb_id":20,"name_traditional_chinese":"吉林"}},
{"type":"Feature","geometry":{"type":"Polygon","coordinates":[[[125.663954,40.847293],[125.612793,40.912928],[125.541851,40.891878],[125.536379,40.92834],[125.625713,40.981305],[125.667587,41.039201],[125.659982,41.105572],[125.732148,41.122259],[125.689909,41.23755],[125.579176,41.29796],[125.557583,41.316838],[125.572665,41.351967],[125.517512,41.377339],[125.438932,41.557343],[125.420242,41.674846],[125.262997,41.692705],[125.283581,41.768597],[125.241892,41.825455],[125.257764,41.879083],[125.245999,41.929306],[125.217844,41.91813],[125.226831,41.94556],[125.298548,41.974296],[125.408085,42.126227],[125.391291,42.146088],[125.335641,42.146982],[125.267659,42.124993],[125.258525,42.180785],[125.230184,42.187546],[125.242609,42.268764],[125.212204,42.300896],[125.126918,42.303195],[125.114734,42.409602],[125.049577,42.442835],[125.059323,42.594443],[124.947786,42.633604],[124.927455,42.685221],[124.941065,42.755601],[124.827107,42.760772],[124.792336,42.815722],[124.837054,42.939371],[124.82939,43.121923],[124.799317,43.124065],[124.671729,43.042451],[124.488669,42.841794],[124.424576,42.840454],[124.363674,42.885439],[124.404317,42.888372],[124.400996,42.927327],[124.298024,42.956918],[124.313257,43.001127],[124.376693,43.023259],[124.39797,43.072225],[124.368252,43.061858],[124.26445,43.1876],[124.211667,43.187648],[124.102808,43.271557],[124.042573,43.266012],[123.85207,43.358871],[123.825241,43.465721],[123.731887,43.485244],[123.705353,43.419371],[123.653531,43.411456],[123.661415,43.381327],[123.687986,43.329776],[123.678554,43.304626],[123.633138,43.305861],[123.643038,43.262495],[123.611859,43.242755],[123.626397,43.17612],[123.510692,42.975713],[123.483122,42.997968],[123.358794,43.013357],[123.209994,42.995159],[123.129843,42.901939],[123.162391,42.794865],[123.000704,42.750219],[122.835842,42.748683],[122.811141,42.701734],[122.747605,42.76406],[122.336699,42.816731],[122.329645,42.783343],[122.442516,42.758861],[122.313416,42.654132],[121.955286,42.713221],[121.881224,42.64818],[121.829922,42.529173],[121.625641,42.436273],[121.586746,42.446069],[121.564477,42.503147],[121.470515,42.478589],[121.362912,42.481072],[121.234279,42.378114],[120.937143,42.263081],[120.834249,42.248023],[120.936768,42.20664],[120.748919,42.222617],[120.570148,42.149085],[120.470295,42.140702],[120.4312,42.100865],[120.438348,42.031633],[120.392991,41.990498],[120.362521,41.966946],[120.248852,41.963049],[120.212454,41.931888],[120.108114,41.784548],[120.085271,41.691764],[120.060519,41.681118],[119.99765,41.704464],[119.995672,41.831167],[119.972553,41.894362],[119.811561,42.072719],[119.830671,42.104333],[119.808633,42.195077],[119.592706,42.221065],[119.530593,42.337735],[119.482781,42.366339],[119.37059,42.293685],[119.305834,42.28884],[119.217004,42.195951],[119.356456,42.053579],[119.303954,41.976835],[119.262332,41.785065],[119.27834,41.645003],[119.341199,41.606716],[119.302791,41.538341],[119.346018,41.479784],[119.268766,41.387429],[119.267287,41.318995],[119.187497,41.306059],[119.125423,41.158031],[118.878043,41.024708],[118.953249,40.982054],[118.815502,40.905064],[118.770295,40.855376],[118.800799,40.768406],[118.911119,40.718382],[118.970608,40.656252],[119.03672,40.644253],[119.138761,40.662847],[119.102146,40.615414],[119.114126,40.585943],[119.197249,40.577953],[119.195548,40.525356],[119.275728,40.500829],[119.399042,40.527639],[119.499604,40.492795],[119.545144,40.419748],[119.537166,40.320885],[119.602915,40.217226],[119.725433,40.149698],[119.733547,40.07729],[119.803706,39.972943],[119.851918,39.983654],[119.876229,40.031606],[119.921785,40.055464],[120.085186,40.097027],[120.332094,40.197288],[120.385996,40.19056],[120.452119,40.24707],[120.471858,40.320618],[120.548891,40.366339],[120.51011,40.368368],[120.498419,40.399085],[120.614145,40.485262],[120.637944,40.542232],[120.696784,40.560343],[120.806176,40.684891],[120.980339,40.710219],[120.935748,40.74176],[120.880025,40.747014],[120.881291,40.773155],[120.919514,40.782844],[120.905961,40.808335],[120.944927,40.831531],[121.025598,40.819763],[121.046665,40.863355],[121.093301,40.879578],[121.136373,40.938618],[121.269746,40.916166],[121.232894,40.941764],[121.262161,40.964766],[121.295522,40.932194],[121.326333,40.940567],[121.377617,40.904715],[121.454755,40.934635],[121.538016,40.906954],[121.579992,40.859111],[121.634241,40.90803],[121.714883,40.895849],[121.67969,40.923258],[121.719163,40.923573],[121.673501,40.987183],[121.706083,40.982643],[121.729008,41.043231],[121.765613,41.056464],[121.769583,40.994524],[121.793055,40.978951],[121.82466,41.055107],[121.850123,41.028483],[121.84373,40.995507],[121.893679,40.952301],[121.918198,40.959269],[121.917909,40.863255],[121.952401,40.871174],[121.901184,40.795836],[121.916871,40.77819],[121.937553,40.808121],[122.075517,40.67754],[122.098749,40.684582],[122.122489,40.640841],[122.114731,40.599844],[122.213968,40.537689],[122.24252,40.463606],[122.203831,40.420823],[122.157173,40.412247],[122.153735,40.360012],[122.130321,40.335804],[122.044967,40.290734],[122.058129,40.2425],[122.022235,40.184963],[121.950325,40.17762],[121.966947,40.120051],[121.909817,40.113224],[121.863094,40.047549],[121.789381,40.019463],[121.833748,39.999379],[121.808267,39.968075],[121.772764,39.966584],[121.73444,39.914654],[121.658861,39.921062],[121.585621,39.894665],[121.57333,39.869462],[121.496456,39.866841],[121.430413,39.798159],[121.444288,39.760832],[121.428492,39.727776],[121.458554,39.68548],[121.4995,39.675732],[121.501076,39.613193],[121.526696,39.59838],[121.474681,39.508681],[121.406803,39.490821],[121.459617,39.374296],[121.60677,39.358288],[121.655892,39.372203],[121.664572,39.405833],[121.705424,39.38064],[121.79568,39.379223],[121.868382,39.412749],[121.921448,39.404519],[121.811607,39.357049],[121.723865,39.359163],[121.689351,39.314178],[121.697238,39.294515],[121.546348,39.252164],[121.600101,39.233148],[121.558987,39.207693],[121.561065,39.165014],[121.592888,39.176792],[121.604059,39.138763],[121.647279,39.114293],[121.620291,39.070476],[121.459372,39.013555],[121.37784,39.014049],[121.346946,39.049166],[121.264828,39.012583],[121.266984,38.994321],[121.315354,38.980382],[121.188628,38.932987],[121.102267,38.940944],[121.038411,38.904556],[121.094063,38.874739],[121.075005,38.850087],[121.104254,38.786261],[121.075241,38.7588],[121.089516,38.716079],[121.162302,38.723679],[121.211198,38.772976],[121.176531,38.773117],[121.197838,38.796672],[121.261454,38.78148],[121.312719,38.813383],[121.478763,38.811235],[121.477441,38.834847],[121.55488,38.88073],[121.617564,38.859121],[121.669245,38.86826],[121.681656,38.887087],[121.66579,38.90925],[121.556917,38.95108],[121.626315,38.974109],[121.587252,39.001848],[121.634171,39.018649],[121.709189,38.998659],[121.666736,39.035762],[121.685491,39.048626],[121.749841,39.021388],[121.787385,38.960264],[121.840918,38.949286],[121.856154,38.970569],[121.805502,39.008438],[121.802211,39.042184],[121.880091,39.017329],[121.862244,39.057778],[121.923255,39.032552],[121.967724,39.063927],[122.01633,39.059649],[122.000128,39.118075],[122.030992,39.09997],[122.110441,39.139076],[122.03522,39.173787],[122.081859,39.179612],[122.089041,39.217882],[122.203107,39.269264],[122.216149,39.29072],[122.197286,39.324084],[122.239488,39.323929],[122.347111,39.423763],[122.443113,39.412333],[122.520884,39.452315],[122.52063,39.473159],[122.557744,39.463418],[122.613617,39.538861],[122.64021,39.509237],[122.673759,39.558657],[122.693298,39.545069],[122.774022,39.579215],[122.805754,39.624259],[122.93134,39.621499],[122.956731,39.642652],[122.927812,39.665322],[122.954685,39.673656],[123.05259,39.671596],[123.053844,39.69322],[123.095085,39.657563],[123.166806,39.679671],[123.176457,39.700499],[123.246853,39.686445],[123.211517,39.72793],[123.165371,39.727847],[123.186115,39.756663],[123.223648,39.763014],[123.231198,39.806705],[123.250834,39.786675],[123.330742,39.778004],[123.362169,39.804853],[123.377507,39.73264],[123.417335,39.745054],[123.43087,39.794504],[123.496624,39.808884],[123.515899,39.773427],[123.602934,39.866374],[123.697939,39.826051],[123.832231,39.868778],[123.833693,39.843227],[123.935158,39.845618],[123.969425,39.806735],[124.042651,39.840962],[124.105114,39.836344],[124.166071,39.882677],[124.185915,39.936899],[124.234898,39.944519],[124.305246,39.99437],[124.298432,40.074985],[124.363898,40.137567],[124.601629,40.292272],[124.650714,40.305203],[124.701275,40.36976],[124.863956,40.46038],[124.951368,40.467243],[125.019135,40.554412],[125.22219,40.633005],[125.360638,40.616656],[125.405857,40.698962],[125.482271,40.710384],[125.528814,40.761101],[125.604577,40.751038],[125.61821,40.814575],[125.663954,40.847293]]]},"properties":{"name":"Liaoning","created_at":"2013-12-02T20:23:52+0100","updated_at":"2013-12-20T02:40:06+0100","name_simplified_chinese":"辽宁","cartodb_id":21,"name_traditional_chinese":"遼寧"}},
{"type":"Feature","geometry":{"type":"Polygon","coordinates":[[[92.924123,39.173197],[92.86291,39.146911],[92.547005,39.124954],[92.429369,39.052562],[92.390131,38.97714],[92.250275,38.99868],[92.205881,38.960256],[92.025394,38.942722],[91.806458,38.839456],[91.653894,38.835166],[91.471973,38.762569],[91.401332,38.764201],[91.328759,38.716859],[90.823327,38.641412],[90.695786,38.655877],[90.594052,38.639797],[90.34884,38.460265],[90.19862,38.42652],[90.178441,38.333147],[90.481815,38.027474],[90.415808,37.905557],[90.45461,37.851921],[90.408892,37.788109],[90.832146,37.638355],[90.880862,37.576228],[90.848101,37.525355],[91.119988,37.449168],[91.170128,37.297473],[91.339032,37.129552],[91.303232,37.015318],[91.178687,37.025249],[91.116625,36.951694],[91.063157,36.960849],[91.058719,36.936758],[90.852919,36.895059],[90.802056,36.829672],[90.723392,36.778055],[90.7719,36.719608],[90.737882,36.698205],[90.773787,36.570224],[91.057521,36.50944],[91.077345,36.336689],[91.116429,36.332638],[91.098195,36.275836],[91.126186,36.251202],[91.14371,36.11956],[91.017109,36.077956],[91.01957,36.049484],[90.949741,36.071354],[90.845621,36.064522],[90.807125,36.126268],[90.724777,36.15604],[90.211341,36.183479],[90.162292,36.243641],[90.052973,36.252447],[90.039238,36.177119],[89.988138,36.142746],[89.996544,36.11067],[89.976935,36.093089],[89.848437,36.095079],[89.806812,36.117295],[89.686005,36.098031],[89.525227,36.039959],[89.419016,36.036105],[89.441078,35.975524],[89.436255,35.87345],[89.642621,35.828597],[89.733785,35.853367],[89.802673,35.779575],[89.770739,35.700298],[89.757268,35.607725],[89.77419,35.586974],[89.725097,35.542832],[89.7136,35.503894],[89.738392,35.44014],[89.720048,35.405509],[89.637427,35.410972],[89.53906,35.355007],[89.516518,35.332294],[89.533125,35.282582],[89.51855,35.255749],[89.478146,35.24454],[89.500273,35.139657],[89.597231,35.100516],[89.600243,35.045842],[89.544727,34.898263],[89.657322,34.876185],[89.729833,34.911638],[89.820454,34.877671],[89.869006,34.804238],[89.808651,34.752767],[89.739201,34.727786],[89.709795,34.662341],[89.746039,34.671033],[89.810395,34.623738],[89.789608,34.564248],[89.81295,34.552713],[89.832089,34.417488],[89.884145,34.329275],[89.877296,34.29016],[89.787753,34.130644],[89.70942,34.142084],[89.658296,34.070224],[89.686052,34.058561],[89.696236,33.988757],[89.823065,33.857809],[89.944982,33.819155],[89.95613,33.792948],[89.925661,33.749918],[89.984774,33.719863],[90.008688,33.674039],[89.987499,33.625307],[90.197165,33.533081],[90.275899,33.441004],[90.284375,33.389019],[90.415706,33.262942],[90.578957,33.222391],[90.768245,33.105349],[90.884809,33.122981],[90.999514,33.24138],[91.131903,33.202516],[91.234718,33.302504],[91.309324,33.32037],[91.420267,33.277879],[91.381421,33.244822],[91.388914,33.208062],[91.469274,33.177084],[91.615922,33.021696],[91.697411,32.970019],[91.753088,32.948682],[91.859704,32.970191],[92.002872,32.824774],[92.15351,32.860732],[92.254856,32.836033],[92.283606,32.715071],[92.330967,32.760674],[92.364174,32.744813],[92.395139,32.779101],[92.525485,32.706159],[92.645799,32.71908],[92.720034,32.762209],[92.823114,32.696786],[92.996739,32.743074],[93.069492,32.679483],[93.071576,32.638353],[93.263147,32.65617],[93.330351,32.575482],[93.393305,32.557193],[93.400891,32.520432],[93.499855,32.56648],[93.497214,32.477901],[93.585937,32.472074],[93.698815,32.590034],[93.861863,32.56346],[93.933261,32.447102],[93.974619,32.503003],[94.127814,32.441511],[94.171258,32.498501],[94.238213,32.53068],[94.379218,32.553584],[94.409549,32.588973],[94.453398,32.565892],[94.646602,32.665269],[94.824148,32.553948],[94.9318,32.439953],[94.953267,32.395045],[94.941211,32.360299],[95.041401,32.343191],[95.101783,32.311193],[95.117321,32.268214],[95.329445,32.262932],[95.355798,32.201513],[95.451383,32.12338],[95.447352,32.042976],[95.395404,31.981857],[95.49604,31.794745],[95.602821,31.74752],[95.646066,31.790457],[95.680422,31.791899],[95.752861,31.76107],[95.815192,31.688599],[95.87893,31.732093],[96.013093,31.718297],[96.162684,31.663971],[96.166168,31.598852],[96.253756,31.555316],[96.299217,31.554286],[96.296291,31.616748],[96.22737,31.766599],[96.176154,31.801049],[96.181413,31.846523],[96.236008,31.86898],[96.239682,31.930412],[96.310206,31.935821],[96.368855,31.863594],[96.43418,31.841435],[96.46129,31.788903],[96.587921,31.761058],[96.785619,31.672189],[96.850953,31.723103],[96.772477,31.787946],[96.757935,31.850888],[96.803076,31.912363],[96.733952,31.945048],[96.749936,32.032873],[96.907341,32.003588],[96.946202,32.017692],[96.962542,32.064277],[97.006405,32.088326],[97.167819,32.027381],[97.189214,32.035944],[97.206803,32.067319],[97.194213,32.099116],[97.224878,32.117615],[97.263399,32.093057],[97.312671,32.152013],[97.273446,32.180991],[97.309687,32.268101],[97.356814,32.299927],[97.370338,32.261955],[97.414055,32.315779],[97.376884,32.324414],[97.378621,32.355033],[97.437041,32.39158],[97.336467,32.450861],[97.394843,32.543793],[97.673817,32.484945],[97.745183,32.509218],[97.77209,32.544509],[97.656136,32.604677],[97.561092,32.701327],[97.477807,32.720888],[97.424979,32.765482],[97.397486,32.818956],[97.419503,32.849412],[97.388689,32.899404],[97.343349,32.919713],[97.442854,32.99788],[97.552252,32.99842],[97.538692,33.036373],[97.563997,33.056846],[97.509399,33.104895],[97.512937,33.145494],[97.575461,33.201958],[97.688327,33.36804],[97.77987,33.424142],[97.665649,33.449754],[97.645029,33.476266],[97.540519,33.482633],[97.509527,33.567945],[97.439655,33.605476],[97.46352,33.657073],[97.400302,33.805183],[97.528026,33.886125],[97.665194,33.900865],[97.694319,33.99131],[97.725488,34.006781],[97.810652,33.976996],[97.810812,33.87521],[97.869504,33.86762],[97.964337,33.927841],[98.152147,33.952322],[98.266076,33.945389],[98.303387,33.902534],[98.302383,33.856923],[98.381451,33.867993],[98.403983,33.842455],[98.474074,33.854403],[98.525234,33.836885],[98.6722,33.681884],[98.648101,33.642181],[98.757472,33.44524],[98.796004,33.3274],[98.767363,33.289069],[98.848707,33.217088],[98.837639,33.178585],[99.004485,33.072379],[99.043615,33.090189],[99.161262,33.053419],[99.252715,32.991035],[99.324692,32.876902],[99.365201,32.884027],[99.433,32.774825],[99.632707,32.69569],[99.648173,32.702366],[99.643184,32.741201],[99.69488,32.762561],[99.792548,32.66197],[99.845905,32.670025],[99.876267,32.696657],[99.863634,32.762511],[99.889993,32.838751],[99.984112,32.861713],[100.018408,32.927857],[100.065391,32.927244],[100.04633,32.887341],[100.10916,32.863932],[100.151801,32.729172],[100.118555,32.680976],[100.163881,32.612415],[100.240154,32.619484],[100.235883,32.654812],[100.281322,32.746754],[100.350439,32.723741],[100.419455,32.747041],[100.504334,32.691307],[100.573053,32.587003],[100.471404,32.463995],[100.521799,32.422473],[100.573487,32.415814],[100.651256,32.502117],[100.664753,32.601239],[100.732409,32.617135],[100.733859,32.670732],[100.898569,32.635968],[100.944424,32.604643],[101.1128,32.682166],[101.129724,32.656669],[101.215846,32.683436],[101.266483,32.757474],[101.225358,32.835581],[101.110783,32.917238],[101.129844,33.040663],[101.167516,33.104851],[101.218558,33.177106],[101.270438,33.192403],[101.407084,33.151342],[101.443097,33.223315],[101.50851,33.214521],[101.556214,33.145719],[101.6254,33.121106],[101.742001,33.250101],[101.669932,33.333324],[101.721831,33.42405],[101.797617,33.46645],[101.796899,33.525188],[101.663958,33.485088],[101.635259,33.497373],[101.603135,33.531662],[101.598637,33.657699],[101.565249,33.70282],[101.457691,33.664264],[101.178444,33.6603],[101.197424,33.789108],[101.164684,33.833742],[100.983828,33.951465],[100.829379,34.160792],[100.840656,34.340474],[101.010128,34.371553],[101.054749,34.340088],[101.218359,34.332162],[101.242418,34.290301],[101.34413,34.247668],[101.632809,34.158633],[101.668797,34.111289],[101.732882,34.090703],[101.796306,34.038936],[101.873881,34.071936],[101.930582,34.144107],[101.968752,34.105693],[102.017409,34.105282],[102.027222,34.150367],[102.002546,34.164774],[102.036396,34.190957],[102.081297,34.28361],[102.191446,34.278148],[102.173243,34.327658],[102.244691,34.344582],[102.184787,34.490094],[102.108228,34.523494],[102.028519,34.521084],[101.967445,34.553594],[101.929119,34.623988],[101.937114,34.676044],[101.896316,34.672509],[101.792399,34.5985],[101.722379,34.6716],[101.864868,34.761105],[101.906974,34.730964],[101.956061,34.751903],[101.939664,34.878796],[102.030882,34.969041],[102.086725,34.969032],[102.29491,35.054841],[102.316108,35.112092],[102.4326,35.191097],[102.346697,35.279132],[102.291401,35.282858],[102.316988,35.365283],[102.31233,35.434198],[102.44408,35.419087],[102.512632,35.523493],[102.715179,35.514328],[102.751167,35.545407],[102.73835,35.734973],[102.707635,35.819687],[102.7436,35.812489],[102.829622,35.857434],[102.953962,35.870594],[102.93826,36.04219],[102.892634,36.110475],[103.030048,36.227826],[102.953565,36.261686],[102.900536,36.32341],[102.852278,36.333028],[102.756865,36.445084],[102.727836,36.563129],[102.691059,36.616465],[102.597855,36.678865],[102.698613,36.786279],[102.659351,36.864105],[102.498594,36.962609],[102.516617,37.022174],[102.495929,37.07025],[102.594922,37.122995],[102.575768,37.15472],[102.510895,37.195334],[102.490276,37.241164],[102.344782,37.304492],[102.264378,37.370697],[102.033096,37.456063],[102.079065,37.523678],[102.079654,37.606261],[102.055532,37.659994],[101.975115,37.698175],[101.969574,37.750213],[101.914926,37.741677],[101.917854,37.714339],[101.865702,37.650714],[101.838011,37.575288],[101.867317,37.517656],[101.790699,37.511039],[101.749659,37.580345],[101.53415,37.678329],[101.470047,37.754049],[101.011192,37.987832],[100.901965,37.997122],[100.759621,38.076851],[100.630334,38.07739],[100.63897,38.148226],[100.604058,38.240819],[100.391998,38.292948],[100.224541,38.466366],[100.163094,38.49733],[100.122868,38.482738],[100.105435,38.41622],[100.117866,38.36342],[100.185732,38.302395],[100.200782,38.229123],[100.181943,38.207034],[99.761474,38.393572],[99.62717,38.484414],[99.57297,38.578876],[99.271233,38.792182],[99.068083,38.900976],[99.075719,38.925769],[99.048785,38.943895],[98.805683,39.085465],[98.734994,39.063976],[98.709542,39.015405],[98.607576,38.935806],[98.560234,38.929025],[98.438267,38.931714],[98.459162,38.956721],[98.367439,39.014584],[98.293938,39.016089],[98.289897,38.944425],[98.244291,38.889544],[98.139084,38.839081],[98.093644,38.784154],[98.013683,38.783109],[98.004321,38.841093],[97.708031,38.927826],[97.64165,39.000094],[97.540114,39.041359],[97.345168,39.178024],[97.146202,39.231057],[96.987338,39.189564],[96.929934,39.084765],[97.008865,39.013128],[96.970601,38.779897],[97.000125,38.712309],[96.951521,38.67355],[97.001344,38.570507],[96.991207,38.363709],[96.819963,38.340287],[96.585094,38.42167],[96.524893,38.483663],[96.528849,38.534214],[96.305088,38.618131],[96.162713,38.628705],[95.992898,38.75485],[95.772315,38.851747],[95.729773,38.845332],[95.614581,38.999988],[95.498731,39.028379],[95.412511,39.080559],[95.270984,39.218697],[95.110811,39.180956],[94.897503,39.25243],[94.769347,39.238535],[94.655069,39.261078],[94.59096,39.305552],[94.402668,39.304856],[94.206686,39.339735],[94.129948,39.308081],[94.123564,39.276818],[94.057707,39.272433],[93.463829,39.29142],[93.441953,39.229414],[93.361007,39.19673],[93.327865,39.211372],[93.291823,39.186134],[93.156868,39.181436],[93.113136,39.158745],[93.06733,39.181578],[93.012687,39.128689],[92.924123,39.173197]]]},"properties":{"name":"Qinghai","created_at":"2013-12-02T20:23:52+0100","updated_at":"2013-12-20T02:40:18+0100","name_simplified_chinese":"青海","cartodb_id":23,"name_traditional_chinese":"青海"}},
{"type":"Feature","geometry":{"type":"Polygon","coordinates":[[[96.395572,42.718897],[96.040846,42.602925],[96.086088,42.303296],[96.057477,42.007074],[96.104469,41.987657],[95.920358,41.832446],[95.535987,41.850395],[95.391205,41.792731],[95.20306,41.784925],[94.783479,41.642436],[94.621168,41.555845],[94.444648,41.372193],[94.37183,41.340422],[93.954053,41.030763],[93.944542,40.980221],[93.829359,40.856776],[93.764509,40.722255],[93.655156,40.608312],[93.362196,40.470558],[92.890549,40.503444],[92.897139,40.254267],[92.950846,40.180247],[92.901838,40.069639],[92.788568,39.935383],[92.819414,39.584289],[92.855486,39.522483],[92.931248,39.464931],[92.971367,39.390159],[92.927637,39.284744],[92.924123,39.173197],[93.012687,39.128689],[93.06733,39.181578],[93.113136,39.158745],[93.156868,39.181436],[93.291823,39.186134],[93.327865,39.211372],[93.361007,39.19673],[93.441953,39.229414],[93.463829,39.29142],[94.057707,39.272433],[94.123564,39.276818],[94.129948,39.308081],[94.206686,39.339735],[94.402668,39.304856],[94.59096,39.305552],[94.655069,39.261078],[94.769347,39.238535],[94.897503,39.25243],[95.110811,39.180956],[95.270984,39.218697],[95.412511,39.080559],[95.498731,39.028379],[95.614581,38.999988],[95.729773,38.845332],[95.772315,38.851747],[95.992898,38.75485],[96.162713,38.628705],[96.305088,38.618131],[96.528849,38.534214],[96.524893,38.483663],[96.585094,38.42167],[96.819963,38.340287],[96.991207,38.363709],[97.001344,38.570507],[96.951521,38.67355],[97.000125,38.712309],[96.970601,38.779897],[97.008865,39.013128],[96.929934,39.084765],[96.987338,39.189564],[97.146202,39.231057],[97.345168,39.178024],[97.540114,39.041359],[97.64165,39.000094],[97.708031,38.927826],[98.004321,38.841093],[98.013683,38.783109],[98.093644,38.784154],[98.139084,38.839081],[98.244291,38.889544],[98.289897,38.944425],[98.293938,39.016089],[98.367439,39.014584],[98.459162,38.956721],[98.438267,38.931714],[98.560234,38.929025],[98.607576,38.935806],[98.709542,39.015405],[98.734994,39.063976],[98.805683,39.085465],[99.048785,38.943895],[99.075719,38.925769],[99.068083,38.900976],[99.271233,38.792182],[99.57297,38.578876],[99.62717,38.484414],[99.761474,38.393572],[100.181943,38.207034],[100.200782,38.229123],[100.185732,38.302395],[100.117866,38.36342],[100.105435,38.41622],[100.122868,38.482738],[100.163094,38.49733],[100.224541,38.466366],[100.391998,38.292948],[100.604058,38.240819],[100.63897,38.148226],[100.630334,38.07739],[100.759621,38.076851],[100.901965,37.997122],[101.011192,37.987832],[101.470047,37.754049],[101.53415,37.678329],[101.749659,37.580345],[101.790699,37.511039],[101.867317,37.517656],[101.838011,37.575288],[101.865702,37.650714],[101.917854,37.714339],[101.914926,37.741677],[101.969574,37.750213],[101.975115,37.698175],[102.055532,37.659994],[102.079654,37.606261],[102.079065,37.523678],[102.033096,37.456063],[102.264378,37.370697],[102.344782,37.304492],[102.490276,37.241164],[102.510895,37.195334],[102.575768,37.15472],[102.594922,37.122995],[102.495929,37.07025],[102.516617,37.022174],[102.498594,36.962609],[102.659351,36.864105],[102.698613,36.786279],[102.597855,36.678865],[102.691059,36.616465],[102.727836,36.563129],[102.756865,36.445084],[102.852278,36.333028],[102.900536,36.32341],[102.953565,36.261686],[103.030048,36.227826],[102.892634,36.110475],[102.93826,36.04219],[102.953962,35.870594],[102.829622,35.857434],[102.7436,35.812489],[102.707635,35.819687],[102.73835,35.734973],[102.751167,35.545407],[102.715179,35.514328],[102.512632,35.523493],[102.44408,35.419087],[102.31233,35.434198],[102.316988,35.365283],[102.291401,35.282858],[102.346697,35.279132],[102.4326,35.191097],[102.316108,35.112092],[102.29491,35.054841],[102.086725,34.969032],[102.030882,34.969041],[101.939664,34.878796],[101.956061,34.751903],[101.906974,34.730964],[101.864868,34.761105],[101.722379,34.6716],[101.792399,34.5985],[101.896316,34.672509],[101.937114,34.676044],[101.929119,34.623988],[101.967445,34.553594],[102.028519,34.521084],[102.108228,34.523494],[102.184787,34.490094],[102.244691,34.344582],[102.173243,34.327658],[102.191446,34.278148],[102.081297,34.28361],[102.036396,34.190957],[102.002546,34.164774],[102.027222,34.150367],[102.017409,34.105282],[101.968752,34.105693],[101.930582,34.144107],[101.873881,34.071936],[101.796306,34.038936],[101.732882,34.090703],[101.668797,34.111289],[101.632809,34.158633],[101.34413,34.247668],[101.242418,34.290301],[101.218359,34.332162],[101.054749,34.340088],[101.010128,34.371553],[100.840656,34.340474],[100.829379,34.160792],[100.983828,33.951465],[101.164684,33.833742],[101.197424,33.789108],[101.178444,33.6603],[101.457691,33.664264],[101.565249,33.70282],[101.598637,33.657699],[101.603135,33.531662],[101.635259,33.497373],[101.663958,33.485088],[101.796899,33.525188],[101.84538,33.637702],[101.915321,33.555189],[101.949658,33.367592],[101.905418,33.274394],[101.824253,33.244084],[101.826153,33.22553],[101.927705,33.12954],[101.988477,33.133549],[102.013311,33.191214],[102.095112,33.215214],[102.133439,33.29239],[102.155671,33.300043],[102.214693,33.24468],[102.262694,33.381551],[102.306347,33.406082],[102.39227,33.389669],[102.478223,33.454092],[102.466219,33.50002],[102.486488,33.52926],[102.354217,33.626863],[102.338234,33.71297],[102.292015,33.713192],[102.309885,33.767191],[102.269194,33.789525],[102.262863,33.854445],[102.239559,33.856093],[102.153418,33.947061],[102.262666,34.00033],[102.304907,33.999943],[102.456083,34.091912],[102.513631,34.055417],[102.576755,34.088542],[102.658622,34.074766],[102.658194,34.103175],[102.619921,34.134667],[102.782421,34.278386],[102.878528,34.255511],[102.902079,34.301276],[102.940062,34.297222],[102.982455,34.256101],[103.001383,34.19233],[103.141412,34.145085],[103.183554,34.079013],[103.123184,33.961083],[103.192061,33.916033],[103.178668,33.815789],[103.193025,33.776601],[103.391319,33.74474],[103.477256,33.822159],[103.519383,33.831483],[103.508565,33.72165],[103.536375,33.676914],[103.628144,33.69591],[103.782079,33.664686],[103.841918,33.685456],[104.051686,33.683319],[104.181616,33.572294],[104.227027,33.399453],[104.32822,33.329551],[104.436463,33.312299],[104.421677,33.289422],[104.321563,33.28483],[104.384136,33.109138],[104.354994,33.058929],[104.414916,33.027026],[104.425157,32.989284],[104.391632,32.93976],[104.365539,32.955447],[104.287404,32.907379],[104.313256,32.83393],[104.487754,32.743283],[104.585396,32.726331],[104.743214,32.633698],[104.851714,32.647223],[104.923722,32.587146],[105.045915,32.641061],[105.10882,32.603611],[105.200762,32.651924],[105.298333,32.639853],[105.468973,32.762775],[105.416599,32.774046],[105.403113,32.850521],[105.433747,32.903193],[105.504478,32.904071],[105.628838,32.870353],[105.878635,32.930536],[105.938279,32.996463],[105.943569,33.14935],[106.014016,33.178559],[105.952408,33.240007],[105.791273,33.274245],[105.744681,33.366329],[105.856258,33.404751],[105.871866,33.503788],[105.960698,33.589237],[106.040331,33.613126],[106.133409,33.591233],[106.162841,33.54867],[106.293655,33.591763],[106.372044,33.591457],[106.406031,33.615426],[106.427252,33.606283],[106.442273,33.54018],[106.522392,33.513862],[106.563029,33.554639],[106.5732,33.620986],[106.551098,33.678505],[106.487896,33.703145],[106.4685,33.771289],[106.474653,33.853367],[106.440627,33.881455],[106.442647,33.981895],[106.453027,34.042948],[106.5158,34.108114],[106.59106,34.115484],[106.603393,34.134311],[106.507456,34.220598],[106.519201,34.253465],[106.637029,34.269907],[106.653828,34.339014],[106.642259,34.378309],[106.522764,34.470094],[106.378438,34.521436],[106.335254,34.596749],[106.44117,34.739724],[106.529672,34.760684],[106.537136,34.816324],[106.467396,34.96483],[106.465124,35.014916],[106.486345,35.041756],[106.523356,35.065897],[106.883963,35.099931],[107.058166,35.002692],[107.049765,34.96001],[107.117979,34.923561],[107.123972,34.882103],[107.204593,34.869784],[107.236324,34.916514],[107.464516,34.888002],[107.489543,34.956479],[107.57868,34.960193],[107.593487,34.923039],[107.808436,34.990002],[107.732658,35.045136],[107.639062,35.223874],[107.693934,35.258517],[107.705646,35.318804],[107.904142,35.254596],[107.935082,35.214726],[108.1605,35.304856],[108.205164,35.311404],[108.237333,35.266561],[108.32638,35.291398],[108.42132,35.274888],[108.580633,35.340766],[108.568656,35.502982],[108.470308,35.698529],[108.482015,35.787981],[108.464595,35.870004],[108.505038,35.933271],[108.63214,35.954176],[108.667396,36.0023],[108.663455,36.096859],[108.610878,36.189122],[108.609629,36.257185],[108.67448,36.30474],[108.679916,36.369459],[108.598742,36.414424],[108.388827,36.464077],[108.325002,36.524246],[108.147335,36.583656],[108.118804,36.54168],[108.025764,36.577401],[107.967022,36.646313],[107.913336,36.652515],[107.859669,36.778045],[107.714626,36.821494],[107.514622,36.818022],[107.486546,36.881622],[107.415288,36.876439],[107.284235,36.908341],[107.264075,36.92678],[107.283965,37.096049],[107.225811,37.083496],[107.165965,37.11616],[107.087421,37.125736],[106.958438,37.092268],[106.898431,37.125753],[106.847302,37.101876],[106.753886,37.153338],[106.71061,37.099098],[106.605211,37.099214],[106.602897,36.921396],[106.547082,36.94201],[106.505273,36.881615],[106.555017,36.867931],[106.6016,36.899251],[106.592214,36.828251],[106.617347,36.776738],[106.576302,36.725233],[106.510947,36.733188],[106.466262,36.688621],[106.426374,36.567217],[106.330426,36.527332],[106.466138,36.421504],[106.485356,36.349505],[106.435725,36.27028],[106.576237,36.271505],[106.730951,36.205721],[106.828141,36.210848],[106.916793,36.090991],[106.91961,35.964573],[106.835544,35.895266],[106.895499,35.751687],[106.815457,35.754107],[106.785126,35.698489],[106.721018,35.724255],[106.681292,35.679867],[106.559928,35.727027],[106.448021,35.737185],[106.385712,35.688855],[106.432581,35.559793],[106.417138,35.505374],[106.455609,35.449837],[106.4642,35.384598],[106.423357,35.249809],[106.372123,35.220242],[106.328393,35.241678],[106.216717,35.404812],[106.18246,35.412209],[106.11121,35.355159],[106.058404,35.437671],[105.92182,35.414889],[106.038213,35.469964],[105.935627,35.52525],[105.865212,35.497359],[105.813704,35.589084],[105.713371,35.684387],[105.707929,35.69884],[105.742128,35.710966],[105.73223,35.72161],[105.631792,35.729165],[105.589575,35.694775],[105.485941,35.75699],[105.377585,35.778697],[105.383593,35.833801],[105.333131,35.859401],[105.33269,35.943535],[105.35776,35.992022],[105.455545,36.035794],[105.5072,36.110795],[105.486904,36.296648],[105.397673,36.476432],[105.349856,36.515455],[105.259267,36.528087],[105.223196,36.668489],[105.238363,36.69917],[105.323467,36.742155],[105.31999,36.817319],[105.259997,36.901048],[105.16149,36.869044],[105.168967,36.949048],[105.117436,37.003801],[104.95943,37.057086],[104.894327,37.122749],[104.856277,37.21072],[104.669387,37.222971],[104.617944,37.270268],[104.767683,37.346433],[104.81345,37.381227],[104.816252,37.418404],[104.662263,37.399794],[104.523181,37.423309],[104.226748,37.419207],[104.104606,37.442042],[103.856598,37.591409],[103.77415,37.707874],[103.712797,37.748728],[103.420489,37.831011],[103.368371,38.005934],[103.377325,38.063782],[103.430966,38.107212],[103.533392,38.111162],[103.537652,38.240684],[103.505913,38.324816],[103.424542,38.389056],[103.896646,38.605982],[104.023185,38.847518],[104.179999,38.936315],[104.207331,39.073828],[104.079533,39.273485],[104.09379,39.398614],[103.842303,39.439674],[103.51396,39.357586],[103.030253,39.085836],[102.90162,39.093916],[102.639511,39.154442],[102.524614,39.226615],[102.088206,39.103585],[101.860998,39.113908],[102.098763,38.873859],[101.949849,38.769698],[101.886426,38.650214],[101.860234,38.640338],[101.800202,38.640729],[101.738869,38.67322],[101.644216,38.641313],[101.539229,38.719427],[101.340617,38.753286],[101.337695,38.83062],[101.265353,38.861444],[101.266505,38.930763],[101.219831,38.94329],[101.256514,39.003918],[101.074209,38.942676],[100.979731,38.935095],[100.957185,39.014811],[100.858982,38.969531],[100.857926,39.048686],[100.917576,39.085447],[100.875874,39.152354],[100.895489,39.356048],[100.530875,39.369665],[100.540918,39.454037],[100.339235,39.523708],[100.336796,39.631661],[100.281166,39.696694],[100.130495,39.714307],[99.793714,39.841347],[99.489453,39.852605],[99.558561,39.911384],[99.599977,40.008845],[99.988973,40.201069],[100.01798,40.348082],[100.234027,40.559074],[100.268892,40.660416],[100.187876,40.810555],[100.080394,40.879651],[99.682328,40.920033],[99.598878,40.829701],[99.205646,40.841005],[98.880555,40.72692],[98.65788,40.515706],[98.286221,40.521273],[98.402881,40.80747],[98.382117,40.902596],[98.244708,40.926331],[97.998337,41.069353],[97.612967,41.48162],[97.856347,41.643532],[97.170159,42.796235],[96.972915,42.752904],[96.395572,42.718897]]]},"properties":{"name":"Gansu","created_at":"2013-12-02T20:23:52+0100","updated_at":"2013-12-20T02:40:23+0100","name_simplified_chinese":"甘肃","cartodb_id":24,"name_traditional_chinese":"甘肅"}},
{"type":"Feature","geometry":{"type":"Polygon","coordinates":[[[111.136298,39.401963],[111.075397,39.481976],[111.127539,39.571773],[111.092155,39.580913],[110.97702,39.555256],[110.815239,39.469647],[110.728315,39.397619],[110.714592,39.315438],[110.663395,39.256447],[110.52116,39.31013],[110.49305,39.342071],[110.436395,39.336957],[110.384295,39.292895],[110.21581,39.440541],[110.097112,39.462171],[110.076618,39.406978],[110.113423,39.382405],[110.162381,39.29647],[110.062437,39.241224],[109.958806,39.216458],[109.843634,39.125276],[109.672188,39.069232],[109.543416,38.816839],[109.393676,38.793229],[109.355822,38.708168],[109.305747,38.68492],[109.330973,38.614325],[109.258523,38.616582],[109.160917,38.570892],[109.065606,38.448236],[109.009839,38.434559],[108.898072,38.349671],[108.864259,38.2044],[109.010799,38.088041],[109.02001,38.002276],[108.934225,37.895498],[108.802218,38.020853],[108.764428,37.99309],[108.769808,37.948944],[108.735847,37.903534],[108.743544,37.792231],[108.782486,37.674164],[108.69168,37.654706],[108.501133,37.664107],[108.326739,37.620405],[108.223362,37.651725],[108.085591,37.625875],[108.051921,37.63421],[107.98533,37.793193],[107.793939,37.854597],[107.634091,37.876906],[107.624403,37.802075],[107.583959,37.765958],[107.492892,37.75891],[107.453028,37.742216],[107.449709,37.704136],[107.361508,37.683789],[107.333846,37.617794],[107.27917,37.567133],[107.327003,37.551339],[107.303771,37.492499],[107.189207,37.365698],[107.25707,37.29766],[107.257761,37.278808],[107.212933,37.255216],[107.22076,37.220168],[107.30796,37.153464],[107.283965,37.096049],[107.264075,36.92678],[107.284235,36.908341],[107.415288,36.876439],[107.486546,36.881622],[107.514622,36.818022],[107.714626,36.821494],[107.859669,36.778045],[107.913336,36.652515],[107.967022,36.646313],[108.025764,36.577401],[108.118804,36.54168],[108.147335,36.583656],[108.325002,36.524246],[108.388827,36.464077],[108.598742,36.414424],[108.679916,36.369459],[108.67448,36.30474],[108.609629,36.257185],[108.610878,36.189122],[108.663455,36.096859],[108.667396,36.0023],[108.63214,35.954176],[108.505038,35.933271],[108.464595,35.870004],[108.482015,35.787981],[108.470308,35.698529],[108.568656,35.502982],[108.580633,35.340766],[108.42132,35.274888],[108.32638,35.291398],[108.237333,35.266561],[108.205164,35.311404],[108.1605,35.304856],[107.935082,35.214726],[107.904142,35.254596],[107.705646,35.318804],[107.693934,35.258517],[107.639062,35.223874],[107.732658,35.045136],[107.808436,34.990002],[107.593487,34.923039],[107.57868,34.960193],[107.489543,34.956479],[107.464516,34.888002],[107.236324,34.916514],[107.204593,34.869784],[107.123972,34.882103],[107.117979,34.923561],[107.049765,34.96001],[107.058166,35.002692],[106.883963,35.099931],[106.523356,35.065897],[106.486345,35.041756],[106.465124,35.014916],[106.467396,34.96483],[106.537136,34.816324],[106.529672,34.760684],[106.44117,34.739724],[106.335254,34.596749],[106.378438,34.521436],[106.522764,34.470094],[106.642259,34.378309],[106.653828,34.339014],[106.637029,34.269907],[106.519201,34.253465],[106.507456,34.220598],[106.603393,34.134311],[106.59106,34.115484],[106.5158,34.108114],[106.453027,34.042948],[106.442647,33.981895],[106.440627,33.881455],[106.474653,33.853367],[106.4685,33.771289],[106.487896,33.703145],[106.551098,33.678505],[106.5732,33.620986],[106.563029,33.554639],[106.522392,33.513862],[106.442273,33.54018],[106.427252,33.606283],[106.406031,33.615426],[106.372044,33.591457],[106.293655,33.591763],[106.162841,33.54867],[106.133409,33.591233],[106.040331,33.613126],[105.960698,33.589237],[105.871866,33.503788],[105.856258,33.404751],[105.744681,33.366329],[105.791273,33.274245],[105.952408,33.240007],[106.014016,33.178559],[105.943569,33.14935],[105.938279,32.996463],[105.878635,32.930536],[105.628838,32.870353],[105.504478,32.904071],[105.504537,32.802774],[105.574805,32.708511],[105.787795,32.757801],[105.828092,32.795605],[105.823282,32.825639],[106.069627,32.845352],[106.099642,32.808126],[106.076002,32.759409],[106.228257,32.678943],[106.314111,32.671793],[106.403951,32.623845],[106.462655,32.641553],[106.483069,32.669673],[106.727416,32.728853],[106.805611,32.696288],[107.057473,32.712462],[107.083414,32.645931],[107.046666,32.599587],[107.03868,32.495645],[107.126136,32.497493],[107.12403,32.450453],[107.224022,32.413623],[107.290275,32.524608],[107.394349,32.542702],[107.414328,32.506054],[107.392484,32.437193],[107.405661,32.407437],[107.441997,32.390745],[107.54809,32.408771],[107.64582,32.394575],[107.769426,32.241819],[107.880457,32.182567],[107.905534,32.145069],[107.953644,32.153332],[108.013349,32.228332],[108.109204,32.2279],[108.187154,32.247384],[108.193713,32.276776],[108.265635,32.284548],[108.295021,32.24264],[108.454849,32.263661],[108.448369,32.228969],[108.502427,32.202956],[108.898189,31.982774],[108.969189,31.976823],[109.024636,31.946657],[109.225516,31.783774],[109.245894,31.730849],[109.299074,31.693421],[109.398953,31.72838],[109.546391,31.721712],[109.597888,31.798036],[109.557134,31.864979],[109.581137,31.966294],[109.557127,32.052895],[109.581002,32.102781],[109.566513,32.195672],[109.509042,32.22074],[109.442194,32.342236],[109.545216,32.431988],[109.518972,32.483663],[109.537761,32.549713],[109.740823,32.545497],[109.882091,32.583095],[109.998068,32.557415],[110.080736,32.609336],[110.119805,32.595416],[110.146678,32.612401],[110.104565,32.707775],[110.120551,32.733553],[110.102717,32.812647],[110.073546,32.838778],[109.895746,32.879655],[109.784701,32.852278],[109.731467,32.890795],[109.749955,32.960898],[109.736138,33.012995],[109.76157,33.056598],[109.573391,33.122018],[109.462327,33.124332],[109.437519,33.170066],[109.603348,33.252414],[109.85695,33.239723],[110.074556,33.175836],[110.246704,33.167975],[110.402258,33.192552],[110.529441,33.243398],[110.556734,33.234622],[110.577754,33.166541],[110.618201,33.131234],[110.693379,33.107465],[110.804258,33.165973],[110.845567,33.212884],[110.924025,33.207557],[110.967628,33.265027],[111.013455,33.347276],[111.001525,33.53394],[110.889863,33.629538],[110.805453,33.671984],[110.791015,33.764831],[110.76353,33.788688],[110.667839,33.848705],[110.607517,33.829141],[110.585362,33.870655],[110.638872,33.949452],[110.566098,33.99085],[110.546032,34.042077],[110.639316,34.112122],[110.568451,34.182694],[110.39372,34.251103],[110.393553,34.274967],[110.487187,34.308872],[110.354686,34.448042],[110.332061,34.508925],[110.36374,34.562751],[110.340608,34.594765],[110.268333,34.607508],[110.240097,34.637693],[110.237575,34.906299],[110.304277,35.036658],[110.336595,35.229815],[110.448193,35.359937],[110.560625,35.562708],[110.561274,35.663066],[110.533527,35.816227],[110.467236,35.869921],[110.48219,35.955184],[110.431975,36.069119],[110.417984,36.182918],[110.451156,36.268108],[110.429578,36.322209],[110.448065,36.376173],[110.430064,36.424573],[110.459486,36.467117],[110.416278,36.595219],[110.361605,36.640886],[110.420474,36.708931],[110.358422,36.76031],[110.391592,36.802858],[110.351467,36.856998],[110.370005,36.902433],[110.344527,36.965054],[110.414413,36.979053],[110.411,37.033083],[110.455242,37.052829],[110.648218,37.270888],[110.652263,37.316354],[110.608283,37.359222],[110.619758,37.413182],[110.678951,37.418562],[110.761337,37.534656],[110.743239,37.580258],[110.758611,37.639871],[110.688526,37.682921],[110.726007,37.725356],[110.715023,37.742476],[110.637422,37.788383],[110.563854,37.896773],[110.460039,37.956906],[110.479235,38.062035],[110.468535,38.150216],[110.51735,38.198363],[110.539667,38.262108],[110.68133,38.338063],[110.738583,38.423589],[110.803282,38.432394],[110.836017,38.472037],[110.865158,38.551554],[110.857715,38.612926],[110.986535,38.87876],[110.958895,38.94643],[110.971403,38.97087],[111.069496,39.003828],[111.110908,39.055612],[111.174717,39.235994],[111.252713,39.262873],[111.240803,39.284453],[111.175501,39.288125],[111.204991,39.346139],[111.098489,39.331745],[111.086498,39.350248],[111.136298,39.401963]]]},"properties":{"name":"Shaanxi","created_at":"2013-12-02T20:23:52+0100","updated_at":"2013-12-20T02:40:28+0100","name_simplified_chinese":"陕西","cartodb_id":25,"name_traditional_chinese":"陝西"}},
{"type":"Feature","geometry":{"type":"Polygon","coordinates":[[[121.466243,53.317989],[121.143538,53.252842],[120.796531,53.270064],[120.744257,53.192811],[120.263701,52.845968],[120.000225,52.749098],[120.01833,52.674175],[119.96823,52.592227],[120.037245,52.555753],[120.089162,52.542085],[120.219313,52.582924],[120.44867,52.612463],[120.60723,52.55278],[120.666821,52.505305],[120.650403,52.401521],[120.565277,52.304298],[120.65242,52.257873],[120.69944,52.19715],[120.70327,52.093166],[120.629992,52.014243],[120.645635,51.984935],[120.59298,51.898079],[120.454677,51.863058],[120.307619,51.769264],[120.196577,51.730408],[120.137168,51.679717],[120.04669,51.651686],[119.959424,51.497622],[119.94763,51.377374],[119.870951,51.352191],[119.877738,51.319899],[119.811515,51.277176],[119.788878,51.198975],[119.719851,51.18546],[119.740054,51.116817],[119.715956,51.057485],[119.625673,50.9826],[119.533166,50.941488],[119.464382,50.86528],[119.446192,50.732832],[119.257327,50.561211],[119.182979,50.41646],[119.090022,50.395795],[119.102012,50.347603],[119.309358,50.339147],[119.311431,50.281292],[119.284582,50.227966],[119.309039,50.190217],[119.237431,50.095863],[119.132454,50.065763],[119.025332,49.975312],[118.520827,49.914429],[118.431131,49.819963],[118.332605,49.825231],[118.328802,49.76977],[118.305602,49.750585],[118.200645,49.735714],[118.134743,49.660341],[118.039245,49.641163],[117.997988,49.608989],[117.84148,49.577978],[117.741954,49.490795],[117.583972,49.549866],[117.54898,49.58675],[117.20958,49.612841],[117.050764,49.652425],[116.962605,49.718396],[116.681152,49.836144],[116.030421,48.931177],[116.000799,48.872365],[116.007582,48.771625],[115.799184,48.584112],[115.74667,48.507775],[115.765958,48.249527],[115.517127,48.144445],[115.484102,48.065679],[115.50739,47.959268],[115.497293,47.914641],[115.532391,47.876708],[115.816628,47.670135],[115.876099,47.654165],[116.013631,47.784717],[116.133836,47.831446],[116.480055,47.828486],[116.611308,47.857858],[116.90556,47.833142],[117.309557,47.623645],[117.441673,47.726572],[117.499629,47.724688],[117.491884,47.767305],[117.729183,47.973385],[117.823481,47.991625],[118.007247,47.983115],[118.168242,48.025252],[118.235324,47.994076],[118.47296,47.970136],[118.59748,47.853766],[118.674733,47.730819],[118.887279,47.687357],[118.963398,47.647069],[119.068871,47.636248],[119.081475,47.512362],[119.305657,47.451056],[119.305627,47.419831],[119.286779,47.420062],[119.49968,47.267315],[119.519075,47.231214],[119.614541,47.20131],[119.67708,47.156939],[119.76652,47.044734],[119.747457,47.023024],[119.810333,46.924467],[119.88071,46.881351],[119.870903,46.829727],[119.895215,46.78321],[119.866637,46.663191],[119.750232,46.671883],[119.721256,46.614027],[119.655594,46.581625],[119.555581,46.600833],[119.464183,46.584633],[119.43304,46.621385],[119.36665,46.59256],[119.196004,46.591177],[119.081374,46.600867],[118.965502,46.686532],[118.869192,46.68398],[118.845666,46.753115],[118.791123,46.754458],[118.745406,46.729641],[118.719629,46.648739],[118.629711,46.67678],[118.452133,46.673976],[118.34899,46.715386],[118.244098,46.707395],[118.189847,46.675557],[118.080261,46.660386],[118.042402,46.63129],[117.957533,46.62204],[117.832521,46.57366],[117.810815,46.519917],[117.779416,46.499585],[117.741511,46.517979],[117.673775,46.493071],[117.574762,46.588537],[117.395264,46.562613],[117.388291,46.49349],[117.331793,46.459661],[117.33112,46.36012],[117.049547,46.339606],[116.784207,46.378102],[116.699663,46.322483],[116.541136,46.296472],[116.242707,46.004242],[116.191627,45.912423],[116.232693,45.789574],[116.212357,45.750315],[116.170686,45.738337],[116.166317,45.701175],[115.856982,45.602235],[115.665978,45.46471],[115.441356,45.411881],[114.843945,45.378104],[114.700483,45.443417],[114.500301,45.391128],[114.464978,45.275793],[114.291702,45.108015],[114.155928,45.046281],[114.061509,44.951601],[113.83704,44.892762],[113.829621,44.872977],[113.595358,44.75778],[113.107845,44.784266],[112.745088,44.839716],[112.58234,44.891295],[112.375752,45.056759],[112.070833,45.057034],[111.972952,45.091738],[111.906298,45.069771],[111.714943,44.960956],[111.64908,44.895321],[111.524325,44.684156],[111.485818,44.515876],[111.370548,44.355449],[111.379018,44.313722],[111.469333,44.253301],[111.481143,44.179865],[111.564164,44.077805],[111.746372,43.963051],[111.842648,43.853512],[111.903392,43.829347],[111.905954,43.700876],[111.820867,43.64298],[111.755948,43.639103],[111.655126,43.536968],[111.548692,43.465564],[111.363367,43.453402],[111.295626,43.405952],[110.949033,43.301108],[110.629681,43.012047],[110.536374,42.892087],[110.35804,42.748612],[110.051202,42.627244],[109.685723,42.583419],[109.4237,42.43204],[109.325209,42.415966],[109.030066,42.425069],[108.737441,42.379433],[108.406015,42.434561],[108.245149,42.421304],[108.150394,42.451363],[107.8613,42.388585],[107.665719,42.404677],[107.577651,42.387554],[107.513588,42.395248],[107.45173,42.439048],[107.395577,42.436033],[107.308928,42.416063],[107.14687,42.325687],[106.637146,42.235951],[106.016799,42.020785],[105.314581,41.751019],[105.285947,41.718374],[105.263312,41.735799],[105.000475,41.561193],[104.929154,41.635931],[104.546064,41.626299],[104.540856,41.854429],[104.027871,41.770019],[103.867788,41.769658],[103.643137,41.808375],[103.36875,41.869476],[103.207671,41.949625],[102.721277,42.12926],[102.304474,42.148637],[102.102306,42.199852],[101.829256,42.492614],[101.396116,42.550043],[100.813588,42.671967],[100.342449,42.670054],[100.265915,42.623616],[100.053391,42.637718],[99.437256,42.553601],[98.238978,42.637055],[97.170159,42.796235],[97.856347,41.643532],[97.612967,41.48162],[97.998337,41.069353],[98.244708,40.926331],[98.382117,40.902596],[98.402881,40.80747],[98.286221,40.521273],[98.65788,40.515706],[98.880555,40.72692],[99.205646,40.841005],[99.598878,40.829701],[99.682328,40.920033],[100.080394,40.879651],[100.187876,40.810555],[100.268892,40.660416],[100.234027,40.559074],[100.01798,40.348082],[99.988973,40.201069],[99.599977,40.008845],[99.558561,39.911384],[99.489453,39.852605],[99.793714,39.841347],[100.130495,39.714307],[100.281166,39.696694],[100.336796,39.631661],[100.339235,39.523708],[100.540918,39.454037],[100.530875,39.369665],[100.895489,39.356048],[100.875874,39.152354],[100.917576,39.085447],[100.857926,39.048686],[100.858982,38.969531],[100.957185,39.014811],[100.979731,38.935095],[101.074209,38.942676],[101.256514,39.003918],[101.219831,38.94329],[101.266505,38.930763],[101.265353,38.861444],[101.337695,38.83062],[101.340617,38.753286],[101.539229,38.719427],[101.644216,38.641313],[101.738869,38.67322],[101.800202,38.640729],[101.860234,38.640338],[101.886426,38.650214],[101.949849,38.769698],[102.098763,38.873859],[101.860998,39.113908],[102.088206,39.103585],[102.524614,39.226615],[102.639511,39.154442],[102.90162,39.093916],[103.030253,39.085836],[103.51396,39.357586],[103.842303,39.439674],[104.09379,39.398614],[104.079533,39.273485],[104.207331,39.073828],[104.179999,38.936315],[104.023185,38.847518],[103.896646,38.605982],[103.424542,38.389056],[103.505913,38.324816],[103.537652,38.240684],[103.533392,38.111162],[103.430966,38.107212],[103.377325,38.063782],[103.368371,38.005934],[103.420489,37.831011],[103.712797,37.748728],[103.77415,37.707874],[103.856598,37.591409],[104.104606,37.442042],[104.226748,37.419207],[104.28942,37.483227],[104.390404,37.455955],[104.447216,37.508035],[104.533594,37.512514],[104.621418,37.556485],[104.893519,37.524872],[105.291074,37.695142],[105.416596,37.723332],[105.538866,37.68849],[105.630843,37.705822],[105.610451,37.776269],[105.698298,37.781794],[105.804495,37.831615],[105.869411,37.920005],[105.8719,37.981081],[105.852733,38.054287],[105.754403,38.160849],[105.801563,38.263541],[105.85914,38.329957],[105.835793,38.385132],[105.85714,38.448402],[105.862095,38.603789],[105.954204,38.883896],[106.072079,38.956151],[106.085035,39.030905],[106.220487,39.128105],[106.269509,39.122876],[106.280924,39.253658],[106.355666,39.287587],[106.46572,39.275106],[106.535755,39.349143],[106.734571,39.380323],[106.766696,39.260388],[106.843311,39.121415],[106.845348,39.073915],[106.933932,39.046731],[106.973858,38.961708],[106.951061,38.926444],[106.767952,38.845306],[106.695757,38.775768],[106.64539,38.698407],[106.589335,38.390899],[106.513458,38.343779],[106.5186,38.301328],[106.80746,38.157028],[107.011275,38.101507],[107.153081,38.155962],[107.236942,38.149815],[107.306795,38.113264],[107.417737,37.994386],[107.459036,37.905023],[107.506112,37.882066],[107.634091,37.876906],[107.793939,37.854597],[107.98533,37.793193],[108.051921,37.63421],[108.085591,37.625875],[108.223362,37.651725],[108.326739,37.620405],[108.501133,37.664107],[108.69168,37.654706],[108.782486,37.674164],[108.743544,37.792231],[108.735847,37.903534],[108.769808,37.948944],[108.764428,37.99309],[108.802218,38.020853],[108.934225,37.895498],[109.02001,38.002276],[109.010799,38.088041],[108.864259,38.2044],[108.898072,38.349671],[109.009839,38.434559],[109.065606,38.448236],[109.160917,38.570892],[109.258523,38.616582],[109.330973,38.614325],[109.305747,38.68492],[109.355822,38.708168],[109.393676,38.793229],[109.543416,38.816839],[109.672188,39.069232],[109.843634,39.125276],[109.958806,39.216458],[110.062437,39.241224],[110.162381,39.29647],[110.113423,39.382405],[110.076618,39.406978],[110.097112,39.462171],[110.21581,39.440541],[110.384295,39.292895],[110.436395,39.336957],[110.49305,39.342071],[110.52116,39.31013],[110.663395,39.256447],[110.714592,39.315438],[110.728315,39.397619],[110.815239,39.469647],[110.97702,39.555256],[111.092155,39.580913],[111.127539,39.571773],[111.075397,39.481976],[111.136298,39.401963],[111.230101,39.382713],[111.32857,39.400146],[111.34585,39.452117],[111.399679,39.485299],[111.433637,39.549356],[111.434208,39.580024],[111.377563,39.62358],[111.435409,39.644441],[111.800452,39.630733],[111.840176,39.594625],[111.911927,39.656771],[112.027634,39.968615],[112.147696,40.153397],[112.366856,40.286283],[112.411282,40.298152],[112.553927,40.264598],[112.677957,40.183662],[112.79301,40.162873],[112.982858,40.361406],[113.134948,40.428556],[113.237809,40.407672],[113.378869,40.315099],[113.545017,40.323065],[113.630651,40.379118],[113.667118,40.445707],[113.762831,40.532135],[113.823064,40.490481],[113.864544,40.489288],[113.979193,40.535085],[114.004895,40.703326],[114.04501,40.751298],[114.080303,40.759678],[113.919409,41.0153],[113.825098,41.072274],[113.88366,41.147098],[113.979495,41.18387],[114.007902,41.226587],[113.948968,41.235909],[113.914269,41.275647],[113.948156,41.363421],[113.860935,41.396366],[114.02707,41.537825],[114.233208,41.499216],[114.173711,41.664539],[114.19532,41.820827],[114.283875,41.915231],[114.449154,41.946438],[114.486044,41.975601],[114.455145,42.044676],[114.465469,42.080752],[114.577703,42.120305],[114.761819,42.101883],[114.768503,42.135389],[114.808056,42.141349],[114.851687,42.109049],[114.856676,42.020243],[114.887679,41.982987],[114.914512,41.847459],[114.871794,41.780472],[114.878053,41.693448],[114.840393,41.582024],[114.947326,41.601894],[115.063377,41.587727],[115.093858,41.609821],[115.200926,41.567459],[115.233423,41.602751],[115.306213,41.578238],[115.354755,41.596144],[115.282395,41.688906],[115.318753,41.725831],[115.414081,41.709385],[115.498576,41.773901],[115.839903,41.918404],[115.892118,41.92489],[115.979154,41.822329],[115.98375,41.783144],[116.044951,41.750685],[116.080818,41.79188],[116.082422,41.831723],[116.181861,41.855373],[116.215699,41.933882],[116.317302,41.983973],[116.388514,41.986431],[116.391557,41.929536],[116.458894,41.965575],[116.509173,41.910779],[116.644075,41.90118],[116.684625,41.926941],[116.697046,41.969484],[116.803322,41.970389],[116.845994,42.017585],[116.850358,42.063621],[116.784459,42.173088],[116.80448,42.192637],[116.848887,42.180049],[116.90191,42.212345],[116.854217,42.289899],[116.870525,42.383311],[117.014572,42.440877],[117.248287,42.46308],[117.367966,42.436148],[117.417534,42.479989],[117.440195,42.53933],[117.481148,42.555133],[117.566478,42.529674],[117.737472,42.562116],[117.956753,42.404334],[118.009391,42.275423],[117.937245,42.216972],[118.059347,42.145666],[118.048617,42.087642],[118.10853,42.090268],[118.098109,42.035326],[118.156586,42.025665],[118.208304,42.068864],[118.252165,42.060861],[118.245631,41.996361],[118.287824,41.953219],[118.241201,41.904228],[118.313911,41.848764],[118.297112,41.76798],[118.260889,41.736216],[118.161066,41.788654],[118.109622,41.762993],[118.09796,41.706795],[118.191039,41.612152],[118.196903,41.561233],[118.266059,41.54595],[118.278192,41.497351],[118.240081,41.445288],[118.291316,41.386576],[118.326489,41.30211],[118.413728,41.299937],[118.474207,41.344476],[118.640263,41.317294],[118.78306,41.32322],[118.852986,41.262294],[118.920697,41.270709],[118.951855,41.299924],[119.07058,41.275022],[119.187497,41.306059],[119.267287,41.318995],[119.268766,41.387429],[119.346018,41.479784],[119.302791,41.538341],[119.341199,41.606716],[119.27834,41.645003],[119.262332,41.785065],[119.303954,41.976835],[119.356456,42.053579],[119.217004,42.195951],[119.305834,42.28884],[119.37059,42.293685],[119.482781,42.366339],[119.530593,42.337735],[119.592706,42.221065],[119.808633,42.195077],[119.830671,42.104333],[119.811561,42.072719],[119.972553,41.894362],[119.995672,41.831167],[119.99765,41.704464],[120.060519,41.681118],[120.085271,41.691764],[120.108114,41.784548],[120.212454,41.931888],[120.248852,41.963049],[120.362521,41.966946],[120.392991,41.990498],[120.438348,42.031633],[120.4312,42.100865],[120.470295,42.140702],[120.570148,42.149085],[120.748919,42.222617],[120.936768,42.20664],[120.834249,42.248023],[120.937143,42.263081],[121.234279,42.378114],[121.362912,42.481072],[121.470515,42.478589],[121.564477,42.503147],[121.586746,42.446069],[121.625641,42.436273],[121.829922,42.529173],[121.881224,42.64818],[121.955286,42.713221],[122.313416,42.654132],[122.442516,42.758861],[122.329645,42.783343],[122.336699,42.816731],[122.747605,42.76406],[122.811141,42.701734],[122.835842,42.748683],[123.000704,42.750219],[123.162391,42.794865],[123.129843,42.901939],[123.209994,42.995159],[123.358794,43.013357],[123.483122,42.997968],[123.510692,42.975713],[123.626397,43.17612],[123.611859,43.242755],[123.643038,43.262495],[123.633138,43.305861],[123.678554,43.304626],[123.687986,43.329776],[123.661415,43.381327],[123.477916,43.425436],[123.480373,43.366508],[123.29628,43.456066],[123.322331,43.533548],[123.428632,43.550885],[123.496464,43.642153],[123.395251,43.736786],[123.41932,43.838882],[123.39932,43.902819],[123.319596,43.992073],[123.314695,44.150781],[123.20844,44.234575],[123.18286,44.294522],[123.090349,44.378728],[123.120736,44.499102],[122.981794,44.501229],[122.586596,44.288261],[122.396462,44.214282],[122.283537,44.223561],[122.222393,44.252003],[122.265994,44.418273],[122.252838,44.448801],[122.163753,44.495724],[122.116127,44.568389],[122.034407,44.578683],[122.022494,44.671094],[122.066658,44.765255],[122.017503,44.749878],[121.999547,44.888561],[122.010256,44.923577],[122.05606,44.945805],[122.042712,44.976343],[122.075401,45.110792],[122.110806,45.179683],[122.167739,45.21076],[122.179522,45.252131],[122.077968,45.342751],[122.138138,45.39075],[122.101186,45.438039],[121.901458,45.554884],[121.934307,45.587269],[121.93187,45.677578],[121.913822,45.700719],[121.820766,45.718378],[121.723492,45.681361],[121.608791,45.747513],[121.719525,45.787116],[121.775256,45.846532],[121.759555,45.921754],[121.709542,45.987182],[121.76151,46.016285],[121.848742,45.992846],[121.917698,46.014178],[122.086804,45.856549],[122.167468,45.841579],[122.223478,45.798013],[122.355811,45.911099],[122.428002,45.906644],[122.43557,45.819363],[122.493744,45.760148],[122.562942,45.768501],[122.648528,45.654484],[122.758367,45.73489],[122.764096,45.856216],[122.715348,46.056494],[122.81815,46.088863],[122.999591,46.073384],[123.058047,46.125895],[123.059402,46.194464],[123.094612,46.249092],[122.94523,46.515682],[123.010676,46.608378],[123.232206,46.591401],[123.307809,46.66006],[123.484123,46.679807],[123.546803,46.729863],[123.577976,46.861928],[123.540889,46.868722],[123.529732,46.836837],[123.49352,46.823773],[123.438236,46.835535],[123.480193,46.950183],[123.315236,46.990236],[123.296678,46.960367],[123.338311,46.919261],[123.316755,46.863295],[123.259996,46.843195],[123.177676,46.854379],[123.092073,46.739118],[123.010266,46.724841],[122.924228,46.743464],[122.87099,46.824231],[122.87295,46.918173],[122.739672,46.911932],[122.727425,46.931112],[122.72904,46.996139],[122.81785,47.046212],[122.549804,47.142221],[122.460535,47.204283],[122.392658,47.326059],[122.472537,47.413444],[122.525139,47.524954],[122.684041,47.576438],[122.942275,47.717829],[123.146695,47.769526],[123.233308,47.834455],[123.269311,47.92012],[123.493728,47.98718],[123.624918,48.082487],[123.678665,48.160409],[124.103084,48.449526],[124.163072,48.517485],[124.242703,48.484193],[124.253035,48.3299],[124.418711,48.145842],[124.422234,48.087158],[124.479375,48.201826],[124.511218,48.224187],[124.510099,48.29362],[124.462993,48.400498],[124.50248,48.557269],[124.557664,48.635843],[124.598484,48.821935],[124.697694,48.925479],[124.722917,49.01449],[124.747495,49.026677],[124.743418,49.082033],[124.853688,49.1589],[124.972336,49.150541],[125.033801,49.107612],[125.140352,49.166348],[125.193897,49.303917],[125.201325,49.383919],[125.167366,49.523312],[125.128365,49.59346],[125.068616,49.621619],[125.096771,49.648147],[125.149054,49.63545],[125.17349,49.765337],[125.133127,49.806255],[125.165148,49.825065],[125.172615,49.857422],[125.141335,49.937928],[125.200937,49.97971],[125.200935,50.027593],[125.249359,50.04473],[125.221405,50.091821],[125.300403,50.120563],[125.286239,50.155206],[125.361601,50.191688],[125.376839,50.256514],[125.448295,50.322921],[125.460745,50.399172],[125.497211,50.387994],[125.502892,50.435421],[125.580121,50.431052],[125.631264,50.481124],[125.686718,50.478991],[125.725313,50.522982],[125.737735,50.551255],[125.71616,50.694107],[125.684775,50.727015],[125.742186,50.73208],[125.763642,50.774246],[125.806399,50.788242],[125.867904,50.85582],[125.929148,50.853007],[125.978953,50.918115],[125.988438,51.002393],[125.92953,51.038348],[125.915324,51.095514],[125.820792,51.10182],[125.797647,51.122808],[125.761246,51.182317],[125.724378,51.193612],[125.61201,51.36131],[125.468233,51.485052],[125.291243,51.602661],[125.067221,51.674516],[125.015316,51.562445],[124.890035,51.494897],[124.908537,51.464254],[124.896208,51.447818],[124.817788,51.403521],[124.716282,51.381892],[124.658351,51.320692],[124.605006,51.323086],[124.497275,51.379903],[124.437475,51.372647],[124.398331,51.324421],[124.40189,51.283262],[124.291247,51.276173],[124.20216,51.334684],[124.143445,51.338348],[124.066666,51.278771],[123.997448,51.305611],[123.965161,51.287283],[123.869529,51.310016],[123.673965,51.409468],[123.638891,51.397804],[123.613259,51.343565],[123.518204,51.275208],[123.314071,51.204476],[123.241459,51.215501],[123.151613,51.280767],[123.115501,51.256135],[123.05808,51.265747],[122.993895,51.347216],[122.909407,51.377622],[122.931521,51.509164],[122.870582,51.630283],[122.782372,51.715691],[122.780706,51.778957],[122.717841,51.871535],[122.673203,52.057443],[122.627881,52.110514],[122.755581,52.169647],[122.760418,52.208341],[122.722206,52.24692],[122.517859,52.25083],[122.450063,52.234047],[122.401569,52.265001],[122.422085,52.296849],[122.414183,52.330086],[122.350577,52.327807],[122.338562,52.399577],[122.268642,52.447158],[122.179372,52.469219],[122.150177,52.459439],[121.998605,52.257269],[121.859908,52.228125],[121.812279,52.249497],[121.71607,52.381625],[121.450264,52.420423],[121.331682,52.513076],[121.207462,52.501751],[121.570897,52.754338],[121.676034,52.926588],[121.804075,53.015887],[121.736104,53.103424],[121.640851,53.14624],[121.608402,53.215164],[121.556995,53.228409],[121.466243,53.317989]]]},"properties":{"name":"Inner Mongolia","created_at":"2013-12-02T20:23:52+0100","updated_at":"2013-12-20T02:40:34+0100","name_simplified_chinese":"内蒙古","cartodb_id":26,"name_traditional_chinese":"內蒙古"}},
{"type":"Feature","geometry":{"type":"Polygon","coordinates":[[[109.546391,31.721712],[109.398953,31.72838],[109.299074,31.693421],[109.245894,31.730849],[109.225516,31.783774],[109.024636,31.946657],[108.969189,31.976823],[108.898189,31.982774],[108.502427,32.202956],[108.385449,32.179343],[108.382573,32.144912],[108.416038,32.125563],[108.429175,32.061459],[108.353763,32.052004],[108.33555,32.0279],[108.35529,31.995891],[108.340263,31.969899],[108.296538,31.983857],[108.266092,31.963591],[108.284225,31.90356],[108.332447,31.849527],[108.521983,31.747753],[108.499729,31.637239],[108.381296,31.597194],[108.382259,31.566353],[108.319063,31.504236],[108.202904,31.484684],[108.207656,31.424796],[108.16789,31.378388],[108.17099,31.314827],[108.035702,31.246568],[108.046159,31.204088],[108.082117,31.193057],[108.009139,31.085286],[108.037957,31.061917],[108.017301,31.032238],[107.918116,30.963837],[107.920692,30.923282],[107.95116,30.906817],[107.919561,30.848676],[107.810835,30.795478],[107.766642,30.814347],[107.744712,30.878131],[107.628727,30.831747],[107.527417,30.868287],[107.431701,30.701537],[107.492984,30.647184],[107.492169,30.619082],[107.34188,30.444526],[107.236882,30.234728],[107.054534,30.055415],[107.017732,30.033871],[106.944923,30.054402],[106.908693,30.031901],[106.806978,30.02751],[106.74882,30.052505],[106.675153,30.109491],[106.679625,30.153119],[106.628683,30.206637],[106.634194,30.245503],[106.597618,30.297016],[106.467002,30.286964],[106.437902,30.241569],[106.357026,30.228975],[106.290995,30.185932],[106.205828,30.202276],[106.176273,30.317906],[106.095252,30.318968],[106.006911,30.382636],[105.973377,30.363095],[105.868422,30.387384],[105.800043,30.431189],[105.726409,30.327855],[105.730197,30.270707],[105.623615,30.259263],[105.657923,30.203746],[105.550708,30.206981],[105.549447,30.143785],[105.584591,30.146401],[105.587037,30.11921],[105.725367,30.043762],[105.751681,29.986289],[105.715254,29.917729],[105.721839,29.830624],[105.617011,29.817724],[105.599151,29.740951],[105.558899,29.742904],[105.544155,29.711845],[105.509655,29.714296],[105.451204,29.67403],[105.421735,29.689892],[105.326433,29.574841],[105.309801,29.538636],[105.406785,29.501346],[105.418115,29.474677],[105.410696,29.412706],[105.433916,29.354273],[105.41306,29.322646],[105.525082,29.265068],[105.638641,29.269376],[105.649554,29.239824],[105.711033,29.260809],[105.731454,29.064384],[105.759693,29.040097],[105.75016,29.011363],[105.797157,28.922008],[105.911786,28.891771],[105.919309,28.918175],[105.984233,28.952758],[106.062784,28.897668],[106.17659,28.895836],[106.253411,28.841065],[106.250601,28.779082],[106.295246,28.729253],[106.324295,28.542117],[106.377893,28.521775],[106.383179,28.55742],[106.5047,28.534319],[106.480053,28.581891],[106.527474,28.657587],[106.519418,28.702969],[106.475378,28.719526],[106.439943,28.776578],[106.425833,28.841429],[106.477392,28.844797],[106.51725,28.780719],[106.576626,28.743136],[106.566114,28.722255],[106.644982,28.686104],[106.573146,28.522951],[106.604053,28.497019],[106.649985,28.50731],[106.697243,28.457661],[106.741573,28.482191],[106.724312,28.555974],[106.769191,28.567974],[106.732058,28.622398],[106.807224,28.597662],[106.836756,28.60742],[106.863867,28.654677],[106.819309,28.742904],[106.903107,28.794361],[106.964528,28.781676],[107.014481,28.879392],[107.092306,28.898027],[107.149871,28.883839],[107.214719,28.844879],[107.209496,28.822408],[107.245549,28.77805],[107.415189,28.87515],[107.442301,28.920555],[107.35781,29.082995],[107.427463,29.204546],[107.494484,29.191367],[107.535459,29.205924],[107.580755,29.163544],[107.668705,29.171356],[107.710183,29.200129],[107.754761,29.174595],[107.786895,29.008752],[107.835784,28.958135],[107.865088,28.967118],[107.88409,29.014869],[107.926596,29.043597],[108.078786,29.080356],[108.163814,29.080595],[108.226098,29.046378],[108.266266,29.087403],[108.282484,29.000406],[108.333933,28.9106],[108.317814,28.829096],[108.352725,28.769213],[108.287844,28.729418],[108.337592,28.656477],[108.473294,28.602283],[108.484458,28.644448],[108.544638,28.668878],[108.60758,28.631768],[108.561226,28.518417],[108.57705,28.467862],[108.562554,28.358977],[108.621582,28.344663],[108.649402,28.419301],[108.627567,28.465289],[108.68153,28.487752],[108.71702,28.469679],[108.739511,28.436182],[108.748268,28.335472],[108.735826,28.220057],[108.770883,28.213561],[108.811989,28.253599],[108.86448,28.206308],[108.914439,28.220568],[108.965912,28.16964],[109.012129,28.213263],[109.092517,28.198466],[109.088078,28.260904],[109.117257,28.289035],[109.146356,28.419804],[109.195754,28.46962],[109.2493,28.487412],[109.297389,28.59062],[109.205249,28.609849],[109.177415,28.659398],[109.279733,28.7554],[109.204085,28.868473],[109.292821,29.038199],[109.20507,29.139426],[109.205049,29.123416],[109.183523,29.16142],[109.093789,29.183248],[109.090177,29.347999],[109.048481,29.398125],[108.998486,29.354577],[108.88875,29.333162],[108.908476,29.420785],[108.883761,29.452423],[108.834613,29.460479],[108.829463,29.499571],[108.883906,29.574413],[108.8367,29.585172],[108.845604,29.604915],[108.810397,29.635458],[108.662753,29.691509],[108.647533,29.790014],[108.608302,29.847105],[108.535481,29.79584],[108.52816,29.722713],[108.448085,29.710397],[108.345307,29.824817],[108.378438,29.870022],[108.50279,29.877055],[108.494459,29.947178],[108.5299,29.989703],[108.489403,30.04849],[108.537007,30.143728],[108.536498,30.234424],[108.469802,30.321106],[108.388352,30.369202],[108.389774,30.494565],[108.565926,30.492802],[108.613974,30.621693],[108.650052,30.61527],[108.685373,30.559058],[108.780929,30.495914],[108.82708,30.505609],[108.947336,30.635579],[108.997862,30.642606],[109.045491,30.63802],[109.121504,30.54321],[109.161602,30.542906],[109.280075,30.631628],[109.324496,30.574467],[109.345112,30.490322],[109.384534,30.524589],[109.422815,30.621906],[109.520473,30.665516],[109.565651,30.667981],[109.648268,30.787879],[109.746592,30.865218],[109.957883,30.905202],[109.978055,30.901805],[109.992611,30.834429],[110.042693,30.803707],[110.092757,30.844406],[110.113882,30.878765],[110.144929,30.952654],[110.099442,31.047354],[110.093218,31.134296],[110.153508,31.160411],[110.109183,31.234682],[110.115859,31.310147],[110.049785,31.412629],[110.02755,31.400054],[110.006092,31.412324],[109.92833,31.461017],[109.927735,31.487588],[109.892484,31.501773],[109.833737,31.545789],[109.691704,31.548031],[109.709724,31.627137],[109.663495,31.712703],[109.638558,31.732846],[109.546391,31.721712]]]},"properties":{"name":"Chongqing","created_at":"2013-12-02T20:23:52+0100","updated_at":"2013-12-20T02:40:39+0100","name_simplified_chinese":"重庆","cartodb_id":27,"name_traditional_chinese":"重慶"}},
{"type":"Feature","geometry":{"type":"MultiPolygon","coordinates":[[[[119.187497,41.306059],[119.07058,41.275022],[118.951855,41.299924],[118.920697,41.270709],[118.852986,41.262294],[118.78306,41.32322],[118.640263,41.317294],[118.474207,41.344476],[118.413728,41.299937],[118.326489,41.30211],[118.291316,41.386576],[118.240081,41.445288],[118.278192,41.497351],[118.266059,41.54595],[118.196903,41.561233],[118.191039,41.612152],[118.09796,41.706795],[118.109622,41.762993],[118.161066,41.788654],[118.260889,41.736216],[118.297112,41.76798],[118.313911,41.848764],[118.241201,41.904228],[118.287824,41.953219],[118.245631,41.996361],[118.252165,42.060861],[118.208304,42.068864],[118.156586,42.025665],[118.098109,42.035326],[118.10853,42.090268],[118.048617,42.087642],[118.059347,42.145666],[117.937245,42.216972],[118.009391,42.275423],[117.956753,42.404334],[117.737472,42.562116],[117.566478,42.529674],[117.481148,42.555133],[117.440195,42.53933],[117.417534,42.479989],[117.367966,42.436148],[117.248287,42.46308],[117.014572,42.440877],[116.870525,42.383311],[116.854217,42.289899],[116.90191,42.212345],[116.848887,42.180049],[116.80448,42.192637],[116.784459,42.173088],[116.850358,42.063621],[116.845994,42.017585],[116.803322,41.970389],[116.697046,41.969484],[116.684625,41.926941],[116.644075,41.90118],[116.509173,41.910779],[116.458894,41.965575],[116.391557,41.929536],[116.388514,41.986431],[116.317302,41.983973],[116.215699,41.933882],[116.181861,41.855373],[116.082422,41.831723],[116.080818,41.79188],[116.044951,41.750685],[115.98375,41.783144],[115.979154,41.822329],[115.892118,41.92489],[115.839903,41.918404],[115.498576,41.773901],[115.414081,41.709385],[115.318753,41.725831],[115.282395,41.688906],[115.354755,41.596144],[115.306213,41.578238],[115.233423,41.602751],[115.200926,41.567459],[115.093858,41.609821],[115.063377,41.587727],[114.947326,41.601894],[114.840393,41.582024],[114.878053,41.693448],[114.871794,41.780472],[114.914512,41.847459],[114.887679,41.982987],[114.856676,42.020243],[114.851687,42.109049],[114.808056,42.141349],[114.768503,42.135389],[114.761819,42.101883],[114.577703,42.120305],[114.465469,42.080752],[114.455145,42.044676],[114.486044,41.975601],[114.449154,41.946438],[114.283875,41.915231],[114.19532,41.820827],[114.173711,41.664539],[114.233208,41.499216],[114.02707,41.537825],[113.860935,41.396366],[113.948156,41.363421],[113.914269,41.275647],[113.948968,41.235909],[114.007902,41.226587],[113.979495,41.18387],[113.88366,41.147098],[113.825098,41.072274],[113.919409,41.0153],[114.080303,40.759678],[114.131003,40.663476],[114.22076,40.60199],[114.289957,40.355218],[114.490601,40.298635],[114.322909,40.212865],[114.201161,40.213306],[114.171307,40.18575],[114.063233,40.169814],[114.049723,40.132112],[114.063575,40.064587],[114.038247,40.057231],[113.950458,40.095539],[113.904982,39.993579],[113.958555,39.991993],[114.005913,39.937762],[114.130544,39.876417],[114.262432,39.849247],[114.36984,39.859724],[114.399213,39.801479],[114.395559,39.748537],[114.362566,39.701674],[114.390742,39.644352],[114.502481,39.55294],[114.454513,39.363336],[114.396006,39.272119],[114.437522,39.176446],[114.364012,39.165161],[114.313199,39.13469],[114.311342,39.093206],[114.25847,39.094582],[114.158486,39.038801],[114.003949,39.110603],[113.774773,39.021337],[113.721174,38.937707],[113.754659,38.860123],[113.812864,38.819079],[113.803665,38.761869],[113.666189,38.650054],[113.603819,38.638124],[113.531558,38.57514],[113.533875,38.472646],[113.503897,38.344323],[113.516114,38.258416],[113.571429,38.210475],[113.661247,38.220061],[113.719152,38.182597],[113.706391,38.151081],[113.796619,38.142015],[113.787944,38.096287],[113.836207,38.022781],[113.829564,37.969947],[113.903281,37.89936],[113.934347,37.83593],[114.010094,37.792611],[113.9621,37.718701],[114.083401,37.720159],[114.119694,37.676859],[114.074117,37.54995],[113.938277,37.404894],[113.942031,37.324447],[113.859941,37.310485],[113.795303,37.177756],[113.748037,37.139089],[113.724789,37.034524],[113.746498,37.002253],[113.729795,36.95141],[113.753071,36.868765],[113.699691,36.84435],[113.66571,36.883952],[113.639976,36.866849],[113.63734,36.82364],[113.566789,36.762457],[113.442174,36.716467],[113.448189,36.690739],[113.486427,36.675831],[113.440393,36.660869],[113.450434,36.619167],[113.550737,36.556166],[113.537003,36.519366],[113.554207,36.456309],[113.696213,36.370265],[113.707296,36.332291],[113.764169,36.310533],[113.836531,36.343501],[113.908797,36.308657],[113.955015,36.332322],[114.055731,36.288974],[114.085144,36.298068],[114.163274,36.255353],[114.368763,36.216985],[114.547643,36.105468],[114.662383,36.140076],[114.724403,36.112582],[114.881451,36.131557],[114.903842,36.060159],[114.936659,36.038785],[115.013118,36.096393],[115.052723,36.182567],[115.110885,36.211563],[115.191083,36.186763],[115.312162,36.084483],[115.418982,36.132829],[115.442912,36.116336],[115.46698,36.140819],[115.459832,36.17378],[115.389603,36.331835],[115.304576,36.333066],[115.276643,36.364524],[115.254978,36.473426],[115.319024,36.561176],[115.308529,36.59678],[115.39662,36.655867],[115.467952,36.750779],[115.652854,36.800486],[115.666567,36.855142],[115.743958,36.937095],[115.750915,36.987024],[115.830256,37.048747],[115.842603,37.126062],[115.925824,37.235294],[115.944415,37.307289],[116.055971,37.357352],[116.214067,37.374925],[116.225443,37.394476],[116.194726,37.418575],[116.193085,37.452609],[116.222167,37.475046],[116.26269,37.57108],[116.347191,37.568022],[116.379437,37.486207],[116.426778,37.503623],[116.609036,37.63923],[116.640994,37.705451],[116.770266,37.831964],[116.879542,37.841278],[116.98283,37.820654],[117.407761,37.864894],[117.442906,37.888025],[117.533474,38.038727],[117.714512,38.101029],[117.784558,38.205023],[117.762346,38.187629],[117.772642,38.232985],[117.683029,38.199275],[117.703681,38.242256],[117.693736,38.274333],[117.740417,38.267221],[117.76395,38.290214],[117.616304,38.445232],[117.520836,38.589816],[117.461572,38.591667],[117.368402,38.555631],[117.210169,38.551016],[117.182663,38.571813],[117.226665,38.608605],[117.160887,38.619747],[117.108763,38.583322],[117.033217,38.603707],[117.026335,38.663301],[117.003265,38.682077],[116.830079,38.683881],[116.733606,38.738651],[116.679652,38.799427],[116.658524,38.953372],[116.680102,38.992379],[116.888304,39.042289],[116.919533,39.07277],[116.893573,39.131245],[116.805887,39.18477],[116.846573,39.282023],[116.790669,39.351789],[116.794394,39.399397],[116.838278,39.431045],[116.775716,39.508182],[116.788145,39.56255],[116.732594,39.608323],[116.66463,39.572374],[116.587779,39.605804],[116.535646,39.590346],[116.502751,39.546627],[116.392103,39.491124],[116.4293,39.433841],[116.387072,39.417336],[116.237232,39.476253],[116.172242,39.578854],[116.011687,39.534761],[115.891187,39.556192],[115.728745,39.479123],[115.610225,39.588658],[115.508537,39.59137],[115.452899,39.670246],[115.435996,39.704435],[115.464995,39.713158],[115.416399,39.733407],[115.416624,39.776734],[115.550565,39.772964],[115.479535,39.854168],[115.478888,39.882491],[115.43864,39.905109],[115.404785,39.97526],[115.408433,40.015829],[115.521533,40.03404],[115.604557,40.103663],[115.85422,40.144999],[115.858954,40.180218],[115.922315,40.216777],[115.928096,40.266997],[115.775068,40.394831],[115.708758,40.499032],[115.796615,40.55464],[115.89819,40.585919],[116.03778,40.577909],[116.208725,40.741562],[116.454984,40.739689],[116.365479,40.800475],[116.300171,40.879302],[116.297615,40.910402],[116.43816,40.870116],[116.405424,40.94854],[116.537137,40.9661],[116.557656,41.02903],[116.621495,41.057333],[116.655519,40.951323],[116.707471,40.890607],[116.703349,40.853574],[116.839168,40.788258],[116.93405,40.675155],[117.454502,40.647216],[117.453451,40.610012],[117.412279,40.599003],[117.387854,40.533274],[117.24815,40.542655],[117.166811,40.503979],[117.188981,40.440039],[117.164198,40.373887],[117.315375,40.181212],[117.564913,40.183928],[117.623707,40.076933],[117.737666,40.039971],[117.738886,39.982717],[117.773208,39.966415],[117.766285,39.926942],[117.503056,39.967781],[117.494559,39.858394],[117.548858,39.786607],[117.56287,39.692716],[117.626532,39.660483],[117.598828,39.576334],[117.683366,39.562514],[117.660553,39.526332],[117.692311,39.533418],[117.708034,39.59324],[117.881638,39.563348],[117.878961,39.464066],[117.842703,39.366807],[117.921092,39.383016],[118.00232,39.353863],[118.026968,39.240069],[118.009803,39.211349],[118.087278,39.207821],[118.141749,39.177608],[118.182584,39.096799],[118.26803,39.04307],[118.270456,39.020391],[118.562691,39.166735],[118.642998,39.166261],[118.71002,39.132312],[118.791179,39.150631],[118.811839,39.174575],[118.8399,39.14663],[118.967127,39.189857],[119.01551,39.224592],[119.034774,39.27746],[119.082674,39.296878],[119.127761,39.385031],[119.229443,39.39572],[119.234024,39.439342],[119.196992,39.462557],[119.246362,39.574772],[119.204116,39.554112],[119.192175,39.575657],[119.163798,39.570315],[119.200993,39.599435],[119.256816,39.602047],[119.269235,39.666194],[119.336395,39.742926],[119.402414,39.789028],[119.487091,39.798623],[119.47975,39.857802],[119.520937,39.897425],[119.570659,39.887694],[119.595385,39.921203],[119.703527,39.932671],[119.720115,39.958599],[119.803706,39.972943],[119.733547,40.07729],[119.725433,40.149698],[119.602915,40.217226],[119.537166,40.320885],[119.545144,40.419748],[119.499604,40.492795],[119.399042,40.527639],[119.275728,40.500829],[119.195548,40.525356],[119.197249,40.577953],[119.114126,40.585943],[119.102146,40.615414],[119.138761,40.662847],[119.03672,40.644253],[118.970608,40.656252],[118.911119,40.718382],[118.800799,40.768406],[118.770295,40.855376],[118.815502,40.905064],[118.953249,40.982054],[118.878043,41.024708],[119.125423,41.158031],[119.187497,41.306059]]],[[[116.901858,39.680614],[116.922928,39.675944],[116.940366,39.632179],[116.976682,39.637409],[117.126755,39.582988],[117.150259,39.612195],[117.139765,39.671109],[117.172272,39.733309],[117.144117,39.792668],[117.233458,39.821851],[117.135439,39.848593],[117.113801,39.922983],[117.22135,40.067225],[117.214821,40.08521],[116.972917,40.024728],[116.782047,40.018912],[116.743622,39.992296],[116.724789,39.943253],[116.75149,39.92047],[116.754136,39.870341],[116.821763,39.824027],[116.893755,39.825666],[116.913383,39.804999],[116.882743,39.706601],[116.901858,39.680614]]]]},"properties":{"name":"Hebei","created_at":"2013-12-02T20:23:52+0100","updated_at":"2013-12-20T02:40:45+0100","name_simplified_chinese":"河北","cartodb_id":28,"name_traditional_chinese":"河北"}},
{"type":"Feature","geometry":{"type":"Polygon","coordinates":[[[101.796899,33.525188],[101.797617,33.46645],[101.721831,33.42405],[101.669932,33.333324],[101.742001,33.250101],[101.6254,33.121106],[101.556214,33.145719],[101.50851,33.214521],[101.443097,33.223315],[101.407084,33.151342],[101.270438,33.192403],[101.218558,33.177106],[101.167516,33.104851],[101.129844,33.040663],[101.110783,32.917238],[101.225358,32.835581],[101.266483,32.757474],[101.215846,32.683436],[101.129724,32.656669],[101.1128,32.682166],[100.944424,32.604643],[100.898569,32.635968],[100.733859,32.670732],[100.732409,32.617135],[100.664753,32.601239],[100.651256,32.502117],[100.573487,32.415814],[100.521799,32.422473],[100.471404,32.463995],[100.573053,32.587003],[100.504334,32.691307],[100.419455,32.747041],[100.350439,32.723741],[100.281322,32.746754],[100.235883,32.654812],[100.240154,32.619484],[100.163881,32.612415],[100.118555,32.680976],[100.151801,32.729172],[100.10916,32.863932],[100.04633,32.887341],[100.065391,32.927244],[100.018408,32.927857],[99.984112,32.861713],[99.889993,32.838751],[99.863634,32.762511],[99.876267,32.696657],[99.845905,32.670025],[99.792548,32.66197],[99.69488,32.762561],[99.643184,32.741201],[99.648173,32.702366],[99.632707,32.69569],[99.433,32.774825],[99.365201,32.884027],[99.324692,32.876902],[99.252715,32.991035],[99.161262,33.053419],[99.043615,33.090189],[99.004485,33.072379],[98.837639,33.178585],[98.848707,33.217088],[98.767363,33.289069],[98.796004,33.3274],[98.757472,33.44524],[98.648101,33.642181],[98.6722,33.681884],[98.525234,33.836885],[98.474074,33.854403],[98.403983,33.842455],[98.381451,33.867993],[98.302383,33.856923],[98.303387,33.902534],[98.266076,33.945389],[98.152147,33.952322],[97.964337,33.927841],[97.869504,33.86762],[97.810812,33.87521],[97.810652,33.976996],[97.725488,34.006781],[97.694319,33.99131],[97.665194,33.900865],[97.528026,33.886125],[97.400302,33.805183],[97.46352,33.657073],[97.439655,33.605476],[97.509527,33.567945],[97.540519,33.482633],[97.645029,33.476266],[97.665649,33.449754],[97.77987,33.424142],[97.688327,33.36804],[97.575461,33.201958],[97.512937,33.145494],[97.509399,33.104895],[97.563997,33.056846],[97.538692,33.036373],[97.552252,32.99842],[97.442854,32.99788],[97.343349,32.919713],[97.388689,32.899404],[97.419503,32.849412],[97.397486,32.818956],[97.424979,32.765482],[97.477807,32.720888],[97.561092,32.701327],[97.656136,32.604677],[97.77209,32.544509],[97.848076,32.520902],[97.930003,32.457162],[98.045747,32.446804],[98.126552,32.389096],[98.227014,32.352039],[98.228627,32.236436],[98.445668,31.989327],[98.446142,31.926322],[98.399011,31.900743],[98.452245,31.793779],[98.543385,31.746499],[98.620513,31.61723],[98.884561,31.410912],[98.898955,31.366704],[98.822217,31.282395],[98.797351,31.280049],[98.722034,31.339518],[98.668133,31.334385],[98.647098,31.213173],[98.650915,31.185486],[98.740796,31.14147],[98.748427,31.07496],[98.830853,31.00273],[98.822876,30.907283],[98.899992,30.861952],[98.996775,30.762292],[98.92466,30.646775],[98.975007,30.581331],[98.965062,30.499684],[99.01486,30.406087],[99.007233,30.243892],[99.0309,30.221536],[99.03412,30.134056],[99.101282,29.936643],[99.049205,29.76662],[99.014416,29.717647],[99.012044,29.640662],[99.079038,29.537444],[99.116825,29.340577],[99.101504,29.300441],[99.152709,29.220845],[99.153512,29.118893],[99.179896,29.040442],[99.15224,28.845113],[99.160822,28.745225],[99.222716,28.543302],[99.208616,28.4664],[99.2449,28.367245],[99.351836,28.197277],[99.382008,28.178491],[99.408669,28.221483],[99.401484,28.513238],[99.560162,28.612362],[99.593113,28.698967],[99.6437,28.735005],[99.641319,28.788711],[99.741769,28.859729],[99.764076,28.795233],[99.752015,28.740239],[99.793195,28.716953],[99.870544,28.615964],[99.856146,28.571545],[99.94679,28.637061],[100.005432,28.543332],[100.007986,28.495015],[100.097674,28.390447],[100.091254,28.365612],[100.143919,28.356683],[100.177243,28.300217],[100.170191,28.271734],[100.189904,28.261741],[100.139671,28.187255],[100.053968,28.179802],[100.067251,28.082898],[100.201019,27.94784],[100.195612,27.905073],[100.326999,27.841653],[100.298204,27.814888],[100.336585,27.747055],[100.372401,27.738402],[100.436673,27.842857],[100.485803,27.881185],[100.530557,27.810241],[100.63611,27.886493],[100.677153,27.896173],[100.717827,27.861719],[100.760792,27.73836],[100.862874,27.644954],[100.88738,27.44167],[100.978673,27.457115],[101.048028,27.269924],[101.189331,27.152269],[101.171328,27.058946],[101.188278,26.991788],[101.251028,26.963355],[101.267862,26.916896],[101.393661,26.886072],[101.425579,26.819108],[101.398564,26.73318],[101.420975,26.721376],[101.488667,26.785159],[101.542106,26.766677],[101.489363,26.66348],[101.436545,26.624265],[101.400644,26.536705],[101.557257,26.504474],[101.630581,26.43422],[101.693452,26.35591],[101.6369,26.314666],[101.60547,26.31681],[101.595567,26.241132],[101.665579,26.21391],[101.771644,26.241688],[101.816854,26.155654],[101.821673,26.081967],[101.9694,26.114447],[102.034648,26.103806],[102.0806,26.061956],[102.116963,26.070869],[102.298287,26.225324],[102.454434,26.304606],[102.503688,26.305235],[102.568757,26.369127],[102.610447,26.376411],[102.650358,26.344787],[102.635174,26.237352],[102.678273,26.214941],[102.801822,26.302383],[102.932669,26.327009],[103.015287,26.376403],[103.002243,26.515288],[103.070033,26.512312],[103.022906,26.572449],[102.97239,26.774663],[102.907437,26.902027],[102.91669,27.249955],[102.957689,27.4083],[103.018005,27.368677],[103.076672,27.411846],[103.162098,27.436364],[103.224992,27.547551],[103.297349,27.601274],[103.378961,27.721937],[103.496103,27.795157],[103.571402,27.937675],[103.564464,27.989332],[103.481119,28.060867],[103.481959,28.117438],[103.596273,28.250373],[103.671392,28.263521],[103.712143,28.212858],[103.744136,28.211029],[103.875518,28.299729],[103.892373,28.351728],[103.810942,28.538258],[103.864442,28.669236],[103.890928,28.63123],[103.962734,28.62338],[104.119798,28.621659],[104.206567,28.651141],[104.364951,28.660795],[104.427568,28.635187],[104.324793,28.535223],[104.268611,28.389083],[104.285956,28.329905],[104.397612,28.305841],[104.4365,28.229759],[104.404739,28.196838],[104.471336,28.151667],[104.453471,28.110455],[104.328448,28.061275],[104.329385,28.031725],[104.395208,27.949773],[104.61291,27.842759],[104.739501,27.880075],[104.836059,27.873728],[104.895361,27.891648],[104.996325,28.090687],[105.061223,28.121294],[105.189789,28.005762],[105.277682,28.028255],[105.296874,27.977054],[105.261297,27.879643],[105.269685,27.838738],[105.338087,27.840659],[105.33852,27.813775],[105.271633,27.724214],[105.33243,27.711927],[105.476805,27.769121],[105.57858,27.70589],[105.693999,27.681682],[105.798084,27.721377],[105.896164,27.7178],[105.901327,27.739578],[105.935532,27.747849],[105.977273,27.727857],[106.082512,27.74585],[106.121625,27.782976],[106.196899,27.742572],[106.277752,27.759561],[106.338254,27.830525],[106.321472,27.935751],[106.291525,27.989452],[106.250591,28.012315],[106.258526,28.112769],[106.16261,28.147373],[105.995984,28.0915],[105.944744,28.134496],[105.879806,28.141138],[105.865327,28.228407],[105.779808,28.317549],[105.694228,28.261526],[105.645517,28.290144],[105.635228,28.350652],[105.658181,28.424953],[105.62401,28.469323],[105.627307,28.505256],[105.722859,28.612678],[105.900381,28.610178],[105.89075,28.681421],[105.980959,28.759751],[106.107756,28.630781],[106.179102,28.626903],[106.241728,28.540369],[106.289714,28.526709],[106.295402,28.491091],[106.339582,28.469236],[106.377893,28.521775],[106.324295,28.542117],[106.295246,28.729253],[106.250601,28.779082],[106.253411,28.841065],[106.17659,28.895836],[106.062784,28.897668],[105.984233,28.952758],[105.919309,28.918175],[105.911786,28.891771],[105.797157,28.922008],[105.75016,29.011363],[105.759693,29.040097],[105.731454,29.064384],[105.711033,29.260809],[105.649554,29.239824],[105.638641,29.269376],[105.525082,29.265068],[105.41306,29.322646],[105.433916,29.354273],[105.410696,29.412706],[105.418115,29.474677],[105.406785,29.501346],[105.309801,29.538636],[105.326433,29.574841],[105.421735,29.689892],[105.451204,29.67403],[105.509655,29.714296],[105.544155,29.711845],[105.558899,29.742904],[105.599151,29.740951],[105.617011,29.817724],[105.721839,29.830624],[105.715254,29.917729],[105.751681,29.986289],[105.725367,30.043762],[105.587037,30.11921],[105.584591,30.146401],[105.549447,30.143785],[105.550708,30.206981],[105.657923,30.203746],[105.623615,30.259263],[105.730197,30.270707],[105.726409,30.327855],[105.800043,30.431189],[105.868422,30.387384],[105.973377,30.363095],[106.006911,30.382636],[106.095252,30.318968],[106.176273,30.317906],[106.205828,30.202276],[106.290995,30.185932],[106.357026,30.228975],[106.437902,30.241569],[106.467002,30.286964],[106.597618,30.297016],[106.634194,30.245503],[106.628683,30.206637],[106.679625,30.153119],[106.675153,30.109491],[106.74882,30.052505],[106.806978,30.02751],[106.908693,30.031901],[106.944923,30.054402],[107.017732,30.033871],[107.054534,30.055415],[107.236882,30.234728],[107.34188,30.444526],[107.492169,30.619082],[107.492984,30.647184],[107.431701,30.701537],[107.527417,30.868287],[107.628727,30.831747],[107.744712,30.878131],[107.766642,30.814347],[107.810835,30.795478],[107.919561,30.848676],[107.95116,30.906817],[107.920692,30.923282],[107.918116,30.963837],[108.017301,31.032238],[108.037957,31.061917],[108.009139,31.085286],[108.082117,31.193057],[108.046159,31.204088],[108.035702,31.246568],[108.17099,31.314827],[108.16789,31.378388],[108.207656,31.424796],[108.202904,31.484684],[108.319063,31.504236],[108.382259,31.566353],[108.381296,31.597194],[108.499729,31.637239],[108.521983,31.747753],[108.332447,31.849527],[108.284225,31.90356],[108.266092,31.963591],[108.296538,31.983857],[108.340263,31.969899],[108.35529,31.995891],[108.33555,32.0279],[108.353763,32.052004],[108.429175,32.061459],[108.416038,32.125563],[108.382573,32.144912],[108.385449,32.179343],[108.502427,32.202956],[108.448369,32.228969],[108.454849,32.263661],[108.295021,32.24264],[108.265635,32.284548],[108.193713,32.276776],[108.187154,32.247384],[108.109204,32.2279],[108.013349,32.228332],[107.953644,32.153332],[107.905534,32.145069],[107.880457,32.182567],[107.769426,32.241819],[107.64582,32.394575],[107.54809,32.408771],[107.441997,32.390745],[107.405661,32.407437],[107.392484,32.437193],[107.414328,32.506054],[107.394349,32.542702],[107.290275,32.524608],[107.224022,32.413623],[107.12403,32.450453],[107.126136,32.497493],[107.03868,32.495645],[107.046666,32.599587],[107.083414,32.645931],[107.057473,32.712462],[106.805611,32.696288],[106.727416,32.728853],[106.483069,32.669673],[106.462655,32.641553],[106.403951,32.623845],[106.314111,32.671793],[106.228257,32.678943],[106.076002,32.759409],[106.099642,32.808126],[106.069627,32.845352],[105.823282,32.825639],[105.828092,32.795605],[105.787795,32.757801],[105.574805,32.708511],[105.504537,32.802774],[105.504478,32.904071],[105.433747,32.903193],[105.403113,32.850521],[105.416599,32.774046],[105.468973,32.762775],[105.298333,32.639853],[105.200762,32.651924],[105.10882,32.603611],[105.045915,32.641061],[104.923722,32.587146],[104.851714,32.647223],[104.743214,32.633698],[104.585396,32.726331],[104.487754,32.743283],[104.313256,32.83393],[104.287404,32.907379],[104.365539,32.955447],[104.391632,32.93976],[104.425157,32.989284],[104.414916,33.027026],[104.354994,33.058929],[104.384136,33.109138],[104.321563,33.28483],[104.421677,33.289422],[104.436463,33.312299],[104.32822,33.329551],[104.227027,33.399453],[104.181616,33.572294],[104.051686,33.683319],[103.841918,33.685456],[103.782079,33.664686],[103.628144,33.69591],[103.536375,33.676914],[103.508565,33.72165],[103.519383,33.831483],[103.477256,33.822159],[103.391319,33.74474],[103.193025,33.776601],[103.178668,33.815789],[103.192061,33.916033],[103.123184,33.961083],[103.183554,34.079013],[103.141412,34.145085],[103.001383,34.19233],[102.982455,34.256101],[102.940062,34.297222],[102.902079,34.301276],[102.878528,34.255511],[102.782421,34.278386],[102.619921,34.134667],[102.658194,34.103175],[102.658622,34.074766],[102.576755,34.088542],[102.513631,34.055417],[102.456083,34.091912],[102.304907,33.999943],[102.262666,34.00033],[102.153418,33.947061],[102.239559,33.856093],[102.262863,33.854445],[102.269194,33.789525],[102.309885,33.767191],[102.292015,33.713192],[102.338234,33.71297],[102.354217,33.626863],[102.486488,33.52926],[102.466219,33.50002],[102.478223,33.454092],[102.39227,33.389669],[102.306347,33.406082],[102.262694,33.381551],[102.214693,33.24468],[102.155671,33.300043],[102.133439,33.29239],[102.095112,33.215214],[102.013311,33.191214],[101.988477,33.133549],[101.927705,33.12954],[101.826153,33.22553],[101.824253,33.244084],[101.905418,33.274394],[101.949658,33.367592],[101.915321,33.555189],[101.84538,33.637702],[101.796899,33.525188]]]},"properties":{"name":"Sichuan","created_at":"2013-12-02T20:23:52+0100","updated_at":"2013-12-20T02:41:23+0100","name_simplified_chinese":"四川","cartodb_id":34,"name_traditional_chinese":"四川"}},
{"type":"Feature","geometry":{"type":"MultiPolygon","coordinates":[[[[113.545839,22.188629],[113.530445,22.16089],[113.56676,22.185423],[113.545839,22.188629]]],[[[113.549282,22.154291],[113.545052,22.141193],[113.578548,22.143418],[113.549282,22.154291]]],[[[113.589656,22.126107],[113.5584,22.119874],[113.55379,22.096007],[113.600875,22.115219],[113.589656,22.126107]]]]},"properties":{"name":"Macau","created_at":"2013-12-02T20:23:52+0100","updated_at":"2013-12-20T02:41:22+0100","name_simplified_chinese":"澳门","cartodb_id":33,"name_traditional_chinese":"澳門"}},
{"type":"Feature","geometry":{"type":"Polygon","coordinates":[[[104.226748,37.419207],[104.523181,37.423309],[104.662263,37.399794],[104.816252,37.418404],[104.81345,37.381227],[104.767683,37.346433],[104.617944,37.270268],[104.669387,37.222971],[104.856277,37.21072],[104.894327,37.122749],[104.95943,37.057086],[105.117436,37.003801],[105.168967,36.949048],[105.16149,36.869044],[105.259997,36.901048],[105.31999,36.817319],[105.323467,36.742155],[105.238363,36.69917],[105.223196,36.668489],[105.259267,36.528087],[105.349856,36.515455],[105.397673,36.476432],[105.486904,36.296648],[105.5072,36.110795],[105.455545,36.035794],[105.35776,35.992022],[105.33269,35.943535],[105.333131,35.859401],[105.383593,35.833801],[105.377585,35.778697],[105.485941,35.75699],[105.589575,35.694775],[105.631792,35.729165],[105.73223,35.72161],[105.742128,35.710966],[105.707929,35.69884],[105.713371,35.684387],[105.813704,35.589084],[105.865212,35.497359],[105.935627,35.52525],[106.038213,35.469964],[105.92182,35.414889],[106.058404,35.437671],[106.11121,35.355159],[106.18246,35.412209],[106.216717,35.404812],[106.328393,35.241678],[106.372123,35.220242],[106.423357,35.249809],[106.4642,35.384598],[106.455609,35.449837],[106.417138,35.505374],[106.432581,35.559793],[106.385712,35.688855],[106.448021,35.737185],[106.559928,35.727027],[106.681292,35.679867],[106.721018,35.724255],[106.785126,35.698489],[106.815457,35.754107],[106.895499,35.751687],[106.835544,35.895266],[106.91961,35.964573],[106.916793,36.090991],[106.828141,36.210848],[106.730951,36.205721],[106.576237,36.271505],[106.435725,36.27028],[106.485356,36.349505],[106.466138,36.421504],[106.330426,36.527332],[106.426374,36.567217],[106.466262,36.688621],[106.510947,36.733188],[106.576302,36.725233],[106.617347,36.776738],[106.592214,36.828251],[106.6016,36.899251],[106.555017,36.867931],[106.505273,36.881615],[106.547082,36.94201],[106.602897,36.921396],[106.605211,37.099214],[106.71061,37.099098],[106.753886,37.153338],[106.847302,37.101876],[106.898431,37.125753],[106.958438,37.092268],[107.087421,37.125736],[107.165965,37.11616],[107.225811,37.083496],[107.283965,37.096049],[107.30796,37.153464],[107.22076,37.220168],[107.212933,37.255216],[107.257761,37.278808],[107.25707,37.29766],[107.189207,37.365698],[107.303771,37.492499],[107.327003,37.551339],[107.27917,37.567133],[107.333846,37.617794],[107.361508,37.683789],[107.449709,37.704136],[107.453028,37.742216],[107.492892,37.75891],[107.583959,37.765958],[107.624403,37.802075],[107.634091,37.876906],[107.506112,37.882066],[107.459036,37.905023],[107.417737,37.994386],[107.306795,38.113264],[107.236942,38.149815],[107.153081,38.155962],[107.011275,38.101507],[106.80746,38.157028],[106.5186,38.301328],[106.513458,38.343779],[106.589335,38.390899],[106.64539,38.698407],[106.695757,38.775768],[106.767952,38.845306],[106.951061,38.926444],[106.973858,38.961708],[106.933932,39.046731],[106.845348,39.073915],[106.843311,39.121415],[106.766696,39.260388],[106.734571,39.380323],[106.535755,39.349143],[106.46572,39.275106],[106.355666,39.287587],[106.280924,39.253658],[106.269509,39.122876],[106.220487,39.128105],[106.085035,39.030905],[106.072079,38.956151],[105.954204,38.883896],[105.862095,38.603789],[105.85714,38.448402],[105.835793,38.385132],[105.85914,38.329957],[105.801563,38.263541],[105.754403,38.160849],[105.852733,38.054287],[105.8719,37.981081],[105.869411,37.920005],[105.804495,37.831615],[105.698298,37.781794],[105.610451,37.776269],[105.630843,37.705822],[105.538866,37.68849],[105.416596,37.723332],[105.291074,37.695142],[104.893519,37.524872],[104.621418,37.556485],[104.533594,37.512514],[104.447216,37.508035],[104.390404,37.455955],[104.28942,37.483227],[104.226748,37.419207]]]},"properties":{"name":"Ningxia","created_at":"2013-12-02T20:23:52+0100","updated_at":"2013-12-20T02:38:29+0100","name_simplified_chinese":"宁夏","cartodb_id":4,"name_traditional_chinese":"寧夏"}},
{"type":"Feature","geometry":{"type":"Polygon","coordinates":[[[117.315375,40.181212],[117.367916,40.135762],[117.266496,40.128133],[117.214821,40.08521],[117.22135,40.067225],[117.113801,39.922983],[117.135439,39.848593],[117.233458,39.821851],[117.144117,39.792668],[117.172272,39.733309],[117.139765,39.671109],[117.150259,39.612195],[117.126755,39.582988],[116.976682,39.637409],[116.940366,39.632179],[116.922928,39.675944],[116.901858,39.680614],[116.842349,39.646789],[116.788145,39.56255],[116.775716,39.508182],[116.838278,39.431045],[116.794394,39.399397],[116.790669,39.351789],[116.846573,39.282023],[116.805887,39.18477],[116.893573,39.131245],[116.919533,39.07277],[116.888304,39.042289],[116.680102,38.992379],[116.658524,38.953372],[116.679652,38.799427],[116.733606,38.738651],[116.830079,38.683881],[117.003265,38.682077],[117.026335,38.663301],[117.033217,38.603707],[117.108763,38.583322],[117.160887,38.619747],[117.226665,38.608605],[117.182663,38.571813],[117.210169,38.551016],[117.368402,38.555631],[117.461572,38.591667],[117.520836,38.589816],[117.508605,38.601508],[117.554362,38.721513],[117.54156,38.762738],[117.697632,38.973086],[117.739688,38.97526],[117.708481,39.011227],[117.718324,39.051218],[117.699759,39.094591],[117.764147,39.116252],[117.822267,39.171571],[118.009803,39.211349],[118.026968,39.240069],[118.00232,39.353863],[117.921092,39.383016],[117.842703,39.366807],[117.878961,39.464066],[117.881638,39.563348],[117.708034,39.59324],[117.692311,39.533418],[117.660553,39.526332],[117.683366,39.562514],[117.598828,39.576334],[117.626532,39.660483],[117.56287,39.692716],[117.548858,39.786607],[117.494559,39.858394],[117.503056,39.967781],[117.766285,39.926942],[117.773208,39.966415],[117.738886,39.982717],[117.737666,40.039971],[117.623707,40.076933],[117.564913,40.183928],[117.315375,40.181212]]]},"properties":{"name":"Tianjin","created_at":"2013-12-02T20:23:52+0100","updated_at":"2013-12-20T02:40:12+0100","name_simplified_chinese":"天津","cartodb_id":22,"name_traditional_chinese":"天津"}},
{"type":"Feature","geometry":{"type":"MultiPolygon","coordinates":[[[[121.33401,31.82369],[121.219714,31.828648],[121.177231,31.81343],[121.137079,31.765325],[121.20513,31.708366],[121.207416,31.752887],[121.223968,31.747814],[121.340518,31.624319],[121.472153,31.579477],[121.575006,31.516289],[121.80908,31.456827],[121.872212,31.527066],[121.844548,31.556075],[121.786483,31.562553],[121.583173,31.649922],[121.511714,31.711983],[121.438871,31.723285],[121.33401,31.82369]]],[[[121.29777,30.678414],[121.437297,30.783035],[121.534389,30.822098],[121.746312,30.821004],[121.845533,30.842344],[121.874861,30.866785],[121.880807,30.918043],[121.781718,31.169452],[121.708426,31.270065],[121.50786,31.377749],[121.488903,31.410667],[121.289309,31.488552],[121.112245,31.424381],[121.118843,31.391704],[121.079909,31.356041],[121.119702,31.305332],[121.036895,31.258059],[121.035847,31.161807],[120.989069,31.119429],[120.85677,31.11106],[120.829832,31.091032],[120.901616,31.024298],[120.951034,31.025428],[120.985164,30.8226],[121.079463,30.8457],[121.10786,30.834306],[121.103085,30.786514],[121.198756,30.786184],[121.234034,30.718785],[121.29777,30.678414]]]]},"properties":{"name":"Shanghai","created_at":"2013-12-02T20:23:52+0100","updated_at":"2013-12-20T02:40:50+0100","name_simplified_chinese":"上海","cartodb_id":29,"name_traditional_chinese":"上海"}},
{"type":"Feature","geometry":{"type":"Polygon","coordinates":[[[117.315375,40.181212],[117.164198,40.373887],[117.188981,40.440039],[117.166811,40.503979],[117.24815,40.542655],[117.387854,40.533274],[117.412279,40.599003],[117.453451,40.610012],[117.454502,40.647216],[116.93405,40.675155],[116.839168,40.788258],[116.703349,40.853574],[116.707471,40.890607],[116.655519,40.951323],[116.621495,41.057333],[116.557656,41.02903],[116.537137,40.9661],[116.405424,40.94854],[116.43816,40.870116],[116.297615,40.910402],[116.300171,40.879302],[116.365479,40.800475],[116.454984,40.739689],[116.208725,40.741562],[116.03778,40.577909],[115.89819,40.585919],[115.796615,40.55464],[115.708758,40.499032],[115.775068,40.394831],[115.928096,40.266997],[115.922315,40.216777],[115.858954,40.180218],[115.85422,40.144999],[115.604557,40.103663],[115.521533,40.03404],[115.408433,40.015829],[115.404785,39.97526],[115.43864,39.905109],[115.478888,39.882491],[115.479535,39.854168],[115.550565,39.772964],[115.416624,39.776734],[115.416399,39.733407],[115.464995,39.713158],[115.435996,39.704435],[115.452899,39.670246],[115.508537,39.59137],[115.610225,39.588658],[115.728745,39.479123],[115.891187,39.556192],[116.011687,39.534761],[116.172242,39.578854],[116.237232,39.476253],[116.387072,39.417336],[116.4293,39.433841],[116.392103,39.491124],[116.502751,39.546627],[116.535646,39.590346],[116.587779,39.605804],[116.66463,39.572374],[116.732594,39.608323],[116.788145,39.56255],[116.842349,39.646789],[116.901858,39.680614],[116.882743,39.706601],[116.913383,39.804999],[116.893755,39.825666],[116.821763,39.824027],[116.754136,39.870341],[116.75149,39.92047],[116.724789,39.943253],[116.743622,39.992296],[116.782047,40.018912],[116.972917,40.024728],[117.214821,40.08521],[117.266496,40.128133],[117.367916,40.135762],[117.315375,40.181212]]]},"properties":{"name":"Beijing","created_at":"2013-12-02T20:23:52+0100","updated_at":"2013-12-20T02:40:54+0100","name_simplified_chinese":"北京","cartodb_id":30,"name_traditional_chinese":"北京"}},
{"type":"Feature","geometry":{"type":"MultiPolygon","coordinates":[[[[114.241866,22.559195],[114.194343,22.564292],[114.027903,22.496152],[113.994829,22.45471],[113.98073,22.470909],[113.895171,22.405316],[113.907302,22.362356],[114.017368,22.35125],[114.09455,22.375413],[114.149618,22.307773],[114.211198,22.308346],[114.234673,22.284357],[114.248588,22.314395],[114.282719,22.240016],[114.292723,22.31833],[114.25961,22.370446],[114.365175,22.369316],[114.386478,22.435138],[114.362815,22.454526],[114.337997,22.422147],[114.335144,22.472208],[114.316573,22.472897],[114.196171,22.398649],[114.166906,22.450579],[114.315782,22.501602],[114.275766,22.504925],[114.256267,22.531532],[114.200365,22.52985],[114.241866,22.559195]]],[[[114.223201,22.275604],[114.128608,22.279926],[114.108452,22.263972],[114.163708,22.202752],[114.202491,22.195797],[114.21636,22.225853],[114.242613,22.208738],[114.24856,22.249682],[114.223201,22.275604]]],[[[114.039352,22.322854],[113.871311,22.270216],[113.831502,22.193755],[113.91265,22.197552],[113.952553,22.221214],[113.995051,22.208657],[114.017625,22.264359],[114.005764,22.286983],[114.039352,22.322854]]],[[[114.119463,22.220069],[114.102753,22.216955],[114.124994,22.160606],[114.145291,22.200155],[114.119463,22.220069]]]]},"properties":{"name":"Hong Kong","created_at":"2013-12-02T20:23:52+0100","updated_at":"2013-12-20T02:41:01+0100","name_simplified_chinese":"香港","cartodb_id":32,"name_traditional_chinese":"香港"}},
{"type":"Feature","geometry":{"type":"Polygon","coordinates":[[[121.691526,25.178084],[121.572981,25.300057],[121.531429,25.300624],[121.428785,25.23276],[121.410603,25.158121],[121.084221,25.053402],[120.969673,24.920844],[120.9307,24.83706],[120.902904,24.832384],[120.899716,24.760768],[120.846431,24.717974],[120.83236,24.67414],[120.702017,24.589805],[120.668628,24.480427],[120.633241,24.451495],[120.568277,24.327509],[120.501582,24.268253],[120.492382,24.193402],[120.325498,23.9642],[120.324942,23.921744],[120.26729,23.867932],[120.268733,23.834525],[120.312682,23.825831],[120.212612,23.794405],[120.174065,23.693466],[120.135386,23.666493],[120.138378,23.409941],[120.166294,23.335167],[120.123141,23.378016],[120.114988,23.280628],[120.088729,23.266364],[120.067964,23.171019],[120.083844,23.113982],[120.055212,23.095295],[120.057691,23.032984],[120.176396,22.976629],[120.181338,22.957633],[120.150573,22.975314],[120.188399,22.864251],[120.214926,22.844159],[120.193463,22.827612],[120.210955,22.777746],[120.23695,22.715007],[120.270908,22.709964],[120.279234,22.685981],[120.249879,22.67853],[120.250028,22.642321],[120.32664,22.556183],[120.261125,22.597651],[120.271192,22.58092],[120.37295,22.482138],[120.420532,22.476662],[120.606918,22.335977],[120.684145,22.197292],[120.698908,22.10746],[120.683944,22.032633],[120.73414,21.900118],[120.768368,21.945126],[120.856378,21.8916],[120.853076,21.950601],[120.895048,22.091587],[120.878432,22.296066],[120.967649,22.558518],[121.056901,22.686047],[121.158875,22.749944],[121.189266,22.799762],[121.190289,22.851654],[121.237716,22.877416],[121.361109,23.079044],[121.393489,23.101654],[121.387722,23.195951],[121.455482,23.324277],[121.498336,23.475523],[121.592874,23.962894],[121.623677,24.01055],[121.622719,24.101308],[121.683867,24.224351],[121.747373,24.299935],[121.793267,24.418932],[121.841663,24.468314],[121.833102,24.512651],[121.855787,24.52502],[121.870097,24.590936],[121.809871,24.721996],[121.811141,24.828944],[121.856642,24.901656],[121.987251,24.998491],[121.98992,25.019426],[121.921733,25.040529],[121.914213,25.116963],[121.691526,25.178084]]]},"properties":{"name":"Taiwan","created_at":"2013-12-02T20:23:52+0100","updated_at":"2013-12-20T02:41:06+0100","name_simplified_chinese":"台湾","cartodb_id":31,"name_traditional_chinese":"台灣"}}
]}