{"type":"FeatureCollection", "features": [
{"type":"Feature","geometry":{"type":"Polygon","coordinates":[[[31.28611286112863,-22.40249751653765],[32.430924309243096,-21.29666331647691],[32.49212492124923,-20.659550048937973],[32.992529925299266,-19.98424470541579],[32.70092700927009,-18.940906629691284],[32.992529925299266,-18.359345472673468],[32.949329493294954,-16.711878195031943],[31.94131941319415,-16.428909632065057],[31.23571235712359,-16.02442082733326],[30.436504365043646,-15.994908768618927],[30.3969039690397,-15.642500067500663],[29.48609486094861,-15.696316174567983],[28.913689136891378,-15.987964754803784],[28.758887588875893,-16.531333835838353],[27.930879308793095,-16.895894561133105],[27.02007020070201,-17.95832867484924],[25.997659976599778,-17.970480699025728],[25.259652596525967,-17.79340834673971],[26.16686166861669,-19.538091817793173],[27.178471784717857,-20.10055693681936],[27.279272792727937,-20.479005689744383],[27.70047700477005,-20.531085793357917],[27.668076680766802,-21.06403885366977],[28.013680136801383,-21.55359182763702],[29.02529025290255,-21.796632311166846],[29.043290432904342,-22.01884075325127],[29.363693636936375,-22.194177102083515],[31.28611286112863,-22.40249751653765]]]},"properties":{"name":"Zimbabwe","iso_a3":"ZWE"},"id":"716"},
{"type":"Feature","geometry":{"type":"Polygon","coordinates":[[[30.3969039690397,-15.642500067500663],[30.23130231302315,-14.989762768877682],[33.201332013320155,-14.014128827850769],[32.992529925299266,-14.022808845119684],[32.67212672126723,-13.59054398512734],[32.967329673296746,-13.224247256378803],[33.02133021330215,-12.630534075184485],[33.510935109351095,-12.347565512217614],[33.251732517325195,-12.113205045956704],[33.233732337323374,-11.417067660989105],[33.38133381333813,-11.158403146375207],[33.26253262532626,-10.892794617946166],[33.662136621366216,-10.552537941004402],[33.3129331293313,-10.038680918684179],[33.352533525335275,-9.861608566398147],[32.92052920529207,-9.4067756615066],[31.94131941319415,-9.054366960388336],[31.350913509135097,-8.606478069311933],[31.03411034110343,-8.597798052043004],[30.74970749707498,-8.193309247311205],[28.89928899288995,-8.484957827547007],[28.870488704887066,-8.785286425051737],[28.398883988839884,-9.224495298859225],[28.60408604086041,-9.67932820375077],[28.64728647286475,-10.550801937550617],[28.355683556835572,-11.483035792232911],[28.481684816848173,-11.812876448451973],[29.0648906489065,-12.3493015156714],[29.48609486094861,-12.418741653822778],[29.507695076950768,-12.227781273906473],[29.79569795697958,-12.154869128847523],[29.774097740977425,-13.437775681194296],[29.554495544955444,-13.24855130473179],[29.01449014490146,-13.368335543042917],[28.41328413284134,-12.517693850688488],[27.57447574475745,-12.227781273906473],[27.160471604716065,-11.578515982191064],[26.825668256682576,-11.965644752385018],[26.02646026460266,-11.890996603872281],[25.349653496534984,-11.623652071989454],[25.28845288452885,-11.212219253442527],[24.377643776437765,-11.417067660989105],[24.3668436684367,-11.130627091114647],[23.967239672396744,-10.87196257650075],[23.96363963639638,-12.988150786664107],[21.980019800198022,-13.000302810840594],[22.041220412204126,-16.26225330050174],[22.149221492214934,-16.59730196708216],[23.380433804338054,-17.640640042806666],[24.73404734047341,-17.517383797587968],[25.259652596525967,-17.79340834673971],[25.997659976599778,-17.970480699025728],[27.02007020070201,-17.95832867484924],[27.930879308793095,-16.895894561133105],[28.758887588875893,-16.531333835838353],[28.913689136891378,-15.987964754803784],[29.48609486094861,-15.696316174567983],[30.3969039690397,-15.642500067500663]]]},"properties":{"name":"Zambia","iso_a3":"ZMB"},"id":"894"},
{"type":"Feature","geometry":{"type":"MultiPolygon","coordinates":[[[[53.084330843308436,16.648900176345535],[51.97911979119792,18.99597684586223],[49.04149041490416,18.581072020407717],[48.173881738817386,18.15748717768429],[47.4430744307443,17.112413098505996],[47.14427144271443,16.947492770396465],[46.72666726667268,17.26518140243904],[45.14625146251464,17.426629723641],[43.918639186391886,17.324205519867718],[43.41823418234182,17.516901903237795],[43.19143191431914,17.358925588943407],[43.16623166231662,16.688828255782568],[42.79902799027991,16.371139623740007],[42.79902799027991,15.326065544561715],[42.65862658626588,15.232321358057348],[42.9358293582936,14.938936774367761],[43.281432814328156,13.692486294550463],[43.231032310323116,13.267165448373248],[43.48663486634868,12.699492318985705],[44.00504005040051,12.607484135935124],[45.03825038250383,12.815804550389274],[45.65745657456574,13.338341589978413],[46.78786787867878,13.465069842104683],[47.990279902799045,14.048367002576285],[48.66708667086672,14.05010300603007],[49.35109351093513,14.63860817686303],[51.323913239132395,15.22711334769599],[52.21672216722169,15.655906200780777],[52.328323283232834,16.2930194683197],[53.084330843308436,16.648900176345535]]],[[[53.76473764737648,12.636996194649456],[53.53433534335343,12.715116350069763],[53.31473314733148,12.532835987422388],[53.7179371793718,12.319307562606895],[54.509945099451016,12.551932025414018],[53.76473764737648,12.636996194649456]]]]},"properties":{"name":"Yemen","iso_a3":"YEM"},"id":"887"},
{"type":"Feature","geometry":{"type":"MultiPolygon","coordinates":[[[[104.06444064440643,10.39060772545227],[103.84843848438487,10.37151168746064],[104.01764017640176,10.02951900706509],[104.06444064440643,10.39060772545227]]],[[[107.97407974079744,21.507973843488443],[107.75807758077582,21.65553413706013],[107.35127351273513,21.608662043807954],[106.66366663666639,21.978430779464063],[106.55206552065522,22.5009678190532],[106.77886778867787,22.77872837165873],[105.8428584285843,22.922816658322844],[105.2740527405274,23.344665497592487],[104.8636486364864,23.13634508313835],[104.68724687246873,22.82212845800335],[104.37044370443704,22.704080223145994],[104.14364143641438,22.799560413104146],[103.94203942039422,22.54089589849025],[103.62163621636216,22.7822003785663],[103.49203492034923,22.58776799174244],[103.32643326433265,22.770048354389814],[102.9808298082981,22.448887715439668],[102.46962469624697,22.750952316398184],[102.12762127621278,22.37944757728829],[102.66042660426604,21.676366178505546],[102.81522815228152,21.806566437539388],[102.94842948429488,21.681574188866904],[102.85122851228516,21.266669363412404],[103.10323103231036,20.891692617394938],[103.63603636036362,20.697260230571075],[104.10044100441007,20.945508724462258],[104.58284582845829,20.646916130411313],[104.36684366843667,20.44206772286475],[104.92844928449284,20.01848288014132],[104.58644586445865,19.61920208577088],[104.03204032040321,19.67475419629197],[103.89163891638918,19.304985460635876],[105.14805148051482,18.650512158559096],[105.16245162451628,18.338031536877878],[106.50166501665018,16.95443678421161],[106.65646656466566,16.49265986550492],[106.8508685086851,16.51522791040412],[107.39807398073981,16.04303497097473],[107.1676716767168,15.801730490898677],[107.65367653676537,15.25488940295655],[107.48087480874807,14.980600857258594],[107.52047520475207,14.704576308106851],[107.329673296733,14.126487157996593],[107.6068760687607,13.437293786844137],[107.50607506075062,12.364443652405285],[106.41526415264156,11.947802823497],[106.4008640086401,11.687402305429316],[106.0048600486005,11.75857844703448],[105.85005850058502,11.635322201815782],[105.85725857258575,11.295065524874019],[106.15966159661599,11.036401010260121],[106.16326163261635,10.795096530184068],[105.75645756457567,10.98952891700793],[105.04725047250474,10.911408761587637],[104.84924849248495,10.534696012116385],[104.4280442804428,10.411439766897686],[105.08325083250833,9.996534941443173],[104.84564845648458,9.605934164341662],[104.89604896048962,8.746612454718317],[104.770047700477,8.597316157692845],[105.1156511565116,8.628564219860962],[105.5008550085501,9.093813145475224],[106.16686166861672,9.395877746433726],[105.8320583205832,10.000006948350745],[106.48366483664836,9.559062071089471],[106.50886508865091,9.82119859261094],[106.1380613806138,10.222215390435167],[106.59526595265953,9.859390668594202],[106.7860678606786,10.116319179754313],[106.4656646566466,10.29859954240169],[106.75726757267574,10.295127535494117],[106.60606606066062,10.465255873965006],[106.94806948069481,10.401023746174971],[107.00567005670058,10.659688260788869],[107.26127261272615,10.397551739267413],[108.00288002880029,10.720448381671332],[108.09648096480964,10.89752073395735],[108.9856898568986,11.336729607764838],[109.1980919809198,11.725594381412577],[109.21969219692198,12.645676211918385],[109.33489334893352,12.751572422599239],[109.44649446494464,12.598804118666195],[109.42489424894251,12.956420830145817],[108.82008820088203,15.378145648175249],[108.02808028080284,16.33121154430296],[107.83367833678335,16.32253152703403],[106.35406354063542,17.76515039712899],[106.480064800648,17.720014307330587],[106.49806498064981,17.94569475632258],[105.62325623256231,18.966464787147885],[105.98325983259832,19.938626721267227],[106.5736657366574,20.391723622704987],[106.75366753667538,20.735452306554336],[106.68166681666816,21.001060834983363],[107.16407164071643,20.94898073136983],[107.4088740887409,21.28402939795025],[107.97407974079744,21.507973843488443]]],[[[107.60327603276033,21.216325263252642],[107.47727477274776,21.26840536686619],[107.40527405274054,21.093069018033944],[107.60327603276033,21.216325263252642]]],[[[107.52047520475207,20.926412686470627],[107.5528755287553,21.034044900605267],[107.39807398073981,20.903844641571425],[107.52047520475207,20.926412686470627]]]]},"properties":{"name":"Vietnam","iso_a3":"VNM"},"id":"704"},
{"type":"Feature","geometry":{"type":"MultiPolygon","coordinates":[[[[-60.82080820808207,9.138949235273614],[-60.73440734407343,9.20318136306365],[-60.93960939609396,9.10596516965171],[-60.82080820808207,9.138949235273614]]],[[[-63.84843848438484,11.130145196764488],[-64.40284402844028,10.980848899739016],[-63.916839168391675,10.887104713234649],[-63.84843848438484,11.130145196764488]]],[[[-60.01800018000179,8.548708060986868],[-60.799207992079914,8.592108147331487],[-61.303213032130316,8.409827784684111],[-61.620016200162,8.597316157692845],[-61.24561245612456,8.600788164600417],[-60.7920079200792,9.361157677358037],[-61.58761587615875,9.894110737669891],[-61.767617676176755,9.814254578795797],[-61.73521735217352,9.631974216148421],[-62.077220772207724,9.97570289999777],[-62.3220232202322,9.78300651662768],[-62.54882548825488,10.199647345535965],[-62.73962739627396,10.05555905887185],[-62.685626856268556,10.28991952513276],[-62.912429124291236,10.531224005208813],[-61.87921879218791,10.741280423116748],[-64.29844298442984,10.635384212435895],[-63.73323733237332,10.503447949948267],[-65.130051300513,10.069447086502123],[-65.850058500585,10.256935459510856],[-66.2460624606246,10.631912205528323],[-68.13968139681397,10.493031929225552],[-68.39888398883988,11.161393258932605],[-68.82728827288273,11.43220979772299],[-69.630096300963,11.47908189097518],[-70.00450004500044,12.178691282850338],[-70.28530285302853,11.88530669916075],[-70.19170191701916,11.624906181093081],[-69.81729817298172,11.671778274345257],[-69.80649806498064,11.473873880613823],[-70.09810098100981,11.519009970412213],[-71.46971469714697,10.963488865201171],[-71.49491494914949,10.532960008662599],[-71.0521105211052,9.706622364661158],[-71.24291242912429,9.15978127671903],[-71.62091620916209,9.04867705567682],[-72.11412114121141,9.815990582249583],[-71.59571595715957,10.657952257335083],[-71.95571955719556,11.569354070571976],[-71.31851318513185,11.862738654261562],[-71.95931959319593,11.6665702639839],[-72.69012690126901,10.835024609621115],[-73.0069300693007,9.789950530442823],[-73.36693366933669,9.19450134579472],[-73.05733057330573,9.258733473584755],[-72.7981279812798,9.109437176559283],[-72.36252362523625,8.152899273524],[-72.47052470524704,7.524466023253993],[-72.0061200612006,7.033177045832971],[-70.73890738907389,7.090465159807863],[-70.13050130501304,6.953320886958878],[-69.42849428494284,6.123511236049879],[-67.85887858878588,6.290167567613196],[-67.48087480874808,6.18079935002477],[-67.82647826478265,5.271133540241664],[-67.85527855278552,4.507292020576472],[-67.66087660876609,3.864970742676192],[-67.31167311673116,3.4153458481459893],[-67.85887858878588,2.793856611691126],[-67.61767617676176,2.793856611691126],[-67.21087210872108,2.389367806959328],[-66.8760687606876,1.2227734860161235],[-66.34686346863468,0.7679405811245772],[-65.68085680856808,0.9832050093938562],[-65.4720547205472,0.6915564291580552],[-65.10485104851048,1.1081972580663404],[-64.20484204842047,1.5300460973359833],[-64.00684006840068,1.9310628951602098],[-63.43083430834308,2.1550073406984183],[-63.387633876338754,2.41193585185853],[-64.04644046440464,2.502208031455325],[-64.22284222842228,3.587210190070664],[-64.7880478804788,4.27640356122312],[-64.1940419404194,4.127107264197662],[-64.02124021240212,3.929202870466213],[-63.33723337233371,3.9430908980965],[-62.85842858428583,3.5941542038858074],[-62.710827108271076,4.017739046609236],[-62.47322473224732,4.139259288374149],[-62.152821528215284,4.097595205483316],[-61.00441004410044,4.535068075837017],[-60.62640626406264,4.8926847873166395],[-60.74160741607416,5.201693402090285],[-61.389613896138954,5.939494869948717],[-61.13041130411304,6.213783415646674],[-61.14481144811448,6.694656372344994],[-60.35280352803528,7.00366498711864],[-60.3240032400324,7.133865246152482],[-60.63360633606335,7.2102493981189895],[-60.72000720007199,7.536618047430494],[-59.84879848798488,8.248379463482152],[-60.01800018000179,8.548708060986868]]]]},"properties":{"name":"Venezuela","iso_a3":"VEN"},"id":"862"},
{"type":"Feature","geometry":null,"properties":{"name":"Vatican","iso_a3":"VAT"},"id":"336"},
{"type":"Feature","geometry":{"type":"MultiPolygon","coordinates":[[[[166.7446674466745,-14.826578444221937],[166.56826568265683,-14.642562078120775],[166.62946629466296,-15.406403597785967],[166.7590675906759,-15.630348043324176],[167.09387093870941,-15.580003943164414],[167.20187201872022,-15.442859670315443],[167.0758707587076,-14.935946661810362],[166.80946809468094,-15.15815510389477],[166.7446674466745,-14.826578444221937]]],[[[167.41427414274142,-16.095596968938423],[167.19827198271986,-15.885540551030502],[167.15147151471518,-16.079972937854365],[167.34947349473498,-16.1546210863671],[167.45027450274506,-16.555637884191327],[167.83547835478356,-16.449741673510474],[167.41427414274142,-16.095596968938423]]],[[[168.44748447484477,-16.779582329729536],[168.13428134281344,-16.637230046519207],[168.1810818108181,-16.803886378082524],[168.44748447484477,-16.779582329729536]]],[[[168.29628296282965,-16.336901449014476],[168.1630816308163,-16.08170894130815],[167.9290792907929,-16.229269234879837],[168.29628296282965,-16.336901449014476]]],[[[168.44748447484477,-17.54168784594094],[168.159481594816,-17.710080180958045],[168.5230852308523,-17.798616357101054],[168.44748447484477,-17.54168784594094]]],[[[167.9110791107911,-15.435915656500299],[168.00108001080014,-15.28314735256727],[167.67347673476735,-15.451539687584358],[167.9110791107911,-15.435915656500299]]],[[[169.49149491494916,-19.539827821246945],[169.24669246692469,-19.345395434423082],[169.34749347493477,-19.62315598702861],[169.49149491494916,-19.539827821246945]]],[[[169.3330933309333,-18.940906629691284],[169.01629016290167,-18.644050039094125],[168.98748987489876,-18.871466491539906],[169.3330933309333,-18.940906629691284]]]]},"properties":{"name":"Vanuatu","iso_a3":"VUT"},"id":"548"},
{"type":"Feature","geometry":{"type":"MultiPolygon","coordinates":[[[[70.94770947709478,42.24800710585234],[69.15489154891549,41.425141468758454],[68.58248582485825,40.87656437736254],[68.57168571685719,40.62310787311],[68.2908829088291,40.65609193873189],[68.0460804608046,40.808860242664935],[67.93447934479346,41.19598901285889],[66.71046710467107,41.17862897832106],[66.49806498064981,41.99455060159977],[66.00846008460084,42.004966622322485],[66.10206102061022,42.9910165840721],[65.80325803258035,42.876440356122316],[64.90684906849069,43.71493002430026],[64.44244442444426,43.55174569964453],[63.20763207632078,43.62812985161102],[61.990819908199086,43.492721582215836],[61.0080100801008,44.39370737473001],[58.556385563855656,45.555093685311874],[55.975159751597516,44.994364569739474],[55.97875978759788,41.32271726498516],[57.01917019170193,41.263693147556495],[56.96516965169653,41.85740632875081],[57.289172891728924,42.12301485717984],[57.81477814778148,42.188982988423646],[58.027180271802735,42.48757558247459],[58.47358473584737,42.30008720946586],[58.153181531815335,42.62819186223115],[58.588785887858876,42.77922416271039],[59.35559355593557,42.32265525436506],[59.98559985599857,42.21155103332285],[59.94239942399426,41.97371856015437],[60.20160201602016,41.80359022168349],[60.09000090000902,41.39910141695168],[60.45360453604536,41.22202906466566],[61.49761497614978,41.27584517173298],[61.90441904419046,41.09356480908562],[62.48402484024842,39.975578584848364],[63.76203762037622,39.161392965023424],[65.61245612456125,38.237839127610044],[66.60606606066062,37.98611862681129],[66.52326523265234,37.349005359272354],[67.75807758077582,37.171933006986336],[68.35208352083521,38.21179907580327],[68.08568085680858,38.473935597324754],[68.13248132481326,38.927032498762514],[67.35847358473586,39.216945075544515],[67.4268742687427,39.46519356943571],[67.71847718477187,39.62143388027633],[68.46368463684638,39.53636971104089],[68.97128971289715,40.09015481279815],[68.62928629286293,40.16653896476467],[69.27369273692739,40.19778702693279],[69.35649356493565,40.7671961597741],[69.71289712897129,40.65782794218569],[70.40050400504006,41.03454069165693],[70.74970749707498,40.722060069975726],[70.37170371703718,40.38353939648772],[70.60210602106022,40.213411058016845],[70.95850958509587,40.23945110982362],[71.69291692916931,40.15265093713438],[73.13653136531366,40.810596246118735],[72.18612186121862,41.025860674388014],[71.66411664116643,41.54145370016201],[71.39411394113941,41.12307686779994],[70.20250202502027,41.51367764490146],[71.22851228512286,42.16294293661687],[70.94770947709478,42.24800710585234]]],[[[71.2069120691207,39.8922504190667],[71.00531005310054,40.15265093713438],[71.01251012510127,39.89572242597427],[71.2069120691207,39.8922504190667]]]]},"properties":{"name":"Uzbekistan","iso_a3":"UZB"},"id":"860"},
{"type":"Feature","geometry":{"type":"Polygon","coordinates":[[[-53.372333723337235,-33.74207207665825],[-53.53073530735307,-33.65527190396903],[-53.53073530735307,-33.170926940363145],[-53.123931239312384,-32.73692607691701],[-53.602736027360265,-32.403613413790374],[-53.761137611376114,-32.05641272303347],[-54.58914589145891,-31.48526758673836],[-55.172351723517224,-31.28041917919178],[-55.60435604356043,-30.851626326107002],[-56.003960039600386,-31.079042778552775],[-56.04356043560435,-30.776978177594266],[-56.8319683196832,-30.106880844433434],[-57.21357213572135,-30.28395319671946],[-57.60957609576096,-30.188473006761306],[-57.872378723787236,-30.59122580803932],[-58.19998199982,-32.471317548487974],[-58.09198091980919,-32.96781453627035],[-58.361983619836195,-33.18307896453963],[-58.437584375843755,-33.71950403175906],[-57.82917829178291,-34.4781375410629],[-57.17037170371704,-34.45209748925613],[-56.24876248762487,-34.90172238378633],[-55.672756727567275,-34.77499413166006],[-54.90234902349023,-34.93297044595445],[-53.786337863378634,-34.38092134765097],[-53.372333723337235,-33.74207207665825]]]},"properties":{"name":"Uruguay","iso_a3":"URY"},"id":"858"},
{"type":"Feature","geometry":{"type":"MultiPolygon","coordinates":[[[[138.14238142381424,9.500037953660794],[138.18558185581855,9.59378214016516],[138.0667806678067,9.418445791332928],[138.14238142381424,9.500037953660794]]],[[[158.31338313383134,6.814440610656121],[158.29538295382957,6.951584883505106],[158.13338133381336,6.944640869689962],[158.31338313383134,6.814440610656121]]]]},"properties":{"name":"Micronesia","iso_a3":"FSM"},"id":"583"},
{"type":"Feature","geometry":null,"properties":{"name":"Marshall Is.","iso_a3":"MHL"},"id":"584"},
{"type":"Feature","geometry":null,"properties":{"name":"N. Mariana Is.","iso_a3":"MNP"},"id":"580"},
{"type":"Feature","geometry":{"type":"Polygon","coordinates":[[[-64.76644766447664,17.794662455843323],[-64.88884888848888,17.700918269338956],[-64.57924579245793,17.749526366044933],[-64.76644766447664,17.794662455843323]]]},"properties":{"name":"U.S. Virgin Is.","iso_a3":"VIR"},"id":"850"},
{"type":"Feature","geometry":{"type":"Polygon","coordinates":[[[144.74124741247414,13.258485431104319],[144.87444874448744,13.614366139130155],[144.6476464764648,13.428613769575207],[144.74124741247414,13.258485431104319]]]},"properties":{"name":"Guam","iso_a3":"GUM"},"id":"316"},
{"type":"Feature","geometry":{"type":"Polygon","coordinates":[[[-170.72630726307264,-14.35091349788496],[-170.5679056790568,-14.267585332103309],[-170.819908199082,-14.312721421901713],[-170.72630726307264,-14.35091349788496]]]},"properties":{"name":"American Samoa","iso_a3":"ASM"},"id":"016"},
{"type":"Feature","geometry":{"type":"MultiPolygon","coordinates":[[[[-66.13086130861308,18.445663751012532],[-67.15687156871569,18.49947985807985],[-67.19647196471965,17.994302853028543],[-66.13446134461344,17.949166763230153],[-65.61965619656196,18.24255134691974],[-65.63045630456304,18.381431623222497],[-66.13086130861308,18.445663751012532]]],[[[-65.42525425254252,18.105407074070754],[-65.29565295652957,18.133183129331314],[-65.57285572855729,18.136655136238872],[-65.42525425254252,18.105407074070754]]]]},"properties":{"name":"Puerto Rico","iso_a3":"PRI"},"id":"630"},
{"type":"Feature","geometry":{"type":"MultiPolygon","coordinates":[[[[-132.74592745927458,56.52489950977636],[-132.56952569525694,56.57524360993611],[-132.8431284312843,56.79398004511296],[-132.94752947529474,56.566563592667194],[-132.74592745927458,56.52489950977636]]],[[[-132.77832778327783,56.24713895717085],[-132.63072630726307,56.41205928528038],[-132.90072900729007,56.45372336817121],[-133.0339303393034,56.3408831436752],[-132.77832778327783,56.24713895717085]]],[[[-171.46431464314642,63.6407776668392],[-171.7451174511745,63.703273791175434],[-171.63351633516336,63.35086509005717],[-170.84870848708488,63.44460927656152],[-169.6750967509675,62.95679230604807],[-169.36549365493656,63.17032073086358],[-168.76068760687608,63.213720817208184],[-170.2979029790298,63.68070574627623],[-171.46431464314642,63.6407776668392]]],[[[-166.13626136261362,60.38403518753938],[-167.43587435874358,60.206962835253364],[-166.14706147061472,59.76428195453832],[-165.59265592655927,59.91357825156379],[-165.72945729457294,60.314595049388004],[-166.13626136261362,60.38403518753938]]],[[[-152.89892898928989,57.82343009320721],[-153.16173161731618,57.97272639023268],[-153.48933489334894,57.73142191015663],[-153.84213842138422,57.86335817264424],[-153.68733687336874,57.30436506052561],[-154.11574115741158,57.65156575128253],[-154.67374673746738,57.44671734373597],[-154.3389433894339,56.92070829723923],[-154.24534245342454,57.14291673932365],[-153.79173791737918,56.99014843539061],[-154.02574025740256,56.7783560140289],[-153.64413644136442,56.96063637667629],[-153.7341373413734,57.05264455972687],[-153.27333273332732,57.22624490510532],[-152.67932679326793,57.34429313996267],[-152.94212942129423,57.49879744734949],[-152.41292412924128,57.455397361004884],[-152.21492214922148,57.57691760276978],[-152.42732427324273,57.82516609666098],[-152.89892898928989,57.82343009320721]]],[[[-130.02430024300241,55.88778624223744],[-130.09630096300964,56.10999468432186],[-131.82431824318243,56.589131637566396],[-133.4011340113401,58.41019926058638],[-134.94554945549456,59.288617008201356],[-135.47475474754748,59.793794013252665],[-136.32076320763207,59.60456963679013],[-136.579965799658,59.15147273535237],[-136.81396813968138,59.1497367318986],[-137.43677436774368,58.903224241461174],[-137.59157591575917,59.22612088386512],[-139.18639186391863,60.083706590034666],[-139.07839078390782,60.34410710810235],[-139.97479974799748,60.18265878690039],[-141.00081000810007,60.300707021757745],[-141.00081000810007,64.9757643227995],[-141.00081000810007,65.26741290303531],[-141.00081000810007,65.55906148327111],[-141.00081000810007,66.14409464719648],[-141.00081000810007,67.31242497159349],[-141.00081000810007,68.48249129944426],[-141.00081000810007,68.77413987968006],[-141.00081000810007,69.06578845991586],[-141.00081000810007,69.65082162384127],[-143.21843218432184,70.11607054945551],[-145.19845198451983,70.00843833532088],[-147.70407704077041,70.21675874977501],[-149.27009270092702,70.50146331619567],[-151.9449194491945,70.45285521948972],[-152.4921249212492,70.8816480725745],[-154.1949419494195,70.80179191370041],[-154.78534785347853,70.893800096751],[-154.67374673746738,70.98754428325535],[-154.81774817748177,71.04830440413781],[-154.94374943749438,71.0830244732135],[-155.1669516695167,71.09864850429756],[-155.22815228152282,71.0830244732135],[-155.31455314553145,71.01532033851589],[-155.5809558095581,70.893800096751],[-155.97335973359733,70.84171999313745],[-156.1461614616146,70.92852016582668],[-155.80415804158042,70.99622430052426],[-155.5809558095581,71.12121654919676],[-156.470164701647,71.40765711907122],[-157.32337323373233,71.0396243868689],[-157.6041760417604,70.94067219000317],[-157.91017910179102,70.86081603112908],[-159.68139681396815,70.78616788261635],[-160.0810008100081,70.63513558213708],[-159.3861938619386,70.52403136109487],[-159.81459814598145,70.49625530583432],[-159.8649986499865,70.27925487411127],[-160.1170011700117,70.59173549579248],[-162.07542075420753,70.16120663925392],[-161.8810188101881,70.3313349777248],[-163.86823868238682,69.03627640120152],[-164.1490414904149,68.9616282526888],[-164.3038430384304,68.93732420433582],[-165.04545045450453,68.8817720938147],[-166.20826208262082,68.88524410072228],[-166.3810638106381,68.42520318546937],[-166.78786787867878,68.35923505422556],[-164.12384123841238,67.60754555873686],[-163.53343533435333,67.10236855368555],[-161.7190171901719,67.02077639135769],[-161.57141571415713,66.5919835382729],[-160.86580865808656,66.67010369369319],[-160.22860228602286,66.50865537249123],[-160.64980649806498,66.37324710309605],[-161.58941589415895,66.46004727578529],[-162.35982359823598,66.94786424629874],[-162.54342543425435,66.8055119630884],[-161.9170191701917,66.41143917907931],[-161.12141121411213,66.33505502711279],[-161.0350103501035,66.18923073699489],[-161.45621456214562,66.28123892004547],[-161.9350193501935,66.04340644687699],[-163.69543695436954,66.08333452631402],[-164.0338403384034,66.21527078880166],[-163.63783637836377,66.57462350373507],[-164.46224462244624,66.58851153136533],[-165.77625776257761,66.31943099602873],[-165.62865628656286,66.13194262302],[-166.39906399063992,66.14409464719648],[-168.08748087480876,65.65801368013683],[-167.40347403474036,65.42191721042212],[-166.15786157861578,65.28650894102694],[-166.92826928269284,65.1563086819931],[-166.82746827468276,65.09554856111063],[-166.55026550265504,64.9531962779003],[-166.41346413464134,64.92715622609353],[-166.48186481864818,64.72751582890831],[-166.14346143461435,64.58342754224418],[-164.9770497704977,64.45322728321034],[-163.71343713437133,64.58863555260555],[-163.14463144631446,64.42371522449602],[-163.20223202232023,64.65286768039559],[-162.8062280622806,64.37337112433627],[-161.75861758617586,64.81605200505132],[-161.12861128611286,64.92542022263976],[-160.8550085500855,64.75529188416886],[-161.49221492214923,64.43413124521871],[-160.98820988209883,64.25185088257135],[-160.77940779407794,63.81958602257899],[-161.09981099810997,63.55744950105753],[-162.28422284222842,63.52967344579699],[-163.28863288632886,63.04706448564488],[-164.40824408244083,63.215456820661984],[-164.3830438304383,63.02970445110702],[-164.80064800648006,62.91860023006481],[-164.75744757447575,62.49675139079517],[-165.19305193051932,62.474183345895966],[-165.70785707857078,62.1009426033323],[-165.61425614256143,61.87005414397896],[-166.07866078660786,61.802350009281355],[-165.80865808658086,61.696453798600515],[-166.15426154261542,61.54542149812124],[-165.84465844658448,61.53674148085233],[-165.56745567455675,61.1027406174062],[-165.2722527225272,61.27460495933087],[-164.8690486904869,61.11142063467511],[-165.1138511385114,60.932612278935295],[-163.99423994239942,60.86490814423772],[-163.74943749437494,60.969068351464784],[-163.58743587435873,60.90310022022098],[-163.9078390783908,60.854492123515],[-163.42183421834218,60.75727593010308],[-163.73143731437315,60.590619598539746],[-163.99783997839978,60.76595594737199],[-164.37224372243722,60.592355601993546],[-164.31824318243181,60.771163957733336],[-164.80424804248042,60.89268419949826],[-165.3550535505355,60.5420115018338],[-163.6810368103681,59.80073802706778],[-162.57222572225723,59.98996240353031],[-162.68382683826837,60.26945895958963],[-161.96021960219602,60.694779805766814],[-162.4210242102421,60.283346987219886],[-161.8270182701827,59.58894560570607],[-161.98181981819818,59.14626472499103],[-161.64341643416435,59.10980865246154],[-161.72261722617225,58.79385602387276],[-162.1438214382144,58.64455972684729],[-161.36261362613627,58.668863775200265],[-160.3618036180362,59.050784535032875],[-159.9189991899919,58.81989607567954],[-159.67059670596706,58.91190425873012],[-158.95058950589507,58.40499125022501],[-158.810188101881,58.97440038306635],[-158.42138421384215,59.088976611016136],[-158.07938079380793,58.977872389973925],[-158.4249842498425,58.99870443141933],[-158.5041850418504,58.851144137847655],[-158.1909819098191,58.615047668132945],[-157.14337143371432,58.87718418965443],[-156.80856808568086,59.13411270081454],[-156.9741697416974,58.73656790989787],[-157.5249752497525,58.42061528130907],[-157.19377193771936,58.1949348323171],[-157.61137611376114,58.05084654565297],[-157.69777697776976,57.67934180654308],[-157.46017460174602,57.50574146116463],[-157.84537845378455,57.528309506063835],[-158.32058320583207,57.2974210467105],[-158.67338673386735,56.79571604856676],[-158.91818918189182,56.88251622125597],[-160.30060300603006,56.314843091868426],[-160.53820538205383,56.005834477094794],[-160.29340293402933,55.804458076455774],[-160.70740707407074,55.87042620769961],[-160.80460804608046,55.754113976296026],[-160.8982089820898,55.99368245291831],[-161.2150121501215,56.02145850817885],[-161.69741697416976,55.90688228022907],[-163.2778327783278,55.12220871911845],[-163.33543335433353,54.83924015615159],[-163.130231302313,54.91736031157188],[-163.11943119431194,55.064920605143584],[-162.6730267302673,54.99721647044598],[-162.62982629826297,55.247200967790945],[-162.3850238502385,55.05276858096707],[-162.07542075420753,55.139568753656306],[-161.51741517415175,55.61870570690084],[-161.20061200612005,55.54405755838809],[-161.44541445414455,55.51280949621997],[-161.38061380613806,55.370457213009644],[-159.77139771397714,55.84091414898526],[-159.65979659796596,55.625649720715984],[-159.5229952299523,55.809666086817145],[-158.27738277382775,56.1967948570111],[-158.5509855098551,56.313107088414654],[-158.41418414184142,56.43636333363335],[-156.62856628566286,57.00924447338224],[-156.43416434164342,57.35991717104673],[-155.00855008550084,58.016126476577284],[-154.24534245342454,58.16021476324141],[-154.28854288542885,58.30430304990551],[-153.4389343893439,58.7556639478895],[-153.41733417334174,58.960512355436066],[-154.17694176941768,59.15494474225994],[-153.65133651336512,59.646233719680964],[-153.09333093330935,59.7087298440172],[-153.21213212132122,59.84240210995861],[-152.66132661326614,59.99690641734543],[-153.02493024930249,60.29549901139637],[-152.54252542525424,60.265986952682056],[-151.5921159211592,60.9794843721875],[-149.4320943209432,61.50028540832284],[-150.05490054900548,61.170444752103776],[-149.07569075690756,60.877060168414204],[-150.440104401044,61.022884458532104],[-151.3581135811358,60.72255586102739],[-151.8549185491855,59.78164198907615],[-151.45171451714518,59.649705726588536],[-151.0449104491045,59.77122596835346],[-151.88371883718838,59.38583320161328],[-151.73971739717396,59.18792880788186],[-150.93330933309332,59.248688928764295],[-149.7128971289713,59.918786261925135],[-149.59769597695976,59.77122596835346],[-149.3960939609396,60.10627463493387],[-148.43128431284313,59.98996240353031],[-147.96327963279634,60.48472338785891],[-148.640086400864,60.48993139822025],[-148.25848258482586,60.67568376777518],[-148.55728557285573,60.826716068254456],[-147.7508775087751,61.21905284880975],[-147.89127891278912,60.88921219259069],[-146.28566285662856,61.11315663812891],[-146.5988659886599,61.05413252070022],[-146.570065700657,60.72949987484253],[-145.67365673656735,60.65137971942221],[-145.90045900459006,60.47777937404376],[-145.24885248852488,60.38056318063184],[-144.6908469084691,60.66873975396007],[-144.89964899648996,60.335427090833434],[-144.14724147241472,60.01600245533706],[-142.94482944829448,60.09759461766495],[-141.67041670416705,59.96913036208488],[-141.40761407614076,60.118426659110355],[-141.40761407614076,59.903162230841076],[-140.4212042120421,59.710465847471],[-139.4311943119431,60.012530448429516],[-138.98838988389883,59.83545809614347],[-139.2871928719287,59.611513650605275],[-139.5139951399514,59.953506331000824],[-139.77319773197732,59.52644948136984],[-138.51318513185132,59.16536076298266],[-136.60876608766088,58.24354292902305],[-136.06156061560614,58.453599346930986],[-137.05877058770588,58.87371218274686],[-136.99036990369905,59.035160503948816],[-136.22716227162272,58.76607996861222],[-136.13356133561336,59.04036851431016],[-135.82755827558276,58.89801623109983],[-136.04356043560435,58.82163207913331],[-135.8959589595896,58.399783239863666],[-135.08955089550895,58.24527893247685],[-135.3631536315363,59.4188172672352],[-134.77634776347765,58.453599346930986],[-134.20754207542075,58.23312690830036],[-133.87633876338762,58.51783147472102],[-134.0311403114031,58.071678587098376],[-133.72153721537217,57.84426213465261],[-133.19593195931958,57.87724620027453],[-133.53433534335343,57.83211011047612],[-133.11673116731168,57.566501582047096],[-133.64953649536494,57.64288573401362],[-133.4659346593466,57.172428798038],[-132.8251282512825,57.056116566634444],[-132.18072180721808,56.42073930254929],[-131.55071550715508,56.207210877733786],[-131.84231842318422,56.16033878448161],[-132.15552155521556,55.59960966890921],[-131.98271982719828,55.535377541119175],[-131.78471784717846,55.877370221514724],[-131.03231032310322,56.08742663942266],[-130.7479074790748,55.318377109396124],[-131.04671046710467,55.156928788194136],[-130.84870848708488,54.80799209398347],[-130.5751057510575,54.76980001800021],[-130.2151021510215,55.02672852916032],[-130.02430024300241,55.88778624223744]]],[[[-163.4758347583476,54.97985643590812],[-164.48024480244803,54.90694429084917],[-164.8870488704887,54.60835169679822],[-164.82224822248222,54.41912732033572],[-163.35703357033572,54.73507994892452],[-163.08343083430833,54.66911181768069],[-163.37863378633787,54.81493610779859],[-163.4758347583476,54.97985643590812]]],[[[-133.3039330393304,55.54405755838809],[-133.7359373593736,55.497185465135914],[-133.64953649536494,55.26976901269015],[-133.3039330393304,55.54405755838809]]],[[[-131.33831338313382,55.08054463622764],[-131.5651156511565,55.264561002328804],[-131.3311133111331,54.88784825285754],[-131.33831338313382,55.08054463622764]]],[[[-132.11232112321125,56.10999468432186],[-132.37872378723787,56.49885945796959],[-132.65952659526596,56.078746622153744],[-132.28872288722886,55.92945032512827],[-132.11232112321125,56.10999468432186]]],[[[-130.9783097830978,55.488505447867],[-131.269912699127,55.955490376935046],[-131.62631626316264,55.83223413171635],[-131.7631176311763,55.16560880546308],[-131.44631446314463,55.408649288992905],[-131.1871118711187,55.20553688490011],[-130.9783097830978,55.488505447867]]],[[[-133.36513365133652,57.004036463020896],[-133.98073980739807,57.00924447338224],[-133.4839348393484,56.45198736471741],[-133.14553145531454,56.52837151668393],[-133.3291332913329,56.83043611764245],[-132.95832958329584,56.677667813709405],[-132.99792997929978,56.931124317961945],[-133.36513365133652,57.004036463020896]]],[[[-132.86112861128612,54.89479226667268],[-133.429934299343,55.30448908176584],[-132.70632706327063,54.684735848764745],[-132.61632616326165,54.89305626321891],[-132.86112861128612,54.89479226667268]]],[[[-146.39366393663937,60.45000331878322],[-146.70326703267034,60.408339235892385],[-146.6168661686617,60.27293096649717],[-146.10206102061022,60.411811242799956],[-146.39366393663937,60.45000331878322]]],[[[-153.0069300693007,57.12555670478582],[-152.90972909729098,57.151596756592596],[-153.28413284132841,57.184580822214485],[-153.3741337413374,57.05264455972687],[-153.0069300693007,57.12555670478582]]],[[[-160.6858068580686,55.31490510248855],[-160.79380793807937,55.14477676401765],[-160.4878048780488,55.18470484345471],[-160.55260552605526,55.38087323373236],[-160.6858068580686,55.31490510248855]]],[[[-159.87219872198722,55.12915273293359],[-159.88659886598867,55.27324101959772],[-160.22860228602286,54.92256832193323],[-159.87219872198722,55.12915273293359]]],[[[-160.91980919809197,58.576855592149684],[-160.71460714607147,58.795592027326535],[-161.13221132211322,58.668863775200265],[-160.91980919809197,58.576855592149684]]],[[[-177.14877148771487,51.71616994279319],[-177.13077130771308,51.929698367608694],[-177.6707767077671,51.70054591170913],[-177.14877148771487,51.71616994279319]]],[[[173.72153721537217,52.36022722414725],[173.77553775537757,52.495635493542466],[173.4011340113401,52.40536331394566],[173.72153721537217,52.36022722414725]]],[[[-134.97074970749708,57.35123715377782],[-135.44955449554496,57.53351751642518],[-135.8239582395824,57.28006101217264],[-135.8131581315813,57.00924447338224],[-135.45315453154532,57.24881295000452],[-135.20115201152012,57.0266045079201],[-135.3307533075331,56.821756100373534],[-134.87354873548736,56.67072379989426],[-134.68274682746826,56.21589089500273],[-134.63234632346322,56.76273198294484],[-134.97074970749708,57.35123715377782]]],[[[-134.67914679146793,58.161950766695185],[-134.9239492394924,58.35464715006526],[-134.51714517145172,57.04222853900416],[-133.91233912339123,57.35297315723159],[-134.2939429394294,58.04390253183783],[-133.82233822338225,57.62899770638333],[-134.239942399424,58.144590732157354],[-134.67914679146793,58.161950766695185]]],[[[-135.73035730357304,58.24354292902305],[-136.14436144361443,58.09771863890515],[-136.32076320763207,58.219238880670076],[-136.4611646116461,57.873774193366955],[-135.91035910359102,57.44671734373597],[-135.69075690756907,57.420677291929195],[-135.56475564755647,57.66718978236659],[-134.93114931149313,57.48143741281166],[-134.9779497794978,57.72447789634148],[-135.3379533795338,57.76787798268609],[-134.97074970749708,57.816486079392064],[-134.95634956349562,58.016126476577284],[-135.34515345153451,58.123758690711924],[-135.61155611556114,57.99182242822431],[-135.73035730357304,58.24354292902305]]],[[[-133.56673566735668,56.33914714022143],[-133.74313743137432,55.96417039420396],[-133.37233372333725,56.03534653580914],[-133.24273242732426,55.92077030785936],[-133.6819368193682,55.78536203846414],[-133.0339303393034,55.589193648186495],[-133.12033120331205,55.32705712666504],[-132.06552065520654,54.71251190402532],[-131.97551975519755,55.209008891807684],[-132.63072630726307,55.47288141678294],[-132.5119251192512,55.594401658547866],[-132.17352173521735,55.47982543059808],[-133.2031320313203,56.3200511022298],[-133.56673566735668,56.33914714022143]]],[[[-133.9879398793988,56.84432414527271],[-134.37314373143732,56.839116134911364],[-134.0851408514085,56.45719537507878],[-134.18954189541896,56.077010618699944],[-133.94833948339482,56.12735471885972],[-133.73953739537396,56.64989175844886],[-133.9879398793988,56.84432414527271]]],[[[-152.41652416524164,58.35985516042663],[-152.84132841328415,58.417143274401525],[-152.77292772927728,58.27826299809874],[-153.38133381333813,58.08730261818246],[-152.92772927729277,57.99355843167808],[-152.26892268922688,58.252222946291994],[-152.06732067320672,58.17757479777924],[-151.97371973719737,58.309511060266885],[-152.41652416524164,58.35985516042663]]],[[[-167.9650796507965,53.344541182443095],[-167.82827828278283,53.507725507098826],[-168.28908289082892,53.50078149328371],[-169.08829088290884,52.83242016357664],[-167.9650796507965,53.344541182443095]]],[[[-166.6150661506615,53.90006228765415],[-166.67266672666727,54.00595849833499],[-167.03987039870398,53.941726370544984],[-166.80946809468094,53.64660578340161],[-167.01467014670146,53.69868588701513],[-167.78147781477816,53.29940509264469],[-166.3090630906309,53.69694988356136],[-166.54666546665467,53.726461942275705],[-166.22986229862298,53.93304635327604],[-166.6150661506615,53.90006228765415]]],[[[-173.55233552335523,52.13628277860906],[-173.99153991539916,52.12413075443257],[-173.0231302313023,52.078994664634166],[-173.55233552335523,52.13628277860906]]],[[[-174.67914679146793,52.03559457828956],[-174.12114121141212,52.13454677515526],[-174.04554045540456,52.367171237962395],[-175.29475294752947,52.021706550659275],[-174.67914679146793,52.03559457828956]]],[[[-176.59436594365943,51.86720224327246],[-176.69876698766987,51.985250478129785],[-176.96156961569616,51.6033297182972],[-176.4539645396454,51.73526598078482],[-176.59436594365943,51.86720224327246]]],[[[-177.87957879578795,51.65020181154938],[-177.64557645576457,51.825538160381626],[-178.16758167581676,51.90365831580192],[-177.87957879578795,51.65020181154938]]],[[[177.41517415174155,51.88282627435652],[177.67077670776712,52.10329871298714],[177.24957249572498,51.90365831580192],[177.41517415174155,51.88282627435652]]],[[[172.81072810728108,53.01296452277023],[172.49392493924938,52.93831637425751],[172.9367293672937,52.75256400470258],[173.43713437134375,52.85151620156827],[172.81072810728108,53.01296452277023]]],[[[-155.5809558095581,19.01160087694629],[-154.80334803348035,19.523721895812727],[-155.19935199351994,19.994178831788332],[-155.8329583295833,20.275411391301432],[-155.81855818558185,20.01501087323375],[-156.0489604896049,19.749402344804707],[-155.87975879758798,19.070624994374953],[-155.5809558095581,19.01160087694629]]],[[[-157.21537215372155,21.214589259798856],[-157.2909729097291,21.112165056025574],[-156.71136711367114,21.155565142370193],[-157.21537215372155,21.214589259798856]]],[[[-156.48816488164883,20.93335670028577],[-156.6969669696697,20.94898073136983],[-156.4089640896409,20.605252047520494],[-155.99135991359913,20.75628434799974],[-156.48816488164883,20.93335670028577]]],[[[-157.79857798577984,21.45589373987491],[-157.96417964179642,21.700670226858534],[-158.2737827378274,21.58609399890875],[-158.11178111781118,21.31874946702594],[-157.63657636576366,21.308333446303223],[-157.79857798577984,21.45589373987491]]],[[[-159.37179371793718,21.931558686211872],[-159.3537935379354,22.219735259540116],[-159.78939789397893,22.042662907254083],[-159.37179371793718,21.931558686211872]]],[[[-74.70974709747097,45.00304458700839],[-75.17775177751777,44.89888437978132],[-76.14976149761497,44.30343519513323],[-76.81936819368194,43.62812985161102],[-78.72018720187201,43.62465784470348],[-79.17019170191702,43.46668153040906],[-78.91458914589145,42.909424421744234],[-79.03699036990369,42.801792207609594],[-82.6910269102691,41.67512596610342],[-83.02943029430294,41.83310228039781],[-83.14823148231481,42.14211089517147],[-82.5470254702547,42.624719855323576],[-82.13662136621366,43.57084173763613],[-82.55062550625506,45.34677327085774],[-83.5910359103591,45.81723020683333],[-83.61623616236162,46.117558804338074],[-83.97623976239763,46.08457473871616],[-84.1490414904149,46.54287965051526],[-84.5630456304563,46.45781548127982],[-84.87624876248762,46.9004963619949],[-88.37908379083791,48.30318715265278],[-89.45549455494555,47.99591454133292],[-90.91710917109171,48.20944296614843],[-91.51831518315183,48.058410665669186],[-92.00432004320042,48.30145114919901],[-92.41472414724147,48.27714710084604],[-92.99792997929978,48.61219576742644],[-93.70713707137071,48.525395594737205],[-94.62154621546215,48.742396026460284],[-94.93834938349383,49.34999723528486],[-95.15435154351543,49.36909327327649],[-95.16155161551615,48.99238052380525],[-97.95517955179551,48.99238052380525],[-102.22122221222212,48.99238052380525],[-106.48366483664836,48.99238052380525],[-114.58374583745837,48.99238052380525],[-122.78822788227882,48.99238052380525],[-122.5110251102511,48.669483881401334],[-122.66942669426695,48.46463547385477],[-122.41022410224102,48.29450713538387],[-122.51822518225183,48.15909886598868],[-122.2410224102241,48.01153857241698],[-122.35262352623526,47.37095329797049],[-122.70182701827018,47.110552779902804],[-123.02583025830259,47.13832883516338],[-122.82782827828278,47.3362332288948],[-122.76662766627666,47.21818499403747],[-122.57942579425794,47.292833142550194],[-122.53262532625325,47.9195303893664],[-123.13743137431373,47.35532926688643],[-122.6550265502655,47.88133831338314],[-122.77742777427774,48.13826682454325],[-123.97623976239763,48.1677788832576],[-124.71064710647107,48.379571304619304],[-124.13824138241382,46.95431246906222],[-123.8430384303843,46.96299248633113],[-124.1130411304113,46.862304286011636],[-123.88983889838897,46.659191881918844],[-124.07344073440734,46.27900712554003],[-123.22023220232202,46.154014876867535],[-123.99063990639905,46.21998300811134],[-124.1490414904149,43.692361979401056],[-124.54144541445415,42.81220822833231],[-124.07344073440734,41.45986153783414],[-124.32544325443254,40.251603134000106],[-123.83223832238322,39.775938187663144],[-123.70263702637027,38.907936460770884],[-122.90702907029069,38.19617504471921],[-122.9970299702997,37.987854630265076],[-122.52182521825219,37.8264063090631],[-122.39222392223922,38.14409494110569],[-121.52461524615245,38.055558764962655],[-122.3130231302313,38.00695066825671],[-122.07182071820718,37.47746961485241],[-122.44622446224463,37.79863025380256],[-122.50022500225002,37.54343774609623],[-122.39582395823959,37.206653076062025],[-121.8090180901809,36.8507723680362],[-121.87741877418773,36.33170733535462],[-120.63180631806318,35.076576838268394],[-120.64620646206461,34.580079850486015],[-119.60579605796057,34.418631529284056],[-119.1449914499145,34.111358917964196],[-118.50778507785077,34.01761473145983],[-118.41058410584105,33.74332618576187],[-118.07938079380793,33.72249414431646],[-117.46737467374673,33.295437294685456],[-117.1289712897129,32.53333177847405],[-114.72414724147241,32.715612141121426],[-114.83574835748357,32.50902773012106],[-111.04131041310413,31.325073374640013],[-108.21528215282153,31.33028138500137],[-108.21168211682117,31.77990627953156],[-106.44406444064441,31.767754255355072],[-104.91764917649176,30.58379989987401],[-104.50364503645037,29.67760609699849],[-104.11124111241112,29.385957516762687],[-103.1680316803168,28.998828746568734],[-102.61362613626136,29.752254245511224],[-102.26802268022679,29.87203848382235],[-101.440014400144,29.7765582938642],[-100.7560075600756,29.182845112669895],[-100.29520295202951,28.326995409954122],[-99.50679506795068,27.547529859204857],[-99.45639456394564,27.056240881783836],[-99.10719107191072,26.44690366950546],[-97.37557375573755,25.872286526302773],[-97.14517145171452,25.960822702445796],[-97.43677436774368,26.48509574548872],[-97.48357483574836,27.236785240977426],[-97.76797767977679,27.457257679608063],[-97.44037440374403,27.328793424028007],[-97.28917289172891,27.670786104423556],[-97.43317433174332,27.837442435986873],[-97.17037170371704,27.879106518877705],[-97.03357033570336,28.094370947146984],[-97.1559715597156,28.144715047306732],[-96.83916839168391,28.195059147466495],[-96.77436774367743,28.42247559991226],[-96.42156421564215,28.45719566898795],[-96.64116641166412,28.70891616978672],[-96.01116011160111,28.632532017820196],[-96.23436234362343,28.48844373115608],[-95.27315273152732,28.964108677493044],[-94.88794887948879,29.37033348567863],[-95.02115021150212,29.701910145351476],[-94.74034740347403,29.75051824205744],[-94.779947799478,29.547405837964646],[-94.5279452794528,29.547405837964646],[-94.75834758347582,29.3842215133089],[-93.89073890738906,29.689758121174975],[-93.84033840338402,29.97967069795699],[-93.8259382593826,29.724478190250665],[-93.17433174331742,29.778294297317984],[-92.25992259922599,29.55608585523356],[-91.89271892718926,29.835582411292876],[-91.51471514715146,29.55608585523356],[-91.24831248312483,29.56476587250249],[-91.1511115111151,29.31825338206508],[-91.29151291512915,29.28874132335075],[-90.75150751507515,29.13076500905636],[-90.38070380703807,29.295685337165892],[-90.21150211502115,29.104724957249587],[-90.05310053100531,29.33734942005671],[-90.15750157501574,29.536989817241945],[-89.44469444694447,29.194997136846382],[-89.37629376293762,28.98146871203089],[-89.01629016290163,29.20367715411531],[-89.72189721897219,29.61858197956981],[-89.35469354693547,29.819958380208817],[-89.40149401494014,30.04563882920081],[-89.63189631896319,29.903286545990483],[-89.81549815498154,30.00744675321755],[-89.73629736297363,30.17236708132708],[-90.17550175501755,30.028278794662967],[-90.41310413104131,30.141119019158964],[-90.33030330303303,30.278263292007935],[-90.12510125101251,30.36853547160473],[-89.58869588695886,30.165423067511938],[-88.90468904689047,30.41540756485692],[-88.13428134281342,30.366799468150944],[-88.01188011880119,30.69490412091622],[-87.78867788677887,30.292151319638208],[-88.00468004680046,30.23139119875576],[-87.2810728107281,30.3390234128904],[-86.99666996669967,30.569911872243736],[-87.20187201872018,30.3390234128904],[-86.25866258662586,30.493527720277214],[-86.12546125461255,30.404991544134205],[-86.4530645306453,30.399783533772847],[-85.75465754657546,30.167159070965724],[-85.60345603456034,30.286943309276865],[-85.67545675456755,30.122022981167333],[-85.3190531905319,29.68107810390606],[-84.04464044640446,30.10466294662949],[-83.69543695436954,29.92585459088967],[-82.65142651426514,28.887724525526522],[-82.84222842228422,27.846122453255802],[-82.74142741427414,27.708978180406817],[-82.67662676626766,27.964170688113143],[-82.40662406624065,27.863482487793647],[-82.71622716227162,27.498921762498895],[-82.44262442624427,27.059712888691408],[-82.24462244622445,26.849656470783472],[-82.01422014220142,26.960760691825683],[-82.03942039420394,26.552799880186313],[-81.8270182701827,26.686472146127727],[-81.96021960219602,26.49030375585008],[-81.71541715417153,25.983390747344984],[-81.36621366213662,25.830622443411954],[-80.94140941409414,25.264685317478197],[-81.13581135811357,25.309821407276587],[-81.11061110611105,25.137957065351912],[-80.48420484204841,25.229965248402493],[-80.12780127801278,25.834094450319526],[-80.04860048600486,26.80799238789264],[-80.74700747007469,28.380811517021442],[-80.8370083700837,28.75752426649268],[-80.6930069300693,28.344355444491967],[-80.60660606606066,28.52316380023177],[-80.45540455404554,27.899938560323122],[-80.52380523805238,28.486707727702296],[-81.2510125101251,29.793918328402043],[-81.51741517415174,30.80253633505086],[-81.38061380613806,31.35284942990056],[-81.11421114211142,31.878858476397284],[-80.6930069300693,32.215643146431475],[-80.8010080100801,32.44826760923861],[-80.57780577805778,32.286819288036654],[-80.47340473404734,32.42222755743184],[-80.63540635406353,32.512499737028634],[-79.94059940599405,32.667004044415464],[-79.93339933399334,32.80935632762579],[-79.27459274592745,33.13572497693728],[-79.22779227792277,33.404805512273896],[-79.19539195391954,33.24335719107192],[-78.84258842588426,33.72423014777024],[-78.01458014580146,33.911718520778976],[-77.95337953379533,34.16864703193909],[-77.92817928179281,33.93949457603952],[-77.3809738097381,34.526263743418696],[-77.41337413374133,34.731112150965274],[-77.29457294572946,34.60264789538522],[-76.44136441364414,34.842216372007485],[-76.45576455764558,34.98977666557917],[-76.74376743767438,34.94116856887321],[-76.97416974169741,35.02449673465486],[-77.07137071370714,35.1546969936887],[-76.77976779767798,34.98977666557917],[-76.51336513365133,35.27100922509227],[-77.03897038970389,35.52793773625238],[-76.1749617496175,35.35433739087392],[-75.77535775357754,35.64772197456351],[-75.75735757357573,35.84389036484116],[-75.85455854558545,35.96020259624473],[-76.08496084960849,35.69112206090813],[-76.07056070560705,35.97061861696744],[-76.72576725767257,35.95846659279094],[-76.73296732967329,36.229283131581326],[-76.56016560165601,36.01575470676583],[-76.14976149761497,36.145954965799675],[-76.14616146161461,36.27962723174109],[-75.81855818558185,36.11297090017777],[-75.94815948159481,36.6598119881199],[-75.53415534155342,35.819586316488184],[-75.99855998559985,36.91326849237244],[-76.48816488164881,36.89764446128838],[-76.67176671766717,37.17366901044012],[-77.25137251372513,37.329909321280724],[-76.6321663216632,37.222277107146084],[-76.40176401764018,36.991388647792746],[-76.28296282962829,37.05214876867521],[-76.7581675816758,37.50524567011297],[-76.45216452164522,37.27435721075962],[-76.2649626496265,37.35768537654128],[-76.30456304563046,37.57121380135678],[-76.54936549365493,37.668429994768715],[-77.11097110971109,38.164926982551094],[-76.49176491764918,37.68231802239899],[-76.34416344163441,37.67537400858386],[-76.2649626496265,37.89411044376071],[-77.2729727297273,38.35241535555983],[-77.26217262172621,38.600663849451024],[-77.03177031770318,38.88884042277925],[-77.23337233372334,38.40796746608092],[-77.0029700297003,38.44442353861041],[-76.34056340563406,38.0868068271308],[-76.66816668166682,38.53816772511476],[-76.39456394563945,38.36977539009766],[-76.57456574565745,39.25513715152778],[-75.95895958959589,39.58497780774684],[-75.87615876158762,39.3766573932927],[-76.15336153361534,39.31589727241024],[-76.34056340563406,38.710032067039435],[-76.01656016560165,38.624967897804],[-76.2649626496265,38.600663849451024],[-76.2649626496265,38.43574352134149],[-76.05256052560526,38.27950321050088],[-75.85815858158581,38.36283137628254],[-75.8509585095851,37.972230599181],[-75.66015660156602,37.95313456118937],[-75.93375933759337,37.15110096554092],[-75.03735037350373,38.42706350407255],[-75.57375573755738,39.4773455936122],[-75.46575465754657,39.78114619802449],[-75.07335073350733,39.98425860211728],[-75.42255422554226,39.78982621529343],[-75.52335523355234,39.489497617788686],[-74.89694896948969,39.145768933939365],[-74.9221492214922,38.94092052639277],[-74.06534065340654,39.99293861938622],[-74.07974079740796,39.78809021183963],[-73.97173971739717,40.40089943102558],[-74.26334263342633,40.52936368660562],[-73.92853928539284,40.9147564533458],[-73.9681396813968,41.24980511992621],[-73.87093870938709,41.05537273310236],[-73.98613986139861,40.75157212869004],[-72.9241292412924,41.2845251890019],[-71.52371523715237,41.37826937550628],[-71.39051390513904,41.79491020441455],[-71.14931149311492,41.7463021077086],[-71.16731167311673,41.48937359654849],[-70.70290702907029,41.715054045540484],[-70.65610656106561,41.534509686346894],[-69.94689946899469,41.67686196955722],[-69.97929979299792,41.96156653597788],[-70.10890108901089,42.077878767381435],[-70.2421024210242,42.09176679501172],[-70.00090000900009,41.826158266582695],[-70.42570425704257,41.75671812843129],[-70.73890738907389,42.22891106786071],[-71.04491044910449,42.331335271633975],[-70.61290612906129,42.622983851869776],[-70.82890828908289,42.82609625596257],[-70.73170731707317,43.07087274294619],[-70.17730177301773,43.76701012791381],[-69.81009810098101,43.77221813827515],[-69.65169651696516,43.99442658035957],[-69.62289622896229,43.87985035240979],[-69.22689226892268,43.98574656309066],[-68.76248762487624,44.57077972701603],[-68.81288812888128,44.33989126766269],[-68.5320853208532,44.25829910533483],[-68.44928449284492,44.508283602679796],[-68.05688056880568,44.3850273574611],[-67.83727837278373,44.5759877373774],[-67.19287192871928,44.6749399342431],[-66.98766987669876,44.82770823817614],[-67.12447124471244,45.16970091857169],[-67.36567365673656,45.173172925479264],[-67.43407434074341,45.60370178201785],[-67.80127801278013,45.72695802723655],[-67.80847808478084,47.08277672464226],[-68.31248312483125,47.35532926688643],[-68.93888938889388,47.21124098022233],[-69.24129241292412,47.46296148102107],[-70.0081000810008,46.70953598207859],[-70.2961029610296,45.90576638297634],[-70.86490864908649,45.27038911889122],[-71.32571325713256,45.28948515688285],[-71.51651516515165,45.00825259736973],[-74.70974709747097,45.00304458700839]]],[[[-72.510125101251,40.98593259495095],[-72.27252272522725,41.152588926514284],[-73.57213572135721,40.919964463707146],[-74.0149401494015,40.58144379021917],[-73.19413194131941,40.65435593527812],[-71.90171901719017,41.0605807434637],[-72.510125101251,40.98593259495095]]],[[[-68.18648186481865,44.33294725384755],[-68.2980829808298,44.45620349906625],[-68.41328413284133,44.29475517786429],[-68.18648186481865,44.33294725384755]]],[[[-69.97929979299792,41.26542915101027],[-70.04050040500405,41.39736541349791],[-70.23130231302312,41.2862611924557],[-69.97929979299792,41.26542915101027]]],[[[-75.5449554495545,35.23976116292414],[-75.45495454954549,35.56439380878186],[-75.50175501755017,35.769242216328436],[-75.53775537755376,35.2779532389074],[-75.68895688956889,35.222401128386295],[-75.5449554495545,35.23976116292414]]],[[[-80.38340383403833,25.141429072259484],[-80.25740257402573,25.348013483259848],[-80.58140581405814,24.953940699250765],[-80.38340383403833,25.141429072259484]]],[[[-119.8829988299883,34.08011085579608],[-119.8109981099811,33.96727063130008],[-119.54819548195482,34.028030752182545],[-119.8829988299883,34.08011085579608]]],[[[-122.57222572225723,48.15736286253488],[-122.62982629826298,48.384779314980676],[-122.74142741427414,48.22506699723249],[-122.38142381423813,47.92300239627397],[-122.57222572225723,48.15736286253488]]],[[[-84.90864908649087,29.6428860279228],[-84.73584735847358,29.733158207519594],[-85.11745117451174,29.632470007200084],[-84.90864908649087,29.6428860279228]]]]},"properties":{"name":"United States of America","iso_a3":"USA"},"id":"840"},
{"type":"Feature","geometry":{"type":"Polygon","coordinates":[[[-37.10377103771037,-54.06546451011384],[-38.018180181801824,-54.00817639613895],[-36.887768877688785,-54.3397530558118],[-36.08496084960848,-54.8674981057623],[-35.796957969579694,-54.76333789853523],[-36.326163261632615,-54.25121687966879],[-37.10377103771037,-54.06546451011384]]]},"properties":{"name":"S. Geo. and the Is.","iso_a3":"SGS"},"id":"239"},
{"type":"Feature","geometry":null,"properties":{"name":"Br. Indian Ocean Ter.","iso_a3":"IOT"},"id":"086"},
{"type":"Feature","geometry":null,"properties":{"name":"Saint Helena","iso_a3":"SHN"},"id":"654"},
{"type":"Feature","geometry":null,"properties":{"name":"Pitcairn Is.","iso_a3":"PCN"},"id":"612"},
{"type":"Feature","geometry":null,"properties":{"name":"Anguilla","iso_a3":"AIA"},"id":"660"},
{"type":"Feature","geometry":{"type":"MultiPolygon","coordinates":[[[[-58.851588515885155,-51.270498949520736],[-59.06039060390603,-51.68540377497524],[-59.57159571595716,-51.92497225159751],[-59.64719647196472,-52.13502866950544],[-59.39519395193952,-52.30862901488389],[-59.06759067590676,-52.1732207454887],[-59.19719197191972,-52.01698043464809],[-58.65358653586536,-52.09857259697596],[-58.68238682386823,-51.93538827232022],[-57.79317793177931,-51.63679567826927],[-57.97677976779768,-51.38507517747052],[-58.25758257582575,-51.416323239638636],[-58.27198271982719,-51.57429955393303],[-58.50958509585095,-51.484027374336236],[-58.42678426784268,-51.324315056588055],[-58.851588515885155,-51.270498949520736]]],[[[-60.2880028800288,-51.461459329437034],[-60.56880568805687,-51.357299122209966],[-60.24480244802447,-51.63853168172306],[-60.58320583205831,-51.713179830235795],[-60.23760237602376,-51.772203947664465],[-60.96120961209611,-52.05690851408513],[-60.687606876068756,-52.18884477657276],[-59.920799207992076,-51.97010834139591],[-59.26919269192692,-51.426739260361344],[-60.2880028800288,-51.461459329437034]]]]},"properties":{"name":"Falkland Is.","iso_a3":"FLK"},"id":"238"},
{"type":"Feature","geometry":null,"properties":{"name":"Cayman Is.","iso_a3":"CYM"},"id":"136"},
{"type":"Feature","geometry":{"type":"Polygon","coordinates":[[[-64.73044730447305,32.29376330185178],[-64.66924669246693,32.38229947799479],[-64.86364863648636,32.27466726386015],[-64.73044730447305,32.29376330185178]]]},"properties":{"name":"Bermuda","iso_a3":"BMU"},"id":"060"},
{"type":"Feature","geometry":null,"properties":{"name":"British Virgin Is.","iso_a3":"VGB"},"id":"092"},
{"type":"Feature","geometry":null,"properties":{"name":"Turks and Caicos Is.","iso_a3":"TCA"},"id":"796"},
{"type":"Feature","geometry":null,"properties":{"name":"Montserrat","iso_a3":"MSR"},"id":"500"},
{"type":"Feature","geometry":null,"properties":{"name":"Jersey","iso_a3":"JEY"},"id":"832"},
{"type":"Feature","geometry":null,"properties":{"name":"Guernsey","iso_a3":"GGY"},"id":"831"},
{"type":"Feature","geometry":{"type":"Polygon","coordinates":[[[-4.4118441184411665,54.18476685407481],[-4.426244262442623,54.40697529615923],[-4.786247862478632,54.0736626330326],[-4.4118441184411665,54.18476685407481]]]},"properties":{"name":"Isle of Man","iso_a3":"IMN"},"id":"833"},
{"type":"Feature","geometry":{"type":"MultiPolygon","coordinates":[[[[-2.669426694266946,51.622425756288834],[-2.431824318243173,51.74047399114619],[-3.137431374313735,51.205784927380535],[-4.18864188641885,51.188424892842704],[-5.62145621456213,50.05134263061382],[-5.117451174511729,50.03919060643733],[-4.195841958419578,50.393335311009366],[-3.6810368103680844,50.24056700707635],[-3.4038340383403636,50.63290378763165],[-3.000630006300071,50.71623195341331],[-2.03582035820358,50.6033917289173],[-1.4166141661416418,50.8967763126069],[0.20340203402034263,50.76310404666549],[0.9594095940959448,50.92628837132122],[1.4166141661416702,51.36376124167492],[0.42300423004229515,51.46618544544822],[1.2762127621276136,51.84463419837326],[1.7442174421744312,52.5789636593241],[1.272612726127278,52.924428346627224],[0.5598055980559877,52.966092429518056],[0.27900279002790285,52.80811611522367],[0.04500045000449404,52.90533230863559],[0.35460354603546307,53.16052481634193],[0.2718027180271747,53.33586116517418],[-0.660606606066068,53.724725938821905],[0.11700117001171861,53.60841370741835],[-0.08460084600844198,54.118798722831],[-1.2330123301233016,54.703831886756376],[-1.6542165421654147,55.570097610194864],[-2.6010260102600853,56.026666518540196],[-3.047430474304747,55.952018370027474],[-3.789037890378893,56.0943706532378],[-3.3606336063360516,56.028402521993996],[-2.67302673026731,56.25408297098599],[-2.8854288542885342,56.39817125765009],[-3.3102331023310114,56.3634511885744],[-2.5938259382593856,56.56135558230585],[-1.776617766177651,57.493589436988145],[-2.075420754207528,57.70190985144228],[-4.134641346413446,57.57691760276978],[-3.9906399063990534,57.95883836260239],[-3.213032130321295,58.32166308444337],[-3.0546305463054466,58.634143706124576],[-4.923049230492296,58.58900761632617],[-5.009450094500949,58.26263896701468],[-5.41265412654127,58.069942583644604],[-5.157051570515705,57.8807182071821],[-5.607056070560702,57.8807182071821],[-5.743857438574366,57.66892578582036],[-5.560255602556026,57.23318891892046],[-5.7294572945729385,56.85300416254165],[-6.13266132661326,56.71759589314644],[-5.653856538565378,56.531843523591505],[-5.189451894518953,56.7575239725835],[-5.769057690576886,55.3635131991945],[-5.556655566555662,55.389553251001274],[-5.409054090540906,55.99541845637208],[-4.998649986499856,56.23325092954056],[-5.229052290522901,55.88605023878367],[-4.80064800648006,56.15860278102784],[-4.584645846458471,55.93813034239719],[-4.872648726487256,55.87389821460715],[-4.6782467824678236,55.500657472043486],[-5.135451354513549,54.85833619414322],[-4.912249122491232,54.68994385912612],[-4.818648186481852,54.846184169966705],[-3.958239582395805,54.7802160387229],[-3.0366303663036547,54.95381638410137],[-3.5910359103590963,54.56495161045362],[-3.166231662316619,54.12747874009992],[-2.8674286742867423,54.177822840259665],[-3.065430654306539,53.5129335174602],[-2.74862748627487,53.309821113367406],[-3.065430654306539,53.42613334477096],[-3.097830978309787,53.25947701320766],[-3.4290342903428837,53.34106917553552],[-4.267842678426774,53.144900785257875],[-4.681846818468188,52.8063801117699],[-4.102241022410226,52.91574832935831],[-4.149041490414902,52.32550715507156],[-5.261452614526149,51.879354267448946],[-4.90144901449014,51.625897763196406],[-4.3866438664386465,51.74047399114619],[-3.562235622356212,51.4141053418347],[-2.669426694266946,51.622425756288834]]],[[[-4.195841958419578,53.32197313754389],[-4.566645666456651,53.38620526533393],[-4.372243722437219,53.13448476453516],[-4.195841958419578,53.32197313754389]]],[[[-1.3086130861308618,60.536803491472426],[-1.665016650166507,60.283346987219886],[-1.2906129061290414,60.153146728186044],[-1.2978129781297696,59.8788581824881],[-1.053010530105297,60.444795308421845],[-1.3086130861308618,60.536803491472426]]],[[[-3.0582305823058107,59.029952493587444],[-3.3102331023310114,59.13064069390697],[-3.3318333183331674,58.97092837615878],[-2.791827918279182,58.906696248368746],[-3.0582305823058107,59.029952493587444]]],[[[-5.106651066510665,55.448577368429966],[-5.319053190531889,55.70897788649762],[-5.329853298532981,55.481561434051855],[-5.106651066510665,55.448577368429966]]],[[[-5.776257762577615,56.34435515058277],[-5.761857618576187,56.49017944070067],[-6.287462874628744,56.6116996824656],[-6.312663126631264,56.29401105042302],[-5.776257762577615,56.34435515058277]]],[[[-6.129061290612896,55.931186328582044],[-6.463864638646385,55.807930083363345],[-6.305463054630536,55.60655368272435],[-6.0570605706056995,55.69508985886736],[-6.129061290612896,55.931186328582044]]],[[[-6.197461974619728,58.363327167334205],[-6.237062370623704,58.50220744363696],[-6.726667266672649,58.18972682195573],[-7.086670866708658,58.18278280814059],[-6.856268562685614,57.9241182935267],[-7.014670146701462,57.760933968870944],[-6.424264242642408,58.02133448693863],[-6.197461974619728,58.363327167334205]]],[[[-6.143461434614352,57.50574146116463],[-6.35946359463594,57.66718978236659],[-6.7626676266762615,57.4432453368284],[-5.949059490594891,57.04570054591173],[-5.67185671856717,57.25228495691209],[-6.136261362613624,57.31478108124833],[-6.143461434614352,57.50574146116463]]],[[[-7.205472054720531,57.68281381345065],[-7.5150751507515,57.601221651122785],[-7.183871838718375,57.53351751642518],[-7.205472054720531,57.68281381345065]]],[[[-6.219062190621912,54.089286664116656],[-5.607056070560702,54.27330303021782],[-5.67185671856717,54.54932757936956],[-5.47025470254701,54.500719482663584],[-5.581855818558182,54.66390380731934],[-5.877058770587695,54.64133576242014],[-5.715057150571511,54.81667211125239],[-6.0354603546035435,55.14477676401765],[-6.4746647466474485,55.2402569539758],[-7.219872198721987,55.09269666040413],[-8.119881198811981,54.413919309974375],[-7.605076050760488,54.143102771183976],[-7.324273242732431,54.13268675046126],[-7.050670506705075,54.408711299613],[-6.651066510665089,54.05803860194854],[-6.219062190621912,54.089286664116656]]]]},"properties":{"name":"United Kingdom","iso_a3":"GBR"},"id":"826"},
{"type":"Feature","geometry":{"type":"MultiPolygon","coordinates":[[[[56.29916299162991,25.650078084218364],[56.14436144361446,25.690006163655397],[56.07956079560796,26.063246906219078],[54.14634146341464,24.17100314159393],[53.80073800738009,24.070314941274432],[52.648726487264895,24.15537911050987],[52.11952119521197,23.971362744408708],[51.84231842318425,24.011290823845755],[51.76671766717669,24.254331307375594],[51.56871568715687,24.28557936954371],[52.555125551255514,22.93323267904556],[55.186751867518694,22.704080223145994],[55.46755467554675,23.941850685694376],[55.98595985959861,24.06337092745929],[55.75915759157593,24.242179283199093],[55.79515795157951,24.868876530015314],[56.000360003600036,24.953940699250765],[56.06516065160653,24.738676270981472],[56.38916389163893,24.979980751057525],[56.29916299162991,25.650078084218364]]],[[[53.33273332733327,24.25780331428315],[53.4119341193412,24.410571618216196],[53.192331923319244,24.29078737990507],[53.33273332733327,24.25780331428315]]]]},"properties":{"name":"United Arab Emirates","iso_a3":"ARE"},"id":"784"},
{"type":"Feature","geometry":{"type":"MultiPolygon","coordinates":[[[[38.21258212582126,47.09145674191117],[38.36738367383674,47.61052177459277],[38.90018900189003,47.855298261576394],[39.778597785977865,47.88828232719828],[39.95859958599587,48.26846708357709],[39.64539645396454,48.59136372598104],[40.005400054000546,48.82225218533438],[39.68499684996851,49.00800455488931],[40.10980109801099,49.251045038419164],[40.081000810008106,49.577413687730655],[38.25938259382593,50.05307863406762],[38.04698046980471,49.919406368126204],[37.424174241742435,50.410695345547225],[36.61776617766179,50.209318944908205],[36.117361173611755,50.408959342093425],[35.59175591755917,50.36903126265639],[35.31095310953111,51.044336606178575],[35.062550625506276,51.20404892392676],[34.21294212942129,51.25612902754028],[34.11934119341194,51.679713870263726],[34.39654396543966,51.78040207058322],[33.73413734137341,52.34460319306319],[32.43452434524346,52.30641111707993],[32.12132121321213,52.05121860937362],[31.76491764917651,52.10156270953337],[31.080910809108104,52.077258661180366],[30.756907569075707,51.894978298533005],[30.544505445054455,51.264809044809226],[30.159301593015925,51.478337469624705],[29.345693456934583,51.38285727966655],[29.10089100891011,51.62763376665018],[28.73008730087301,51.43320137982633],[28.182881828818296,51.60853772865855],[27.70047700477005,51.478337469624705],[27.142471424714245,51.752626015322676],[25.266852668526695,51.93837838487761],[24.363243632436337,51.86720224327246],[23.60363603636037,51.518265549061766],[24.09684096840968,50.8724722642539],[24.08964089640898,50.53047958385835],[22.70722707227074,49.60692574644497],[22.851228512285132,49.06355666541043],[22.5380253802538,49.072236682679346],[22.131221312213142,48.40561135642608],[22.876428764287652,47.947306444626975],[23.204032040320413,48.08445071747593],[24.579245792457925,47.931682413542916],[24.978849788497882,47.72336199908875],[26.163261632616326,47.99244253442535],[26.62046620466205,48.25978706630818],[27.54927549275493,48.47852350148503],[29.126091260912602,47.964666479164805],[29.13329133291333,47.48900153282784],[29.540095400954016,47.27026509765099],[29.572495724957264,46.9647284897849],[30.13050130501307,46.423095412204134],[28.95688956889569,46.45781548127982],[28.946089460894626,46.04985466964047],[28.499684996849965,45.51690160932861],[28.21168211682118,45.450933478084806],[28.762487624876258,45.23393304636173],[29.403294032940323,45.41968541591669],[29.705697056970564,45.2599730981685],[29.630096300963004,45.72175001687518],[30.220502205022058,45.86757430699308],[30.796507965079655,46.551559667784204],[31.56331563315635,46.7772401167762],[31.5309153091531,46.66439989228019],[31.87291872918729,46.65051186464993],[31.757717577175782,47.2129769836761],[32.04572045720457,46.641831847380985],[32.57852578525785,46.61579179557421],[32.362523625236264,46.47517551581768],[31.55611556115562,46.555031674691776],[32.00972009720098,46.43003942601928],[31.82971829718298,46.282479132447605],[32.47772477724777,46.08283873526236],[33.593735937359384,46.096726762892644],[33.65853658536585,46.21998300811134],[34.223742237422385,46.10193477325399],[35.001350013500144,45.73390204105169],[34.85014850148502,46.190470949397024],[35.23175231752319,46.44045544674199],[35.01575015750157,46.10540678016156],[35.82575825758258,46.624471812843154],[36.79416794167943,46.714743992439935],[37.54297542975431,47.07409670737334],[38.21258212582126,47.09145674191117]]],[[[32.01332013320135,46.20435897702728],[31.509315093150946,46.372751312044386],[32.15012150121501,46.154014876867535],[32.01332013320135,46.20435897702728]]]]},"properties":{"name":"Ukraine","iso_a3":"UKR"},"id":"804"},
{"type":"Feature","geometry":{"type":"Polygon","coordinates":[[[33.90333903339035,-1.00278294173566],[33.9429394293943,0.1742273999302597],[34.482944829448314,1.0422291268225337],[34.79974799747998,1.2453415309153257],[34.97974979749799,1.7730865808658223],[34.86454864548645,2.589008204144548],[34.4469444694447,3.163625347347235],[34.43614436144361,3.651442317860699],[34.16614166141662,3.8128906390626582],[33.97533975339755,4.220851450702014],[33.48933489334894,3.7556025250877667],[32.99612996129963,3.880594773760251],[32.13572135721358,3.5195060553730713],[31.79731797317973,3.802474618339943],[31.548915489154894,3.677482369667459],[31.1529115291153,3.7851145838020983],[30.839708397083967,3.4899939966587255],[30.728107281072823,2.4553359382031488],[31.17811178111782,2.2695835686482013],[31.25371253712538,2.043903119656207],[29.943299432994337,0.8200206847381111],[29.716497164971656,0.09784324796373767],[29.576095760957628,-1.3881757084758277],[29.824498244982465,-1.3360956048622796],[29.92889928899291,-1.4697678708036932],[30.50850508505087,-1.0670150695256808],[33.90333903339035,-1.00278294173566]]]},"properties":{"name":"Uganda","iso_a3":"UGA"},"id":"800"},
{"type":"Feature","geometry":{"type":"Polygon","coordinates":[[[55.97875978759788,41.32271726498516],[55.43515435154353,41.29667721317841],[54.85554855548557,41.96503854288545],[54.12114121141212,42.33480727854155],[53.05553055530555,42.14731890553281],[52.49392493924941,41.78102217678429],[52.85032850328503,41.19946101976646],[52.96912969129693,41.97545456360817],[53.804338043380454,42.117806846818496],[54.0959409594096,41.51888565526281],[54.70434704347045,41.07099676418642],[54.68634686346866,40.87309237045497],[54.31914319143192,40.83490029447171],[54.37674376743769,40.69254801126138],[53.86913869138692,40.649147924916775],[53.61353613536136,40.81927626338765],[53.14553145531457,40.82448427374899],[52.94392943929441,41.0380126985645],[52.73512735127352,40.39916342757181],[53.033930339303396,39.77420218420937],[52.98712987129872,39.98773060902485],[53.48753487534876,39.90961045360456],[53.602736027360294,39.54678573176358],[53.235532355323556,39.60928185609984],[53.15633156331563,39.26555317225049],[53.703537035370374,39.21000106172937],[53.86913869138692,38.94960054366172],[53.9159391593916,37.34379734891101],[54.700747007470085,37.47052560103728],[55.38115381153813,38.05035075460131],[56.27036270362706,38.07986281331566],[56.43956439564397,38.24999115178653],[57.19197191971921,38.21700708616464],[57.35397353973539,37.97396660263479],[58.261182611826115,37.66495798786114],[58.81558815588156,37.684054025852774],[59.301593015930166,37.51045368047433],[60.34200342003422,36.637243943220696],[61.119611196111975,36.642451953582054],[61.26361263612637,35.619945919302964],[61.98361983619836,35.44287356701693],[62.30762307623078,35.17032102477276],[62.68922689226892,35.25538519400821],[63.05643056430566,35.4463455739245],[63.12843128431285,35.845626368294944],[64.01044010440106,36.01228269985826],[64.5108451084511,36.34038735262354],[64.8168481684817,37.13200492754929],[65.55485554855551,37.25178916586043],[65.76365763657637,37.56947779790299],[66.52326523265234,37.349005359272354],[66.60606606066062,37.98611862681129],[65.61245612456125,38.237839127610044],[63.76203762037622,39.161392965023424],[62.48402484024842,39.975578584848364],[61.90441904419046,41.09356480908562],[61.49761497614978,41.27584517173298],[60.45360453604536,41.22202906466566],[60.09000090000902,41.39910141695168],[60.20160201602016,41.80359022168349],[59.94239942399426,41.97371856015437],[59.98559985599857,42.21155103332285],[59.35559355593557,42.32265525436506],[58.588785887858876,42.77922416271039],[58.153181531815335,42.62819186223115],[58.47358473584737,42.30008720946586],[58.027180271802735,42.48757558247459],[57.81477814778148,42.188982988423646],[57.289172891728924,42.12301485717984],[56.96516965169653,41.85740632875081],[57.01917019170193,41.263693147556495],[55.97875978759788,41.32271726498516]]]},"properties":{"name":"Turkmenistan","iso_a3":"TKM"},"id":"795"},
{"type":"Feature","geometry":{"type":"MultiPolygon","coordinates":[[[[25.968859688596893,40.13702690605032],[25.918459184591853,40.23771510636982],[25.670056700567017,40.13529090259655],[25.968859688596893,40.13702690605032]]],[[[41.51021510215102,41.517149651809035],[40.264602646026475,40.96162854659798],[39.425794257942584,41.10571683326211],[38.3817838178382,40.92517247406852],[36.77616776167761,41.36264534442222],[36.40536405364054,41.27410916827921],[36.05256052560526,41.682069979918566],[35.296552965529656,41.72894207317074],[35.00495004950051,42.063990739751176],[34.74934749347494,41.95635852561654],[33.38133381333813,42.01711864649897],[32.304923049230496,41.72894207317074],[31.25371253712538,41.10745283671588],[29.147691476914787,41.22029306121189],[29.11529115291154,40.937324498245005],[29.84609846098462,40.737684101059784],[28.95688956889569,40.630051886925145],[28.787687876878778,40.53457169696699],[29.00729007290073,40.39048341030286],[27.963279632796343,40.36965136885746],[27.873278732787327,40.51373965552156],[27.729277292772935,40.32798728596663],[26.739267392673923,40.40089943102558],[26.181261812618146,39.98946661247865],[26.112861128611286,39.466929572889484],[26.897668976689772,39.55025773867115],[26.681666816668184,39.291593224057266],[27.01287012870128,38.88710441932545],[26.764467644676444,38.710032067039435],[26.908469084690864,38.48087961113987],[27.142471424714245,38.45136755242555],[26.674466744667455,38.33505532102197],[26.440464404644047,38.64059192888806],[26.289262892628926,38.27776720704708],[27.23247232472326,37.97917461299615],[27.066870668706684,37.658013974046014],[27.534875348753502,37.16325298971742],[27.261272612726145,36.97576461670869],[28.244082440824428,37.02958072377601],[27.455674556745578,36.71189209173343],[28.971289712897146,36.715364098641004],[29.223292232922347,36.32476332153948],[29.687696876968772,36.156370986522376],[30.44730447304474,36.26921121101837],[30.645306453064535,36.86639639912026],[31.239312393123953,36.82126030932186],[32.79452794527947,36.03658674821125],[33.694536945369464,36.18241103832915],[34.70254702547027,36.8160522989605],[35.39375393753937,36.57474781888446],[36.048960489604895,36.90979648546487],[36.18936189361895,36.6598119881199],[35.81135811358115,36.30913929045542],[35.89415894158941,35.91680250990012],[36.15336153361534,35.83347434411846],[36.376563765637655,36.17199501760645],[36.635766357663584,36.234491141942684],[36.65736657366574,36.80216427133023],[37.4349743497435,36.642451953582054],[38.1909819098191,36.90111646819595],[38.7669876698767,36.6927960537418],[39.35739357393575,36.6823800330191],[40.707407074070744,37.0972848584736],[41.51381513815139,37.088604841204685],[42.20142201422016,37.29692525565882],[42.35982359823598,37.10943688265009],[42.77382773827739,37.371573404171556],[43.67743677436775,37.22748511750744],[44.11304113041132,37.30213326602018],[44.28224282242823,36.97750062016247],[44.764647646476476,37.142420948272004],[44.588245882458835,37.71009407765955],[44.210242102421034,37.90799847139098],[44.45144451444514,38.33505532102197],[44.0230402304023,39.3766573932927],[44.39024390243904,39.42179348309111],[44.588245882458835,39.768994173848],[44.81864818648188,39.650945938990645],[44.76824768247684,39.70302604260419],[44.28944289442896,40.0398107126384],[43.666636666366685,40.12661088532761],[43.56943569435694,40.482491593353444],[43.724237242372425,40.720324066521925],[43.439834398344004,41.10745283671588],[42.7558275582756,41.57964577614527],[42.467824678246785,41.43902949638874],[41.51021510215102,41.517149651809035]]],[[[28.013680136801383,41.968510549793024],[27.534875348753502,41.92163845654082],[27.243272432724325,42.093502798465494],[26.616866168661687,41.96503854288545],[26.321663216632174,41.716790048994255],[26.624066240662415,41.40257342385925],[26.037260372603726,40.72726808033707],[26.105661056610586,40.610955848933514],[26.793267932679328,40.62657988001757],[26.253262532625342,40.31409925833634],[26.202862028620302,40.07453078171409],[27.49887498874989,40.973780570774466],[28.95688956889569,41.008500639850155],[29.05769057690577,41.228973078480806],[28.197281972819724,41.555341727792296],[28.013680136801383,41.968510549793024]]]]},"properties":{"name":"Turkey","iso_a3":"TUR"},"id":"792"},
{"type":"Feature","geometry":{"type":"MultiPolygon","coordinates":[[[[11.5039150391504,33.18259707018947],[11.201512015120159,33.24856520143328],[10.956709567095686,33.627013954358304],[10.722707227072277,33.51417372986232],[10.711907119071185,33.68951007869455],[10.305103051030528,33.727702154677814],[10.049500495004963,34.05580680744309],[11.11871118711187,35.23976116292414],[11.003510035100362,35.63383394693324],[10.589505895058949,35.88729045118578],[10.477904779047805,36.175467024514006],[11.125911259112598,36.87334041293539],[11.053910539105402,37.07298081012061],[10.413104131041308,36.73098812972506],[10.19710197101972,37.206653076062025],[9.876698766987687,37.253525169314216],[9.829898298982982,37.13547693445686],[9.689496894968954,37.34032534200344],[8.577085770857707,36.93757254072543],[8.206282062820634,36.519195708363355],[8.393483934839367,35.203305090394664],[8.245882458824582,34.734584157872845],[7.515075150751528,34.08011085579608],[7.500675006750072,33.83186236190488],[7.7310773107731166,33.26766123942491],[8.112681126811282,33.0558688180632],[8.332283322833234,32.543747799196765],[9.045090450904524,32.07155485976736],[9.520295202952042,30.229655195301973],[9.894698946989479,30.38763150959636],[10.215102151021512,30.783440297059244],[10.114301143011431,31.46395365094277],[10.276302763027644,31.684426089573407],[11.5039150391504,32.413547540162924],[11.5039150391504,33.18259707018947]]],[[[10.956709567095686,33.72249414431646],[11.01791017910179,33.82318234463597],[10.744307443074433,33.889150475879774],[10.722707227072277,33.738118175400515],[10.956709567095686,33.72249414431646]]]]},"properties":{"name":"Tunisia","iso_a3":"TUN"},"id":"788"},
{"type":"Feature","geometry":{"type":"Polygon","coordinates":[[[-61.01161011610115,10.133679214292158],[-60.9180091800918,10.840232619982459],[-61.65241652416523,10.718712378217546],[-61.479614796147956,10.604136150267763],[-61.49761497614976,10.269087483687358],[-61.90441904419043,10.069447086502123],[-61.01161011610115,10.133679214292158]]]},"properties":{"name":"Trinidad and Tobago","iso_a3":"TTO"},"id":"780"},
{"type":"Feature","geometry":null,"properties":{"name":"Tonga","iso_a3":"TON"},"id":"776"},
{"type":"Feature","geometry":{"type":"Polygon","coordinates":[[[0.9018090180901766,10.993000923915503],[-0.07020070200701412,11.116257169134201],[-0.08460084600844198,10.673576288419142],[0.37980379803798314,10.291655528586546],[0.23220232202322677,9.463581881131319],[0.5274052740527395,9.399349753341298],[0.372603726037255,8.758764478894804],[0.6858068580685881,8.354275674163006],[0.49860498604985537,7.547034068153195],[0.635406354063548,7.354337684783118],[0.5238052380523754,6.850896683185596],[0.7362073620736282,6.453351892268941],[1.1862118621186255,6.08879116697419],[1.621816218162195,6.217255422554246],[1.7766177661776794,6.295375577974539],[1.5318153181531784,6.9932489663959245],[1.600216002160039,9.050413059130605],[1.384213842138422,9.361157677358037],[1.3302133021330178,9.996534941443173],[0.7650076500765124,10.387135718544698],[0.9018090180901766,10.993000923915503]]]},"properties":{"name":"Togo","iso_a3":"TGO"},"id":"768"},
{"type":"Feature","geometry":{"type":"MultiPolygon","coordinates":[[[[125.06705067050672,-9.512671872187454],[127.29547295472958,-8.424197706664557],[126.96786967869679,-8.316565492529918],[125.38025380253805,-8.575230007143816],[124.92304923049232,-8.943262739346125],[125.14985149851498,-9.042214936211849],[124.95904959049591,-9.214079278136523],[125.06705067050672,-9.512671872187454]]],[[[124.03744037440373,-9.340807530262794],[124.28224282242826,-9.427607702952017],[124.44424444244441,-9.189775229783535],[124.03744037440373,-9.340807530262794]]]]},"properties":{"name":"Timor-Leste","iso_a3":"TLS"},"id":"626"},
{"type":"Feature","geometry":{"type":"MultiPolygon","coordinates":[[[[102.42642426424266,11.989466906387833],[102.2788227882279,12.152651231043578],[102.30042300423003,11.980786889118903],[102.42642426424266,11.989466906387833]]],[[[98.4087840878409,7.902914776179031],[98.32238322383228,8.166787301154272],[98.29718297182973,7.776186524052761],[98.4087840878409,7.902914776179031]]],[[[100.12240122401226,20.31707547419225],[99.45999459994601,20.362211563990655],[99.4851948519485,20.150419142628948],[99.07479074790751,20.100075042469186],[98.91638916389167,19.773706393157696],[98.01638016380167,19.749402344804707],[97.81837818378187,19.459489768022692],[97.74637746377465,18.58801603422286],[97.37557375573755,18.518575896071482],[97.63117631176311,18.291159443625702],[97.7067770677707,17.79639845929711],[98.43758437584376,16.975268825657025],[98.6607866078661,16.33121154430296],[98.88758887588875,16.352043585748376],[98.59238592385924,16.04997898478986],[98.55638556385566,15.367729627452533],[98.19278192781928,15.204545302796788],[98.20358203582038,14.975392846897236],[99.13599135991359,13.716790342903437],[99.12519125191255,13.031068978658553],[99.6147961479615,11.781146491933683],[98.75798757987582,10.661424264242655],[98.70398703987041,10.19096732826705],[98.24318243182432,8.76744449616372],[98.30438304383046,8.22581141858295],[98.70398703987041,8.257059480751067],[99.35919359193593,7.371697719320963],[99.59679596795968,7.35607368823689],[99.69759697596976,6.87693673499237],[100.1188011880119,6.44119986809244],[100.2628026280263,6.682504348168493],[101.05481054810548,6.243295474361005],[100.98280982809831,5.7711025349316145],[101.11241112411125,5.637430268990201],[101.55521555215552,5.908246807780586],[101.87201872018721,5.824918641998934],[102.10242102421023,6.2415594709072195],[101.49761497614975,6.864784710815869],[101.0188101881019,6.861312703908297],[100.4248042480425,7.187681353219801],[100.16200162001621,7.599114171766729],[100.25560255602556,7.774450520598975],[100.54360543605435,7.227609432656834],[100.28080280802811,8.269211504927569],[99.98919989199891,8.588636140423915],[99.83439834398342,9.288245532299086],[99.25479254792549,9.265677487399884],[99.1647916479165,10.319431583847106],[99.98919989199891,12.170011265581422],[100.09000090000899,13.044957006288826],[99.98919989199891,13.24286140002026],[100.23400234002344,13.484165880096313],[100.60120601206012,13.567494045877979],[100.96120961209613,13.43208577648278],[100.89640896408963,12.6543562291873],[101.83601836018363,12.640468201557027],[102.54162541625419,12.109251144698959],[102.5956259562596,12.202995331203326],[102.93402934029342,11.706498343420947],[102.75402754027539,12.426939776741534],[102.49842498424988,12.669980260271373],[102.31842318423185,13.539717990617419],[102.54522545225456,13.584854080415823],[103.20043200432008,14.333071568996957],[104.77724777247772,14.428551758955109],[105.07245072450723,14.227175358316103],[105.1840518405184,14.34695959662723],[105.49725497254974,14.590000080157068],[105.64125641256413,15.655906200780777],[104.82044820448203,16.466619813698145],[104.74124741247414,17.46134979271669],[103.94923949239495,18.318935498886248],[103.3660336603366,18.42309570611333],[102.66042660426604,17.817230500742525],[102.10242102421023,18.211303284751608],[101.16641166411665,17.49954186869995],[100.95760957609576,17.541205951590783],[101.14481144811447,18.14186314660023],[101.04761047610475,18.44219174410496],[101.28521285212855,18.9768808078706],[101.21321213212133,19.5480259441657],[100.5148051480515,19.55323395452706],[100.3960039600396,19.75634635861985],[100.51840518405186,20.178195197889494],[100.3168031680317,20.386515612343644],[100.12240122401226,20.31707547419225]]]]},"properties":{"name":"Thailand","iso_a3":"THA"},"id":"764"},
{"type":"Feature","geometry":{"type":"MultiPolygon","coordinates":[[[[39.49779497794978,-6.174337230559786],[39.310593105931076,-5.7212403291220255],[39.18099180991811,-6.172601227106014],[39.47979479794799,-6.4538337866191],[39.49779497794978,-6.174337230559786]]],[[[39.86499864998652,-4.9053187058433],[39.67419674196742,-4.927886750742488],[39.74979749797498,-5.443479776516497],[39.86499864998652,-4.9053187058433]]],[[[32.92052920529207,-9.4067756615066],[33.888938889388896,-9.670648186481856],[33.996939969399705,-9.49531183764961],[34.3209432094321,-9.731408307364305],[34.56934569345694,-10.24179332277697],[34.608946089460915,-11.080282990954899],[34.95814958149583,-11.578515982191064],[35.56295562955631,-11.602820030544038],[35.91215912159123,-11.455259736972351],[36.30456304563046,-11.70698023777112],[36.97776977769777,-11.566363958014563],[37.373773737737395,-11.710452244678692],[37.726577265772676,-11.58025198564485],[37.92097920979211,-11.295547419224178],[38.49338493384934,-11.413595654081533],[39.81819818198184,-10.911890655937796],[40.46260462604627,-10.46400176486138],[39.72459724597246,-10.000488842700918],[39.6417964179642,-9.193247236691107],[39.30339303393035,-8.443293744656188],[39.44019440194404,-8.01102888466383],[39.28899288992892,-7.5180039037890225],[39.54459544595446,-7.023242919460429],[38.87498874988751,-6.330577541400402],[38.80298802988031,-6.070177023332718],[39.22059220592206,-4.691790281027792],[37.607776077760775,-3.497419904824042],[37.64377643776439,-3.0460590068400535],[33.90333903339035,-1.00278294173566],[30.50850508505087,-1.0670150695256808],[30.81090810908111,-1.5635120573080599],[30.87570875708758,-2.1433372108720903],[30.828908289082904,-2.337769597695967],[30.555305553055547,-2.400265722032202],[30.43290432904331,-2.874194664915393],[30.778507785077863,-2.98529888595759],[30.789307893078927,-3.2752114627396196],[29.9468994689947,-4.30813351774141],[29.403294032940323,-4.4487497974979675],[29.324093240932427,-4.898374692028156],[29.608496084960848,-5.722976332575811],[29.540095400954016,-6.313217506862557],[30.21330213302133,-7.037130947090702],[30.74970749707498,-8.193309247311205],[31.03411034110343,-8.597798052043004],[31.350913509135097,-8.606478069311933],[31.94131941319415,-9.054366960388336],[32.92052920529207,-9.4067756615066]]],[[[39.71019710197103,-7.978044819041926],[39.90819908199083,-7.64994016627665],[39.602196021960225,-7.936380736151094],[39.71019710197103,-7.978044819041926]]]]},"properties":{"name":"Tanzania","iso_a3":"TZA"},"id":"834"},
{"type":"Feature","geometry":{"type":"Polygon","coordinates":[[[67.75807758077582,37.171933006986336],[68.06768067680679,36.94972456490191],[68.91008910089101,37.333381328188295],[69.30249302493027,37.11638089646523],[69.49329493294934,37.55385376681893],[70.18810188101881,37.58162982207949],[70.21330213302133,37.92362250247504],[70.87930879308794,38.456575562786895],[71.25731257312574,38.30727926576142],[71.2789127891279,37.91841449211368],[71.58131581315814,37.90973447484477],[71.43371433714339,37.126796917187946],[71.66411664116643,36.69626806064937],[72.65772657726578,37.02958072377601],[73.38133381333813,37.46184558376835],[73.71973719737198,37.41844549742375],[73.65493654936552,37.23963714168393],[74.34974349743499,37.41844549742375],[74.88974889748897,37.23095712441501],[75.12015120151202,37.38546143180183],[74.89334893348934,37.60072586007112],[74.81054810548108,38.46004756969447],[74.27774277742779,38.65968796687969],[73.80253802538027,38.60760786326614],[73.63333633336333,39.44956953835165],[72.56412564125642,39.3766573932927],[72.22932229322294,39.2082650582756],[72.04212042120423,39.35235334493973],[71.77931779317794,39.27770519642698],[71.46971469714697,39.60407384573847],[70.80010800108002,39.39401742783053],[70.50130501305014,39.58671381120064],[69.29889298892991,39.524217686864375],[69.27729277292775,39.91829047087347],[69.47529475294755,39.92002647432727],[69.52929529295295,40.09709882661329],[69.96849968499686,40.20299503729413],[70.51570515705157,39.94953853304159],[70.95850958509587,40.23945110982362],[70.60210602106022,40.213411058016845],[70.37170371703718,40.38353939648772],[70.74970749707498,40.722060069975726],[70.40050400504006,41.03454069165693],[69.71289712897129,40.65782794218569],[69.35649356493565,40.7671961597741],[69.27369273692739,40.19778702693279],[68.62928629286293,40.16653896476467],[68.97128971289715,40.09015481279815],[68.46368463684638,39.53636971104089],[67.71847718477187,39.62143388027633],[67.4268742687427,39.46519356943571],[67.35847358473586,39.216945075544515],[68.13248132481326,38.927032498762514],[68.08568085680858,38.473935597324754],[68.35208352083521,38.21179907580327],[67.75807758077582,37.171933006986336]]]},"properties":{"name":"Tajikistan","iso_a3":"TJK"},"id":"762"},
{"type":"Feature","geometry":{"type":"Polygon","coordinates":[[[121.00981009810101,22.620752057364342],[121.39861398613988,23.172801155667827],[121.92781927819277,24.97303673724238],[121.59301593015931,25.275101338200898],[121.04221042210423,25.03206085467106],[120.13140131401315,23.653674112366133],[120.07380073800738,23.150233110768625],[120.23220232202323,22.717968250776266],[120.84060840608407,21.924614672396743],[121.00981009810101,22.620752057364342]]]},"properties":{"name":"Taiwan","iso_a3":"TWN"},"id":"158"},
{"type":"Feature","geometry":{"type":"Polygon","coordinates":[[[35.89415894158941,35.91680250990012],[35.764557645576474,35.57133782259699],[35.9769597695977,34.62868794719199],[36.383763837638384,34.65820000590632],[36.585365853658544,34.22072713555262],[36.29736297362973,33.95859061403115],[36.36576365763659,33.838806375720026],[35.96975969759697,33.73291016503917],[35.86895868958689,33.43258156753444],[35.78615786157863,32.734708179113056],[36.37296372963729,32.38750748835615],[36.81936819368195,32.31806735020477],[38.77418774187743,33.37182144665198],[40.98820988209883,34.42904755000677],[41.35541355413554,35.64077796074838],[41.294212942129434,36.383787438968156],[42.35982359823598,37.10943688265009],[42.20142201422016,37.29692525565882],[41.51381513815139,37.088604841204685],[40.707407074070744,37.0972848584736],[39.35739357393575,36.6823800330191],[38.7669876698767,36.6927960537418],[38.1909819098191,36.90111646819595],[37.4349743497435,36.642451953582054],[36.65736657366574,36.80216427133023],[36.635766357663584,36.234491141942684],[36.376563765637655,36.17199501760645],[36.15336153361534,35.83347434411846],[35.89415894158941,35.91680250990012]]]},"properties":{"name":"Syria","iso_a3":"SYR"},"id":"760"},
{"type":"Feature","geometry":{"type":"Polygon","coordinates":[[[9.523895238952406,47.52372160190353],[8.573485734857343,47.7754421027023],[8.42948429484295,47.59142573660114],[7.615876158761608,47.59316174005491],[6.967869678696786,47.45254546029838],[5.9706597065970755,46.21477499775],[6.759067590675926,46.41615139838899],[7.02187021870219,45.92659842442177],[7.788677886778885,45.9213904140604],[8.422284222842222,46.445663457103336],[9.023490234902368,45.845006262093875],[9.261092610926113,46.47517551581768],[10.128701287012888,46.23907904610297],[10.085500855008547,46.60016776449015],[10.431104311043129,46.549823664330404],[10.452704527045285,46.86577629291921],[9.581495814958146,47.056736672835484],[9.52749527495277,47.27026509765099],[9.523895238952406,47.52372160190353]]]},"properties":{"name":"Switzerland","iso_a3":"CHE"},"id":"756"},
{"type":"Feature","geometry":{"type":"MultiPolygon","coordinates":[[[[19.074790747907485,57.835582117383694],[18.538385383853836,57.83037410702235],[18.135181351813515,57.55608556132438],[18.145981459814607,56.92070829723923],[18.909189091890937,57.39810924702999],[18.815588155881557,57.70538185834985],[19.074790747907485,57.835582117383694]]],[[[16.529565295652958,56.29053904351545],[17.02637026370263,57.34429313996267],[16.410764107641086,56.568299596120994],[16.529565295652958,56.29053904351545]]],[[[11.388713887138891,59.03689650740259],[11.147511475114754,58.98828841069661],[11.248312483124835,58.36853517769555],[12.421924219242186,56.90682026960897],[12.882728827288275,56.61690769282694],[12.655926559265595,56.439835340540924],[12.799927999279987,56.26449899170868],[12.472324723247226,56.29053904351545],[12.972729727297292,55.74890596593468],[12.88632886328864,55.41212129590048],[14.175141751417527,55.39649726481642],[14.401944019440208,55.97632241838045],[14.783547835478373,56.16207478793541],[15.82755827558276,56.12561871540592],[16.349563495634953,56.70891587587752],[16.651966519665194,58.434503308939355],[16.92556925569255,58.49179142291425],[16.21276212762129,58.635879709578376],[16.979569795697955,58.654975747570006],[18.286382863828635,59.10980865246154],[18.55998559985599,59.394513218882196],[17.965979659796602,59.35979314980651],[18.97038970389704,59.757337940723176],[17.95517955179554,60.590619598539746],[17.249572495724976,60.699987816128186],[17.130771307713076,61.57493355683559],[17.195571955719572,61.72422985386106],[17.465574655746565,61.684301774424],[17.634776347763477,62.23287886581994],[17.41157411574116,62.508903414971655],[17.832778327783274,62.50195940115654],[17.879578795787978,62.873464140266435],[18.171181711817127,62.79013597448477],[18.606786067860696,63.179000748132495],[20.76320763207633,63.868194119284965],[21.519215192151933,64.46364330393305],[21.137611376113767,64.80910799123617],[21.195211952119536,64.87681212593378],[21.42561425614258,65.01222039532897],[21.573215732157337,65.12506061982498],[21.411214112141124,65.31775700319506],[22.25362253622538,65.59725355925437],[22.401224012240135,65.8628620876834],[23.103231032310333,65.73613383555713],[24.154441544415448,65.8055739737085],[23.700837008370087,66.25346286478492],[23.9888398883989,66.81071997344975],[23.456034560345614,67.45998526516516],[23.639636396363983,67.95474624949375],[22.854828548285496,68.36791507149448],[21.998019980199814,68.52068337542752],[20.918009180091815,68.90607614216768],[20.89640896408966,68.97898828722666],[20.622806228062274,69.03627640120152],[20.115201152011537,69.02065237011746],[20.280802808028085,68.93385219742825],[20.338403384033853,68.89913212835256],[20.349203492034917,68.84878802819281],[19.971199711997116,68.35576304731799],[18.304383043830455,68.55540344450321],[17.915579155791562,67.96516227021647],[17.325173251732537,68.10404254651922],[16.785167851678523,67.89572213206509],[16.126361263612637,67.42526519608947],[16.403564035640358,67.05549646043337],[15.424354243542439,66.4895593344996],[15.485554855548571,66.30554296839844],[14.542345423454236,66.13020661956622],[14.481144811448132,65.302132972111],[14.427144271442728,65.26394089612774],[14.351543515435168,65.17019670962335],[14.113941139411395,64.94625226408516],[13.64953649536497,64.58169153879041],[14.077940779407811,64.46364330393305],[14.142741427414279,64.17373072715105],[13.95913959139591,64.01401840940287],[12.792727927279287,64.00013038177258],[12.17352173521735,63.595641577040794],[12.155521555215557,61.72075784695349],[12.879128791287911,61.352725114751166],[12.706327063270635,61.05934053106159],[12.295922959229586,61.0020524170867],[12.486724867248682,60.10627463493387],[11.68031680316804,59.592417612613644],[11.644316443164428,58.92579228636038],[11.388713887138891,59.03689650740259]]]]},"properties":{"name":"Sweden","iso_a3":"SWE"},"id":"752"},
{"type":"Feature","geometry":{"type":"Polygon","coordinates":[[[31.94851948519485,-25.957832589888383],[31.415714157141565,-25.746040168526676],[31.206912069120705,-25.843256361938614],[30.803708037080384,-26.412665494779937],[30.79290792907929,-26.7650741958982],[31.062910629106312,-27.112274886655108],[31.46971469714697,-27.29629125275627],[31.959319593195943,-27.306707273478978],[31.995319953199527,-26.817154299511735],[32.11412114121143,-26.83972234441093],[31.94851948519485,-25.957832589888383]]]},"properties":{"name":"eSwatini","iso_a3":"SWZ"},"id":"748"},
{"type":"Feature","geometry":{"type":"Polygon","coordinates":[[[-54.15714157141571,5.359669716384673],[-54.05274052740526,5.80755860746109],[-54.833948339483385,5.9881029666546794],[-55.827558275582746,5.962062914847905],[-55.89595895958959,5.69992639332645],[-56.96876968769688,5.993310977016037],[-57.19557195571956,5.548894092847192],[-57.332373323733236,5.0194130394429095],[-57.87957879578795,4.880532763140138],[-58.05598055980559,4.101067212390888],[-57.645576455764555,3.394513806700587],[-57.30357303573035,3.3771537721627283],[-57.19557195571956,2.8528807291198035],[-56.7059670596706,2.0369591058410776],[-56.48276482764827,1.941478915882925],[-55.928359283592826,1.8876628088156053],[-56.137161371613715,2.259167547925486],[-55.95715957159571,2.5213040694469555],[-55.73035730357303,2.4067278414971724],[-54.97794977949779,2.5976882214134775],[-54.617946179461796,2.326871682623093],[-54.19674196741967,2.8181606600441143],[-54.00954009540095,3.448329913767907],[-54.351543515435154,4.054195119138711],[-54.481144811448104,4.837132676795534],[-54.15714157141571,5.359669716384673]]]},"properties":{"name":"Suriname","iso_a3":"SUR"},"id":"740"},
{"type":"Feature","geometry":{"type":"Polygon","coordinates":[[[33.97533975339755,4.220851450702014],[35.26775267752677,5.4916059788723],[34.98334983349835,5.857902707620838],[34.709747097470995,6.659936303269291],[33.90333903339035,7.508841992169934],[32.999729997299994,7.8994427692714595],[33.28053280532805,8.437603839944657],[34.072540725407265,8.54523605407931],[34.07974079740799,9.461845877677547],[33.870938709387104,9.506981967475937],[33.90693906939069,10.18228731099812],[33.12933129331293,10.746488433478106],[33.19773197731979,12.216883358833599],[32.72252722527227,12.223827372648742],[32.7369273692737,12.010298947833249],[32.07092070920709,12.006826940925677],[32.34452344523447,11.69434631924446],[32.42012420124203,11.088481113873655],[31.224912249122497,9.798630547711738],[30.756907569075707,9.730926413014146],[30.00450004500047,10.277767500956273],[29.604896048960484,10.06423907614078],[29.471694716947184,9.769118488997407],[28.978489784897846,9.59378214016516],[28.845288452884546,9.326437608282347],[28.049680496804967,9.328173611736133],[27.880478804788055,9.60246215743409],[26.55206552065522,9.526078005467568],[25.85725857258572,10.406231756536329],[25.104851048510483,10.312487570031962],[24.53244532445325,8.88722873447486],[24.14724147241472,8.665020292390437],[24.29124291242914,8.291779549826757],[24.852848528485282,8.13727524243994],[25.2020520205202,7.807434586220879],[25.27765277652776,7.427249829842069],[26.361263612636122,6.635632254916317],[26.307263072630747,6.455087895722727],[26.512465124651243,6.069695128982559],[27.142471424714245,5.722494438225652],[27.401674016740174,5.109685219039704],[28.193681936819388,4.351051709735856],[28.726487264872645,4.505556017122686],[29.223292232922347,4.392715792626689],[29.46809468094682,4.6114522278035395],[29.67689676896771,4.587148179450551],[30.839708397083967,3.4899939966587255],[31.1529115291153,3.7851145838020983],[31.548915489154894,3.677482369667459],[31.79731797317973,3.802474618339943],[32.13572135721358,3.5195060553730713],[32.99612996129963,3.880594773760251],[33.48933489334894,3.7556025250877667],[33.97533975339755,4.220851450702014]]]},"properties":{"name":"S. Sudan","iso_a3":"SSD"},"id":"728"},
{"type":"Feature","geometry":{"type":"Polygon","coordinates":[[[34.07974079740799,9.461845877677547],[34.34254342543426,10.657952257335083],[34.5729457294573,10.880160699419505],[34.7709477094771,10.746488433478106],[34.93294932949331,10.864536668335447],[35.112951129511316,11.815866561009372],[35.67095670956709,12.623108167019183],[36.124561245612455,12.756780432960596],[36.52416524165241,14.256687417030435],[36.426964269642696,15.131633157737838],[36.912969129691305,16.29649147522727],[37.01017010170102,17.058596991438677],[37.40977409774098,17.06206899834625],[37.54657546575467,17.324205519867718],[38.219782197821985,17.563773996489985],[38.60858608586088,18.00471887375126],[37.47097470974711,18.820640497029984],[37.19377193771939,20.120907083914602],[37.139771397713986,20.981964796991733],[37.25857258572586,21.108693049118003],[36.92736927369273,21.58609399890875],[36.86976869768699,21.997526817455693],[31.433714337143385,21.995790814001907],[31.401314013140137,22.20237522500227],[31.091710917109168,21.99405481054812],[24.978849788497882,21.995790814001907],[24.978849788497882,20.00285884905726],[23.98163981639817,19.995914835242118],[23.98163981639817,19.495945840552167],[23.97083970839708,15.721874332024584],[23.106831068310697,15.702778294032953],[22.93402934029342,15.532649955562064],[22.93402934029342,15.16288121990597],[22.383223832238343,14.550072000720021],[22.5380253802538,14.161207227072282],[22.106021060210622,13.800118508685102],[22.22842228422286,13.329661572709497],[21.825218252182538,12.7897644985825],[22.415624156241563,12.54672401505266],[22.592025920259204,11.579770091294677],[22.92322923229233,11.345409625033767],[22.85842858428586,10.920088778856552],[23.646836468364683,9.822934596064727],[23.466834668346678,9.11464518692064],[23.538835388353903,8.816052592869696],[24.14724147241472,8.665020292390437],[24.53244532445325,8.88722873447486],[25.104851048510483,10.312487570031962],[25.85725857258572,10.406231756536329],[26.55206552065522,9.526078005467568],[27.880478804788055,9.60246215743409],[28.049680496804967,9.328173611736133],[28.845288452884546,9.326437608282347],[28.978489784897846,9.59378214016516],[29.471694716947184,9.769118488997407],[29.604896048960484,10.06423907614078],[30.00450004500047,10.277767500956273],[30.756907569075707,9.730926413014146],[31.224912249122497,9.798630547711738],[32.42012420124203,11.088481113873655],[32.34452344523447,11.69434631924446],[32.07092070920709,12.006826940925677],[32.7369273692737,12.010298947833249],[32.72252722527227,12.223827372648742],[33.19773197731979,12.216883358833599],[33.12933129331293,10.746488433478106],[33.90693906939069,10.18228731099812],[33.870938709387104,9.506981967475937],[34.07974079740799,9.461845877677547]]]},"properties":{"name":"Sudan","iso_a3":"SDN"},"id":"729"},
{"type":"Feature","geometry":{"type":"Polygon","coordinates":[[[79.98379983799839,9.812518575342011],[80.42660426604266,9.480941915669177],[80.08460084600847,9.578158109081102],[79.78219782197823,8.019227007582586],[79.74979749797501,8.293515553280542],[79.71379713797137,8.182411332238331],[79.85779857798576,6.830064641740179],[80.09540095400956,6.1530232947642105],[80.72540725407254,5.979422949385764],[81.63621636216362,6.425575837008381],[81.87381873818737,7.288369553539297],[81.37341373413733,8.430659826129528],[80.71100711007114,9.366365687719394],[80.25380253802541,9.796894544257952],[79.98379983799839,9.812518575342011]]]},"properties":{"name":"Sri Lanka","iso_a3":"LKA"},"id":"144"},
{"type":"Feature","geometry":{"type":"MultiPolygon","coordinates":[[[[3.144631446314463,39.78982621529343],[3.1590315903159194,39.97037057448702],[2.370623706237069,39.57282578357035],[3.072630726307267,39.30200924477995],[3.4614346143461603,39.69781803224285],[3.144631446314463,39.78982621529343]]],[[[4.293042930429323,39.84190631890695],[4.224642246422462,40.032866698823256],[3.8538385383853893,40.0623787575376],[4.293042930429323,39.84190631890695]]],[[[1.4454144541445544,38.91835248149357],[1.5642156421564266,39.12146488558636],[1.2222122221222378,38.90446445386331],[1.4454144541445544,38.91835248149357]]],[[[-1.794617946179443,43.4076574129804],[-3.043830438304383,43.37120134045091],[-3.605436054360524,43.51876163402261],[-4.523445234452339,43.416337430249314],[-5.848258482584811,43.64548988614888],[-7.061470614706138,43.5534817030983],[-7.698676986769868,43.76527412446001],[-9.178291782917825,43.17329694671949],[-9.235892358923593,42.97712855644184],[-8.926289262892624,42.79832020070202],[-9.034290342903432,42.59347179315546],[-8.811088110881116,42.640343886407635],[-8.728287282872827,42.41119143050807],[-8.778687786877867,41.94073449453245],[-8.267482674826738,42.13690288481013],[-8.15228152281523,41.81227023895241],[-6.618666186661869,41.94247049798625],[-6.543065430654309,41.67165395919585],[-6.211862118621184,41.532773682893094],[-6.92826928269281,41.008500639850155],[-6.809468094680938,40.34361131705069],[-7.032670326703254,40.16827496821844],[-6.975069750697514,39.798506232562346],[-7.536675366753656,39.66136195971336],[-6.99666996669967,39.057232757796356],[-7.342273422734223,38.456575562786895],[-6.957069570695694,38.1874950274503],[-7.4430744307443035,37.72745411219739],[-7.407074070740691,37.17887702080148],[-6.863468634686342,37.279565221120976],[-6.395463954639553,36.83167633004457],[-6.215462154621548,36.91326849237244],[-6.38466384663846,36.637243943220696],[-6.0390603906039075,36.18761904869051],[-5.625056250562494,36.02617072748855],[-5.171451714517133,36.4237155184052],[-4.3686436864368545,36.718836105548576],[-2.11142111421114,36.77612421952347],[-1.6398163981639868,37.387197435255615],[-0.721807218072172,37.630237918785454],[-0.8154081540815241,37.76911819508821],[-0.5202052020520114,38.31769528648414],[0.19980199801997856,38.75864016374541],[-0.20340203402034263,39.0624407681577],[-0.3258032580325789,39.51900967650303],[0.5958059580596,40.614427855841086],[0.8910089100891128,40.722060069975726],[0.7146071460714722,40.82274827029522],[3.004230042300435,41.767134149154],[3.2490324903249075,41.94420650144002],[3.2130321303213236,42.4302874684997],[2.032220322203216,42.35390331653318],[1.7046170461704548,42.50319961355865],[1.4490144901449185,42.43723148231484],[1.427414274142734,42.59520779660923],[0.7650076500765124,42.838248280139055],[0.5166051660516757,42.68547997620604],[-0.5850058500585078,42.79832020070202],[-1.4598145981459822,43.05177670495456],[-1.409414094140942,43.239265077963296],[-1.794617946179443,43.4076574129804]]],[[[-16.335163351633497,28.379075513567656],[-16.122761227612273,28.575243903845305],[-16.903969039690395,28.33914743413061],[-16.659166591665922,28.00757077445776],[-16.335163351633497,28.379075513567656]]],[[[-13.714337143371438,28.91202857387951],[-13.476734767347665,29.005772760383863],[-13.462334623346237,29.236661219737215],[-13.789937899378998,29.056116860543625],[-13.85833858338583,28.86862848753489],[-13.714337143371438,28.91202857387951]]],[[[-14.196741967419655,28.16901909565972],[-13.926739267392662,28.254083264895158],[-13.85833858338583,28.73842822850105],[-14.491944919449196,28.101314960962128],[-14.196741967419655,28.16901909565972]]],[[[-15.399153991539919,28.148187054214304],[-15.68355683556834,28.153395064575662],[-15.80955809558094,27.99368274682749],[-15.70875708757086,27.783626328919553],[-15.435154351543503,27.811402384180113],[-15.399153991539919,28.148187054214304]]],[[[-17.18477184771848,28.021458802088034],[-17.10197101971019,28.11173098168483],[-17.26037260372604,28.20373916473541],[-17.18477184771848,28.021458802088034]]],[[[-17.886778867788678,27.809666380726327],[-18.160381603816035,27.76105828402035],[-17.983979839798394,27.64648205607058],[-17.886778867788678,27.809666380726327]]],[[[-17.832778327783274,28.493651741517425],[-17.724777247772465,28.724540200870777],[-17.92997929979299,28.844324439181904],[-17.832778327783274,28.493651741517425]]]]},"properties":{"name":"Spain","iso_a3":"ESP"},"id":"724"},
{"type":"Feature","geometry":{"type":"MultiPolygon","coordinates":[[[[126.63306633066333,37.78127021926471],[126.97506975069751,36.93930854417921],[126.87066870668707,36.82473231622943],[126.48546485464857,37.007012678876805],[126.16146161461614,36.772652212615895],[126.48906489064893,36.69453205719559],[126.75186751867517,35.87166642010172],[126.29106291062914,35.1546969936887],[126.42066420664207,34.823120334015854],[126.59346593465938,34.82485633746964],[126.26586265862659,34.67382403699038],[126.53226532265325,34.31447132205699],[127.2486724867249,34.75541619931826],[127.17307173071731,34.545359781410326],[127.32427324273243,34.46376761908246],[127.40347403474038,34.823120334015854],[127.71667716677166,34.72069613024257],[127.7130771307713,34.95505659650348],[128.03708037080372,35.022760731201075],[128.4438844388444,34.869992427268045],[128.51228512285127,35.10088088662138],[129.07749077490774,35.123448931520585],[129.41949419494193,35.49842567753804],[129.57429574295742,36.05047477584152],[129.40509405094053,36.05221077929531],[129.41949419494193,37.05909278249034],[128.37548375483755,38.6232318943502],[128.04068040680409,38.30901526921522],[127.09027090270905,38.28471122086222],[126.63306633066333,37.78127021926471]]],[[[128.74268742687428,34.798816285662866],[128.6670866708667,35.0088727035708],[128.49068490684908,34.86478441690669],[128.74268742687428,34.798816285662866]]],[[[128.06588065880658,34.80576029947801],[127.8318783187832,34.87520043762939],[127.87507875078751,34.734584157872845],[128.06588065880658,34.80576029947801]]],[[[126.23346233462337,34.370023432578094],[126.34506345063454,34.545359781410326],[126.1218612186122,34.44467158109083],[126.23346233462337,34.370023432578094]]],[[[126.52146521465215,37.73613412946631],[126.40986409864098,37.822934302155545],[126.42426424264244,37.62329390497031],[126.52146521465215,37.73613412946631]]],[[[126.32706327063272,33.22426115308029],[126.87426874268743,33.34057338448386],[126.89946899468998,33.51590973331609],[126.33786337863381,33.460357622795],[126.16506165061651,33.312797329223315],[126.32706327063272,33.22426115308029]]]]},"properties":{"name":"South Korea","iso_a3":"KOR"},"id":"410"},
{"type":"Feature","geometry":{"type":"Polygon","coordinates":[[[29.363693636936375,-22.194177102083515],[28.21168211682118,-22.69414609677345],[27.75807758077582,-23.197587098370974],[27.084870848708505,-23.577771854749784],[26.836468364683668,-24.24092517409548],[26.397263972639735,-24.61416591665916],[25.911259112591125,-24.74783818260056],[25.443254432544336,-25.71479210635856],[24.748447484474866,-25.81721631013184],[23.89523895238952,-25.600215878408775],[23.387633876338782,-25.29120726363513],[23.056430564305657,-25.312039305080546],[22.59922599225993,-26.13316893872063],[21.695616956169573,-26.841458347864716],[20.684006840068406,-26.822362309873085],[20.792007920079215,-25.916168506997565],[20.432004320043205,-25.147118976971015],[19.981999819998208,-24.777350241314906],[19.981999819998208,-28.450733549522987],[19.53919539195394,-28.573989794741685],[19.161191611916138,-28.938550520036436],[18.102781027810295,-28.870846385338844],[17.447574475744773,-28.698982043414176],[17.357573575735756,-28.27018919032939],[17.055170551705515,-28.03062071370713],[16.44676446764467,-28.617389881086304],[18.210782107821075,-31.74219609789847],[18.32598325983261,-32.50430161410988],[17.850778507785094,-32.8271982565138],[18.43398433984339,-33.71776802830527],[18.40878408784087,-34.295857178415524],[18.53478534785347,-34.085800760507595],[18.75078750787509,-34.082328753600024],[18.829988299883013,-34.363561313113124],[19.099990999910005,-34.349673285482844],[19.297992979929802,-34.61528181391188],[20.021600216002156,-34.78541015238277],[20.52920529205292,-34.46251350997884],[21.789217892178925,-34.372241330382046],[22.552425524255256,-34.00941660854107],[23.697236972369723,-33.99205657400323],[24.597245972459746,-34.174336936650604],[25.004050040500402,-33.9729605360116],[25.5728557285573,-34.03545666034784],[25.80685806858068,-33.7368640662969],[26.613266132661323,-33.707352007582564],[27.8588785887859,-33.054614708959576],[29.97209972099722,-31.322083262082607],[31.33651336513367,-29.37775939384393],[32.286922869228704,-28.62086188799387],[32.88452884528846,-26.85013836513364],[32.11412114121143,-26.83972234441093],[31.995319953199527,-26.817154299511735],[31.959319593195943,-27.306707273478978],[31.46971469714697,-27.29629125275627],[31.062910629106312,-27.112274886655108],[30.79290792907929,-26.7650741958982],[30.803708037080384,-26.412665494779937],[31.206912069120705,-25.843256361938614],[31.415714157141565,-25.746040168526676],[31.94851948519485,-25.957832589888383],[31.984519845198463,-24.461397612726117],[31.28611286112863,-22.40249751653765],[29.363693636936375,-22.194177102083515]],[[28.737287372873737,-30.101672834072083],[28.391683916839185,-30.14680892387048],[28.056880568805695,-30.631153887476366],[27.754477544775455,-30.59990582530824],[27.387273872738746,-30.315201258887576],[27.05607056070562,-29.626007887735113],[27.736477364773663,-28.940286523490222],[28.625686256862565,-28.58093380855683],[29.39249392493926,-29.270127179709284],[29.097290972909747,-29.9193924714247],[28.737287372873737,-30.101672834072083]]]},"properties":{"name":"South Africa","iso_a3":"ZAF"},"id":"710"},
{"type":"Feature","geometry":{"type":"Polygon","coordinates":[[[41.53181531815318,-1.6954483197956876],[41.97821978219784,-0.9732708830213141],[43.717037170371725,0.8582127607213721],[44.91944919449196,1.8095426533952974],[46.049860498605,2.4744319761947793],[46.8778687786878,3.2851455891121617],[47.97587975879759,4.496875999853756],[49.04869048690489,6.173855336209627],[49.85149851498517,7.9619388936076945],[50.82350823508236,9.42886181205563],[50.931509315093166,10.335055614931164],[51.38871388713889,10.421855787620387],[51.19431194311943,10.553792050108015],[51.032310323103246,10.44442383251959],[51.25551255512556,11.83149059209343],[50.79110791107911,11.984258896026475],[50.11070110701107,11.529425991134929],[48.937089370893716,11.258609452344544],[48.937089370893716,9.451429856954832],[47.97947979479795,7.996658962683398],[44.94104941049412,4.91178082530827],[43.53703537035372,4.840604683703106],[42.85662856628568,4.325011657929096],[42.025020250202516,4.137523284920363],[41.88461884618846,3.9778109671721893],[40.96300963009631,2.8146886531365425],[40.97740977409774,-0.8708466792480323],[41.53181531815318,-1.6954483197956876]]]},"properties":{"name":"Somalia","iso_a3":"SOM"},"id":"706"},
{"type":"Feature","geometry":{"type":"Polygon","coordinates":[[[48.937089370893716,11.258609452344544],[47.403474034740356,11.173545283109092],[46.564665646656465,10.746488433478106],[45.81585815858159,10.835024609621115],[44.94464944649448,10.437479818704446],[44.386643866438675,10.430535804889317],[43.85383853838539,10.784680509461353],[43.24543245432454,11.499913932420583],[42.92142921429215,10.999944937730646],[42.65502655026552,10.600664143360191],[42.84222842228422,10.203119352443537],[43.483034830348316,9.380253715349667],[43.983439834398354,9.008748976239772],[46.97866978669788,7.996658962683398],[47.97947979479795,7.996658962683398],[48.937089370893716,9.451429856954832],[48.937089370893716,11.258609452344544]]]},"properties":{"name":"Somaliland","iso_a3":"Xundefined"}},
{"type":"Feature","geometry":{"type":"MultiPolygon","coordinates":[[[[166.1326613266133,-10.757386348550966],[166.02466024660248,-10.661906158592828],[165.7906579065791,-10.785162403811526],[166.1326613266133,-10.757386348550966]]],[[[161.54621546215463,-9.625512096683451],[161.3626136261363,-9.35295955443928],[161.55341553415536,-9.769600383347566],[161.54621546215463,-9.625512096683451]]],[[[159.18819188191884,-9.123807098539729],[159.15219152191526,-9.000550853321016],[159.03699036990372,-9.075199001833752],[159.18819188191884,-9.123807098539729]]],[[[160.16740167401673,-8.995342842959673],[160.10620106201065,-9.08040701219511],[160.4086040860409,-9.141167133077573],[160.16740167401673,-8.995342842959673]]],[[[157.76257762577626,-8.241917344017182],[157.48897488974893,-7.965892794865439],[157.2189721897219,-8.262749385462598],[157.55737557375573,-8.269693399277728],[157.82017820178203,-8.61168607967329],[157.76257762577626,-8.241917344017182]]],[[[158.1081810818108,-8.684598224732241],[158.10458104581045,-8.537037931160555],[157.91017910179102,-8.5648139864211],[157.93897938979393,-8.736678328345775],[158.1081810818108,-8.684598224732241]]],[[[157.38817388173885,-8.714110283446573],[157.38097380973812,-8.420725699756986],[157.21177211772118,-8.5648139864211],[157.38817388173885,-8.714110283446573]]],[[[156.68616686166865,-7.922492708520821],[156.80856808568086,-7.7228523113356005],[156.56016560165602,-7.573556014310128],[156.68616686166865,-7.922492708520821]]],[[[157.17217172171723,-8.108245078075768],[157.1865718657187,-7.941588746512451],[157.02457024570248,-7.868676601453501],[156.95976959769598,-8.014500891571402],[157.17217172171723,-8.108245078075768]]],[[[155.840158401584,-7.0978910679731655],[155.73935739357393,-6.972898819300681],[155.67815678156785,-7.08921105070425],[155.840158401584,-7.0978910679731655]]],[[[159.749797497975,-9.273103395565187],[159.62019620196202,-9.531767910179084],[159.85419854198545,-9.792168428246768],[160.8190081900819,-9.863344569851932],[160.3546035460355,-9.422399692590659],[159.96939969399693,-9.432815713313374],[159.749797497975,-9.273103395565187]]],[[[159.87939879398795,-8.533565924252983],[159.84339843398436,-8.326981513252619],[159.4329943299433,-8.028388919201674],[158.45738457384573,-7.5440439555957965],[158.94338943389437,-8.040540943378176],[159.87939879398795,-8.533565924252983]]],[[[157.48537485374857,-7.330515530780289],[157.0317703177032,-6.891306656972802],[156.45216452164522,-6.637850152720262],[157.10017100171,-7.32357151696516],[157.48537485374857,-7.330515530780289]]],[[[160.75060750607508,-8.314829489076132],[160.59220592205924,-8.372117603051024],[160.7722077220772,-8.964094780791541],[161.36621366213666,-9.611624069053178],[160.75060750607508,-8.314829489076132]]],[[[161.71541715417158,-10.387617612894871],[161.30501305013053,-10.20360124679371],[161.78741787417874,-10.717458269113934],[162.37422374223746,-10.823354479794787],[162.10422104221044,-10.453585744138678],[161.71541715417158,-10.387617612894871]]]]},"properties":{"name":"Solomon Is.","iso_a3":"SLB"},"id":"090"},
{"type":"Feature","geometry":{"type":"Polygon","coordinates":[[[22.5380253802538,49.072236682679346],[21.638016380163805,49.41249335962112],[20.363603636036373,49.38471730436055],[20.05760057600577,49.18160490026776],[19.755197551975527,49.20417294516696],[19.441994419944194,49.59824572917606],[19.150391503915046,49.40034133544464],[18.833588335883377,49.51144555648682],[18.160381603816035,49.25798905223428],[17.757177571775713,48.888220316578185],[17.13437134371344,48.84134822332601],[16.954369543695435,48.598307739796155],[16.864368643686447,48.38651531843445],[17.148771487714896,48.00633056205564],[17.760777607776078,47.77023409234093],[18.72558725587257,47.78759412687879],[18.790387903879036,48.001122551694294],[19.625596255962563,48.22333099377872],[19.89919899198992,48.131322810728136],[20.489604896048974,48.527131598191005],[22.131221312213142,48.40561135642608],[22.5380253802538,49.072236682679346]]]},"properties":{"name":"Slovakia","iso_a3":"SVK"},"id":"703"},
{"type":"Feature","geometry":{"type":"Polygon","coordinates":[[[16.51516515165153,46.499479564170656],[16.093960939609417,46.86404028946541],[15.957159571595724,46.678287919910474],[14.891548915489153,46.605375774851524],[14.549545495454964,46.40052736730493],[13.69993699937001,46.52031160561609],[13.379533795337949,46.261647091002175],[13.63153631536315,46.17658292176674],[13.480334803348029,46.009926590203406],[13.87633876338765,45.61411780274054],[13.721537215372166,45.58807775093376],[13.577535775357774,45.51690160932861],[14.36954369543696,45.482181540252924],[14.567545675456756,45.65751788908517],[14.794347943479437,45.47870953334535],[15.337953379533815,45.466557509168865],[15.276752767527682,45.73216603759789],[15.65115651156512,45.862366296631734],[15.636756367563692,46.20088697011971],[16.51516515165153,46.499479564170656]]]},"properties":{"name":"Slovenia","iso_a3":"SVN"},"id":"705"},
{"type":"Feature","geometry":{"type":"Polygon","coordinates":[[[103.97083970839708,1.3321417036045489],[103.81963819638196,1.446717931554332],[103.65043650436508,1.3251976897894053],[103.97083970839708,1.3321417036045489]]]},"properties":{"name":"Singapore","iso_a3":"SGP"},"id":"702"},
{"type":"Feature","geometry":{"type":"MultiPolygon","coordinates":[[[[-10.283502835028344,8.484475933196848],[-10.711907119071185,8.335179636171375],[-10.499504995049932,8.68758833728964],[-10.747907479074797,9.09554914892901],[-10.690306903069029,9.31428558410586],[-11.273512735127355,9.996534941443173],[-12.429124291242914,9.897582744577463],[-13.026730267302668,9.104229166197925],[-13.293132931329296,9.04867705567682],[-13.059130591305916,8.880284720659716],[-13.206732067320672,8.843828648130241],[-13.181531815318152,8.576484116247428],[-12.89352893528934,8.630300223314748],[-13.27153271532714,8.428923822675742],[-12.958329583295836,8.145955259708856],[-12.882728827288275,7.856042682926841],[-12.479524795247954,7.753618479153559],[-12.486724867248654,7.385585746951236],[-11.507515075150735,6.906448793706701],[-10.647106471064717,7.758826489514902],[-10.283502835028344,8.484475933196848]]],[[[-12.52632526325263,7.435929847110984],[-12.616326163261618,7.63730624774999],[-12.951129511295107,7.571338116506183],[-12.52632526325263,7.435929847110984]]]]},"properties":{"name":"Sierra Leone","iso_a3":"SLE"},"id":"694"},
{"type":"Feature","geometry":null,"properties":{"name":"Seychelles","iso_a3":"SYC"},"id":"690"},
{"type":"Feature","geometry":{"type":"Polygon","coordinates":[[[22.703627036270376,44.2374670638894],[22.494824948249487,44.435371457620846],[22.642426424264244,44.650635885890125],[22.091620916209166,44.541267668301714],[21.360813608136084,44.82597223472237],[21.49041490414905,45.14713287367252],[20.774007740077394,45.483917543706696],[20.774007740077394,45.74952607213575],[20.241202412024137,46.10887878706913],[19.6147961479615,46.169638907951594],[18.905589055890573,45.93180643478311],[19.006390063900653,45.39885337447126],[19.402394023940246,45.18879695656332],[19.135991359913618,45.195740970378466],[19.006390063900653,44.869372321066976],[19.348393483934842,44.88152434524346],[19.117991179911797,44.360723309108096],[19.58239582395825,44.04303467706555],[19.243992439924398,43.96491452164523],[19.4959949599496,43.64201787924131],[19.193591935919358,43.5326496616529],[20.34560345603458,42.82783225941637],[20.799207992079914,43.2618331228625],[21.389613896138968,42.751448107449846],[21.75321753217534,42.66985594512198],[21.562415624156245,42.24800710585234],[22.343623436234367,42.313975237096145],[22.52362523625237,42.440703489222415],[22.466024660246603,42.84172028704663],[22.977229772297733,43.18718497434975],[22.368823688236887,43.780898155544065],[22.703627036270376,44.2374670638894]]]},"properties":{"name":"Serbia","iso_a3":"SRB"},"id":"688"},
{"type":"Feature","geometry":{"type":"Polygon","coordinates":[[[-12.281522815228158,14.80873651533392],[-13.206732067320672,15.617714124797516],[-13.408334083340833,16.05865900205879],[-13.869138691386894,16.148931181655584],[-14.535145351453508,16.655844190160664],[-16.23796237962378,16.53085194148818],[-16.536765367653658,15.838186563428152],[-17.148771487714868,14.921576739829916],[-17.533975339753397,14.7549204082666],[-17.16677166771666,14.640344180316816],[-16.792367923679222,14.00496691623168],[-16.619566195661946,14.03968698530737],[-16.767167671676702,13.90427871591217],[-16.561965619656178,13.58659008386961],[-15.510755107551063,13.58659008386961],[-15.107551075510742,13.81227053286159],[-13.825938259382582,13.407781728129791],[-14.247142471424695,13.23591738620513],[-15.150751507515082,13.557078025155263],[-15.287552875528746,13.395629703953304],[-15.813158131581304,13.32445356234814],[-15.83475834758346,13.156061227331037],[-16.76356763567634,13.064053044280456],[-16.745567455674546,12.584916091035922],[-16.59796597965979,12.715116350069763],[-16.443164431644306,12.60922013938891],[-16.759967599676003,12.525891973607244],[-16.713167131671298,12.354027631682584],[-15.57555575555756,12.491171904531555],[-15.197551975519758,12.680396280994074],[-13.728737287372866,12.67345226717893],[-13.084330843308436,12.633524187741898],[-13.06273062730628,12.48943590107777],[-12.40032400324003,12.340139604052311],[-11.388713887138863,12.404371731842332],[-11.388713887138863,12.942532802515544],[-11.633516335163335,13.36958965214653],[-11.831518315183132,13.31577354507921],[-12.054720547205477,13.633462177121785],[-12.018720187201865,14.206343316870687],[-12.281522815228158,14.80873651533392]]]},"properties":{"name":"Senegal","iso_a3":"SEN"},"id":"686"},
{"type":"Feature","geometry":{"type":"MultiPolygon","coordinates":[[[[41.989019890198904,16.71486830758934],[41.85941859418594,17.00304488091757],[41.8018180181802,16.779100435379362],[42.158221582215816,16.570780020925227],[42.0610206102061,16.80340448373235],[41.989019890198904,16.71486830758934]]],[[[51.97911979119792,18.99597684586223],[54.977949779497806,19.995914835242118],[55.640356403564056,22.000998824363265],[55.186751867518694,22.704080223145994],[52.555125551255514,22.93323267904556],[51.56871568715687,24.28557936954371],[51.30951309513097,24.341131480064817],[51.41751417514175,24.530355856527336],[51.26631266312663,24.606740008493844],[50.96750967509675,24.57375594287194],[50.805508055080566,24.789020371141234],[50.08190081900821,25.960822702445796],[50.21510215102151,26.308023393202703],[50.00990009900099,26.677792128858798],[50.150301503015044,26.66216809777474],[48.79668796687969,27.724602211490875],[48.44388443884441,28.5422598382234],[47.669876698766984,28.533579820954472],[47.43227432274324,28.990148729299804],[46.532265322653245,29.096044939980672],[44.689046890468916,29.201941150661526],[42.075420754207556,31.080296887656388],[40.36900369003692,31.939618597279733],[39.1449914499145,32.12537096683468],[36.95976959769598,31.49172970620333],[37.978579785797876,30.500471734092358],[37.632976329763295,30.312983361083624],[37.47097470974711,29.995294729041063],[36.75456754567546,29.866830473461008],[36.066960669606715,29.20020514720774],[34.9509495094951,29.352973451140784],[34.62334623346234,28.064858888432653],[35.18135181351815,28.035346829718307],[37.15057150571508,25.290725369284957],[37.179371793717934,24.82026843330935],[37.54297542975431,24.29078737990507],[37.92097920979211,24.1848911692242],[38.46458464584646,23.71269822979481],[39.06219062190624,22.592976002103782],[38.98658986589868,21.881214586052124],[39.274592745927464,20.973284779722817],[39.728197281972825,20.3899876192512],[40.757807578075784,19.754610355166065],[41.22941229412294,18.678288213819656],[41.75141751417516,17.884934635440118],[42.29502295022951,17.43530974090993],[42.79902799027991,16.371139623740007],[43.16623166231662,16.688828255782568],[43.19143191431914,17.358925588943407],[43.41823418234182,17.516901903237795],[43.918639186391886,17.324205519867718],[45.14625146251464,17.426629723641],[46.72666726667268,17.26518140243904],[47.14427144271443,16.947492770396465],[47.4430744307443,17.112413098505996],[48.173881738817386,18.15748717768429],[49.04149041490416,18.581072020407717],[51.97911979119792,18.99597684586223]]]]},"properties":{"name":"Saudi Arabia","iso_a3":"SAU"},"id":"682"},
{"type":"Feature","geometry":{"type":"Polygon","coordinates":[[[6.658266582665846,0.12041129286293994],[6.687066870668701,0.4051158592836117],[6.467464674646749,0.22804350699757947],[6.521465214652153,0.06659518579562018],[6.658266582665846,0.12041129286293994]]]},"properties":{"name":"São Tomé and Principe","iso_a3":"STP"},"id":"678"},
{"type":"Feature","geometry":null,"properties":{"name":"San Marino","iso_a3":"SMR"},"id":"674"},
{"type":"Feature","geometry":{"type":"MultiPolygon","coordinates":[[[[-172.3319233192332,-13.465551736454856],[-172.77832778327783,-13.51763184006839],[-172.53712537125372,-13.791920385766346],[-172.2239222392224,-13.804072409942833],[-172.3319233192332,-13.465551736454856]]],[[[-171.45351453514536,-14.047112893472672],[-171.60471604716048,-13.87872055845557],[-172.04752047520475,-13.857888517010153],[-171.45351453514536,-14.047112893472672]]]]},"properties":{"name":"Samoa","iso_a3":"WSM"},"id":"882"},
{"type":"Feature","geometry":{"type":"Polygon","coordinates":[[[-61.17361173611735,13.157797230784823],[-61.13761137611375,13.359173631423829],[-61.26721267212672,13.287997489818665],[-61.17361173611735,13.157797230784823]]]},"properties":{"name":"St. Vin. and Gren.","iso_a3":"VCT"},"id":"670"},
{"type":"Feature","geometry":{"type":"Polygon","coordinates":[[[-60.89640896408963,13.822686553584305],[-60.90720907209072,14.09350309237469],[-61.07281072810727,13.866086639928909],[-60.950409504095035,13.716790342903437],[-60.89640896408963,13.822686553584305]]]},"properties":{"name":"Saint Lucia","iso_a3":"LCA"},"id":"662"},
{"type":"Feature","geometry":null,"properties":{"name":"St. Kitts and Nevis","iso_a3":"KNA"},"id":"659"},
{"type":"Feature","geometry":{"type":"Polygon","coordinates":[[[29.576095760957628,-1.3881757084758277],[29.198091980919827,-1.7197523681486615],[29.13329133291333,-2.1954173144856384],[28.85608856088561,-2.4471378152843926],[29.01449014490146,-2.719690357528563],[29.10089100891011,-2.596434112309865],[29.388893888938895,-2.808226533671572],[29.698496984969864,-2.7943385060412993],[29.867698676986777,-2.7162183506209914],[29.92889928899291,-2.339505601149753],[30.555305553055547,-2.400265722032202],[30.828908289082904,-2.337769597695967],[30.87570875708758,-2.1433372108720903],[30.81090810908111,-1.5635120573080599],[30.50850508505087,-1.0670150695256808],[29.92889928899291,-1.4697678708036932],[29.824498244982465,-1.3360956048622796],[29.576095760957628,-1.3881757084758277]]]},"properties":{"name":"Rwanda","iso_a3":"RWA"},"id":"646"},
{"type":"Feature","geometry":{"type":"MultiPolygon","coordinates":[[[[137.17757177571775,55.09964067421927],[136.71316713167136,54.955552387555144],[137.05517055170554,54.9260403288408],[137.17757177571775,55.09964067421927]]],[[[86.65466654666545,74.98208823041358],[86.25866258662586,74.89355205427057],[86.92826928269284,74.83105592993431],[86.65466654666545,74.98208823041358]]],[[[130.68670686706866,42.30182321291966],[130.83430834308342,42.52229565155028],[130.70830708307085,42.655967917491694],[131.15831158311585,42.62645585877735],[131.93951939519394,43.30176120229953],[131.86751867518677,43.09517679129917],[132.31032310323104,43.313913226476046],[132.3031230312303,42.88338436993746],[133.159931599316,42.69763200038253],[134.00954009540095,42.947616497727495],[135.1327513275133,43.52570564783775],[137.68517685176852,45.81896621028713],[138.5851858518585,47.056736672835484],[140.16920169201694,48.52365959128343],[140.6228062280623,50.082590692781935],[140.52200522005222,50.79956011919495],[141.4868148681487,52.17794686149989],[141.13401134011343,52.43487537266],[141.25641256412564,52.839364177391786],[140.83880838808392,53.08761267128298],[141.1808118081181,53.01470052622403],[141.37521375213754,53.29246107882955],[139.70839708397085,54.27677503712539],[138.65718657186574,54.29760707857079],[138.4519845198452,53.53723756581317],[138.25038250382505,53.52334953818291],[138.52758527585274,53.959086405082815],[137.95157951579517,53.60320569705698],[137.25317253172534,53.54591758308209],[137.83637836378364,53.94693438090633],[137.33957339573396,54.09970268483937],[137.66717667176675,54.28371905094053],[137.14157141571417,54.18303085062104],[137.15597155971562,53.82194213223383],[136.72036720367203,53.804582097696],[136.79596795967961,54.62050372097474],[135.8527585275853,54.58404764844525],[135.25875258752586,54.73160794201695],[135.26235262352623,54.94340036337866],[137.69237692376925,56.13950674303621],[138.6607866078661,56.965844387037635],[140.44640446404463,57.81301407248449],[140.7920079200792,58.30430304990551],[142.58122581225814,59.24000891149538],[145.5548555485555,59.413609256873826],[146.04806048060482,59.170568773344],[146.53766537665376,59.45700934321846],[147.51327513275135,59.267784966755926],[148.25848258482586,59.413609256873826],[148.72648726487267,59.25736894603324],[148.96408964089642,59.36847316707545],[148.79848798487984,59.53165749173118],[149.20529205292053,59.48825740538658],[149.0648906489065,59.630609688596905],[149.64089640896412,59.77122596835346],[150.6669066690667,59.55596154008418],[150.48330483304835,59.49520141920172],[151.34731347313476,59.56116955044553],[152.2617226172262,59.22438488041132],[151.12051120511205,59.08203259720099],[151.32571325713258,58.87544818620063],[152.31932319323192,59.029952493587444],[152.8161281612816,58.92579228636038],[153.359733597336,59.213968859688606],[154.01134011340116,59.07508858338585],[155.159751597516,59.18966481133563],[154.9725497254973,59.450065329403316],[154.14814148141483,59.52818548482361],[154.29214292142922,59.8337220926897],[157.0857708577086,61.675621757155085],[159.18819188191884,61.929078261407625],[159.5517955179552,61.71902184349972],[160.30780307803082,61.894358192331936],[159.78939789397896,60.9569163272883],[160.37980379803798,61.024620461985876],[160.17460174601746,60.63922769524572],[160.76500765007654,60.753803923195505],[162.39222392223922,61.661733729524826],[162.85662856628568,61.70513381586943],[163.0870308703087,61.569725546474245],[163.33183331833317,62.55056749786249],[164.41904419044192,62.70507180524933],[165.41625416254163,62.44640729063542],[164.5990459904599,62.47071133898842],[164.20664206642067,62.291902983248605],[163.709837098371,60.916988247851236],[162.06822068220686,60.465627349867276],[158.2737827378274,58.00918246276214],[157.66537665376654,58.019598483484856],[157.44937449374493,57.799126044854205],[156.83016830168305,57.780030006862575],[156.8481684816848,57.29047703289535],[155.98415984159845,56.695027848247264],[155.62055620556208,54.865280207958335],[156.52056520565208,51.38112127621278],[156.8481684816848,51.006144530195314],[158.10458104581045,51.80991412929757],[158.49338493384937,52.382795269046454],[158.47178471784719,53.03206056076186],[158.74538745387457,52.908804315543165],[159.58419584195843,53.236908968308455],[160.02340023400234,53.129276754173816],[159.84339843398436,53.78375005625057],[160.07380073800738,54.18997486443615],[160.7722077220772,54.540647562100645],[161.62541625416253,54.51634351374764],[162.10422104221044,54.75243998346235],[161.72261722617225,55.49544946168214],[162.08622086220862,56.08916264287646],[162.67302673026734,56.49017944070067],[163.03663036630365,56.52142750286879],[162.62982629826297,56.23151492608679],[162.83862838628386,56.06485859452346],[163.33543335433353,56.23325092954056],[163.25623256232564,56.68808383443212],[162.79182791827918,56.875572207440854],[162.7810278102781,57.35818116759293],[163.22743227432278,57.79044602758529],[162.65502655026552,57.94842234187968],[162.39222392223922,57.71753388252634],[161.96021960219605,58.07688659745975],[163.27423274232746,59.302505035831615],[163.36423364233644,59.78164198907615],[163.74223742237422,60.028154479513574],[164.11304113041132,59.89795422047973],[164.52704527045273,60.061138545135464],[164.95544955449554,59.84413811341241],[165.08505085050854,60.099330621118725],[166.3522635226352,60.48472338785891],[166.27306273062732,59.8562901375889],[167.22707227072272,60.406603232438584],[169.2250922509225,60.59582760890112],[170.3519035190352,59.96565835517731],[170.60750607506077,60.43437928769916],[172.3931239312393,61.061076534515365],[172.85752857528576,61.46903734615472],[173.13113131131314,61.406541221818486],[173.62433624336245,61.715549836592146],[174.51354513545135,61.823182050726786],[177.159571595716,62.5609835185852],[177.02277022770227,62.77798395030828],[177.33957339573396,62.781455957215854],[177.2927729277293,62.599175594568464],[179.1215912159122,62.31967903850915],[179.5715957159572,62.68771177071147],[179.3879938799388,63.14775268596438],[178.44118441184412,63.60605759776351],[178.73278732787327,63.666817718645945],[178.379983799838,64.26053089984026],[177.68877688776888,64.3039309861849],[177.4259742597426,64.76397190143777],[176.1407614076141,64.58516354569798],[176.34956349563498,64.70494778400911],[176.05796057960583,64.90458818119433],[174.549545495455,64.6841157425637],[176.06156061560614,64.96014029171545],[177.06957069570694,64.78653994633697],[177.03717037170372,65.00006837115248],[176.6447664476645,65.00701238496762],[176.45036450364506,65.02610842295925],[176.34236342363425,65.04694046440466],[176.88236882368824,65.08166053348035],[177.17757177571775,65.01395639878277],[177.749977499775,64.7170998081856],[178.69678696786968,64.63029963549639],[179.44919449194492,64.82126001541266],[179.82719827198275,65.03478844022817],[-180,65.06777250585009],[-179.7047970479705,65.18755674416121],[-179.34479344793448,65.57468551435517],[-179.7911979119791,65.90105416366666],[-179.68319683196833,66.18402272663354],[-179.3267932679327,66.16319068518811],[-179.14319143191432,66.37498310654985],[-178.86958869588696,66.18749473354112],[-178.52758527585277,66.4010231583566],[-178.9379893798938,66.03299042615427],[-178.41238412384124,65.49482935548107],[-177.05517055170552,65.61287759033843],[-176.0939609396094,65.4705253071281],[-175.85635856358564,65.23269283395962],[-175.83115831158312,65.10596458183335],[-175.859958599586,65.0538844782198],[-175.85275852758528,65.0104843918752],[-175.44235442354423,64.81605200505132],[-174.57114571145712,64.7170998081856],[-173.72873728737287,64.36469110706733],[-173.3291332913329,64.54002745589958],[-173.15633156331563,64.27962693783189],[-172.90432904329043,64.52613942826929],[-172.37872378723787,64.43239524176494],[-173.08433084330844,64.81778800850512],[-172.21312213122133,65.04867646785846],[-172.2239222392224,65.12853262673255],[-172.28512285122852,65.20491677869904],[-172.66312663126632,65.24831686504368],[-172.23112231122312,65.45490127604404],[-172.7819278192782,65.680581725036],[-171.1691116911169,65.50177336929622],[-171.4211142111421,65.81078198406985],[-170.6651066510665,65.62155760760734],[-170.40230402304024,65.9288302189272],[-169.7290972909729,66.05729447450727],[-170.6039060390604,66.24825485442355],[-171.79551795517955,66.93224021521468],[-173.00873008730088,67.06417647770229],[-172.5191251912519,66.95307225666008],[-173.19233192331924,66.99300033609714],[-173.26073260732608,66.8402320321641],[-173.34353343533436,66.90967217031547],[-173.15633156331563,67.06938448806366],[-173.67833678336783,67.14403263657638],[-174.54954549545496,67.09021652950906],[-174.0851408514085,66.94265623593739],[-174.23274232742327,66.63191161770996],[-173.77553775537754,66.43400722397851],[-174.06354063540635,66.22915881643195],[-174.0851408514085,66.47393530341554],[-174.39474394743948,66.3437350443817],[-174.9239492394924,66.62323160044102],[-174.84834848348484,67.34888104412295],[-175.3739537395374,67.35756106139189],[-175.34515345153451,67.67872170034201],[-177.5879758797588,68.22382678483038],[-177.52677526775267,68.29500292643553],[-178.3727837278373,68.56581946522593],[-177.7967779677797,68.33840301278013],[-178.0559805598056,68.26549086772118],[-178.87318873188732,68.75330783823466],[-180,68.984196297588],[179.8667986679867,69.01197235284855],[178.8479884798848,69.38694909886601],[175.9211592115921,69.89559811082489],[173.43713437134375,69.94767821443841],[173.2787327873279,69.82442196921971],[170.4851048510485,70.1073905321866],[170.16110161101614,69.62651757548826],[170.58230582305822,69.58311748914366],[170.99630996309963,69.04495641847046],[170.5391053910539,68.82621998329361],[169.61029610296106,68.78629190385655],[169.41589415894163,68.91996416979796],[169.31149311493118,69.07967648754615],[168.30348303483038,69.27063686746246],[167.85707857078575,69.72894177926156],[166.88506885068853,69.499789323362],[163.94743947439474,69.7358857930767],[162.37422374223746,69.64908562038747],[161.53541535415354,69.38000508505087],[161.48141481414814,69.20119672931105],[161.56421564215646,69.0640524564621],[161.56421564215646,68.9043401387139],[160.85500855008553,68.53804340996538],[161.3086130861309,68.9824602941342],[161.13941139411395,69.03801240465532],[161.0350103501035,69.09877252553778],[160.90900909009093,69.60568553404286],[159.72819728197283,69.86955805901812],[160.00540005400057,70.31050293627939],[159.35019350193505,70.7913758929777],[158.70218702187026,70.93546417964183],[158.03618036180364,71.0396243868689],[156.68616686166865,71.09344049393621],[155.030150301503,71.03441637650752],[154.41454414544148,70.97365625562509],[153.79533795337954,70.8799120691207],[152.51012510125105,70.8347759793223],[151.76131761317612,70.982336272894],[152.09252092520927,71.02400035578484],[151.58131581315814,71.28613687730629],[150.96930969309693,71.37988106381067],[150.09810098100985,71.22711275987763],[150.5985059850599,71.5204973435672],[150.0621006210062,71.51008132284448],[150.02610026100263,71.5204973435672],[149.9108991089911,71.58125746444966],[149.85689856898568,71.60208950589507],[149.49689496894968,71.66458563023133],[148.96768967689678,71.6906256820381],[150.01530015300153,71.89547408958467],[149.50049500495004,72.16455462492127],[147.26127261272615,72.32773894957703],[146.0732607326073,71.80867391689543],[145.18765187651877,71.69583369239945],[145.06525065250656,71.92672215175278],[145.75645756457567,71.94061017938307],[145.76005760057603,72.22531474580373],[146.23166231662316,72.13677856966072],[146.1128611286113,71.94581818974441],[146.83286832868328,72.29475488395511],[144.2948429484295,72.19233068018181],[144.77724777247772,72.38155505664434],[146.25326253262534,72.44231517752681],[140.80640806408064,72.8902040686032],[141.08001080010803,72.58640346419091],[139.13959139591395,72.3294749530308],[139.1755917559176,72.1628186214675],[140.1872018720187,72.19059467672804],[139.35919359193593,71.95102620010576],[139.7227972279723,71.88505806886195],[139.6939969399694,71.70104170276079],[139.93879938799387,71.55695341609669],[139.98559985599854,71.49098528485285],[139.2079920799208,71.44411319160068],[139.00639006390065,71.55521741264289],[138.77958779587794,71.62986556115564],[138.23238232382323,71.59688149553372],[138.0487804878049,71.52570535392857],[137.9947799477995,71.46320922959231],[137.92637926379263,71.43022516397042],[137.91917919179195,71.38335307071821],[138.31518315183155,71.32606495674332],[137.94077940779408,71.13336857337325],[137.11637116371168,71.41633713634013],[136.40716407164075,71.57084144372695],[136.09036090360905,71.61944954043292],[135.55755557555574,71.61076952316401],[135.35955359553594,71.5430653884664],[135.02115021150212,71.51528933320586],[134.70434704347042,71.38682507762579],[133.68913689136895,71.43369717087799],[133.42633426334265,71.49098528485285],[133.13113131131314,71.60729751625644],[132.65232652326523,71.92672215175278],[132.22752227522278,71.64201758533213],[132.0979209792098,71.48404127103774],[132.00432004320044,71.35036900509633],[132.03672036720366,71.24447279441546],[131.90711907119072,71.20280871152463],[131.77031770317706,71.10212051120513],[131.56151561515617,70.90074411056614],[131.15831158311585,70.74276779627172],[130.7587075870759,70.96150423144857],[130.53550535505354,70.8920640932972],[130.27990279902798,70.94761620381831],[130.02430024300241,71.06566443867567],[129.76149761497618,71.11948054574299],[129.2250922509225,71.50834531939071],[129.1350913509135,71.59340948862615],[128.84348843488436,71.66284962677753],[129.45909459094594,71.73923377874405],[129.2106921069211,71.91630613103007],[128.91188911889122,71.75485780982811],[127.84267842678429,72.3086429115854],[127.80307803078034,72.43363516025786],[128.93348933489335,72.07949045568583],[129.41229412294126,72.16629062837507],[129.28269282692827,72.43710716716544],[128.41868418684186,72.53432336057739],[129.25029250292505,72.70445169904826],[128.5986859868599,72.89541207896457],[129.09909099090993,73.11241251068762],[127.74187741877421,73.48218124634374],[127.03267032670328,73.54814937758755],[126.55386553865537,73.33462095277204],[126.2550625506255,73.54814937758755],[125.59985599855997,73.44746117726805],[124.54144541445413,73.75126178168034],[123.49023490234902,73.6661976124449],[123.62343623436237,73.19400467301551],[123.15903159031592,72.95443619639323],[122.61542615426157,73.02734834145218],[122.75222752227523,72.90582809968726],[122.25902259022592,72.87978804788051],[119.74979749797501,72.9787402447462],[118.42858428584287,73.24608477662903],[118.87138871388714,73.53773335686483],[115.3361533615336,73.70265368497436],[113.51093510935112,73.50474929124294],[113.88533885338853,73.34503697349476],[113.21573215732161,72.80513989936776],[113.66573665736661,72.63501156089688],[113.15813158131584,72.7686838268383],[113.48933489334894,73.34677297694853],[113.03213032130321,73.91444610633607],[112.14652146521468,73.70959769878951],[111.40131401314017,73.82764593364686],[111.54891548915492,74.02902233428586],[110.260102601026,74.01687031010937],[109.75249752497524,73.721749722966],[110.86850868508685,73.73042974023491],[109.85689856898568,73.47176522562103],[106.47646476464763,73.1401885659482],[105.14445144451446,72.77736384410721],[106.18846188461885,73.30858090096527],[108.20088200882009,73.69397366770545],[112.9241292412924,75.01507229603547],[113.72693726937268,75.4508091629354],[112.45252452524528,75.83099391931421],[113.56853568535689,75.56885739779275],[113.85653856538568,75.92126609891102],[113.27333273332732,76.25110675513008],[112.6577265772658,76.05320236139863],[112.6181261812618,76.3830430176177],[111.94131941319415,76.38130701416392],[111.39411394113944,76.68684362202998],[108.18288182881832,76.73718772218973],[107.72207722077223,76.52192329392045],[106.41526415264156,76.51150727319776],[107.43047430474303,76.92641209865226],[104.20124201242015,77.10174844748448],[106.05886058860591,77.38992502081274],[104.01404014040139,77.73018169775449],[100.99000990009898,76.99064422644227],[100.9288092880929,76.55664336299614],[101.59841598415983,76.43859512813881],[98.80478804788049,76.48025921102962],[99.82359823598239,76.1365305271803],[99.85239852398524,75.92994611617993],[99.53919539195391,75.79800985369232],[99.76959769597698,76.02889831304566],[98.6607866078661,76.24242673786114],[96.49716497164974,75.89175404019667],[96.50796507965083,76.00633026814646],[95.65475654756551,75.89175404019667],[95.92115921159211,76.1139624822811],[93.26073260732608,76.09833845119704],[92.88992889928898,75.9091140747345],[94.07434074340745,75.91258608164208],[90.18630186301863,75.59142544269196],[87.66987669876698,75.12964852398525],[87.00747007470073,75.16957660342231],[87.46827468274682,75.0133362925817],[87.04347043470437,74.77897582632079],[86.65106651066509,74.68175963290884],[86.20106201062009,74.81543189885025],[85.7906579065791,74.64530356037938],[87.23067230672308,74.36407100086629],[86.39546395463958,74.4508711735555],[86.0030600306003,74.31546290416031],[87.57267572675727,73.810285899109],[85.93825938259386,73.45614119453697],[86.67626676266764,73.10720450032628],[85.79425794257946,73.43878115999911],[86.89226892268925,73.88667005107553],[85.20025200252002,73.721749722966],[80.58140581405814,73.56898141903295],[80.82620826208262,72.48745126732518],[82.09342093420935,72.26524282524076],[83.55503555035551,71.64896159914727],[83.57303573035733,71.59514549207995],[83.55143551435515,71.5430653884664],[83.52983529835302,71.51355332975206],[83.15183151831519,71.10385651465893],[83.33543335433353,70.98928028670915],[83.58023580235806,70.76533584117092],[83.73503735037349,70.54659940599407],[83.07983079830797,70.09350250455631],[82.68382683826837,70.21849475322881],[82.86742867428677,70.95456021763346],[82.21942219422198,70.39556710551483],[82.16182161821621,70.59867950960762],[82.33462334623346,70.80699992406176],[82.3166231662317,70.8799120691207],[82.23742237422374,70.99796030397806],[82.32382323823236,71.26009682549952],[82.91782917829181,71.4198091432477],[82.97542975429758,71.45105720541582],[83.10503105031052,71.56216142645803],[83.16623166231665,71.60208950589507],[83.23463234632345,71.6680576371389],[81.66141661416617,71.71666573384485],[79.42219422194222,72.38155505664434],[78.22698226982271,72.37808304973677],[77.47097470974711,72.19233068018181],[78.23418234182344,71.95276220355956],[77.77697776977772,71.836449972156],[76.869768697687,72.03261836243365],[76.03096030960313,71.91109812066873],[76.43416434164345,71.55174540573532],[76.869768697687,71.44584919505448],[77.11457114571147,71.40939312252499],[77.4817748177482,71.31217692911306],[78.21258212582126,71.26704083931466],[78.58698586985872,70.99448829707049],[79.0837908379084,71.00143231088563],[79.01539015390154,70.94935220727209],[78.94338943389437,70.93372817618803],[78.32058320583207,70.93025616928045],[78.06858068580686,70.98580827980157],[77.58977589775901,71.16808864244894],[76.92736927369276,71.1281605630119],[75.33255332553327,71.34168898782741],[75.27855278552786,71.43022516397042],[75.41895418954189,71.49445729176043],[75.46935469354693,71.53438537119749],[75.50175501755018,71.65416960950861],[75.2749527495275,71.9597062173747],[75.74295742957432,72.29649088740891],[75.15255152551526,72.85201199261994],[74.78534785347856,72.8120839131829],[74.99054990549905,72.14545858692964],[73.67293672936731,71.84512998942492],[73.08613086130862,71.44411319160068],[73.50733507335073,71.26356883240709],[73.73053730537308,71.06913644558324],[74.31014310143101,70.65423162012871],[74.34254342543426,70.57784746816219],[73.57933579335796,69.80358992777431],[73.83493834938349,69.14390861533619],[74.81414814148141,69.09009250826884],[76.00216002160022,69.23591679838677],[76.64656646566465,69.11786856352941],[77.32697326973272,68.95815624578123],[77.46737467374675,68.9043401387139],[77.65097650976509,68.90260413526013],[77.99657996579964,68.26028285735984],[77.58977589775901,67.75163384540096],[78.92178921789218,67.58844952074523],[77.77337773377735,67.57108948620737],[77.1757717577176,67.77767389720773],[77.23697236972373,68.47033927526778],[76.45936459364594,68.97898828722666],[76.10656106561066,68.97551628031908],[74.58014580145803,68.75157183478086],[74.7709477094771,67.76552187303125],[73.79173791737918,66.99473633955091],[72.41652416524167,66.56073547610478],[72.32292322923229,66.33158302020522],[70.33930339303393,66.34199904092793],[69.19449194491946,66.57809551064261],[69.21609216092162,66.82808000798761],[70.69210692106921,66.74475184220594],[70.38250382503827,66.60239955899561],[70.72450724507246,66.51907139321395],[71.53811538115383,66.68225571786971],[71.36531365313655,66.96175227392902],[71.84771847718477,67.0068883637274],[73.06813068130683,67.76725787648505],[73.59013590135902,68.48249129944426],[72.57852578525785,68.96857226650394],[72.52812528125281,69.07967648754615],[72.52812528125281,69.15432463605887],[72.60012600126001,69.7931739070516],[72.47052470524707,70.2757828672037],[72.70452704527045,70.96324023490237],[72.58212582125822,71.1507286079111],[71.86571865718659,71.45800121923097],[71.88371883718838,71.51181732629829],[71.91251912519127,71.54827339882775],[72.27972279722798,71.69583369239945],[72.57492574925749,72.01178632098822],[72.81252812528126,72.69056367141798],[69.61209612096121,72.98221225165378],[68.26928269282695,71.68194566476916],[67.95967959679598,71.54827339882775],[67.54207542075423,71.41286512943256],[66.91926919269193,71.28266487039872],[66.63846638466384,71.08128846975973],[66.84726847268473,71.06392843522187],[66.75726757267574,70.96150423144857],[66.66726667266673,70.90074411056614],[66.70326703267034,70.81915194823824],[67.28647286472867,70.73929578936415],[66.89766897668977,69.55360543042931],[67.06327063270635,69.69422171018587],[67.62487624876249,69.58485349259743],[68.00648006480066,69.48069328537036],[68.11808118081183,69.23591679838677],[68.35568355683557,69.06752446336966],[68.5428854288543,68.96683626305014],[69.14049140491406,68.95121223196608],[68.37008370083703,68.31409896442716],[67.00207002070022,68.87309207654579],[66.41526415264153,68.94774022505851],[66.36486364863649,68.9616282526888],[66.0840608406084,69.03627640120152],[65.81405814058141,69.07620448063858],[65.73485734857348,69.13175659115967],[65.03285032850329,69.27063686746246],[64.89604896048962,69.24806882256325],[64.19044190441906,69.53450939243768],[61.01521015210153,69.85219802448026],[60.16920169201694,69.5900615029588],[60.666006660066614,69.11092454971427],[60.85680856808568,69.14564461878996],[60.93240932409324,68.98593230104177],[60.489604896048974,68.72900378988166],[59.895598955989556,68.70643574498246],[59.72639726397264,68.35229104041042],[59.099990999910005,68.444299223461],[59.369993699937,68.7376838071506],[59.1107911079111,68.89566012144499],[59.06039060390606,68.97204427341151],[59.05679056790569,69.0067643424872],[58.919989199892,69.00329233557963],[58.354783547835495,68.91649216289039],[58.235982359823595,68.83316399710873],[58.17478174781749,68.89045211108362],[57.12717127171271,68.55366744104944],[55.41715417154171,68.5675554686797],[54.86274862748627,68.20125873993118],[53.26073260732608,68.26722687117498],[53.930339303393055,68.43561920619209],[53.797137971379726,68.90781214562148],[54.491944919449196,68.99287631485691],[53.80073800738009,68.99634832176449],[52.34272342723429,68.60748354811676],[52.72432724327243,68.48422730289806],[52.396723967239694,68.35229104041042],[51.99351993519937,68.53804340996538],[48.75348753487535,67.89572213206509],[48.83268832688327,67.68219370724958],[47.87507875078751,67.58497751383766],[47.655476554765556,66.97564030155928],[46.49266492664927,66.80030395272703],[45.88425884258842,66.89057613232384],[44.90144901449014,67.41311317191298],[45.527855278552806,67.75684185576233],[46.690666906669065,67.84885003881291],[45.89145891458915,68.47901929253669],[43.331833318333196,68.67345167936057],[44.203042030420306,68.2533388435447],[43.78183781837819,67.2551368576186],[44.42984429844299,66.93744822557602],[44.10584105841059,66.0086863778013],[43.540635406354085,66.12326260575108],[43.23463234632348,66.41491118598688],[42.21222212222122,66.51907139321395],[39.81819818198184,65.59725355925437],[39.79659796597966,65.34900506536317],[40.14220142201424,65.06256449548872],[40.28260282602827,64.99833236769871],[40.44460444604448,64.77785992906806],[39.75699756997571,64.57648352842907],[38.010980109801096,64.87854812938755],[37.52857528575288,65.10770058528712],[37.139771397713986,65.19450075797636],[36.88416884168842,65.17193271307715],[36.786967869678705,64.987916346976],[36.534965349653504,64.93930825027002],[36.62496624966249,64.75008387380751],[37.1829718297183,64.40809119341196],[37.953379533795356,64.31955501726895],[38.061380613806136,64.09040256136939],[37.44217442174423,63.812642008763845],[35.03375033750339,64.44107525903385],[34.80334803348035,64.9861803435222],[34.67014670146702,65.16846070616958],[34.407344073440754,65.39587715861535],[34.691746917469175,65.9513982638264],[33.359733597335975,66.32984701675144],[33.65493654936549,66.44268724124743],[31.894518945189446,67.16139267111424],[32.93132931329313,67.08674452260149],[33.150931509315114,66.84370403907167],[34.482944829448314,66.55031945538207],[38.655386553865554,66.06944649868376],[40.10260102601026,66.3003349580371],[41.18981189811899,66.82634400453381],[41.3590135901359,67.21000076782019],[40.96660966609667,67.71344176941773],[39.810998109981114,68.15091463977143],[39.56979569795698,68.07105848089734],[38.428584285842874,68.35576304731799],[37.73017730177301,68.6925477173522],[36.61776617766179,69.00329233557963],[35.858158581585826,69.19251671204213],[33.68373683736837,69.31056494689949],[33.14013140131402,69.06926046682344],[33.45333453334533,69.42861318175684],[32.37692376923769,69.47895728191659],[32.17532175321753,69.67338966874047],[32.91332913329134,69.60221352713529],[33.006930069300694,69.72199776544642],[31.984519845198463,69.95288622479976],[31.54531545315453,69.69769371709344],[30.86850868508685,69.78275788632888],[30.861308613086152,69.53798139934526],[30.159301593015925,69.62998958239584],[30.08730087300873,69.43208518866442],[29.388893888938895,69.298412922723],[28.964089640896418,69.02238837357126],[28.89928899288995,69.01023634939477],[28.69048690486906,68.9616282526888],[28.56448564485646,68.92864418706688],[28.41328413284134,68.9043401387139],[28.77328773287735,68.84010801092387],[28.686886868868697,68.18910671575469],[29.98649986499865,67.66830567961932],[29.0648906489065,66.89231213577762],[30.08730087300873,65.78647793571687],[29.716497164971656,65.62502961451492],[29.608496084960848,65.24831686504368],[29.82809828098283,65.14589266127038],[29.81009810098101,65.10770058528712],[29.72009720097202,65.07992453002657],[29.622896228962304,65.03999645058951],[29.604896048960484,64.96882030898436],[30.512105121051206,64.1997707789578],[29.990099900999013,63.73452185334355],[31.534515345153466,62.88561616444292],[29.691296912969136,61.54542149812124],[27.797677976779767,60.536803491472426],[28.51408514085142,60.67741977122898],[29.068490684906862,60.191338804169305],[29.72009720097202,60.19481081107688],[30.17370173701738,59.956978337908396],[29.147691476914787,60.000378424253],[28.334083340833416,59.69310581293314],[28.056880568805695,59.78164198907615],[28.013680136801383,59.484785398479005],[28.150481504815048,59.373681177436794],[27.43407434074342,58.78691201005762],[27.779677796777975,57.870302186459384],[27.351273512735133,57.528309506063835],[27.830078300783015,57.293949039802925],[27.639276392763946,56.84606014872651],[28.10368103681037,56.54573155122179],[28.146881468814684,56.14297874994378],[29.374493744937467,55.93813034239719],[29.482494824948247,55.68467383814465],[30.234902349023486,55.844386155892835],[30.908109081090828,55.570097610194864],[30.80010800108002,54.78368804563047],[31.826118261182614,54.03026254668799],[31.754117541175418,53.80979010805734],[32.44892448924489,53.69347787665379],[32.70812708127082,53.41918933095582],[32.14292142921431,53.091084678190555],[31.41931419314193,53.19524488541762],[31.257312573125745,53.016436529677804],[31.76491764917651,52.10156270953337],[32.12132121321213,52.05121860937362],[32.43452434524346,52.30641111707993],[33.73413734137341,52.34460319306319],[34.39654396543966,51.78040207058322],[34.11934119341194,51.679713870263726],[34.21294212942129,51.25612902754028],[35.062550625506276,51.20404892392676],[35.31095310953111,51.044336606178575],[35.59175591755917,50.36903126265639],[36.117361173611755,50.408959342093425],[36.61776617766179,50.209318944908205],[37.424174241742435,50.410695345547225],[38.04698046980471,49.919406368126204],[38.25938259382593,50.05307863406762],[40.081000810008106,49.577413687730655],[40.10980109801099,49.251045038419164],[39.68499684996851,49.00800455488931],[40.005400054000546,48.82225218533438],[39.64539645396454,48.59136372598104],[39.95859958599587,48.26846708357709],[39.778597785977865,47.88828232719828],[38.90018900189003,47.855298261576394],[38.36738367383674,47.61052177459277],[38.21258212582126,47.09145674191117],[39.02259022590226,47.27200110110479],[39.292592925929256,47.10534476954146],[38.43938439384394,46.81369618930566],[38.50058500585007,46.66439989228019],[37.766177661776624,46.63662383701964],[38.49338493384934,46.0897827490775],[37.93177931779317,46.00124657293449],[37.64737647376475,45.378021333025856],[37.215372153721546,45.27212512234499],[36.86616866168663,45.426629429731804],[36.72216722167224,45.37107731921071],[36.94176941769419,45.28948515688285],[36.628566285662856,45.15060488058006],[38.71658716587166,44.287811164049145],[39.97659976599766,43.419809437156886],[40.14940149401494,43.56910573418236],[40.649806498064976,43.53438566510667],[41.58221582215822,43.218433036517894],[42.75942759427596,43.16982493981192],[43.78183781837819,42.746240097088474],[43.825038250382505,42.57090374825626],[44.50544505445055,42.747976100542274],[44.771847718477204,42.61603983805466],[44.872648726487284,42.75665611781119],[45.70425704257045,42.497991603197306],[45.63945639456395,42.204607019507705],[46.431464314643165,41.8903903943727],[46.748267482674834,41.81227023895241],[47.3170731707317,41.282789185548125],[47.79227792277925,41.19946101976646],[48.57348573485734,41.845254304574325],[47.46467464674649,43.03441667041673],[47.64827648276483,43.88505836277113],[47.461074610746124,43.55521770655207],[47.30627306273064,44.103794797947984],[46.708667086670886,44.50307559231845],[47.34947349473495,45.21830901527767],[47.46467464674649,45.680085933984344],[47.6338763387634,45.58460574402622],[48.48708487084872,45.935278441690684],[48.72828728287283,45.89708636570742],[48.685086850868515,46.08631074216993],[49.23229232292323,46.336295239514925],[48.54108541085412,46.605375774851524],[48.559085590855915,46.75640807533077],[48.95868958689587,46.77376810986863],[48.166681666816686,47.70947397145849],[47.29187291872918,47.74072203362661],[47.0650706507065,48.23201101104763],[46.66186661866618,48.41255537024122],[47.03267032670328,49.15035683809964],[46.80226802268024,49.36735726982272],[46.88866888668886,49.69719792604178],[47.428674286742876,50.35861524193368],[47.7058770587706,50.37771127992531],[48.3358833588336,49.85864624724374],[48.760687606876076,49.92808638539512],[48.62388623886238,50.61207174618622],[50.24750247502476,51.2891130931622],[50.79470794707947,51.73005797042347],[51.34551345513455,51.47486546271713],[52.220322203222054,51.70922592897807],[52.56952569525697,51.48180947653228],[53.33633336333364,51.48180947653228],[54.139141391413915,51.040864599271],[54.55674556745569,50.53568759421972],[54.64314643146432,51.011352540556686],[55.68715687156873,50.5825596874719],[56.48996489964901,51.0200325578256],[57.0119701197012,51.065168647624006],[57.44397443974441,50.88809629533796],[57.839978399784,51.09120869943075],[58.35838358383586,51.063432644170206],[59.52479524795248,50.49228750787509],[60.05760057600577,50.8499042193547],[60.42480424804248,50.679775880883824],[60.943209432094335,50.69539991196788],[61.38961389613897,50.860320240077414],[61.555215552155516,51.32383316223789],[60.028800288002884,51.933170374516266],[60.993609936099375,52.33765917924805],[60.77400774007742,52.676179852736055],[61.04761047610478,52.9730364433332],[62.08442084420844,53.00602050895512],[61.1988119881199,53.2872530684682],[61.53361533615336,53.52334953818291],[60.97920979209792,53.62230173504861],[61.23121231212312,54.01984652596528],[61.92961929619298,53.94693438090633],[64.46044460444605,54.38440725126003],[65.08685086850869,54.341007164915425],[65.47565475654758,54.62397572788231],[68.15408154081541,54.97638442900055],[68.20448204482045,55.16040079510171],[68.97848978489785,55.389553251001274],[70.18090180901811,55.16213679855551],[70.73890738907389,55.30448908176584],[71.18531185311855,54.59967167952931],[71.09171091710917,54.212542909335355],[72.00612006120062,54.20559889552021],[72.18612186121862,54.325383133831366],[72.44532445324455,53.941726370544984],[72.6217262172622,54.13442275391506],[73.23013230132301,53.95735040162904],[73.71253712537126,54.04241457086448],[73.30573305733057,53.707365904284075],[73.40653406534065,53.44696538621639],[73.86013860138601,53.62056573159484],[74.35334353343535,53.486893465653424],[75.43695436954371,54.089286664116656],[76.83736837368377,54.44169536523492],[76.48456484564849,54.02331853287285],[77.85977859778598,53.269893033930344],[79.98739987399875,50.77525607084198],[80.73620736207363,51.29258510006977],[81.12861128611286,51.191896899750276],[81.07101071010709,50.96795245421205],[81.38781387813879,50.955800430035566],[81.46701467014674,50.74053600176629],[82.4930249302493,50.7283839775898],[83.35703357033572,50.99399250601883],[83.94383943839438,50.77525607084198],[84.3218432184322,50.23883100362255],[84.98784987849882,50.06175865133653],[85.2326523265233,49.615605763713916],[86.17946179461796,49.49929353231033],[86.67626676266764,49.777054084915875],[86.6258662586626,49.56352566010037],[87.32427324273243,49.08612471030963],[87.81387813878138,49.16250886227613],[88.1918819188192,49.452421439058156],[89.10989109891102,49.50102953576413],[90.05310053100533,50.09300671350465],[92.19152191521914,50.700607922329255],[92.35352353523535,50.863792246984985],[92.62712627126274,50.68845589815274],[92.94032940329402,50.77872807774955],[93.10233102331023,50.6033917289173],[94.25074250742506,50.556519635665126],[94.61434614346143,50.02356657535327],[95.52155521555216,49.91072635085729],[96.0651606516065,49.9992625270003],[97.36117361173615,49.740598012386386],[98.25038250382505,50.303063131412586],[97.83637836378364,51.05128061999372],[98.0379803798038,51.45056141436416],[98.89478894788948,52.11718674061743],[99.9207992079921,51.75609802223025],[102.11322113221132,51.353345220952235],[102.28962289622899,50.58429569092567],[103.30483304833047,50.20063892763929],[104.07884078840789,50.15376683438711],[105.3820538205382,50.47319146988346],[106.71046710467107,50.3117431486815],[107.23247232472323,49.98884650627758],[107.91647916479167,49.94718242338675],[107.96687966879671,49.65379783969718],[108.6148861488615,49.322221180024314],[110.710107101071,49.143412824284525],[112.80532805328056,49.523597580663335],[114.29574295742958,50.27355107269824],[115.42975429754301,49.896838323227],[116.21816218162184,50.009678547722984],[116.68256682566829,49.82392617816805],[117.87417874178743,49.51318155994062],[119.26019260192601,50.066966661697876],[119.16299162991629,50.40548733518588],[120.06660066600665,51.59985771138963],[120.75060750607508,52.096354699172],[120.65700657006573,52.566811635147616],[120.06660066600665,52.63277976639142],[120.09540095400956,52.78728407377827],[120.98460984609846,53.28378106156063],[123.60903609036092,53.54591758308209],[124.81144811448115,53.13448476453516],[125.65025650256501,53.04247658148458],[126.34146341463418,52.36196322760105],[127.33867338673389,50.34993522466476],[127.59067590675909,50.209318944908205],[127.55107551075514,49.80135813326885],[128.00108001080014,49.56873367046171],[128.70308703087034,49.59998173262986],[129.06669066690665,49.37430128363786],[129.49869498694989,49.38818931126812],[130.19710197101972,48.891692323485756],[130.55350553505536,48.86044426131764],[130.96030960309605,47.70947397145849],[132.47592475924762,47.71468198181984],[133.14553145531454,48.10528275892136],[134.5639456394564,48.32228319064441],[134.75114751147515,47.71468198181984],[134.1679416794168,47.30151315981911],[133.8619386193862,46.24775906337189],[133.18513185131854,45.49433356442941],[133.11313113131132,45.13150884258843],[132.9367293672937,45.02908463881516],[131.85311853118532,45.32767723286611],[130.98190981909818,44.845068272714],[131.25911259112593,43.37814535426605],[131.06831068310686,42.90248040792909],[130.42390423904243,42.72714405909687],[130.52830528305282,42.53618367918057],[130.68670686706866,42.30182321291966]]],[[[47.4430744307443,80.85325191111289],[44.905049050490504,80.61194743103684],[46.13986139861399,80.44702710292731],[47.7058770587706,80.76471573496988],[48.685086850868515,80.63277947248224],[47.4430744307443,80.85325191111289]]],[[[50.27990279902801,80.92790005962561],[49.24309243092432,80.82200384894477],[49.08829088290884,80.51646724107869],[47.896678966789665,80.52861926525517],[46.64386643866439,80.30120281280941],[47.89307893078933,80.23870668847314],[47.738277382773845,80.08246637763256],[51.701917019170196,80.68833158300336],[50.27990279902801,80.92790005962561]]],[[[67.76527765277655,76.2372187274998],[68.94248942489426,76.70767566347541],[67.65007650076501,77.0114762678877],[64.46404464044642,76.37783500725635],[62.970029700297005,76.2372187274998],[61.202412024120264,76.2823548172982],[60.943209432094335,76.07056239593649],[58.88038880388805,75.85529796766718],[57.60597605976059,75.34144094534696],[56.84276842768429,75.35185696606968],[56.569165691656934,75.09840046181714],[55.80955809558097,75.12444051362391],[56.49716497164974,74.95778418206058],[55.58275582755829,74.62794352584152],[56.13716137161373,74.4960072633539],[55.34155341553415,74.41962311138738],[54.64314643146432,73.95958219613448],[53.761137611376114,73.7668858127644],[54.30114301143013,73.3502449838561],[55.00675006750069,73.45440519108317],[56.96516965169653,73.36586901494016],[57.541175411754125,73.65751759517596],[57.314373143731444,73.83806195436955],[57.75717757177571,73.76862181621817],[57.767977679776806,74.0133983032018],[58.61758617586176,74.2269267280173],[58.5347853478535,74.49947927026147],[59.0387903879039,74.48559124263119],[59.240392403924034,74.69217565363155],[59.67239672396724,74.61058349130369],[61.35721357213572,75.31540089354021],[67.76527765277655,76.2372187274998]]],[[[55.319953199531994,73.30858090096527],[54.80514805148053,73.38843705983936],[53.24993249932501,73.1835886522928],[53.368733687336885,72.91624412040997],[52.580325803258035,72.7912518717375],[52.66312663126632,72.33641896684594],[51.583115831158324,72.07081043841691],[51.51111511115113,71.64896159914727],[51.59031590315905,71.57084144372695],[51.69111691116913,71.52570535392857],[51.93951939519397,71.4753612537688],[52.18072180721808,71.49098528485285],[52.41832418324185,71.53612137465126],[53.4119341193412,71.53091336428992],[53.33273332733327,71.4770972572226],[53.318333183331845,71.3989771018023],[53.40833408334083,71.33995298437361],[54.157141571415735,71.12468855610433],[53.671136711367126,71.08649648012107],[53.58833588335884,71.05177641104538],[53.5919359193592,71.00143231088563],[53.61713617136172,70.95108821072589],[53.61353613536136,70.9146321381964],[53.38313383133831,70.87296805530556],[54.599945999460004,70.68027167193549],[56.435964359643606,70.56222343707813],[56.385563855638566,70.7340877790028],[57.14517145171453,70.5882634888849],[57.62397623976241,70.72887976864146],[56.89316893168933,70.92678416237288],[56.4539645396454,71.10732852156647],[56.04356043560438,71.34516099473495],[55.82035820358203,71.50834531939071],[55.615156151561536,71.6906256820381],[55.471154711547115,71.86943403777789],[55.29835298352984,71.9354021690217],[55.40275402754028,72.54821138820765],[56.42876428764288,73.20094868683063],[55.319953199531994,73.30858090096527]]],[[[96.5259652596526,81.07546035319731],[95.15795157951578,81.27162874347496],[92.709927099271,80.87234794910452],[93.26073260732608,80.79075578677663],[91.52551525515258,80.3584909267843],[93.6531365313653,80.0095542325736],[97.29997299973002,80.27342675754883],[97.86877868778691,80.76297973151608],[96.5259652596526,81.07546035319731]]],[[[97.67437674376743,80.15885052959908],[94.9887498874989,80.09635440526282],[93.06993069930701,79.49569721025338],[94.21834218342184,79.401953023749],[95.02115021150212,79.05301632953831],[98.41238412384126,78.78740780110928],[99.92799927999283,78.96100814648773],[99.04239042390424,79.29258480616059],[99.679596795968,79.32383286832871],[100.06120061200613,79.77692976976647],[98.5959859598596,80.05295431891821],[97.6527765277653,79.76130573868241],[97.67437674376743,80.15885052959908]]],[[[102.88362883628838,79.25439273017733],[102.40482404824047,79.43320108591712],[102.25002250022499,79.2561287336311],[101.59121591215916,79.34987292013548],[99.49959499594996,77.97669418819191],[104.74124741247414,78.33951891003287],[105.3136531365314,78.49923122778105],[103.8016380163802,79.14849651949646],[102.4120241202412,78.83601589781526],[102.88362883628838,79.25439273017733]]],[[[140.05040050400504,75.82925791586044],[138.91998919989203,76.19729064806276],[138.20718207182074,76.11569848573487],[136.94716947169474,75.3258169142629],[138.0919809198092,74.79807186431242],[139.09999099991,74.65571958110209],[139.679596795968,74.96472819587572],[140.26640266402666,74.84667996101837],[141.98721987219875,74.9907682476825],[142.47322473224733,74.82063990921162],[143.12843128431285,74.9699362062371],[142.19962199621995,75.39352104896051],[142.30762307623075,75.69211364301145],[142.94122941229415,75.71294568445686],[143.17163171631717,75.11749649980877],[144.02124021240212,75.04458435474982],[145.36045360453608,75.5306653218095],[141.4868148681487,76.1365305271803],[140.81720817208173,75.63135352212899],[140.05040050400504,75.82925791586044]]],[[[146.7968679686797,75.3709530040613],[146.53766537665376,75.58100942196924],[146.1488614886149,75.19908866213663],[148.2980829808298,74.79980786776619],[149.59769597695976,74.77203181250565],[150.64530645306456,74.94389615443032],[150.82170821708218,75.15568857579203],[148.58968589685895,75.23554473466612],[148.43128431284316,75.41435309040591],[146.7968679686797,75.3709530040613]]],[[[142.76122761227612,54.393087268528944],[142.33642336423367,54.28024704403296],[142.7072270722707,53.89485427729278],[142.52722527225274,53.44696538621639],[142.14202142021423,53.49557348292234],[141.82521825218254,53.33933317208175],[141.65961659616596,52.27342705145804],[141.7208172081721,51.73700198423862],[142.20682206822067,51.22314496191839],[142.14202142021423,49.56873367046171],[141.86481864818649,48.74934004027543],[142.18162181621818,48.01327457587078],[141.8288182881829,46.45087146746468],[142.07722077220774,45.916182403699054],[142.57762577625778,46.700855964809676],[143.28323283232834,46.55850368159935],[143.4308343083431,46.02902262819504],[143.58203582035821,46.3605992878679],[143.4848348483485,46.751200064969424],[143.21843218432184,46.79460015131403],[142.5560255602556,47.73725002671904],[143.10323103231036,49.198964934805616],[144.05004050040503,49.249309034965364],[144.71244712447128,48.63997182268699],[143.8160381603816,50.282231089967155],[143.18963189631899,51.94532239869275],[143.32643326433265,52.962620422610485],[142.76122761227612,54.393087268528944]]],[[[-180,71.53785737810506],[-178.35478354783547,71.52917736083612],[-177.5231752317523,71.16635263899516],[-180,70.99275229361672],[179.88119881198816,70.97539225907886],[179.64719647196472,70.89900810711234],[178.7939879398794,70.82262395514581],[178.649986499865,71.00143231088563],[178.62838628386282,71.04656840068404],[178.68238682386823,71.1055925181127],[179.54639546395464,71.44758519850825],[179.71559715597158,71.46668123649988],[179.88479884798852,71.52396935047477],[-180,71.53785737810506]]],[[[35.814958149581514,65.18234873379987],[35.530555305553065,65.15110067163172],[35.55935559355595,65.09381255765683],[35.681756817568186,65.05735648512737],[35.7789577895779,64.97750032625328],[35.84375843758437,65.00180437460625],[35.82575825758258,65.03652444368197],[35.858158581585826,65.07818852657277],[35.814958149581514,65.18234873379987]]],[[[52.90432904329043,71.36425703272658],[52.24912249122491,71.28440087385252],[52.73872738727388,71.18024066662542],[52.78912789127892,71.11427253538162],[52.95112951129511,71.05351241449915],[53.00513005130051,71.01184833160835],[53.02313023130233,70.96844824526372],[53.12033120331205,70.982336272894],[53.04833048330485,71.03094436959998],[53.192331923319244,71.21496073570114],[52.90432904329043,71.36425703272658]]],[[[161.46701467014674,68.90086813180633],[161.51741517415178,68.97030826995771],[161.4958149581496,69.01544435975612],[161.39501395013951,69.10571653935293],[161.3518135181352,69.36958906432815],[161.61101611016113,69.5015253268158],[161.5066150661507,69.63866959966478],[161.08181081810818,69.40604513685764],[161.13581135811359,69.11092454971427],[161.18261182611826,69.08141249099992],[161.3626136261363,69.04495641847046],[161.459814598146,68.99634832176449],[161.46701467014674,68.90086813180633]]],[[[149.15129151291512,76.65906756676944],[149.4068940689407,76.78232381198814],[148.39888398883988,76.64865154604672],[149.15129151291512,76.65906756676944]]],[[[112.47772477724777,76.62087549078618],[111.970119701197,76.62608350114752],[112.53172531725318,76.4507471523153],[112.47772477724777,76.62087549078618]]],[[[96.53316533165332,76.27888281039063],[95.31275312753127,76.21465068260059],[96.29916299162994,76.12090649609624],[96.53316533165332,76.27888281039063]]],[[[96.28476284762849,77.02710029897176],[96.52956529565296,77.20590865471158],[95.26955269552695,77.01842028170284],[96.28476284762849,77.02710029897176]]],[[[74.65934659346595,72.87284403406537],[74.9617496174962,73.06206841052787],[74.19854198541987,73.10894050378005],[74.65934659346595,72.87284403406537]]],[[[70.02250022500226,66.50171135867612],[70.07650076500767,66.69614374549997],[69.50409504095043,66.75169585602109],[70.02250022500226,66.50171135867612]]],[[[51.41031410314105,79.94358610132977],[50.93510935109353,80.09461840180904],[50.092700927009275,79.98004217385926],[51.41031410314105,79.94358610132977]]],[[[59.69039690396906,79.95573812550629],[59.542795427954275,80.11892245016202],[58.919989199892,79.9852501842206],[59.69039690396906,79.95573812550629]]],[[[58.621186211862124,81.0424762875754],[57.209972099721,81.01643623576862],[58.286382863828635,80.76471573496988],[58.621186211862124,81.0424762875754]]],[[[50.26550265502655,69.18557269822699],[48.843488434884364,69.49458131300065],[48.32148321483217,69.26890086400866],[48.281882818828194,69.09703652208398],[48.27828278282783,69.03974840810909],[48.292682926829286,68.984196297588],[48.44028440284404,68.80538794184818],[49.624696246962486,68.8592040489155],[49.840698406984075,68.97378027686528],[49.919899198992,69.05363643573938],[50.092700927009275,69.12481257734456],[50.22230222302224,69.04842842537803],[50.26550265502655,69.18557269822699]]],[[[63.373233732337326,80.70048360717985],[65.43605436054361,80.93137206653319],[64.80244802448024,81.19698059496221],[62.5920259202592,80.85325191111289],[63.373233732337326,80.70048360717985]]],[[[57.95517955179554,80.12239445706959],[59.25479254792549,80.34286689570024],[57.07677076770767,80.49389919617948],[57.95517955179554,80.12239445706959]]],[[[62.167221672216726,80.83415587312126],[59.593195931959315,80.8167958385834],[59.65079650796508,80.43140307184325],[61.05121051210514,80.41925104766673],[62.167221672216726,80.83415587312126]]],[[[61.14121141211413,80.95046810452482],[61.4580145801458,81.10323640845786],[60.05760057600577,80.9851881736005],[61.14121141211413,80.95046810452482]]],[[[53.519935199352005,80.18489058140582],[52.85392853928539,80.4018910131289],[52.34272342723429,80.2126666366664],[53.519935199352005,80.18489058140582]]],[[[57.080370803708036,80.35154691296916],[56.02556025560256,80.34113089224644],[55.81315813158133,80.0876743879939],[56.98676986769868,80.07205035690984],[57.080370803708036,80.35154691296916]]],[[[57.81117811178112,81.5459172891729],[55.46755467554675,81.311556822912],[55.715957159571616,81.1883005776933],[57.767977679776806,81.16920453970167],[58.563585635856356,81.41918903704664],[57.81117811178112,81.5459172891729]]],[[[54.71874718747188,81.11538843263435],[54.04554045540456,80.87234794910452],[54.66834668346684,80.73867568316311],[55.88515885158853,80.6275714621209],[57.58077580775807,80.75603571770094],[54.71874718747188,81.11538843263435]]],[[[92.68472684726851,79.68492158671589],[93.80433804338043,79.90539402534654],[91.23031230312301,80.03038627401901],[92.68472684726851,79.68492158671589]]],[[[141.01161011610117,73.99951027557154],[141.03681036810372,74.24255075910136],[140.19440194401943,74.23734274874002],[140.41040410404105,73.92139012015122],[141.01161011610117,73.99951027557154]]],[[[142.18522185221855,73.89535006834444],[141.0836108361084,73.86583800963012],[139.78399783997838,73.35545299421747],[140.66240662406625,73.4526691876294],[143.45243452434528,73.23046074554497],[143.34443344433447,73.56898141903295],[142.18522185221855,73.89535006834444]]],[[[135.94995949959502,75.40914508004457],[135.69795697956982,75.8448819469445],[135.45315453154535,75.39004904205294],[135.94995949959502,75.40914508004457]]],[[[137.94077940779408,55.09269666040413],[137.5771757717577,55.1968568676312],[137.23157231572316,54.79063205944561],[137.46197461974623,54.87396022522728],[137.7211772117721,54.66390380731934],[138.20718207182074,55.03367254297544],[137.94077940779408,55.09269666040413]]],[[[169.19989199892,69.57964548223609],[169.37629376293762,69.88344608664838],[168.35748357483578,70.01538234913602],[167.86427864278642,69.90080612118624],[168.3466834668347,69.66470965147153],[169.19989199892,69.57964548223609]]],[[[163.6342363423634,58.60289564395646],[164.61704617046172,58.885864206923344],[164.5738457384574,59.22091287350375],[163.76023760237604,59.014328462503386],[163.47223472234725,58.509151457452106],[163.6342363423634,58.60289564395646]]],[[[166.65106651066515,54.83924015615159],[166.27666276662768,55.31143309558098],[165.7510575105751,55.29407306104312],[166.64386643866442,54.69341586603369],[166.65106651066515,54.83924015615159]]],[[[154.81054810548108,49.3118051593016],[154.82494824948253,49.64685382588203],[154.61254612546128,49.381245297453006],[154.81054810548108,49.3118051593016]]],[[[156.40536405364054,50.65720783598462],[156.37656376563768,50.862056243531214],[156.1677616776168,50.73185598449737],[156.40536405364054,50.65720783598462]]],[[[155.91935919359196,50.303063131412586],[156.09576095760957,50.771784063934405],[155.6817568175682,50.40027932482451],[155.21735217352176,50.29785512105124],[155.24255242552425,50.09474271695845],[155.91935919359196,50.303063131412586]]],[[[152.00252002520028,46.897024355087325],[152.29052290522907,47.14180084207095],[151.72171721717217,46.82932022038972],[152.00252002520028,46.897024355087325]]],[[[149.6876968769688,45.64189385800111],[150.55170551705515,46.207830983934855],[149.96129961299613,46.02207861437992],[149.44649446494464,45.593285761295135],[149.6876968769688,45.64189385800111]]],[[[148.60048600486004,45.31726121214339],[148.83808838088385,45.3623973019418],[148.8128881288813,45.50995759551347],[148.32328323283235,45.282541143067704],[147.9236792367924,45.3832293433872],[146.89766897668977,44.40412339545273],[147.65727657276574,44.977004535201615],[148.60048600486004,45.31726121214339]]],[[[146.20646206462067,44.49786758195708],[145.46125461254616,43.871170335140874],[145.5548555485555,43.66458592414051],[145.91485914859152,44.103794797947984],[146.56646566465668,44.44057946798219],[146.20646206462067,44.49786758195708]]],[[[113.38853388533886,74.40052707339575],[112.08532085320854,74.54982337042122],[111.50211502115025,74.35365498014357],[112.78372783727838,74.09499046552966],[113.38853388533886,74.40052707339575]]],[[[80.0270002700027,80.84804390075152],[80.2790027900279,80.95046810452482],[79.2169921699217,80.96088412524753],[79.09819098190985,80.81158782822206],[80.0270002700027,80.84804390075152]]],[[[70.67410674106742,73.09505247614979],[71.62451624516245,73.17317263157008],[70.94050940509405,73.51516531196563],[69.99729997299974,73.35892500112504],[70.04050040500405,73.0377643621749],[70.67410674106742,73.09505247614979]]],[[[77.63297632976332,72.29128287704754],[78.36378363783638,72.48224325696384],[77.7481774817748,72.63153955398931],[76.869768697687,72.31732292885431],[77.63297632976332,72.29128287704754]]],[[[79.50139501395017,72.7218117335861],[79.16299162991629,73.09505247614979],[78.6337863378634,72.85027598916616],[79.50139501395017,72.7218117335861]]],[[[82.17262172621724,75.41956110076728],[81.71181711817121,75.4508091629354],[81.65421654216544,75.28936084173344],[82.17262172621724,75.41956110076728]]],[[[60.450004500045,69.93552619026192],[59.049590495904965,70.45979923330486],[58.520385203852044,70.31744695009453],[58.95238952389525,69.89212610391732],[59.636396363963655,69.72026176199265],[60.43920439204393,69.72546977235399],[60.450004500045,69.93552619026192]]],[[[20.957609576095763,55.27844902995906],[20.900009000089995,55.28712904722798],[20.522005220052222,54.99548046699218],[19.97479974799748,54.920832318479455],[19.603996039960407,54.45905539977278],[22.76482764827648,54.35663119599948],[22.826028260282612,54.87048821831971],[22.566825668256683,55.05971259478221],[21.234812348123484,55.264561002328804],[21.188011880118808,54.93472034610974],[20.88920889208893,54.90868029430297],[20.594005940059418,54.98159243936192],[20.957609576095763,55.27844902995906]]],[[[33.593735937359384,46.096726762892644],[33.66573665736658,45.94743046586717],[32.506525065250656,45.4040613848326],[33.55413554135541,45.09678877351274],[33.44973449734499,44.5534196924782],[33.75573755737557,44.39891538509136],[34.716947169471695,44.80687619673074],[35.087750877508796,44.80340418982317],[35.4729547295473,45.09852477696654],[36.394563945639476,45.065540711344624],[36.57456574565745,45.393645364109915],[35.45855458554587,45.31552520868959],[35.001350013500144,45.73390204105169],[34.223742237422385,46.10193477325399],[33.65853658536585,46.21998300811134],[33.593735937359384,46.096726762892644]]]]},"properties":{"name":"Russia","iso_a3":"RUS"},"id":"643"},
{"type":"Feature","geometry":{"type":"Polygon","coordinates":[[[28.21168211682118,45.450933478084806],[28.071280712807123,46.97861651741519],[26.98046980469806,48.15562685908111],[26.62046620466205,48.25978706630818],[26.163261632616326,47.99244253442535],[24.978849788497882,47.72336199908875],[24.579245792457925,47.931682413542916],[23.204032040320413,48.08445071747593],[22.876428764287652,47.947306444626975],[21.998019980199814,47.5046255639119],[21.12321123211234,46.282479132447605],[20.241202412024137,46.10887878706913],[20.774007740077394,45.74952607213575],[20.774007740077394,45.483917543706696],[21.49041490414905,45.14713287367252],[21.360813608136084,44.82597223472237],[22.091620916209166,44.541267668301714],[22.642426424264244,44.650635885890125],[22.494824948249487,44.435371457620846],[22.703627036270376,44.2374670638894],[23.027630276302773,44.07775474614124],[22.919629196291964,43.834714262611385],[25.49725497254974,43.671529937955654],[27.08847088470884,44.16802692573802],[28.586085860858617,43.742706079560804],[28.892088920889222,44.91798041777295],[29.093690936909383,44.975268531747844],[29.046890468904706,44.758268100024765],[29.558095580955808,44.8433322692602],[29.705697056970564,45.2599730981685],[29.403294032940323,45.41968541591669],[28.762487624876258,45.23393304636173],[28.21168211682118,45.450933478084806]]]},"properties":{"name":"Romania","iso_a3":"ROU"},"id":"642"},
{"type":"Feature","geometry":{"type":"Polygon","coordinates":[[[51.26631266312663,24.606740008493844],[51.608316083160844,25.052892896116475],[51.54351543515435,25.90179858501712],[51.26271262712629,26.153519085815873],[51.00351003510036,25.981654743891198],[50.762307623076225,25.445229676671786],[50.805508055080566,24.789020371141234],[50.96750967509675,24.57375594287194],[51.26631266312663,24.606740008493844]]]},"properties":{"name":"Qatar","iso_a3":"QAT"},"id":"634"},
{"type":"Feature","geometry":{"type":"MultiPolygon","coordinates":[[[[-17.19197191971918,32.86838044505447],[-17.019170191701903,32.66353203750789],[-16.691566915669142,32.75727622401226],[-17.19197191971918,32.86838044505447]]],[[[-8.778687786877867,41.94073449453245],[-8.685086850868515,40.75330813214384],[-9.480694806948065,38.798568243182444],[-9.35829358293583,38.69788004286295],[-9.135091350913513,38.74301613266135],[-8.793087930879295,39.07806479924176],[-9.019890198901976,38.746488139568925],[-9.25029250292502,38.656215959972116],[-9.214292142921437,38.44789554551798],[-8.800288002880023,38.51733568366936],[-8.667086670866695,38.42359149716498],[-8.879488794887948,38.44615954206418],[-8.814688146881451,37.430597521600234],[-8.99828998289982,37.03305273068358],[-7.8354783547835325,37.00527667542302],[-7.407074070740691,37.17887702080148],[-7.4430744307443035,37.72745411219739],[-6.957069570695694,38.1874950274503],[-7.342273422734223,38.456575562786895],[-6.99666996669967,39.057232757796356],[-7.536675366753656,39.66136195971336],[-6.975069750697514,39.798506232562346],[-7.032670326703254,40.16827496821844],[-6.809468094680938,40.34361131705069],[-6.92826928269281,41.008500639850155],[-6.211862118621184,41.532773682893094],[-6.543065430654309,41.67165395919585],[-6.618666186661869,41.94247049798625],[-8.15228152281523,41.81227023895241],[-8.267482674826738,42.13690288481013],[-8.778687786877867,41.94073449453245]]],[[[-27.074070740707413,38.64406393579563],[-27.12807128071279,38.78988822591353],[-27.387273872738717,38.765584177560555],[-27.074070740707413,38.64406393579563]]],[[[-25.648456484564832,37.84029433669339],[-25.84645846458463,37.89411044376071],[-25.439654396543972,37.71530208802089],[-25.180451804518043,37.838558333239604],[-25.648456484564832,37.84029433669339]]]]},"properties":{"name":"Portugal","iso_a3":"PRT"},"id":"620"},
{"type":"Feature","geometry":{"type":"Polygon","coordinates":[[[23.60363603636037,51.518265549061766],[23.65403654036541,52.040802588650905],[23.17523175231753,52.2873150790883],[23.916839168391704,52.76992403924041],[23.4848348483485,53.939990367091184],[23.36963369633696,54.20039088515887],[22.76482764827648,54.35663119599948],[19.603996039960407,54.45905539977278],[18.837188371883713,54.36878322017597],[18.437584375843755,54.74549596964721],[18.757987579875817,54.684735848764745],[18.322383223832247,54.83750415269779],[17.843578435784366,54.81667211125239],[16.558365583655842,54.554535589730904],[16.18756187561877,54.29066306475568],[14.211142111421111,53.9504063878139],[14.214742147421475,53.870550228939805],[14.556745567455692,53.82367813568763],[14.581945819458213,53.63966176958647],[14.257942579425787,53.72993394918325],[14.412744127441272,53.216076926863025],[14.128341283412851,52.87755625337505],[14.617946179461796,52.528619559164355],[14.599945999460004,51.83248217419677],[15.017550175501754,51.25265702063271],[14.808748087480893,50.85858423662364],[14.992349923499233,51.01482454746423],[16.007560075600765,50.61207174618622],[16.28116281162812,50.65547183253085],[16.417964179641814,50.573879670202956],[16.209162091620925,50.42458337317751],[16.637566375663766,50.101686730773565],[16.990369903699047,50.23709500016878],[16.878768787687875,50.426319376631284],[17.703177031770338,50.30653513832016],[17.627576275762777,50.11557475840385],[18.563585635856356,49.87947828868914],[18.833588335883377,49.51144555648682],[19.150391503915046,49.40034133544464],[19.441994419944194,49.59824572917606],[19.755197551975527,49.20417294516696],[20.05760057600577,49.18160490026776],[20.363603636036373,49.38471730436055],[21.638016380163805,49.41249335962112],[22.5380253802538,49.072236682679346],[22.851228512285132,49.06355666541043],[22.70722707227074,49.60692574644497],[24.08964089640898,50.53047958385835],[24.09684096840968,50.8724722642539],[23.60363603636037,51.518265549061766]]]},"properties":{"name":"Poland","iso_a3":"POL"},"id":"616"},
{"type":"Feature","geometry":{"type":"MultiPolygon","coordinates":[[[[121.09981099811,18.615792089483406],[120.59940599405996,18.508159875348767],[120.35820358203586,17.63842214500272],[120.36900369003689,16.109003102218537],[120.16020160201606,16.048242981336074],[119.77139771397714,16.254827392336438],[120.0810008100081,14.850400598224752],[120.43740437404375,14.452855807308083],[120.58860588605887,14.482367866022429],[120.58500585005851,14.88164866039287],[120.94140941409415,14.645552190678174],[120.61740617406173,14.187247278879056],[120.63540635406355,13.80532651904646],[120.84060840608407,13.88518267792054],[121.34461344613447,13.649086208205844],[121.77661776617765,13.937262781534073],[122.60102601026011,13.194253303314298],[122.66942669426697,13.395629703953304],[122.46782467824681,13.886918681374326],[122.59382593825939,13.907750722819742],[123.16263162631628,13.44250179720548],[123.31023310233104,13.044957006288826],[123.94743947439474,12.91649275070877],[123.87903879038794,12.689076298263004],[124.05904059040591,12.567556056498077],[124.14184141841417,13.03627698901991],[123.78543785437853,13.110925137532647],[123.54783547835478,13.645614201298272],[123.81423814238144,13.836574581214578],[123.32103321033213,14.062255030206572],[123.29583295832958,13.836574581214578],[123.10143101431015,13.749774408525354],[122.93582935829357,14.187247278879056],[122.6262262622626,14.317447537912898],[122.20142201422016,14.147319199442009],[122.21222212222125,13.930318767718944],[121.76581765817662,14.168151240887426],[121.68661686616866,14.7653364289893],[121.39141391413915,15.324329541107929],[121.59661596615967,15.933666753386305],[122.13662136621366,16.18538725418506],[122.51822518225185,17.124565122682498],[122.15102151021512,17.66446219680948],[122.26622266222665,18.459551778642805],[121.84501845018451,18.294631450533274],[121.09981099811,18.615792089483406]]],[[[117.31257312573126,8.439339843398443],[118.4357843578436,9.255261466677183],[118.78138781387815,9.916678782569093],[119.1917919179192,10.060767069233208],[119.68859688596888,10.499975943040695],[119.55179551795521,11.31416156286565],[119.30699306993068,10.973904885923872],[119.22419224192242,10.477407898141493],[117.34857348573485,8.7136283890964],[117.21897218972191,8.366427698339493],[117.31257312573126,8.439339843398443]]],[[[122.49662496624967,11.614490160370366],[121.91701917019174,11.854058636992633],[122.10422104221044,11.642266215630926],[121.95301953019532,10.44442383251959],[122.77022770227705,10.8246085888984],[123.11943119431197,11.28638550760509],[123.15903159031592,11.536370004950058],[122.89622896228963,11.44088981499192],[122.83862838628386,11.595394122378735],[122.49662496624967,11.614490160370366]]],[[[123.130231302313,9.064301086760878],[123.32103321033213,9.272621501215028],[123.16263162631628,9.86459867895556],[123.5658356583566,10.781208502553795],[123.25623256232564,10.994736927369289],[122.98262982629825,10.887104713234649],[122.81702817028173,10.503447949948267],[122.85662856628568,10.086807121039968],[122.39942399423995,9.822934596064727],[122.56142561425617,9.482677919122949],[123.130231302313,9.064301086760878]]],[[[124.57384573845741,11.343673621579981],[124.32904329043294,11.534634001496286],[124.44424444244441,10.923560785764124],[124.6638466384664,10.961752861747385],[124.78624786247866,10.781208502553795],[124.77904779047793,10.168399283367847],[125.02745027450277,10.032991013972648],[124.98784987849882,10.368039680553068],[125.14265142651425,10.189231324813264],[125.26865268652688,10.307279559670604],[125.01305013050131,10.786416512915139],[125.02745027450277,11.211737359092353],[124.93024930249305,11.373185680294313],[124.57384573845741,11.343673621579981]]],[[[125.23985239852402,12.52762797706103],[124.2930429304293,12.569292059951863],[124.44424444244441,12.152651231043578],[124.99504995049949,11.765522460849624],[125.0346503465035,11.341937618126195],[125.2326523265233,11.145769227848547],[125.7366573665737,11.050289037890394],[125.49185491854922,11.59365811892495],[125.53505535055353,12.190843307026839],[125.23985239852402,12.52762797706103]]],[[[120.70380703807041,13.478957869734955],[120.34020340203404,13.412989738491149],[120.649806498065,13.16994925496131],[120.96300963009634,12.446035814733165],[121.23661236612367,12.218619362287384],[121.5390153901539,12.638732198103241],[121.52101521015209,13.131757178978049],[121.20421204212045,13.43208577648278],[120.70380703807041,13.478957869734955]]],[[[126.00666006660066,9.32122959792099],[125.47025470254704,9.756966464820906],[125.4990549905499,9.01395698660113],[125.21105211052111,9.027845014231403],[125.14265142651425,8.86813269648323],[124.86904869048692,8.972292903710297],[124.73224732247326,8.562596088617155],[124.40464404644047,8.59905216114663],[124.19944199441994,8.229283425490522],[123.79983799837999,8.048739066296932],[123.85023850238503,8.432395829583314],[123.43623436234361,8.703212368373698],[122.91062910629108,8.156371280431571],[122.24462244622447,7.94457885906985],[121.92421924219241,7.199833377396288],[121.96381963819641,6.968944918042951],[122.14382143821439,6.94984888005132],[122.61542615426157,7.762298496422474],[122.79182791827918,7.722370416985427],[122.84222842228422,7.5296740336153505],[123.09783097830979,7.699802372086239],[123.38943389433894,7.408153791850438],[123.49383493834938,7.807434586220879],[123.66663666636668,7.81785060694358],[124.20664206642067,7.396001767673937],[123.98703987039869,6.9932489663959245],[124.07704077040773,6.404743795562965],[124.92664926649269,5.875262742158682],[125.2326523265233,6.069695128982559],[125.34785347853477,5.59923819300694],[125.66825668256683,5.979422949385764],[125.58905589055894,6.465503916445428],[125.38025380253805,6.6894483619836365],[125.68985689856902,7.2623295017325376],[125.82305823058232,7.333505643337702],[126.19026190261906,6.309263605604826],[126.19386193861942,6.852632686639382],[126.58266582665829,7.2484414741022505],[126.46026460264602,8.203243373683748],[126.36666366663667,8.484475933196848],[126.13986139861402,8.595580154239059],[126.30546305463054,8.95146086226488],[126.19386193861942,9.2760935081226],[126.00666006660066,9.32122959792099]]],[[[123.37143371433717,9.449693853501046],[123.6990369903699,10.1284712039308],[124.00504005040051,10.399287742721185],[124.03744037440373,11.274233483428603],[123.38583385833857,9.967022882728841],[123.37143371433717,9.449693853501046]]],[[[121.9206192061921,18.89528864554272],[121.94221942219423,19.009864873492504],[121.82341823418233,18.843208541929187],[121.9206192061921,18.89528864554272]]],[[[121.16101161011613,6.074903139343903],[120.87660876608766,5.95338289757899],[121.40941409414097,5.939494869948717],[121.16101161011613,6.074903139343903]]],[[[119.91539915399153,10.486087915410423],[120.00900009000094,10.569416081192074],[119.85059850598509,10.640592222797238],[119.79299792997932,10.45483985324229],[119.91539915399153,10.486087915410423]]],[[[120.09900099000993,12.168275262127636],[119.88659886598867,12.300211524615264],[120.00900009000094,12.008562944379463],[120.31500315003149,12.01203495128702],[120.22860228602286,12.22035536574117],[120.09900099000993,12.168275262127636]]],[[[120.0378003780038,11.703026336513375],[120.03420034200343,11.916554761328882],[119.86139861398613,11.954746837312143],[120.0378003780038,11.703026336513375]]],[[[122.64782647826479,10.472199887780135],[122.7018270182702,10.741280423116748],[122.53622536225362,10.607608157175335],[122.53982539825398,10.42532779452796],[122.64782647826479,10.472199887780135]]],[[[124.59544595445954,9.786478523535251],[124.57744577445777,10.026047000157519],[124.33624336243366,10.159719266098932],[123.8178381783818,9.817726585703369],[124.12384123841241,9.598990150526518],[124.59544595445954,9.786478523535251]]],[[[120.25020250202505,5.257245512611391],[120.16380163801637,5.331893661124127],[119.82179821798218,5.0697571396026575],[120.25020250202505,5.257245512611391]]],[[[122.09342093420935,6.429047843915953],[122.32382323823242,6.602648189294413],[122.05742057420576,6.74152846559717],[121.83061830618306,6.663408310176862],[121.96021960219605,6.41515981628568],[122.09342093420935,6.429047843915953]]],[[[126.06066060660606,9.765646482089835],[126.17226172261724,9.800366551165524],[126.07506075060752,10.059031065779422],[126.06066060660606,9.765646482089835]]],[[[125.68985689856902,9.914942779115307],[125.66825668256683,10.440951825612018],[125.49545495454953,10.1180551832081],[125.68985689856902,9.914942779115307]]],[[[121.91341913419137,13.539717990617419],[121.83061830618306,13.327925569255711],[122.00342003420036,13.204669324036999],[122.11502115021153,13.463333838650897],[121.91341913419137,13.539717990617419]]],[[[122.09342093420935,12.354027631682584],[122.14382143821439,12.652620225733529],[121.92421924219241,12.331459586783382],[122.01422014220145,12.105779137791387],[122.09342093420935,12.354027631682584]]],[[[122.65502655026552,12.30889154188418],[122.60462604626048,12.491171904531555],[122.42462424624244,12.45471583200208],[122.65502655026552,12.30889154188418]]],[[[123.28143281432813,12.853996626372535],[122.95742957429576,13.107453130625075],[123.36783367833681,12.70122832243949],[123.28143281432813,12.853996626372535]]],[[[123.71703717037173,12.288059500438763],[123.23463234632345,12.583180087582136],[123.15903159031592,11.925234778597797],[123.47223472234725,12.216883358833599],[124.04464044640446,11.751634433219351],[124.0410404104041,11.96689886148863],[123.71703717037173,12.288059500438763]]],[[[124.35424354243543,13.631726173668],[124.41544415444156,13.871294650290267],[124.22464224642249,14.07787906129063],[124.03744037440373,13.662974235836117],[124.17424174241745,13.531037973348504],[124.35424354243543,13.631726173668]]],[[[122.03222032220322,15.004904905611568],[121.81981819818202,14.963240822720735],[121.93141931419314,14.655968211400875],[122.03222032220322,15.004904905611568]]],[[[124.60984609846099,11.492969918605453],[124.51264512645128,11.687402305429316],[124.36144361443615,11.6665702639839],[124.60984609846099,11.492969918605453]]],[[[119.86139861398613,11.525953984227357],[119.72819728197283,11.43220979772299],[119.85419854198545,11.392281718285943],[119.86139861398613,11.525953984227357]]],[[[123.6990369903699,9.237901432139338],[123.49383493834938,9.192765342340934],[123.61623616236164,9.102493162744139],[123.6990369903699,9.237901432139338]]]]},"properties":{"name":"Philippines","iso_a3":"PHL"},"id":"608"},
{"type":"Feature","geometry":{"type":"Polygon","coordinates":[[[-69.9648996489965,-4.23522137268246],[-70.33930339303393,-3.815108536866603],[-70.73530735307352,-3.7821244712446997],[-70.09450094500944,-2.6589302366461],[-70.96930969309693,-2.2075693386621253],[-71.39771397713977,-2.3342975907883954],[-71.7541175411754,-2.1520172281410197],[-72.21852218522184,-2.400265722032202],[-72.94212942129421,-2.393321708217073],[-73.15453154531545,-2.2787454802672897],[-73.19773197731978,-1.8308565891908728],[-73.49653496534965,-1.6937123163419017],[-73.66573665736657,-1.2492954321730565],[-74.24534245342453,-0.9697988761137424],[-74.80334803348033,-0.20074934608719275],[-75.28575285752858,-0.10700515958282608],[-75.62775627756277,-0.12262919066689904],[-75.26055260552606,-0.5896141197349323],[-75.24975249752497,-0.9524388415758978],[-75.40815408154081,-0.924662786315352],[-75.57015570155701,-1.5305279916861565],[-76.6789667896679,-2.5634500466879473],[-77.85977859778598,-2.9818268790500326],[-78.15858158581585,-3.4644358392021246],[-78.34578345783457,-3.396731704504532],[-78.68778687786877,-4.5615900219939505],[-79.03339033390334,-4.9695508336333205],[-79.33219332193322,-4.927886750742488],[-79.63819638196382,-4.455693811313097],[-80.13860138601386,-4.295981493564923],[-80.4770047700477,-4.429653759506337],[-80.35460354603546,-4.2091813208757],[-80.49140491404914,-4.00954092369048],[-80.17820178201782,-3.8776046612028523],[-80.32580325803258,-3.3880516872356026],[-81.28341283412834,-4.3220215453716975],[-81.33741337413373,-4.669222236128604],[-80.88020880208802,-5.634440156432802],[-80.93060930609306,-5.841024567433166],[-81.16461164611646,-5.8757446365088555],[-81.1430114301143,-6.056288995702445],[-79.99459994599945,-6.769786415207889],[-78.76338763387633,-8.616894090034634],[-77.6329763297633,-11.288603405409049],[-77.2189721897219,-11.663580151426501],[-77.15417154171541,-12.061124942343156],[-76.22536225362254,-13.37180754995049],[-76.37656376563766,-13.86309652737151],[-76.29016290162902,-14.133913066161895],[-75.10575105751057,-15.411611608147325],[-72.4669246692467,-16.70840618812437],[-71.43731437314372,-17.36635149710871],[-71.33651336513364,-17.6823041256975],[-70.41850418504184,-18.345457445043195],[-69.92529925299253,-18.206577168740424],[-69.85329853298532,-17.703136167142915],[-69.51129511295113,-17.505231773411467],[-69.62649626496264,-17.199695165545393],[-68.84168841688417,-16.338637452468262],[-69.2160921609216,-16.149413076005743],[-69.42129421294213,-15.640764064046877],[-69.17289172891728,-15.236275259315079],[-69.36009360093601,-14.795330382053805],[-68.87048870488705,-14.17036913869137],[-69.07569075690756,-13.68255216817792],[-68.97848978489785,-12.880518572529468],[-68.68688686886868,-12.50206981960443],[-69.57969579695796,-10.951818735374843],[-70.64170641706417,-11.01084285280352],[-70.54090540905409,-9.438023723674718],[-71.23931239312392,-9.965768773625229],[-72.14292142921428,-10.005696853062261],[-72.38052380523804,-9.510935868733668],[-73.20853208532085,-9.411983671867958],[-72.97452974529745,-8.993606839505887],[-74.00054000540005,-7.5561959797722835],[-73.96453964539646,-7.3791236274862655],[-73.71973719737197,-7.309683489334887],[-73.75933759337593,-6.905194684603089],[-73.13653136531364,-6.465985810795601],[-73.23733237332372,-6.097953078593278],[-72.88812888128881,-5.122319137566365],[-71.8441184411844,-4.504301908019073],[-70.97290972909728,-4.349797600632243],[-70.80010800108,-4.172725248346225],[-70.40410404104041,-4.150157203447023],[-70.05490054900548,-4.332437566094399],[-69.9648996489965,-4.23522137268246]]]},"properties":{"name":"Peru","iso_a3":"PER"},"id":"604"},
{"type":"Feature","geometry":{"type":"Polygon","coordinates":[[[-58.160381603816035,-20.16478906460938],[-58.17838178381784,-19.817588373852473],[-59.08919089190891,-19.286371316994405],[-60.007200072000714,-19.29678733771712],[-61.75681756817568,-19.645724031927813],[-62.27522275222752,-20.56233385552605],[-62.27522275222752,-21.065774857123557],[-62.64962649626496,-22.234105181520547],[-61.80001800018,-23.181963067286915],[-61.03321033210332,-23.754844207035816],[-59.89199891998919,-24.093364880523794],[-57.645576455764555,-25.327663336164605],[-57.569975699756995,-25.534247747164954],[-58.109981099810994,-26.180041031972806],[-58.60318603186032,-27.313651287294114],[-56.43596435964359,-27.55321976391638],[-56.162361623616235,-27.322331304563036],[-55.71595715957159,-27.414339487613617],[-55.42795427954279,-27.00985068288182],[-55.136351363513626,-26.93173052746151],[-54.754747547475475,-26.53244973309107],[-54.61434614346143,-25.575911830055787],[-54.243542435424345,-24.046492787271617],[-54.62514625146251,-23.812132321010694],[-55.082350823508236,-23.99788469056564],[-55.41715417154171,-23.951012597313465],[-55.61875618756187,-22.671578051874263],[-55.849158491584916,-22.307017326579498],[-56.24516245162451,-22.26535324368868],[-56.44676446764467,-22.07612886722616],[-56.93636936369363,-22.270561254050023],[-57.95517955179551,-22.109112932848063],[-57.82917829178291,-20.998070722425965],[-58.160381603816035,-20.16478906460938]]]},"properties":{"name":"Paraguay","iso_a3":"PRY"},"id":"600"},
{"type":"Feature","geometry":{"type":"MultiPolygon","coordinates":[[[[152.96732967329672,-4.756022408817827],[153.1329313293133,-4.353269607539815],[153.01773017730176,-4.105021113648618],[152.03132031320314,-3.2509074143866314],[150.82530825308254,-2.5721300639568767],[150.74610746107464,-2.7387863955201937],[152.27972279722798,-3.5824840740594794],[152.66852668526684,-4.131061165455392],[152.74052740527407,-4.636238170506687],[152.89172891728919,-4.832406560784349],[152.96732967329672,-4.756022408817827]]],[[[151.9161191611916,-4.295981493564923],[151.59211592115923,-4.200501303606771],[151.67131671316713,-4.882750660944097],[151.32571325713258,-4.960870816364405],[150.73530735307355,-5.511183911214104],[150.18450184501847,-5.523335935390591],[150.09090090900912,-5.011214916524153],[149.8316983169832,-5.523335935390591],[148.43128431284316,-5.471255831777057],[148.33768337683375,-5.669160225508492],[149.65169651696516,-6.290649461963355],[150.47250472504726,-6.262873406702809],[151.22851228512286,-5.91914472285346],[151.51651516515165,-5.552847994104923],[152.07812078120782,-5.45910380760057],[151.98451984519846,-5.0737110408604025],[152.3517235172352,-4.821990540061634],[152.4057240572406,-4.341117583363314],[152.11772117721176,-4.212653327783258],[151.9161191611916,-4.295981493564923]]],[[[140.97560975609758,-9.118599088178371],[142.22842228422286,-9.170679191791905],[142.64602646026464,-9.328655506086292],[143.3660336603366,-8.960622773883983],[143.3768337683377,-8.762718380152535],[143.11043110431103,-8.474541806824305],[142.47322473224733,-8.368645596143452],[142.20682206822067,-8.195045250764991],[142.52362523625237,-8.321773502891261],[143.61443614436143,-8.200253261126349],[143.51723517235172,-8.000612863941129],[143.94203942039422,-7.945060753420023],[143.65403654036544,-7.460715789814131],[144.14364143641438,-7.75757238041129],[144.51084510845112,-7.566612000494999],[146.03366033660336,-8.07699701590765],[146.63126631266312,-8.951942756615054],[146.96246962469627,-9.059574970749694],[147.01647016470167,-9.38767962351497],[147.7688776887769,-10.069928980852296],[149.75249752497524,-10.352897543819182],[150.32130321303214,-10.654962144777684],[150.64890648906493,-10.517817871928713],[150.44730447304477,-10.307761454020778],[150.8505085050851,-10.236585312415613],[149.8748987489875,-10.012640866877405],[149.75969759697597,-9.806056455877041],[150.01170011700117,-9.6880082210197],[149.2628926289263,-9.497047841103395],[149.1980919809198,-9.031798915489148],[148.58248582485828,-9.050894953480778],[148.12528125281256,-8.10303706771441],[147.18927189271892,-7.37738762403248],[146.95526955269554,-6.834018542997924],[147.84447844478444,-6.66215420107325],[147.80127801278013,-6.314953510316343],[147.56727567275675,-6.056288995702445],[145.74565745657458,-5.401815693625679],[145.76725767257676,-4.82372654351542],[144.47844478444784,-3.8255245575893184],[144.0680406804068,-3.804692516143902],[143.510035100351,-3.4314517735802212],[140.97200972009722,-2.6103221399401377],[140.97560975609758,-6.3462015724844605],[140.8640086400864,-6.740274356493558],[140.97560975609758,-6.905194684603089],[140.97560975609758,-9.118599088178371]]],[[[148.02448024480248,-5.827136539802879],[148.05328053280533,-5.6118721115336],[147.7940779407794,-5.492087873222474],[148.02448024480248,-5.827136539802879]]],[[[146.01926019260196,-4.7265103501034815],[145.9940599405994,-4.539021977094762],[145.88245882458824,-4.667486232674818],[146.01926019260196,-4.7265103501034815]]],[[[149.7668976689767,-1.5530960365853588],[149.579695796958,-1.3534556394001243],[149.54729547295472,-1.471503874257479],[149.7668976689767,-1.5530960365853588]]],[[[151.0809108091081,-10.019584880692548],[150.7749077490775,-9.708840262465117],[150.95850958509584,-10.092497025751499],[151.23211232112322,-10.19492122952478],[151.29691296912972,-9.957088756356299],[151.0809108091081,-10.019584880692548]]],[[[150.3465034650347,-9.493575834195823],[150.20970209702097,-9.20713526432138],[150.10890108901089,-9.36163957170821],[150.3465034650347,-9.493575834195823]]],[[[151.1061110611106,-8.733206321438203],[151.1169111691117,-8.4189896963032],[151.00531005310052,-8.523149903530268],[151.1061110611106,-8.733206321438203]]],[[[147.17487174871752,-5.43132775234001],[147.13167131671315,-5.190023272263957],[147.00567005670058,-5.306335503667526],[147.17487174871752,-5.43132775234001]]],[[[147.0668706687067,-1.9593208447709287],[146.65646656466566,-1.9732088724012158],[146.5448654486545,-2.2093053421159112],[147.43767437674376,-2.058273041636653],[147.0668706687067,-1.9593208447709287]]],[[[150.43650436504367,-2.6624022435536716],[150.42930429304295,-2.469705860183595],[150.2277022770228,-2.3846416909481434],[149.96129961299613,-2.4731778670911524],[150.16650166501665,-2.6606662400998857],[150.43650436504367,-2.6624022435536716]]],[[[150.53010530105303,-9.346015540624137],[150.43650436504367,-9.623776093229665],[150.8937089370894,-9.667176179574284],[150.78930789307896,-9.417191682229316],[150.53010530105303,-9.346015540624137]]],[[[152.63252632526326,-8.958886770430198],[152.51372513725136,-9.009230870589946],[152.96732967329672,-9.208871267775166],[152.95292952929532,-9.069990991472409],[152.63252632526326,-8.958886770430198]]],[[[153.53613536135362,-11.476091778417768],[153.20493204932052,-11.323323474484738],[153.28773287732878,-11.5177558613086],[153.75933759337596,-11.58719599945998],[153.53613536135362,-11.476091778417768]]],[[[155.9589595895959,-6.686458249426238],[155.0949509495095,-5.6205521288025295],[154.72774727747276,-5.445215779970283],[154.76014760147604,-5.931296747029961],[155.2029520295203,-6.3080094965011995],[155.34335343353433,-6.721178318501927],[155.7177571775718,-6.863530601712256],[155.9589595895959,-6.686458249426238]]]]},"properties":{"name":"Papua New Guinea","iso_a3":"PNG"},"id":"598"},
{"type":"Feature","geometry":{"type":"MultiPolygon","coordinates":[[[[-77.37377373773738,8.658076278575294],[-78.08298082980829,9.236165428685553],[-79.57699576995769,9.597254147072732],[-80.12780127801278,9.210125376878779],[-81.35541355413554,8.781332523794006],[-81.89541895418954,9.1406852387274],[-81.78021780217802,8.956668872626238],[-82.24462244622445,9.031317021138975],[-82.1870218702187,9.191029338887148],[-82.5650256502565,9.576422105627316],[-82.93942939429394,9.449693853501046],[-82.93942939429394,9.060829079853306],[-82.7270272702727,8.916740793189192],[-83.02583025830258,8.336915639625161],[-82.87822878228782,8.07130711119612],[-82.7810278102781,8.303931574003258],[-82.23382233822338,8.310875587818387],[-81.72621726217263,8.13727524243994],[-81.5030150301503,7.720634413531656],[-81.2690126901269,7.625154223573503],[-81.06381063810637,7.8994427692714595],[-80.84420844208442,7.220665418841705],[-80.43740437404374,7.2744815259090245],[-80.01260012600126,7.500161974901019],[-80.4590045900459,8.213659394406463],[-79.74979749797498,8.595580154239059],[-79.50859508595086,8.970556900256511],[-79.08739087390873,8.996596952063285],[-78.5149851498515,8.628564219860962],[-78.41058410584105,8.356011677616792],[-78.39978399783998,8.505307974642264],[-78.22338223382233,8.395939757053839],[-78.1009810098101,8.496627957373335],[-77.7589775897759,8.133803235532369],[-78.14058140581406,8.385523736331123],[-78.42138421384213,8.060891090473419],[-77.89937899378994,7.22934543611062],[-77.76257762577626,7.698066368632453],[-77.53937539375393,7.566130106144826],[-77.19737197371974,7.97235491433041],[-77.47817478174781,8.49836396082712],[-77.37377373773738,8.658076278575294]]],[[[-81.60381603816037,7.333505643337702],[-81.81261812618126,7.5921701579516],[-81.85221852218523,7.453289881648828],[-81.60381603816037,7.333505643337702]]]]},"properties":{"name":"Panama","iso_a3":"PAN"},"id":"591"},
{"type":"Feature","geometry":{"type":"Polygon","coordinates":[[[134.59634596345967,7.382113740043664],[134.65034650346507,7.711954396262726],[134.51714517145172,7.526202026707779],[134.59634596345967,7.382113740043664]]]},"properties":{"name":"Palau","iso_a3":"PLW"},"id":"585"},
{"type":"Feature","geometry":{"type":"Polygon","coordinates":[[[76.76536765367655,35.66161000219378],[76.5529655296553,35.88729045118578],[76.17856178561789,35.810906299219255],[75.91215912159123,36.048738772387736],[75.97335973359733,36.38205143551437],[75.77175771757717,36.69453205719559],[75.42255422554226,36.737932143540206],[75.14535145351454,36.9740286132549],[74.54054540545405,37.022636709960864],[74.04014040140402,36.826468319683215],[72.25092250922509,36.734460136632634],[71.23211232112322,36.121650917446686],[71.62091620916209,35.18247304894926],[70.96570965709657,34.52973575032627],[71.05211052110522,34.04886279362795],[69.88929889298893,34.00719871073713],[70.28530285302853,33.36834943974442],[69.50049500495007,33.01941274553373],[69.24129241292414,32.434379581608326],[69.28089280892809,31.936146590372175],[68.87048870488707,31.63408198941366],[68.59688596885971,31.80247432443076],[68.16128161281614,31.80247432443076],[67.57807578075781,31.50735373728739],[67.73647736477366,31.344169412631643],[67.45207452074521,31.234801195043218],[66.82926829268294,31.26431325375755],[66.3468634686347,30.80253633505086],[66.23166231662319,29.86509447000722],[64.10044100441004,29.39116552712403],[63.56763567635676,29.498797741258684],[62.476824768247695,29.40852556166189],[60.842408424084255,29.858150456192078],[61.890018900189006,28.545731845130973],[62.75762757627578,28.243667244172457],[62.761227612276144,27.2506732686077],[63.30123301233013,27.15172107174199],[63.15723157231574,26.650016073598252],[62.44082440824408,26.561479897455243],[61.84321843218433,26.226431230874823],[61.587615876158765,25.202189193141947],[63.4920349203492,25.210869210410863],[63.556835568355694,25.353221493621206],[64.0608406084061,25.403565593780954],[64.65844658446585,25.184829158604103],[64.77724777247772,25.3080854038228],[66.46926469264693,25.445229676671786],[66.1308613086131,25.49383777337775],[66.32526325263254,25.601469987512388],[66.69966699666998,25.226493241494936],[66.70326703267034,24.8601965127464],[67.17127171271713,24.756036305519316],[67.30807308073082,24.1744751485015],[67.56367563675639,23.881090564811913],[68.11448114481146,23.752626309231857],[68.1648816488165,23.856786516458925],[68.72288722887231,23.964418730593565],[68.78048780487805,24.313355424804257],[69.80649806498067,24.165795131232585],[70.49050490504905,24.41230762166998],[70.71730717307173,24.238707276291535],[71.04491044910449,24.400155597493494],[70.6489064890649,25.66743811875621],[70.26370263702637,25.70736619819324],[70.10170101701019,25.910478602286034],[70.14850148501486,26.505927786934137],[69.50769507695077,26.742024256648833],[69.53649536495365,27.122209013027643],[70.40410404104043,28.024930808995606],[70.79650796507966,27.708978180406817],[71.86931869318695,27.962434684659357],[72.34092340923411,28.752316256131323],[72.90252902529025,29.028340805283065],[73.38133381333813,29.9345346081586],[73.80973809738097,30.092510922452988],[73.89973899738999,30.43450360284855],[74.63414634146343,31.035160797857998],[74.55494554945551,31.81809835551482],[75.33255332553327,32.27987527422151],[74.68454684546847,32.493403699037],[74.66294662946629,32.75727622401226],[74.35334353343535,32.769428248188746],[74.00414004140043,33.1895410840046],[74.15174151741519,33.50722971604718],[73.97533975339755,33.72075814086267],[74.25254252542527,33.946438589854665],[73.90333903339035,34.07490284543472],[73.97173971739718,34.23635116663668],[73.79533795337954,34.37870344984701],[73.96093960939609,34.652991995544966],[74.29934299342995,34.76583222004096],[75.71055710557107,34.50369569851951],[76.59616596165961,34.73632016132663],[77.04977049770497,35.10956090389031],[76.76536765367655,35.66161000219378]]]},"properties":{"name":"Pakistan","iso_a3":"PAK"},"id":"586"},
{"type":"Feature","geometry":{"type":"MultiPolygon","coordinates":[[[[58.721987219872204,20.21812327732654],[58.95238952389525,20.516715871377485],[58.88398883988842,20.67990019603323],[58.64278642786428,20.337907515637667],[58.721987219872204,20.21812327732654]]],[[[53.084330843308436,16.648900176345535],[54.06714067140672,17.004780884371357],[55.06435064350643,17.039500953447046],[55.47835478354784,17.843270552549285],[56.3819638196382,17.987358839213414],[56.8247682476825,18.75293636233239],[57.81117811178112,19.016808887307633],[57.7139771397714,19.678226203199543],[57.86157861578616,20.2441633291333],[58.17118171181713,20.589628016436436],[58.210782107821075,20.424707688326905],[58.47358473584737,20.40734765378906],[59.79839798397984,22.219735259540116],[59.82359823598236,22.50964783632213],[59.43119431194313,22.66068013680139],[58.772387723877245,23.516529839517162],[57.123571235712376,23.980042761677637],[56.38916389163893,24.979980751057525],[56.06516065160653,24.738676270981472],[56.000360003600036,24.953940699250765],[55.79515795157951,24.868876530015314],[55.75915759157593,24.242179283199093],[55.98595985959861,24.06337092745929],[55.46755467554675,23.941850685694376],[55.186751867518694,22.704080223145994],[55.640356403564056,22.000998824363265],[54.977949779497806,19.995914835242118],[51.97911979119792,18.99597684586223],[53.084330843308436,16.648900176345535]]],[[[56.29916299162991,25.650078084218364],[56.41436414364145,26.351423479547307],[56.07956079560796,26.063246906219078],[56.14436144361446,25.690006163655397],[56.29916299162991,25.650078084218364]]]]},"properties":{"name":"Oman","iso_a3":"OMN"},"id":"512"},
{"type":"Feature","geometry":{"type":"MultiPolygon","coordinates":[[[[20.622806228062274,69.03627640120152],[21.594815948159493,69.27410887437],[21.620016200162013,69.27063686746246],[21.990819908199086,69.04148441156289],[22.080820808208102,68.99287631485691],[22.300423004230055,68.85573204200793],[22.4120241202412,68.72032377261274],[23.322833228332286,68.6491476310076],[23.9960399603996,68.79844392803304],[24.9428494284943,68.59359552048647],[25.74925749257494,68.98940430794934],[25.767257672576733,69.07620448063858],[25.74925749257494,69.2307087880254],[25.767257672576733,69.28278889163894],[26.012060120601205,69.65255762729504],[26.5268652686527,69.9146941488165],[27.891278912789147,70.0622544423882],[29.14049140491406,69.67165366528667],[28.964089640896418,69.02238837357126],[29.388893888938895,69.298412922723],[30.08730087300873,69.43208518866442],[30.159301593015925,69.62998958239584],[30.861308613086152,69.53798139934526],[30.86850868508685,69.78275788632888],[30.429304293042946,69.72199776544642],[30.23850238502385,69.86261404520297],[29.792097920979216,69.72720577580779],[29.601296012960148,69.97719027315276],[28.80568805688057,70.09176650110254],[30.94410944109441,70.2740468637499],[30.065700657006573,70.70283971683469],[28.83088830888309,70.86428803803665],[28.193681936819388,70.24800681194313],[28.272882728827284,70.668119647759],[27.898478984789847,70.67853566848171],[28.391683916839185,70.97539225907886],[28.143281432814348,71.04309639377647],[27.596075960759606,71.09170449048241],[27.33327333273334,70.99622430052426],[27.236072360723625,70.94761620381831],[27.545675456754566,70.80352791715418],[26.98766987669876,70.51187933691838],[26.584465844658467,70.40945513314509],[26.660066600666028,70.9389361865494],[25.04365043650438,70.10912653564037],[25.78165781657816,70.81741594478447],[25.436054360543608,70.91116013128882],[25.26325263252633,70.84345599659125],[25.04365043650438,70.92852016582668],[24.831248312483126,70.97886426598643],[24.766447664476658,71.00837632470078],[24.65844658446585,71.00143231088563],[24.44244442444426,70.8920640932972],[24.262442624426257,70.82609596205339],[24.420844208442105,70.70283971683469],[23.330033300333014,70.2080787325061],[23.355233552335534,69.9841342869679],[22.685626856268584,70.3747350640694],[21.35721357213572,70.23411878431287],[21.976419764197658,69.83483798994243],[21.43281432814328,70.01364634568222],[20.622806228062274,69.9146941488165],[20.73800738007381,69.52062136480743],[20.054000540005404,69.33313299179869],[20.324003240032397,69.94594221098464],[19.63999639996402,69.42340517139547],[19.72279722797228,69.78102188287511],[19.19719197191972,69.74803781725319],[18.613986139861396,69.49110930609308],[18.916389163891637,69.33486899525246],[18.261182611826115,69.47027726464768],[18.102781027810295,69.15606063951267],[17.703177031770338,69.10050852899155],[17.54477544775449,69.00155633212583],[17.490774907749085,68.87830008690713],[17.389973899739005,68.80017993148684],[16.51516515165153,68.53283539960401],[17.551975519755217,68.42693918892317],[16.20556205562056,68.31757097133473],[16.31356313563137,67.8818341044348],[16.007560075600765,68.22903479519172],[15.31635316353163,68.06932247744354],[15.622356223562235,67.94780223567864],[14.797947979479801,67.80892195937585],[14.85554855548557,67.66309766925795],[15.305553055530567,67.76552187303125],[15.593555935559351,67.34888104412295],[14.96354963549635,67.57456149311494],[14.441544415444156,67.27076088870265],[15.41715417154171,67.20305675400505],[14.11034110341103,67.11972858822341],[13.653136531365334,66.90793616686167],[13.95913959139591,66.79509594236569],[13.210332103321036,66.64059163497888],[13.120331203312048,66.23089481988572],[14.03474034740347,66.29686295112953],[12.78552785527856,66.10069456085188],[13.033930339303396,65.95660627418775],[12.133921339213401,65.2795649272118],[12.41832418324185,65.18408473725364],[12.915129151291524,65.33858904464046],[12.508325083250838,65.0990205680182],[12.159121591215921,65.1788767268923],[11.489514895148972,64.9757643227995],[11.29511295112951,64.75529188416886],[11.525515255152555,64.74487586344614],[10.564305643056429,64.41850721413465],[9.567095670956718,63.706745798083006],[10.056700567005663,63.51231341125913],[11.305913059130603,64.04873847847855],[11.370713707137071,63.80569799494873],[10.726307263072641,63.62515363575514],[10.75870758707589,63.46196931109938],[10.02070020700208,63.3907931694942],[9.696696966969682,63.62515363575514],[9.156691566915669,63.45849730419181],[9.135091350913513,63.593905573586994],[8.577085770857707,63.60084958740214],[8.361083610836118,63.49842538362884],[8.634686346863475,63.342185072788254],[8.159481594815958,63.161640713594664],[8.623886238862383,62.84568808500586],[8.10188101881019,63.090464571989486],[7.572675726757268,63.0991445892584],[6.733867338673406,62.72069583633339],[8.044280442804421,62.77103993649314],[7.536675366753684,62.672087739627415],[7.651876518765192,62.564455525492775],[6.352263522635241,62.61132761874495],[6.136261362613624,62.40821521465216],[6.579065790657921,62.40647921119839],[6.0822608226082195,62.349191097223496],[5.909459094590943,62.4151592284673],[5.142651426514277,62.15996672076096],[5.2686526865268775,61.93602227522277],[6.730267302673042,61.87005414397896],[4.930249302493024,61.87873416124788],[5.3370533705337095,61.48466137723878],[5.00225002250022,61.43431727707903],[5.106651066510665,61.187804786641635],[6.38466384663846,61.133988679574315],[6.600666006660077,61.29022899041493],[7.173071730717311,61.16523674174243],[7.4430744307443035,61.43431727707903],[7.605076050760516,61.21037283154084],[7.039870398703982,61.09058859322971],[7.039870398703982,60.953444320380726],[6.777067770677718,61.14266869684323],[5.009450094500949,61.03850848961616],[5.117451174511757,60.63575568833815],[5.646656466564679,60.6878357919517],[5.135451354513549,60.444795308421845],[5.286652866528669,60.20522683179959],[5.689856898568991,60.12363466947173],[5.207452074520745,60.08717859694224],[5.146251462514641,59.63928970586582],[6.154261542615444,60.34584311155612],[6.99666996669967,60.51249944311945],[6.525065250652517,60.153146728186044],[6.571865718657193,60.35973113918641],[6.348663486634877,60.352787125371265],[5.7294572945729385,59.86323415140404],[6.215462154621548,59.81809806160564],[5.243452434524357,59.5646415573531],[5.171451714517161,59.161888756075086],[6.417064170641709,59.54728152281524],[5.887858878588787,59.09765662828505],[6.363063630636304,59.00044043487313],[6.10026100261004,58.870240175839285],[5.556655566555662,58.97440038306635],[5.7078570785707825,58.523039485082364],[7.0038700387003985,58.0248064938462],[8.166681666816686,58.144590732157354],[9.657096570965706,58.97092837615878],[9.556295562955626,59.11328065936911],[9.844298442984439,58.958776351982294],[10.179101791017928,59.00912045214204],[10.596705967059677,59.76428195453832],[10.83430834308345,59.18445680097429],[11.388713887138891,59.03689650740259],[11.644316443164428,58.92579228636038],[11.68031680316804,59.592417612613644],[12.486724867248682,60.10627463493387],[12.295922959229586,61.0020524170867],[12.706327063270635,61.05934053106159],[12.879128791287911,61.352725114751166],[12.155521555215557,61.72075784695349],[12.17352173521735,63.595641577040794],[12.792727927279287,64.00013038177258],[13.95913959139591,64.01401840940287],[14.142741427414279,64.17373072715105],[14.077940779407811,64.46364330393305],[13.64953649536497,64.58169153879041],[14.113941139411395,64.94625226408516],[14.351543515435168,65.17019670962335],[14.427144271442728,65.26394089612774],[14.481144811448132,65.302132972111],[14.542345423454236,66.13020661956622],[15.485554855548571,66.30554296839844],[15.424354243542439,66.4895593344996],[16.403564035640358,67.05549646043337],[16.126361263612637,67.42526519608947],[16.785167851678523,67.89572213206509],[17.325173251732537,68.10404254651922],[17.915579155791562,67.96516227021647],[18.304383043830455,68.55540344450321],[19.971199711997116,68.35576304731799],[20.349203492034917,68.84878802819281],[20.338403384033853,68.89913212835256],[20.280802808028085,68.93385219742825],[20.115201152011537,69.02065237011746],[20.622806228062274,69.03627640120152]]],[[[5.085050850508509,60.30765103557289],[4.955449554495544,60.446531311875646],[5.088650886508873,60.189602800715534],[5.085050850508509,60.30765103557289]]],[[[8.10188101881019,63.33697706242688],[8.073080730807305,63.470649328368296],[7.803078030780313,63.413361214393404],[8.10188101881019,63.33697706242688]]],[[[23.441634416344158,70.81567994133067],[21.99441994419945,70.65770362703628],[22.829628296282976,70.54139139563273],[23.441634416344158,70.81567994133067]]],[[[25.58725587255873,71.14204859064219],[25.31365313653137,71.05351241449915],[25.31365313653137,71.03441637650752],[25.482854828548284,71.01879234542346],[25.583655836558364,70.96150423144857],[25.760057600576005,70.95456021763346],[26.00126001260014,70.97539225907886],[26.13446134461344,70.99622430052426],[25.58725587255873,71.14204859064219]]],[[[23.614436144361463,70.55007141290164],[22.94122941229412,70.4441752022208],[23.1608316083161,70.28272688101882],[23.614436144361463,70.55007141290164]]],[[[15.20835208352085,68.94253221469717],[14.405544055440572,68.66303565863785],[15.222752227522278,68.61616356538568],[15.20835208352085,68.94253221469717]]],[[[19.25479254792549,70.06572644929577],[19.132391323913254,70.24453480503556],[18.13158131581318,69.55707743733689],[18.783187831878337,69.57964548223609],[19.333993339933414,69.82094996231214],[19.60759607596077,70.01885435604359],[19.25479254792549,70.06572644929577]]],[[[11.230312303123043,64.86639610521107],[11.021510215102154,64.97923632970708],[10.74070740707407,64.86986811211864],[11.230312303123043,64.86639610521107]]],[[[17.501575015750177,69.59700551677395],[16.813968139681407,69.09530051863021],[17.0839708397084,69.01370835630235],[17.951579515795174,69.1977247224035],[18.00558005580058,69.50499733372337],[17.501575015750177,69.59700551677395]]],[[[15.759157591575928,68.56061145486456],[15.92835928359284,68.73247579678923],[15.906759067590684,68.90781214562148],[15.834758347583488,68.95989224923503],[15.813158131581332,69.02412437702503],[16.115561155611573,69.21682076039514],[16.047160471604712,69.30188492963057],[15.481954819548207,69.04322041501666],[15.438754387543895,68.97898828722666],[15.44235442354423,68.91996416979796],[15.564755647556495,68.87309207654579],[15.413554135541375,68.61616356538568],[14.257942579425787,68.19084271920846],[15.975159751597516,68.40263514057017],[16.518765187651894,68.6335235999235],[16.327963279632797,68.87656408345336],[15.759157591575928,68.56061145486456]]],[[[32.52452524525245,80.11892245016202],[33.62973629736297,80.21787464702774],[31.48051480514806,80.1085064294393],[32.52452524525245,80.11892245016202]]],[[[21.60921609216092,78.59644742119298],[20.22680226802268,78.47839918633562],[21.65241652416526,77.9228780811246],[20.92880928809288,77.45936515896412],[22.685626856268584,77.55310934546847],[22.800828008280092,77.27534879286296],[24.903249032490322,77.75622174956126],[23.11763117631176,77.99231821927597],[23.45243452434525,78.15029453357036],[22.300423004230055,78.22841468899065],[21.60921609216092,78.59644742119298]]],[[[20.89640896408966,80.24912270919586],[19.73359733597337,80.47827516509543],[19.344793447934478,80.11718644670825],[17.915579155791562,80.14322649851502],[18.855188551885533,80.03733028783415],[18.72558725587257,79.76130573868241],[20.784807848078486,79.74915371450592],[19.675996759967603,79.59117740021154],[20.129601296012964,79.48875319643824],[22.86562865628656,79.41236904447172],[22.905229052290537,79.23008868182433],[23.949239492394923,79.19363260929487],[25.641256412564132,79.4036890272028],[27.200072000720013,79.90713002880031],[26.861668616686188,80.16058653305285],[24.29844298442984,80.36022693023807],[23.114031140311397,80.18662658485962],[23.00963009630098,80.47480315818785],[22.289622896228963,80.04948231201064],[20.89640896408966,80.24912270919586]]],[[[16.785167851678523,79.90713002880031],[16.245162451624537,80.04948231201064],[16.342363423634254,78.97663217757179],[14.592745927459276,79.79949781466567],[14.031140311403135,79.34466490977411],[12.555125551255514,79.5703453587661],[13.692736927369282,79.86025793554813],[12.288722887228886,79.71269764197643],[10.805508055080566,79.79949781466567],[10.737107371073705,79.52000125860636],[11.208712087120887,79.12940048150483],[12.083520835208361,79.26828075780759],[12.32472324723247,78.91413605323555],[11.367113671136707,78.95059212576504],[13.149131491314932,78.2370947062596],[14.639546395463952,78.41416705854562],[14.689946899468993,78.72143966986548],[15.017550175501754,78.6294314868149],[15.38475384753849,78.77178377002522],[15.41715417154171,78.47319117597428],[16.78156781567816,78.66415155589058],[17.00117001170011,78.36903096874721],[13.68193681936819,78.02877429180543],[14.088740887408875,77.77184578064532],[16.914769147691487,77.89857403277159],[17.03357033570336,77.7978858324521],[13.995139951399523,77.50797325567007],[16.69876698766987,76.57921140789534],[19.675996759967603,78.61033544882326],[21.389613896138968,78.7405357078571],[20.61200612006121,79.10683243660563],[19.89199891998922,79.05648833644588],[18.678786787867892,79.26133674399247],[18.397983979839807,79.6050654278418],[17.667176671766725,79.38632899266494],[17.832778327783274,79.79949781466567],[16.785167851678523,79.90713002880031]]],[[[11.251912519125199,78.61033544882326],[10.557105571055729,78.90372003251284],[12.11592115921161,78.23188669589823],[11.251912519125199,78.61033544882326]]],[[[29.046890468904706,78.91240004978178],[27.887678876788783,78.85163992889932],[29.6948969489695,78.90545603596664],[29.046890468904706,78.91240004978178]]]]},"properties":{"name":"Norway","iso_a3":"NOR"},"id":"578"},
{"type":"Feature","geometry":{"type":"Polygon","coordinates":[[[128.37548375483755,38.6232318943502],[127.39627396273966,39.2082650582756],[127.5690756907569,39.78114619802449],[128.51228512285127,40.13008289223518],[129.70749707497077,40.85746833937091],[129.75789757897581,41.71158203863291],[130.23670236702367,42.1837749780623],[130.68670686706866,42.30182321291966],[130.52830528305282,42.53618367918057],[130.24030240302403,42.8920643872064],[129.89829898298984,42.99796059788724],[129.69669696696968,42.44764750303756],[129.31509315093155,42.41292743396187],[128.92268922689226,42.0379506879444],[128.04428044280445,41.987606587784654],[128.28908289082892,41.607421831405844],[128.1486814868149,41.38694939277519],[126.7446674466745,41.72547006626317],[125.9886598865989,40.90434043262309],[124.89064890648905,40.45992354845424],[124.36144361443615,40.00335464010891],[124.63864638646385,39.614489866461184],[124.77544775447757,39.758578153125285],[125.36225362253623,39.525953690318175],[125.1678516785168,38.80551225699759],[125.5530555305553,38.68572801868646],[125.06705067050672,38.55726376310639],[124.69264692646925,38.128470910021605],[125.20745207452075,38.08159881676943],[124.98784987849882,37.93230251974397],[125.35865358653587,37.72398210528982],[125.76905769057691,37.98611862681129],[126.11826118261183,37.74307814328145],[126.37026370263703,37.87848641267664],[126.63306633066333,37.78127021926471],[127.09027090270905,38.28471122086222],[128.04068040680409,38.30901526921522],[128.37548375483755,38.6232318943502]]]},"properties":{"name":"North Korea","iso_a3":"PRK"},"id":"408"},
{"type":"Feature","geometry":{"type":"MultiPolygon","coordinates":[[[[7.299072990729911,4.418755844433463],[7.227072270722715,4.528124062021888],[7.140671406714063,4.3944517960804745],[7.299072990729911,4.418755844433463]]],[[[13.60633606336063,13.70463831872695],[12.871928719287212,13.449445811020624],[12.461524615246162,13.093565102994788],[11.410314103141047,13.353965621062471],[10.47430474304744,13.329661572709497],[10.0459004590046,13.206405327490785],[9.617496174961758,12.810596540027916],[8.749887498874983,12.907812733439854],[7.831878318783197,13.340077593432198],[6.935469354693566,13.00850093375935],[6.298262982629836,13.65950222892856],[5.491854918549194,13.873030653744053],[4.663846638466396,13.73241437398751],[4.149041490414902,13.458125828289553],[4.037440374403758,12.933852785246614],[3.6450364503645005,12.529363980514816],[3.5946359463594604,11.696082322698246],[3.4866348663486804,11.395753725193515],[3.8358383583835973,10.607608157175335],[3.043830438304383,9.083397124752508],[2.77382773827739,9.04867705567682],[2.705427054270558,6.370023726487275],[3.33543335433356,6.3960637782940495],[3.7170371703716967,6.597440178933056],[3.450634506345068,6.427311840462167],[4.429844298442987,6.349191685041859],[5.113851138511393,5.640902275897773],[5.455854558545582,5.611390217183441],[5.200252002520045,5.533270061763133],[5.38745387453875,5.4013337992755055],[5.549455494554962,5.474245944334456],[5.369453694536958,5.337101671485485],[5.491854918549194,4.83886868024932],[6.07506075060752,4.290291588853407],[6.269462694626952,4.432643872063736],[6.262262622626224,4.309387626845037],[6.553865538655401,4.340635689013155],[6.579065790657921,4.476043958408354],[6.6330663306633255,4.340635689013155],[6.859868598686006,4.373619754635058],[6.766267662676626,4.724292452299537],[6.924669246692474,4.390979789172903],[7.155071550715519,4.514236034391601],[7.075870758707595,4.715612435030607],[7.284672846728483,4.547220100013519],[7.529475294752956,4.654852314148158],[7.799477994779949,4.5229160516605305],[8.292682926829286,4.55763612073622],[8.25308253082531,4.923932849484757],[8.55548555485555,4.755540514467654],[8.998289982899848,5.916926825049515],[9.77949779497797,6.760624503588801],[10.143101431014315,6.996720973303496],[10.481504815048169,6.890824762622643],[10.607506075060769,7.062689104547303],[11.23751237512377,6.449879885361369],[11.860318603186045,7.116505211614637],[11.766717667176692,7.272745522455239],[12.234722347223482,8.283099532557841],[12.403924039240394,8.595580154239059],[12.781927819278195,8.817788596323481],[12.929529295292951,9.427125808601843],[13.199531995319973,9.564270081450829],[13.534335343353433,10.605872153721549],[13.890738907389078,11.140561217487189],[14.560345603456028,11.492969918605453],[14.617946179461796,12.150915227589792],[14.196741967419683,12.383539690396915],[14.063540635406355,13.077941071910729],[13.60633606336063,13.70463831872695]]]]},"properties":{"name":"Nigeria","iso_a3":"NGA"},"id":"566"},
{"type":"Feature","geometry":{"type":"Polygon","coordinates":[[[13.60633606336063,13.70463831872695],[13.44793447934481,14.379943662249133],[14.36954369543696,15.749650387285143],[15.474754747547479,16.90756469095942],[15.733957339573408,19.903906652191537],[15.964359643596453,20.346587532906597],[15.18315183151833,21.523597874572516],[14.977949779497806,22.995728803381795],[14.214742147421475,22.619016053910556],[13.480334803348029,23.179745169482956],[11.968319683196825,23.518265842970948],[7.48267482674828,20.872596579403307],[5.837458374583747,19.478585806014323],[4.228242282422826,19.143537139433903],[4.235442354423554,16.99610086710244],[3.817838178381777,15.673266235318621],[3.5046350463504723,15.355577603276046],[1.3014130141301337,15.272249437494395],[0.948609486094881,14.982336860712365],[0.2178021780217989,14.911160719107201],[0.1638016380163947,14.497991897106488],[0.4302043020430233,13.971982850609777],[1.2006120061200818,13.357437627970043],[0.988209882098829,13.364381641785187],[0.988209882098829,13.041484999381254],[1.5642156421564266,12.63526019119567],[2.1042210422104404,12.70122832243949],[2.2266222662226767,12.466867856178581],[2.071820718207192,12.30889154188418],[2.388623886238861,11.897458723337252],[2.367023670236705,12.222091369194956],[2.8062280622806384,12.383539690396915],[3.5946359463594604,11.696082322698246],[3.6450364503645005,12.529363980514816],[4.037440374403758,12.933852785246614],[4.149041490414902,13.458125828289553],[4.663846638466396,13.73241437398751],[5.491854918549194,13.873030653744053],[6.298262982629836,13.65950222892856],[6.935469354693566,13.00850093375935],[7.831878318783197,13.340077593432198],[8.749887498874983,12.907812733439854],[9.617496174961758,12.810596540027916],[10.0459004590046,13.206405327490785],[10.47430474304744,13.329661572709497],[11.410314103141047,13.353965621062471],[12.461524615246162,13.093565102994788],[12.871928719287212,13.449445811020624],[13.60633606336063,13.70463831872695]]]},"properties":{"name":"Niger","iso_a3":"NER"},"id":"562"},
{"type":"Feature","geometry":{"type":"Polygon","coordinates":[[[-83.1590315903159,14.99275288143508],[-84.4550445504455,14.643816187224388],[-84.98424984249843,14.753184404812814],[-85.17865178651786,14.343487589719658],[-85.7330573305733,13.85914262611378],[-86.03906039060391,14.05010300603007],[-86.33066330663306,13.77060644997077],[-86.73386733867338,13.763662436155627],[-86.73026730267303,13.284525482911093],[-87.0110701107011,13.00850093375935],[-87.33867338673386,12.978988875045019],[-87.58347583475835,13.04322100283504],[-87.66627666276662,12.904340726532283],[-85.74385743857438,11.062441062066881],[-85.58545585455855,11.189169314193151],[-84.90864908649087,10.946128830663326],[-84.6350463504635,11.045081027529037],[-83.91863918639186,10.73607241275539],[-83.64143641436414,10.91661677194898],[-83.86823868238682,11.300273535235362],[-83.65223652236521,11.642266215630926],[-83.82863828638285,11.861002650807777],[-83.59463594635946,12.713380346615978],[-83.51183511835119,12.411315745657475],[-83.56583565835658,13.320981555440568],[-83.18783187831878,14.340015582812086],[-83.41463414634146,14.826096549871764],[-83.1590315903159,14.99275288143508]]]},"properties":{"name":"Nicaragua","iso_a3":"NIC"},"id":"558"},
{"type":"Feature","geometry":{"type":"MultiPolygon","coordinates":[[[[173.11673116731168,-41.27979907299072],[172.98712987129875,-40.84753421299837],[172.70272702727027,-40.66698985380478],[172.94392943929438,-40.51942956023309],[172.64152641526414,-40.51769355677931],[172.1411214112141,-40.946486409864086],[171.94671946719467,-41.53846358760462],[171.48591485914858,-41.79539209876473],[171.0107101071011,-42.88560226774142],[170.97110971109714,-42.7189459361781],[170.73350733507334,-43.02969055440553],[170.30150301503016,-43.10781070982584],[170.39510395103952,-43.18245885833858],[169.1710917109171,-43.777908042986674],[169.17829178291782,-43.913316312381866],[168.45828458284586,-44.031364547239214],[167.85707857078575,-44.50008547976104],[167.90747907479079,-44.66500580787057],[167.78867788677888,-44.595565669719186],[167.46467464674646,-44.95839039156016],[167.41067410674106,-44.828190132526316],[167.1946719467195,-44.96359840192151],[167.25947259472593,-45.081646636778856],[167.02547025470255,-45.12331071966969],[167.15507155071555,-45.41148729299792],[166.87066870668707,-45.310799092678415],[166.7446674466745,-45.46877540697281],[166.98946989469897,-45.53127153130905],[166.80946809468094,-45.699663866326155],[167.00387003870043,-45.71181589050265],[166.48906489064893,-45.83160012881378],[166.4926649266493,-45.9635363913014],[166.71946719467195,-45.88888824278867],[166.65106651066515,-46.04165654672171],[166.91746917469175,-45.95659237748627],[166.73026730267304,-46.19789685756232],[167.54027540275405,-46.14928876085635],[167.8426784267843,-46.366289192579416],[168.23148231482315,-46.385385230571046],[168.38268382683827,-46.60585766920168],[169.3438934389344,-46.61974569683196],[170.7767077670777,-45.87152820825082],[171.2411124111241,-44.263989010046345],[172.1807218072181,-43.89595627784402],[172.03672036720366,-43.70152389102015],[172.29592295922959,-43.86818022258347],[172.47952479524798,-43.72582793937313],[172.5011250112501,-43.84387617423048],[173.06633066330664,-43.875124236398605],[173.07353073530737,-43.675483839213385],[172.52632526325266,-43.465427421305456],[172.73512735127355,-43.354323200263245],[172.62352623526237,-43.27273103793537],[173.22113221132213,-42.975874447338214],[174.28314283142834,-41.739839988243624],[174.08514085140854,-41.67039985009224],[174.07074070740708,-41.42909537001619],[174.36954369543696,-41.10446272415848],[174.03834038340386,-41.24160699700746],[174.3011430114301,-41.01939855492304],[173.99873998739986,-40.99335850311627],[173.79713797137975,-41.2711190557218],[173.94833948339482,-40.92391836496489],[173.11673116731168,-41.27979907299072]]],[[[173.9159391593916,-40.863158244082435],[173.96273962739627,-40.712125943603176],[173.77913779137793,-40.922182361511105],[173.9159391593916,-40.863158244082435]]],[[[168.14508145081453,-46.862786180361795],[167.78507785077852,-46.69960185570605],[167.52227522275223,-47.25859496782467],[168.24228242282425,-47.06937059136215],[168.14508145081453,-46.862786180361795]]],[[[175.54315543155434,-36.280109126091254],[175.38835388353885,-36.07699672199846],[175.34515345153454,-36.217613001755005],[175.54315543155434,-36.280109126091254]]],[[[173.2679326793268,-34.93470644940823],[173.04473044730446,-34.42952944435693],[172.70632706327063,-34.455569496163704],[173.3759337593376,-35.500643575341996],[173.6279362793628,-35.318363212694614],[173.4119341193412,-35.54230765823282],[174.05634056340563,-36.35996528496534],[173.9159391593916,-35.90860438698136],[174.0347403474035,-36.12213281179686],[174.39114391143914,-36.24018104665421],[174.40194401944018,-36.601269765041394],[174.18954189541898,-36.49190154745296],[174.4739447394474,-36.94152644198316],[174.92754927549277,-37.08561472864728],[174.73314733147333,-37.215814987681114],[174.58554585545858,-37.097766752823766],[174.92754927549277,-37.804320158514074],[174.56754567545676,-38.84245022387723],[173.84393843938443,-39.13930681447439],[173.76473764737648,-39.31811517021419],[175.15435154351547,-40.114940755501294],[175.16155161551615,-40.62185376400638],[174.63594635946362,-41.29021509371343],[174.86634866348663,-41.22251095901583],[174.8807488074881,-41.423887359654834],[175.1651516515165,-41.4169433458397],[175.3091530915309,-41.61137573266357],[175.98235982359824,-41.213830941746906],[176.8427684276843,-40.158340841845906],[177.10917109171095,-39.67399587824002],[176.939969399694,-39.55594764338267],[177.029970299703,-39.26603506660066],[177.5231752317523,-39.073338683230574],[177.90837908379086,-39.23999501479389],[177.97677976779767,-38.722665985566096],[178.26838268382687,-38.55080164364143],[178.53478534785347,-37.69147993401808],[178.00918009180094,-37.554335661169105],[177.27477274772747,-37.99354453497659],[176.10836108361087,-37.6446078407659],[175.77355773557736,-36.7349420309828],[175.46035460354602,-36.4762775163689],[175.54315543155434,-37.20192696005084],[174.72234722347224,-36.840838241663654],[174.8015480154802,-36.309621184805586],[174.3947439474395,-35.79750016593915],[174.5819458194582,-35.78534814176266],[174.31914319143192,-35.24718707108945],[174.1427414274143,-35.29926717470299],[174.1031410314103,-35.14302686386238],[173.44793447934478,-34.84443426981144],[173.2679326793268,-34.93470644940823]]],[[[166.22266222662228,-50.76184993756187],[166.10026100261,-50.53964149547745],[165.88785887858882,-50.80698602736027],[166.22266222662228,-50.76184993756187]]],[[[-176.17676176761768,-43.73971596700341],[-176.56556565565657,-43.71714792210421],[-176.84636846368463,-43.82478013623885],[-176.55476554765548,-43.8525561914994],[-176.51516515165153,-44.11642871647466],[-176.33516335163353,-44.04872458177706],[-176.50076500765007,-43.767492022263966],[-176.3819638196382,-43.86644421912968],[-176.17676176761768,-43.73971596700341]]]]},"properties":{"name":"New Zealand","iso_a3":"NZL"},"id":"554"},
{"type":"Feature","geometry":{"type":"Polygon","coordinates":[[[-169.80469804698046,-19.083258912901613],[-169.83349833498335,-18.965210678044272],[-169.94869948699488,-19.07284289217891],[-169.80469804698046,-19.083258912901613]]]},"properties":{"name":"Niue","iso_a3":"NIU"},"id":"570"},
{"type":"Feature","geometry":null,"properties":{"name":"Cook Is.","iso_a3":"COK"},"id":"184"},
{"type":"Feature","geometry":{"type":"MultiPolygon","coordinates":[[[[5.9922599225992315,50.750952022489],[5.859058590585903,51.03044857854832],[6.129061290612924,51.14676080995187],[6.197461974619756,51.45056141436416],[5.9490594905949195,51.802970115482424],[6.798667986679874,51.967890443591955],[7.036270362703647,52.38105926559268],[6.705067050670522,52.59805969731573],[7.032670326703283,52.65187580438305],[7.198271982719831,53.28204505810686],[6.816668166681666,53.44175737585502],[6.0606606066060635,53.40703730677933],[4.76824768247684,52.94178838116508],[4.483844838448391,52.309883123987504],[3.9474394743947414,51.80991412929757],[4.275042750427502,51.47139345580959],[3.450634506345068,51.54083359396097],[4.224642246422462,51.386329286574124],[5.031050310503105,51.46965745235579],[5.797857978579799,51.153704823767015],[5.63945639456395,50.84296020553958],[5.9922599225992315,50.750952022489]]],[[[4.224642246422462,51.386329286574124],[3.349833498334988,51.37764926930521],[3.9006390063900653,51.207520930834335],[4.224642246422462,51.386329286574124]]],[[[4.887048870488712,53.070252636745124],[4.887048870488712,53.183092861241136],[4.710647106471072,53.035532567669435],[4.887048870488712,53.070252636745124]]],[[[3.9474394743947414,51.73873798769239],[3.6990369903699047,51.70922592897807],[4.073440734407342,51.64846580809561],[3.9474394743947414,51.73873798769239]]],[[[-68.20448204482044,12.143971213774648],[-68.370083700837,12.30194752806905],[-68.25488254882548,12.032866992732437],[-68.20448204482044,12.143971213774648]]]]},"properties":{"name":"Netherlands","iso_a3":"NLD"},"id":"528"},
{"type":"Feature","geometry":null,"properties":{"name":"Aruba","iso_a3":"ABW"},"id":"533"},
{"type":"Feature","geometry":null,"properties":{"name":"Curaçao","iso_a3":"CUW"},"id":"531"},
{"type":"Feature","geometry":{"type":"Polygon","coordinates":[[[88.10908109081089,27.870426501608776],[87.14067140671409,27.83917843944066],[86.6906669066691,28.094370947146984],[86.40986409864098,27.929450619037453],[86.13626136261365,28.1152029885924],[85.99585995859957,27.910354581045823],[85.67905679056793,28.27665130979436],[85.12105121051212,28.316579389231407],[85.16065160651607,28.59260393838315],[84.7970479704797,28.559619872761246],[84.22824228242285,28.91202857387951],[84.10224102241023,29.21930118519937],[83.58383583835837,29.182845112669895],[83.15543155431556,29.613373969208453],[82.21942219422198,30.064734867192442],[82.04302043020431,30.326871388713897],[81.4166141661417,30.337287409436613],[81.17541175411753,30.040430818839454],[81.00981009810101,30.163687064058152],[80.40140401404017,29.729686200612022],[80.07020070200701,28.83043641155163],[81.85221852218524,27.86695449470122],[82.67662676626765,27.674258111331127],[82.73422734227341,27.51975380394431],[83.28863288632886,27.37045750691884],[84.09144091440913,27.49197774868375],[84.60984609846099,27.299281365313675],[84.68544685446858,27.040616850699777],[85.19305193051929,26.76632830500182],[85.64665646656465,26.828824429338056],[85.79425794257946,26.604879983799847],[87.99387993879941,26.38267154171544],[88.1630816308163,26.724664222110988],[87.98307983079832,27.134361037204144],[88.10908109081089,27.870426501608776]]]},"properties":{"name":"Nepal","iso_a3":"NPL"},"id":"524"},
{"type":"Feature","geometry":null,"properties":{"name":"Nauru","iso_a3":"NRU"},"id":"520"},
{"type":"Feature","geometry":{"type":"Polygon","coordinates":[[[23.380433804338054,-17.640640042806666],[20.74520745207454,-18.01908879573169],[18.955989559895613,-17.80382436746241],[18.397983979839807,-17.399335562730613],[14.016740167401679,-17.40975158345333],[13.102331023310228,-16.96707070273827],[12.547925479254786,-17.21184718972188],[11.741517415174172,-17.25003926570514],[11.777517775177756,-18.001728761193846],[12.457924579245798,-18.92701860206101],[13.451534515345173,-20.916478560098085],[14.463144631446312,-22.44936960978984],[14.502745027450288,-24.20273309811222],[14.837548375483749,-25.032542749021232],[14.967149671496713,-26.31892130827557],[15.34155341553415,-27.386563432353064],[16.44676446764467,-28.617389881086304],[17.055170551705515,-28.03062071370713],[17.357573575735756,-28.27018919032939],[17.447574475744773,-28.698982043414176],[18.102781027810295,-28.870846385338844],[19.161191611916138,-28.938550520036436],[19.53919539195394,-28.573989794741685],[19.981999819998208,-28.450733549522987],[19.981999819998208,-24.777350241314906],[19.978399783997844,-21.999744715259638],[20.97920979209792,-21.961552639276377],[20.975609756097555,-18.31941739323642],[23.21843218432184,-17.99999275774006],[23.600036000360006,-18.460033672992964],[24.359643596435973,-17.97742471284087],[24.528845288452885,-18.052072861353608],[25.259652596525967,-17.79340834673971],[24.73404734047341,-17.517383797587968],[23.380433804338054,-17.640640042806666]]]},"properties":{"name":"Namibia","iso_a3":"NAM"},"id":"516"},
{"type":"Feature","geometry":{"type":"Polygon","coordinates":[[[31.28611286112863,-22.40249751653765],[31.984519845198463,-24.461397612726117],[31.94851948519485,-25.957832589888383],[32.11412114121143,-26.83972234441093],[32.88452884528846,-26.85013836513364],[32.956529565295654,-26.082824838560875],[32.848528485284874,-26.268577208115822],[32.589325893258945,-26.004704683140574],[32.790927909279105,-25.64361596475338],[33.34893348933491,-25.261695204920784],[34.99054990549905,-24.650621989188636],[35.49095490954912,-24.065588825263248],[35.54135541355416,-23.824284345187195],[35.37215372153722,-23.79824429338042],[35.54135541355416,-22.301809316218154],[35.454954549545505,-22.116056946663207],[35.31455314553148,-22.397289506176307],[35.26775267752677,-21.650808021048945],[34.98334983349835,-20.80711034250966],[34.70614706147063,-20.473797679383026],[34.64854648546486,-19.70127614244892],[34.94734947349474,-19.81238036349113],[35.85455854558546,-18.992986733304818],[36.23616236162363,-18.86105047081719],[36.26136261362615,-18.720434191060647],[36.40536405364054,-18.76904228776661],[37.24417244172443,-17.73959223967239],[38.144181441814425,-17.24309525189001],[39.083790837908396,-16.972278713099612],[39.84339843398436,-16.4358536458802],[39.78939789397896,-16.295237366123644],[40.55980559805599,-15.47410773248356],[40.84420844208444,-14.718946230087283],[40.775807758077576,-14.422089639490139],[40.64620646206464,-14.538401870893694],[40.567005670056716,-12.984678779756536],[40.43740437404375,-12.98294277630275],[40.581405814058144,-12.635742085545843],[40.40140401404014,-11.332003491753653],[40.61020610206103,-10.661906158592828],[40.46260462604627,-10.46400176486138],[39.81819818198184,-10.911890655937796],[38.49338493384934,-11.413595654081533],[37.92097920979211,-11.295547419224178],[37.726577265772676,-11.58025198564485],[37.373773737737395,-11.710452244678692],[36.97776977769777,-11.566363958014563],[36.30456304563046,-11.70698023777112],[35.91215912159123,-11.455259736972351],[35.56295562955631,-11.602820030544038],[34.95814958149583,-11.578515982191064],[34.61974619746198,-11.620180065081883],[34.356943569435714,-12.165285149570238],[34.56214562145621,-13.359655525774002],[35.246152461524616,-13.896080592993414],[35.89415894158941,-14.892546575465744],[35.75375753757538,-16.059140896408948],[35.35775357753579,-16.15982909672846],[35.16695166951669,-16.560845894552685],[35.271352713527136,-17.118103003217527],[35.09135091350913,-17.111158989402384],[35.08055080550807,-16.833398436796855],[34.439744397443974,-16.27440532467824],[34.248942489424905,-15.887276554484288],[34.540545405454054,-15.297035380197542],[34.50454504545047,-14.597425988322371],[34.331743317433194,-14.408201611859852],[33.636936369363696,-14.56791392960804],[33.201332013320155,-14.014128827850769],[30.23130231302315,-14.989762768877682],[30.3969039690397,-15.642500067500663],[30.436504365043646,-15.994908768618927],[31.23571235712359,-16.02442082733326],[31.94131941319415,-16.428909632065057],[32.949329493294954,-16.711878195031943],[32.992529925299266,-18.359345472673468],[32.70092700927009,-18.940906629691284],[32.992529925299266,-19.98424470541579],[32.49212492124923,-20.659550048937973],[32.430924309243096,-21.29666331647691],[31.28611286112863,-22.40249751653765]]]},"properties":{"name":"Mozambique","iso_a3":"MOZ"},"id":"508"},
{"type":"Feature","geometry":{"type":"Polygon","coordinates":[[[-2.2194221942219485,35.104352893528954],[-2.838628386283858,35.12865694188193],[-2.9718297182971867,35.40641749448746],[-3.3930339303393,35.211985107663594],[-4.627846278462783,35.206777097302236],[-5.254252542525421,35.614737908941606],[-5.279452794527941,35.902914482269836],[-5.923859238592371,35.78660225086628],[-6.899468994689954,33.96900663475387],[-8.51228512285121,33.25203720834085],[-9.246692466924657,32.5732598579111],[-9.347493474934737,32.08717889085142],[-9.808298082980826,31.424025571505737],[-9.876698766987658,30.717472165815423],[-9.653496534965342,30.448391630478824],[-9.66789667896677,30.109870956990832],[-10.200702007020055,29.38074950640133],[-11.55431554315544,28.309635375416264],[-12.947529475294743,27.913826587953395],[-13.577535775357745,26.73508024283369],[-14.412744127441272,26.254207286135383],[-14.905949059490581,24.71958023298984],[-15.899558995589956,23.844634492282438],[-15.982359823598216,23.671034146903978],[-15.787957879578784,23.792554388668904],[-16.360363603636017,22.594712005557568],[-16.929169291692915,21.900310624043755],[-17.004770047700475,21.42117367079922],[-14.751147511475097,21.501029829673314],[-14.221942219422175,22.31000743913691],[-13.890738907389078,23.691866188349394],[-13.311133111331117,23.981778765131423],[-13.06273062730628,24.400155597493494],[-12.432724327243278,24.830684454032053],[-12.061920619206177,25.990334761160128],[-11.719917199171988,26.10491098910991],[-11.338313383133823,26.632656039060407],[-11.392313923139227,26.882640536405376],[-10.758707587075861,27.01978480925436],[-9.81909819098189,26.849656470783472],[-9.412294122941233,27.08922494740574],[-8.793087930879295,27.120473009573857],[-8.818288182881815,27.656898076793283],[-8.685086850868515,27.656898076793283],[-8.677886778867787,28.689820131795088],[-7.684276842768412,29.349501444233212],[-7.140671406714063,29.620317983023597],[-6.597065970659713,29.578653900132764],[-6.478264782647813,29.819958380208817],[-5.448654486544854,29.957102653057802],[-4.969849698496972,30.46575166501667],[-3.6666366663666565,30.963984656252833],[-3.825038250382505,31.66185804467422],[-3.0186301863018628,31.83372238659888],[-2.8854288542885342,32.06808285285979],[-1.2258122581225734,32.108010932296835],[-1.0638106381063608,32.46909965068403],[-1.44901449014489,32.785052279272804],[-1.6794167941679348,33.31800533958466],[-1.794617946179443,34.75194419241069],[-2.2194221942219485,35.104352893528954]]]},"properties":{"name":"Morocco","iso_a3":"MAR"},"id":"504"},
{"type":"Feature","geometry":{"type":"Polygon","coordinates":[[[-8.685086850868515,27.656898076793283],[-8.818288182881815,27.656898076793283],[-8.793087930879295,27.120473009573857],[-9.412294122941233,27.08922494740574],[-9.81909819098189,26.849656470783472],[-10.758707587075861,27.01978480925436],[-11.392313923139227,26.882640536405376],[-11.338313383133823,26.632656039060407],[-11.719917199171988,26.10491098910991],[-12.061920619206177,25.990334761160128],[-12.432724327243278,24.830684454032053],[-13.06273062730628,24.400155597493494],[-13.311133111331117,23.981778765131423],[-13.890738907389078,23.691866188349394],[-14.221942219422175,22.31000743913691],[-14.751147511475097,21.501029829673314],[-17.004770047700475,21.42117367079922],[-17.047970479704787,20.8066284481595],[-16.9651696516965,21.32916548774864],[-13.015930159301575,21.334373498109997],[-13.152731527315268,22.820392454549562],[-12.619926199261982,23.271753352533537],[-12.022320223202229,23.4679217428112],[-12.0151201512015,25.995542771521485],[-8.681486814868151,25.995542771521485],[-8.685086850868515,27.285393337683388],[-8.685086850868515,27.656898076793283]]]},"properties":{"name":"W. Sahara","iso_a3":"ESH"},"id":"732"},
{"type":"Feature","geometry":{"type":"Polygon","coordinates":[[[19.193591935919358,43.5326496616529],[18.973989739897405,43.543065682375584],[19.02799027990281,43.293081185030616],[18.85158851588517,43.346897292097935],[18.45918459184591,42.99796059788724],[18.437584375843755,42.56048772753354],[18.51678516785168,42.43375947540727],[19.341193411934114,41.8695583529273],[19.27999279992801,42.17335895733959],[19.654396543965447,42.62819186223115],[19.787597875978776,42.475423558298104],[20.064800648006496,42.546599699903254],[20.054000540005404,42.76012812471876],[20.34560345603458,42.82783225941637],[19.193591935919358,43.5326496616529]]]},"properties":{"name":"Montenegro","iso_a3":"MNE"},"id":"499"},
{"type":"Feature","geometry":{"type":"Polygon","coordinates":[[[87.81387813878138,49.16250886227613],[87.97947979479795,48.55490765345155],[89.04869048690489,48.002858555148066],[90.02790027900278,47.877866306475596],[90.87030870308706,46.95431246906222],[91.00351003510036,46.03596664201018],[90.66150661506617,45.52558162659753],[90.87750877508773,45.195740970378466],[93.51633516335164,44.944020469579726],[94.71154711547115,44.35030728838541],[95.3487534875349,44.27739514332646],[95.32715327153272,44.03956267015798],[96.38556385563857,42.72020004528173],[101.49401494014938,42.53791968263434],[102.15642156421563,42.15773492625553],[103.71163711637115,41.751510118069945],[104.49644496444967,41.87650236674244],[104.49644496444967,41.659501935019364],[104.98244982449825,41.59526980722933],[106.7716677166772,42.28793518528937],[109.33849338493388,42.438967485768615],[110.40050400504003,42.77401615234905],[111.00891008910088,43.34168928173659],[111.93411934119342,43.71145801739269],[111.40131401314017,44.36766732292324],[111.89811898118984,45.06380470789085],[113.58653586535866,44.74611607584828],[114.55854558545587,45.39017335720234],[115.68175681756821,45.45787749189995],[116.19656196561965,45.739110051413036],[116.56376563765639,46.28942314626272],[117.33417334173345,46.36233529132167],[117.43857438574389,46.58627973685989],[117.74097740977413,46.51857560216229],[118.84258842588429,46.75988008223834],[119.33219332193323,46.61405579212044],[119.86859868598685,46.67134390609533],[119.710197101971,47.150480859339865],[118.49698496984973,47.983762517156435],[117.76977769777699,47.98723452406401],[117.35217352173521,47.6521858574836],[116.76176761767618,47.86918628920665],[115.89775897758977,47.68690592655929],[115.61695616956172,47.874394299568024],[115.52335523355237,48.131322810728136],[115.7861578615786,48.24763504213169],[116.68256682566829,49.82392617816805],[116.21816218162184,50.009678547722984],[115.42975429754301,49.896838323227],[114.29574295742958,50.27355107269824],[112.80532805328056,49.523597580663335],[110.710107101071,49.143412824284525],[108.6148861488615,49.322221180024314],[107.96687966879671,49.65379783969718],[107.91647916479167,49.94718242338675],[107.23247232472323,49.98884650627758],[106.71046710467107,50.3117431486815],[105.3820538205382,50.47319146988346],[104.07884078840789,50.15376683438711],[103.30483304833047,50.20063892763929],[102.28962289622899,50.58429569092567],[102.11322113221132,51.353345220952235],[99.9207992079921,51.75609802223025],[98.89478894788948,52.11718674061743],[98.0379803798038,51.45056141436416],[97.83637836378364,51.05128061999372],[98.25038250382505,50.303063131412586],[97.36117361173615,49.740598012386386],[96.0651606516065,49.9992625270003],[95.52155521555216,49.91072635085729],[94.61434614346143,50.02356657535327],[94.25074250742506,50.556519635665126],[93.10233102331023,50.6033917289173],[92.94032940329402,50.77872807774955],[92.62712627126274,50.68845589815274],[92.35352353523535,50.863792246984985],[92.19152191521914,50.700607922329255],[90.05310053100533,50.09300671350465],[89.10989109891102,49.50102953576413],[88.1918819188192,49.452421439058156],[87.81387813878138,49.16250886227613]]]},"properties":{"name":"Mongolia","iso_a3":"MNG"},"id":"496"},
{"type":"Feature","geometry":{"type":"Polygon","coordinates":[[[26.62046620466205,48.25978706630818],[26.98046980469806,48.15562685908111],[28.071280712807123,46.97861651741519],[28.21168211682118,45.450933478084806],[28.499684996849965,45.51690160932861],[28.946089460894626,46.04985466964047],[28.95688956889569,46.45781548127982],[30.13050130501307,46.423095412204134],[29.572495724957264,46.9647284897849],[29.540095400954016,47.27026509765099],[29.13329133291333,47.48900153282784],[29.126091260912602,47.964666479164805],[27.54927549275493,48.47852350148503],[26.62046620466205,48.25978706630818]]]},"properties":{"name":"Moldova","iso_a3":"MDA"},"id":"498"},
{"type":"Feature","geometry":null,"properties":{"name":"Monaco","iso_a3":"MCO"},"id":"492"},
{"type":"Feature","geometry":{"type":"MultiPolygon","coordinates":[[[[-117.1289712897129,32.53333177847405],[-116.62136621366213,31.851082421136724],[-116.6609666096661,31.56464185126228],[-116.06336063360634,30.804272338504646],[-115.67455674556746,29.755726252418796],[-114.93654936549365,29.351237447686998],[-114.04734047340473,28.425947606819832],[-114.2669426694267,27.93465862939881],[-114.06894068940689,27.675994114784913],[-114.29934299342993,27.872162505062562],[-115.03735037350373,27.84265044634823],[-114.99414994149942,27.736754235667377],[-113.59733597335973,26.721192215203416],[-113.15453154531545,26.94687266419541],[-113.02133021330214,26.584047942354445],[-112.37692376923769,26.214279206698336],[-112.07092070920709,25.573693932251842],[-112.07092070920709,24.839364471300982],[-110.36090360903609,23.60506601566017],[-110.00450004500044,22.893304599608513],[-109.49689496894969,23.160649131491326],[-109.42129421294213,23.480073766987687],[-110.26370263702637,24.34460348697239],[-110.36810368103681,24.099826999988764],[-110.65970659706596,24.341131480064817],[-110.68850688506885,24.867140526561528],[-111.29331293312933,25.78895836052112],[-111.57051570515705,26.707304187573143],[-111.79371793717937,26.879168529497804],[-111.70011700117001,26.580575935446873],[-111.86211862118621,26.677792128858798],[-112.33012330123302,27.52322581085187],[-112.73332733327334,27.825290411810386],[-112.87012870128702,28.424211603366047],[-114.55134551345513,30.02307078430161],[-114.9329493294933,31.901426521296486],[-113.04653046530466,31.179249084522112],[-113.05733057330573,30.651504034571616],[-112.16092160921609,29.01966078801415],[-111.12051120511205,27.967642695020714],[-110.53010530105301,27.863482487793647],[-110.59130591305913,27.544057852297286],[-110.37890378903789,27.233313234069854],[-109.94329943299432,27.07880892668304],[-109.7560975609756,26.702096177211786],[-109.27729277292772,26.533703842194683],[-109.11529115291152,26.252471282681597],[-109.4248942489425,26.03199884405096],[-109.38529385293853,25.726462236184872],[-109.19809198091981,25.592789970243473],[-108.88488884888848,25.733406250000016],[-109.02889028890289,25.479949745747476],[-108.78768787687876,25.537237859722367],[-108.04968049680497,25.066780923746748],[-108.28008280082801,25.08240495483082],[-107.95247952479525,24.615420025762774],[-107.51327513275133,24.488691773636504],[-107.52767527675276,24.360227518056448],[-107.76527765277652,24.47133173909866],[-106.93726937269372,23.881090564811913],[-105.79245792457924,22.62769607117947],[-105.64845648456485,21.988846800186764],[-105.20925209252093,21.4906138089506],[-105.2380523805238,21.119109069840718],[-105.51165511655117,20.808364451613286],[-105.25965259652597,20.57921199571372],[-105.670056700567,20.384779608889858],[-104.93924939249392,19.31019347099722],[-103.91323913239133,18.829320514298914],[-103.44163441634416,18.32587951270139],[-101.91881918819188,17.959582783952854],[-100.8460084600846,17.200949274649005],[-99.69039690396903,16.7200763179507],[-98.76158761587615,16.534323948395752],[-97.75357753577535,15.966650819008208],[-96.21276212762127,15.692362273310252],[-94.79794797947979,16.209691302538033],[-95.02115021150212,16.27739543723564],[-94.8591485914859,16.41974772044597],[-94.79074790747907,16.28781145795834],[-94.58554585545855,16.3155875132189],[-94.66114661146611,16.202747288722904],[-94.00234002340024,16.018730922621742],[-94.37314373143731,16.28433945105077],[-93.16713167131671,15.447585786326627],[-92.23472234722347,14.544863990358664],[-92.07632076320763,15.074345043762946],[-92.20592205922058,15.275721444401952],[-91.7379173791738,16.070811026235276],[-90.44550445504454,16.072547029689062],[-90.41670416704167,16.390235661731637],[-91.41031410314103,17.25650138517011],[-90.99270992709927,17.253029378262553],[-90.9891098910989,17.817230500742525],[-89.16029160291603,17.81549449728874],[-89.13509135091351,17.969998804675555],[-88.80748807488075,17.96479079431421],[-88.5230852308523,18.445663751012532],[-88.29628296282962,18.47170380281929],[-88.03348033480334,18.839736535021615],[-87.88227882278822,18.273799409087857],[-87.76347763477635,18.445663751012532],[-87.50067500675006,19.28762542609803],[-87.6590765907659,19.351857553888053],[-87.4250742507425,19.582746013241405],[-87.68787687876879,19.636562120308724],[-86.77346773467734,21.150357132008835],[-87.03627036270362,21.593038012723895],[-87.36747367473674,21.573941974732264],[-87.18747187471874,21.546165919471704],[-87.25227252272522,21.447213722605994],[-88.46548465484655,21.568733964370907],[-89.8190981909819,21.27534938068132],[-90.35190351903519,21.009740852252293],[-90.49230492304923,19.947306738536156],[-90.74070740707407,19.351857553888053],[-91.43551435514355,18.890080635181363],[-91.27351273512735,18.624472106752336],[-91.53271532715327,18.456079771735233],[-91.91431914319143,18.528991916794183],[-91.97551975519755,18.716480289802917],[-92.43992439924399,18.674816206912084],[-94.45954459544595,18.166167194953218],[-95.18315183151832,18.700856258718858],[-95.92115921159211,18.8189044935762],[-95.77715777157772,18.805016465945926],[-97.18477184771848,20.716356268562706],[-97.75357753577535,22.027038876170025],[-97.38277382773828,21.56699796091712],[-97.4079740797408,21.271877373773748],[-97.31437314373143,21.56352595400955],[-97.76437764377644,22.105159031590333],[-97.84357843578435,22.50964783632213],[-97.66717667176671,24.38973957677078],[-97.14517145171452,25.960822702445796],[-97.37557375573755,25.872286526302773],[-99.10719107191072,26.44690366950546],[-99.45639456394564,27.056240881783836],[-99.50679506795068,27.547529859204857],[-100.29520295202951,28.326995409954122],[-100.7560075600756,29.182845112669895],[-101.440014400144,29.7765582938642],[-102.26802268022679,29.87203848382235],[-102.61362613626136,29.752254245511224],[-103.1680316803168,28.998828746568734],[-104.11124111241112,29.385957516762687],[-104.50364503645037,29.67760609699849],[-104.91764917649176,30.58379989987401],[-106.44406444064441,31.767754255355072],[-108.21168211682117,31.77990627953156],[-108.21528215282153,31.33028138500137],[-111.04131041310413,31.325073374640013],[-114.83574835748357,32.50902773012106],[-114.72414724147241,32.715612141121426],[-117.1289712897129,32.53333177847405]]],[[[-86.9390693906939,20.303187446561978],[-86.76266762667626,20.57921199571372],[-86.97866978669786,20.488939816116925],[-86.9390693906939,20.303187446561978]]],[[[-110.56610566105661,25.004284799410513],[-110.69930699306992,25.080668951377035],[-110.53730537305373,24.891444574914516],[-110.56610566105661,25.004284799410513]]],[[[-113.15453154531545,29.052644853636053],[-113.20133201332013,29.30262935098102],[-113.58653586535866,29.57344588977142],[-113.15453154531545,29.052644853636053]]],[[[-115.17055170551706,28.07006689879401],[-115.23175231752317,28.36865949284494],[-115.35415354153541,28.1047869678697],[-115.17055170551706,28.07006689879401]]],[[[-112.20412204122042,29.005772760383863],[-112.28332283322833,29.240133226644787],[-112.42372423724237,29.20367715411531],[-112.51372513725137,28.847796446089475],[-112.27972279722798,28.769676290669167],[-112.20412204122042,29.005772760383863]]],[[[-91.68391683916839,18.67655221036587],[-91.53631536315363,18.75988037614752],[-91.8171181711817,18.67655221036587],[-91.68391683916839,18.67655221036587]]],[[[-112.05652056520564,24.545979887611395],[-112.16092160921609,25.2855173589236],[-112.29772297722977,24.789020371141234],[-112.05652056520564,24.545979887611395]]]]},"properties":{"name":"Mexico","iso_a3":"MEX"},"id":"484"},
{"type":"Feature","geometry":{"type":"Polygon","coordinates":[[[57.6527765277653,-20.48421370010574],[57.793177931779326,-20.213397161315356],[57.65637656376563,-19.989452715777148],[57.31797317973181,-20.42692558613085],[57.6527765277653,-20.48421370010574]]]},"properties":{"name":"Mauritius","iso_a3":"MUS"},"id":"480"},
{"type":"Feature","geometry":{"type":"MultiPolygon","coordinates":[[[[-16.374763747637473,19.706002258460103],[-16.342363423634225,19.865714576208276],[-16.435964359643577,19.608786065048164],[-16.374763747637473,19.706002258460103]]],[[[-12.281522815228158,14.80873651533392],[-12.105121051210517,14.744504387543884],[-11.93951939519394,14.886856670754227],[-11.759517595175936,15.425017741427425],[-11.5039150391504,15.636810162789146],[-10.949509495094958,15.150729195729468],[-10.697506975069757,15.423281737973639],[-9.754297542975422,15.40071369307445],[-9.448294482944817,15.458001807049328],[-9.351093510935101,15.676738242226193],[-9.178291782917825,15.49619388303259],[-5.51345513455135,15.49619388303259],[-5.3586535865358655,16.282603447596998],[-5.628656286562858,16.56904401747144],[-5.941859418594191,19.296305443366947],[-6.593465934659349,24.993868778687798],[-4.822248222482216,24.995604782141584],[-8.685086850868515,27.285393337683388],[-8.681486814868151,25.995542771521485],[-12.0151201512015,25.995542771521485],[-12.022320223202229,23.4679217428112],[-12.619926199261982,23.271753352533537],[-13.152731527315268,22.820392454549562],[-13.015930159301575,21.334373498109997],[-16.9651696516965,21.32916548774864],[-17.047970479704787,20.8066284481595],[-16.929169291692915,21.115637062933146],[-16.209162091620897,20.228539298049242],[-16.443164431644306,19.473377795652965],[-16.30636306363064,19.513305875090012],[-16.5151651516515,19.362273574610768],[-16.21276212762126,19.00292085967736],[-16.02916029160292,17.88840664234769],[-16.46476464764646,16.602028083093344],[-16.536765367653658,15.838186563428152],[-16.23796237962378,16.53085194148818],[-14.535145351453508,16.655844190160664],[-13.869138691386894,16.148931181655584],[-13.408334083340833,16.05865900205879],[-13.206732067320672,15.617714124797516],[-12.281522815228158,14.80873651533392]]]]},"properties":{"name":"Mauritania","iso_a3":"MRT"},"id":"478"},
{"type":"Feature","geometry":null,"properties":{"name":"Malta","iso_a3":"MLT"},"id":"470"},
{"type":"Feature","geometry":{"type":"Polygon","coordinates":[[[-11.388713887138863,12.404371731842332],[-11.5039150391504,12.197787320841968],[-11.305913059130575,12.015506958194592],[-10.931509315093138,12.204731334657112],[-10.675906759067573,11.899194726791038],[-10.276302763027616,12.213411351926027],[-9.754297542975422,12.02939498582488],[-9.35829358293583,12.25507543481686],[-9.394293942939413,12.465131852724795],[-9.041490414904132,12.402635728388546],[-8.82188821888218,11.673514277799043],[-8.397083970839702,11.366241666479183],[-8.667086670866695,11.008624954999561],[-8.33588335883357,10.991264920461717],[-8.267482674826738,10.486087915410423],[-7.990279902799017,10.16319127300649],[-7.497074970749708,10.439215822158232],[-7.018270182701826,10.14409523501486],[-6.949869498694994,10.341999628746308],[-6.6942669426694295,10.348943642561437],[-6.654666546665453,10.656216253881297],[-6.424264242642408,10.559000060469373],[-6.262262622626224,10.723920388578904],[-6.197461974619728,10.232631411157882],[-5.524255242552414,10.42532779452796],[-5.491854918549166,11.041609020621465],[-5.250652506525057,11.374921683748099],[-5.286652866528669,11.828018585185873],[-4.429844298442987,12.338403600598525],[-4.480244802448027,12.671716263725145],[-4.228242282422826,12.793236505490071],[-4.329043290432907,13.119605154801562],[-4.152641526415266,13.30535752435651],[-3.9474394743947414,13.402573717768448],[-3.5262352623526283,13.182101279137811],[-3.3030330303302833,13.281053476003521],[-3.2490324903249075,13.657766225474774],[-2.9502295022950307,13.649086208205844],[-2.5866258662586574,14.227175358316103],[-2.057420574205736,14.194191292694185],[-1.9746197461974475,14.456327814215655],[-0.7614076140761483,15.048304991956186],[0.2178021780217989,14.911160719107201],[0.948609486094881,14.982336860712365],[1.3014130141301337,15.272249437494395],[3.5046350463504723,15.355577603276046],[3.817838178381777,15.673266235318621],[4.235442354423554,16.99610086710244],[4.228242282422826,19.143537139433903],[3.357033570335716,18.9872968285933],[3.119431194311943,19.10360905999687],[3.2562325623256356,19.41088167131673],[3.1302313023130353,19.850090545124218],[1.686616866168663,20.377835595074714],[1.1646116461164695,20.8170444688822],[1.1466114661146776,21.101749035302873],[-1.9494194941949274,23.12419305896185],[-4.822248222482216,24.995604782141584],[-6.593465934659349,24.993868778687798],[-5.941859418594191,19.296305443366947],[-5.628656286562858,16.56904401747144],[-5.3586535865358655,16.282603447596998],[-5.51345513455135,15.49619388303259],[-9.178291782917825,15.49619388303259],[-9.351093510935101,15.676738242226193],[-9.448294482944817,15.458001807049328],[-9.754297542975422,15.40071369307445],[-10.697506975069757,15.423281737973639],[-10.949509495094958,15.150729195729468],[-11.5039150391504,15.636810162789146],[-11.759517595175936,15.425017741427425],[-11.93951939519394,14.886856670754227],[-12.105121051210517,14.744504387543884],[-12.281522815228158,14.80873651533392],[-12.018720187201865,14.206343316870687],[-12.054720547205477,13.633462177121785],[-11.831518315183132,13.31577354507921],[-11.633516335163335,13.36958965214653],[-11.388713887138863,12.942532802515544],[-11.388713887138863,12.404371731842332]]]},"properties":{"name":"Mali","iso_a3":"MLI"},"id":"466"},
{"type":"Feature","geometry":null,"properties":{"name":"Maldives","iso_a3":"MDV"},"id":"462"},
{"type":"Feature","geometry":{"type":"MultiPolygon","coordinates":[[[[100.1188011880119,6.44119986809244],[100.34200342003419,5.984630959747108],[100.71640716407165,3.965658942995688],[101.29961299612995,3.25389752694403],[101.29601296012959,2.885864794741707],[103.3552335523355,1.545670128420042],[103.48123481234813,1.328669696696977],[103.69363693636939,1.4501899384619037],[103.99243992439926,1.4553979488232471],[103.98163981639817,1.62379028384035],[104.25164251642519,1.3894298175794404],[103.81243812438123,2.580328186875633],[103.43803438034382,2.9327368879938973],[103.41643416434164,4.851020704425807],[103.09603096030963,5.408277813090649],[102.34002340023403,6.172119332755841],[102.10242102421023,6.2415594709072195],[101.87201872018721,5.824918641998934],[101.55521555215552,5.908246807780586],[101.11241112411125,5.637430268990201],[100.98280982809831,5.7711025349316145],[101.05481054810548,6.243295474361005],[100.2628026280263,6.682504348168493],[100.1188011880119,6.44119986809244]]],[[[117.57537575375756,4.170507350542266],[117.69777697776976,4.342371692466941],[118.00738007380073,4.25036350941636],[118.54738547385477,4.378827764996416],[118.1837818378184,4.828452659526604],[118.25938259382593,4.988164977274792],[118.91098910989109,5.022885046350481],[119.26739267392674,5.307589612771139],[118.35298352983529,5.805822604007304],[117.97497974979751,5.7068704071415794],[118.11538115381154,5.863110717982195],[118.00378003780037,6.054071097898486],[117.49977499774997,5.883942759427612],[117.69417694176946,6.349191685041859],[117.29457294572944,6.677296337807135],[117.229772297723,6.939432859328605],[116.78696786967873,6.606120196201971],[116.75096750967509,6.977624935311866],[115.87615876158765,5.613126220637227],[115.60255602556026,5.602710199914512],[115.41895418954192,5.4134858234519925],[115.55575555755559,5.094061187955646],[115.14175141751417,4.899628801131769],[115.28935289352893,4.352787713189642],[115.10575105751059,4.390979789172903],[115.02655026550269,4.899628801131769],[114.74574745747458,4.717348438484393],[114.83934839348393,4.392715792626689],[114.65574655746559,4.036835084600867],[114.06534065340657,4.592356189811909],[112.9889298892989,3.1618893438934492],[111.51291512915128,2.743512511531378],[111.44451444514448,2.3806877896904126],[111.20691206912068,2.3789517862366267],[111.26811268112681,2.1393833096143595],[111.04491044910452,1.6342063045630653],[111.2249122491225,1.396373831394584],[109.86409864098641,1.7644065635968929],[109.63009630096303,2.0282790885721482],[109.65529655296552,1.6151102665714347],[110.50490504905048,0.8616847676289439],[111.10251102511029,1.0509091440914489],[111.8081180811808,1.0109810646544162],[112.47772477724777,1.559558156050329],[112.94212942129423,1.5665021698654584],[113.62253622536224,1.2366615136463963],[113.90333903339035,1.4345659073778307],[114.5117451174512,1.4519259419156896],[114.8321483214832,1.9796709918661861],[114.78534785347853,2.250487530656571],[115.17775177751781,2.5230400729007414],[115.11655116551168,2.8945448120106363],[115.4549545495455,3.035161091767179],[115.57015570155704,3.9396188911889283],[115.83655836558364,4.333691675198011],[117.10017100171001,4.337163682105583],[117.57537575375756,4.170507350542266]]],[[[99.84879848798488,6.465503916445428],[99.64719647196472,6.418631823193252],[99.74439744397444,6.264127515806422],[99.91719917199174,6.3578717023107885],[99.84879848798488,6.465503916445428]]],[[[117.14337143371432,7.168585315228171],[117.26577265772659,7.350865677875547],[117.06417064170643,7.260593498278752],[117.14337143371432,7.168585315228171]]]]},"properties":{"name":"Malaysia","iso_a3":"MYS"},"id":"458"},
{"type":"Feature","geometry":{"type":"Polygon","coordinates":[[[33.201332013320155,-14.014128827850769],[33.636936369363696,-14.56791392960804],[34.331743317433194,-14.408201611859852],[34.50454504545047,-14.597425988322371],[34.540545405454054,-15.297035380197542],[34.248942489424905,-15.887276554484288],[34.439744397443974,-16.27440532467824],[35.08055080550807,-16.833398436796855],[35.09135091350913,-17.111158989402384],[35.271352713527136,-17.118103003217527],[35.16695166951669,-16.560845894552685],[35.35775357753579,-16.15982909672846],[35.75375753757538,-16.059140896408948],[35.89415894158941,-14.892546575465744],[35.246152461524616,-13.896080592993414],[34.56214562145621,-13.359655525774002],[34.356943569435714,-12.165285149570238],[34.61974619746198,-11.620180065081883],[34.95814958149583,-11.578515982191064],[34.608946089460915,-11.080282990954899],[34.56934569345694,-10.24179332277697],[34.3209432094321,-9.731408307364305],[33.996939969399705,-9.49531183764961],[33.888938889388896,-9.670648186481856],[32.92052920529207,-9.4067756615066],[33.352533525335275,-9.861608566398147],[33.3129331293313,-10.038680918684179],[33.662136621366216,-10.552537941004402],[33.26253262532626,-10.892794617946166],[33.38133381333813,-11.158403146375207],[33.233732337323374,-11.417067660989105],[33.251732517325195,-12.113205045956704],[33.510935109351095,-12.347565512217614],[33.02133021330215,-12.630534075184485],[32.967329673296746,-13.224247256378803],[32.67212672126723,-13.59054398512734],[32.992529925299266,-14.022808845119684],[33.201332013320155,-14.014128827850769]]]},"properties":{"name":"Malawi","iso_a3":"MWI"},"id":"454"},
{"type":"Feature","geometry":{"type":"MultiPolygon","coordinates":[[[[49.538295382953834,-12.43262968145305],[49.20709207092071,-12.080220980334786],[48.785887858878596,-12.470821757436312],[48.919089190891924,-12.838854489638635],[48.79668796687969,-13.267647342723421],[48.256682566825674,-13.719008240707396],[47.939879398794005,-13.661720126732504],[47.99387993879941,-13.960312720783449],[47.77427774277743,-14.37000953587659],[47.965079650796525,-14.672074136835107],[47.77427774277743,-14.637354067759418],[47.479074790747916,-15.008858806869313],[47.46467464674649,-14.71373821972594],[47.353073530735315,-14.765818323339474],[47.09387093870939,-15.149475086625856],[47.09747097470975,-15.434179653046513],[46.942669426694266,-15.218915224777234],[46.47466474664748,-15.514035811920607],[46.330663306633085,-15.713676209105827],[46.39906399063992,-15.925468630467549],[46.15786157861581,-15.737980257458815],[44.47664476644766,-16.21711721070335],[44.42264422644226,-16.703198177763014],[43.97983979839799,-17.392391548915484],[44.04104041040412,-18.288169331068303],[44.44784447844478,-19.428723600204734],[44.40464404644047,-19.921748581079555],[43.799837998379985,-21.178615081619554],[43.50103501035011,-21.355687433905572],[43.263432634326364,-22.38340147854602],[43.699036990369905,-23.421531543909182],[43.67023670236702,-24.299949291524158],[44.033840338403394,-24.996086676491757],[45.11385113851139,-25.542927764433884],[45.50625506255062,-25.5637598058793],[46.15786157861581,-25.230447142752666],[46.73026730267304,-25.150590983878573],[47.176671766717675,-24.787766262037607],[47.93267932679328,-22.393817499268735],[49.36189361893619,-18.336777427774265],[49.448294482944846,-17.241359248436225],[49.840698406984075,-16.48619774603995],[49.664296642966434,-15.52097982573575],[49.891098910989115,-15.458483701399501],[50.18630186301863,-15.958452696089452],[50.40590405904061,-15.62861203987039],[50.48150481504817,-15.385571556340551],[50.07470074700748,-13.578391960950853],[49.538295382953834,-12.43262968145305]]],[[[48.34308343083433,-13.36312753268156],[48.31068310683108,-13.198207204572029],[48.191881918819206,-13.260703328908278],[48.34308343083433,-13.36312753268156]]],[[[49.93789937899379,-16.902838574948234],[50.02430024300244,-16.6945181604941],[49.82269822698228,-17.086854941049396],[49.93789937899379,-16.902838574948234]]]]},"properties":{"name":"Madagascar","iso_a3":"MDG"},"id":"450"},
{"type":"Feature","geometry":{"type":"Polygon","coordinates":[[[21.562415624156245,42.24800710585234],[20.777607776077758,42.07093475356629],[20.565205652056534,41.87303035983487],[20.489604896048974,41.27237316482541],[20.96480964809649,40.85052432555577],[21.5768157681577,40.8696203635474],[21.99441994419945,41.13175688506888],[22.602826028260296,41.1404369023378],[22.9160291602916,41.336605292615445],[23.002430024300253,41.73935809389346],[22.343623436234367,42.313975237096145],[21.562415624156245,42.24800710585234]]]},"properties":{"name":"Macedonia","iso_a3":"MKD"},"id":"807"},
{"type":"Feature","geometry":{"type":"Polygon","coordinates":[[[6.118261182611832,50.120782768765196],[5.743857438574395,49.919406368126204],[5.790657906579071,49.53748560829359],[6.3450634506345125,49.452421439058156],[6.489064890648905,49.79788612636128],[6.118261182611832,50.120782768765196]]]},"properties":{"name":"Luxembourg","iso_a3":"LUX"},"id":"442"},
{"type":"Feature","geometry":{"type":"MultiPolygon","coordinates":[[[[20.957609576095763,55.27844902995906],[21.11601116011161,55.61696970344704],[20.900009000089995,55.28712904722798],[20.957609576095763,55.27844902995906]]],[[[22.76482764827648,54.35663119599948],[23.36963369633696,54.20039088515887],[23.4848348483485,53.939990367091184],[24.31644316443166,53.89311827383901],[25.461254612546128,54.29239906820945],[25.74925749257494,54.15699079881426],[25.54765547655478,54.33232714764648],[25.78165781657816,54.83403214579022],[26.775267752677536,55.27324101959772],[26.458464584645867,55.3426811577491],[26.59526595265953,55.66731380360682],[24.84204842048422,56.41032328182658],[24.1220412204122,56.26449899170868],[22.084420844208438,56.406851274919006],[21.04761047610478,56.07006660488483],[21.234812348123484,55.264561002328804],[22.566825668256683,55.05971259478221],[22.826028260282612,54.87048821831971],[22.76482764827648,54.35663119599948]]]]},"properties":{"name":"Lithuania","iso_a3":"LTU"},"id":"440"},
{"type":"Feature","geometry":null,"properties":{"name":"Liechtenstein","iso_a3":"LIE"},"id":"438"},
{"type":"Feature","geometry":{"type":"Polygon","coordinates":[[[9.520295202952042,30.229655195301973],[9.311493114931153,30.11507896735219],[9.80469804698049,29.177637102308537],[9.916299162991635,27.78536233237334],[9.747097470974722,27.330529427481792],[9.883898838988387,26.63092003560662],[9.491494914949158,26.334063445009463],[9.448294482944846,26.06671891312665],[9.999099990999923,25.33238945217579],[10.254702547025488,24.591115977409785],[11.507515075150764,24.315091428258043],[11.968319683196825,23.518265842970948],[13.480334803348029,23.179745169482956],[14.214742147421475,22.619016053910556],[14.977949779497806,22.995728803381795],[15.982359823598244,23.445353697911997],[20.147601476014756,21.389925608631103],[23.98163981639817,19.495945840552167],[23.98163981639817,19.995914835242118],[24.978849788497882,20.00285884905726],[24.978849788497882,21.995790814001907],[24.978849788497882,25.5893179633359],[24.978849788497882,29.18110910921611],[24.70164701647016,30.201879140041413],[24.97524975249752,30.7764962832441],[24.852848528485282,31.335489395362714],[25.15165151651516,31.654914030859075],[24.878048780487802,31.984754687078137],[23.286832868328702,32.21390714297769],[23.088830888308877,32.61839594770949],[21.63441634416344,32.93782058320585],[20.622806228062274,32.58020387172624],[20.122401224012236,32.21911515333905],[19.927999279992804,31.81809835551482],[20.111601116011173,30.963984656252833],[19.711997119971215,30.48831970991587],[19.125191251912526,30.266111267831448],[17.829178291782938,30.92752858372336],[15.705157051570524,31.42576157495951],[15.175951759517602,32.39097949526372],[13.282332823328233,32.915252538306646],[12.281522815228158,32.857964424331755],[11.5039150391504,33.18259707018947],[11.5039150391504,32.413547540162924],[10.276302763027644,31.684426089573407],[10.114301143011431,31.46395365094277],[10.215102151021512,30.783440297059244],[9.894698946989479,30.38763150959636],[9.520295202952042,30.229655195301973]]]},"properties":{"name":"Libya","iso_a3":"LBY"},"id":"434"},
{"type":"Feature","geometry":{"type":"Polygon","coordinates":[[[-11.507515075150735,6.906448793706701],[-10.276302763027616,6.078375146251474],[-9.131491314913148,5.054133108518599],[-7.543875438754384,4.351051709735856],[-7.453874538745367,5.840542673082993],[-7.795877958779585,5.9759509424781925],[-7.889478894788937,6.23461545709209],[-8.602286022860227,6.507167999336261],[-8.30348303483035,6.9810969422194376],[-8.48708487084869,7.559186092329682],[-8.659886598865995,7.687650347909738],[-8.890288902889012,7.2623295017325376],[-9.117091170911692,7.215457408480347],[-9.462694626946274,7.415097805665567],[-9.369093690936893,7.703274378993811],[-9.51669516695165,8.345595656894076],[-9.783097830978306,8.538292040264167],[-10.283502835028344,8.484475933196848],[-10.647106471064717,7.758826489514902],[-11.507515075150735,6.906448793706701]]]},"properties":{"name":"Liberia","iso_a3":"LBR"},"id":"430"},
{"type":"Feature","geometry":{"type":"Polygon","coordinates":[[[28.737287372873737,-30.101672834072083],[29.097290972909747,-29.9193924714247],[29.39249392493926,-29.270127179709284],[28.625686256862565,-28.58093380855683],[27.736477364773663,-28.940286523490222],[27.05607056070562,-29.626007887735113],[27.387273872738746,-30.315201258887576],[27.754477544775455,-30.59990582530824],[28.056880568805695,-30.631153887476366],[28.391683916839185,-30.14680892387048],[28.737287372873737,-30.101672834072083]]]},"properties":{"name":"Lesotho","iso_a3":"LSO"},"id":"426"},
{"type":"Feature","geometry":{"type":"Polygon","coordinates":[[[35.9769597695977,34.62868794719199],[35.10935109351095,33.08364487332375],[35.41175411754119,33.074964856054834],[35.86895868958689,33.43258156753444],[35.96975969759697,33.73291016503917],[36.36576365763659,33.838806375720026],[36.29736297362973,33.95859061403115],[36.585365853658544,34.22072713555262],[36.383763837638384,34.65820000590632],[35.9769597695977,34.62868794719199]]]},"properties":{"name":"Lebanon","iso_a3":"LBN"},"id":"422"},
{"type":"Feature","geometry":{"type":"Polygon","coordinates":[[[26.59526595265953,55.66731380360682],[27.052470524705257,55.83049812826255],[27.578075780757814,55.79925006609443],[28.146881468814684,56.14297874994378],[28.10368103681037,56.54573155122179],[27.639276392763946,56.84606014872651],[27.830078300783015,57.293949039802925],[27.351273512735133,57.528309506063835],[26.462064620646203,57.54393353714789],[25.281252812528123,58.0491105421992],[24.32364323643236,57.870302186459384],[24.38124381243813,57.25054895345829],[23.646836468364683,56.971052397399006],[22.55602556025562,57.72447789634148],[21.72801728017282,57.57170959240844],[21.0728107281073,56.823492103827306],[21.04761047610478,56.07006660488483],[22.084420844208438,56.406851274919006],[24.1220412204122,56.26449899170868],[24.84204842048422,56.41032328182658],[26.59526595265953,55.66731380360682]]]},"properties":{"name":"Latvia","iso_a3":"LVA"},"id":"428"},
{"type":"Feature","geometry":{"type":"Polygon","coordinates":[[[102.12762127621278,22.37944757728829],[101.73881738817391,22.495759808691858],[101.5228152281523,22.254455328615805],[101.80001800017999,21.212853256345085],[101.24921249212491,21.19722922526101],[101.1376113761138,21.56699796091712],[100.7020070200702,21.25104533232833],[100.52200522005222,20.92120467610927],[100.6228062280623,20.858708551773034],[100.24840248402484,20.73024429619298],[100.12240122401226,20.31707547419225],[100.3168031680317,20.386515612343644],[100.51840518405186,20.178195197889494],[100.3960039600396,19.75634635861985],[100.5148051480515,19.55323395452706],[101.21321213212133,19.5480259441657],[101.28521285212855,18.9768808078706],[101.04761047610475,18.44219174410496],[101.14481144811447,18.14186314660023],[100.95760957609576,17.541205951590783],[101.16641166411665,17.49954186869995],[102.10242102421023,18.211303284751608],[102.66042660426604,17.817230500742525],[103.3660336603366,18.42309570611333],[103.94923949239495,18.318935498886248],[104.74124741247414,17.46134979271669],[104.82044820448203,16.466619813698145],[105.64125641256413,15.655906200780777],[105.49725497254974,14.590000080157068],[105.1840518405184,14.34695959662723],[105.34965349653498,14.109127123458748],[106.06606066060664,13.921638750450015],[105.97965979659796,14.343487589719658],[106.50166501665018,14.577848055980581],[106.93726937269372,14.327863558635599],[107.52047520475207,14.704576308106851],[107.48087480874807,14.980600857258594],[107.65367653676537,15.25488940295655],[107.1676716767168,15.801730490898677],[107.39807398073981,16.04303497097473],[106.8508685086851,16.51522791040412],[106.65646656466566,16.49265986550492],[106.50166501665018,16.95443678421161],[105.16245162451628,18.338031536877878],[105.14805148051482,18.650512158559096],[103.89163891638918,19.304985460635876],[104.03204032040321,19.67475419629197],[104.58644586445865,19.61920208577088],[104.92844928449284,20.01848288014132],[104.36684366843667,20.44206772286475],[104.58284582845829,20.646916130411313],[104.10044100441007,20.945508724462258],[103.63603636036362,20.697260230571075],[103.10323103231036,20.891692617394938],[102.85122851228516,21.266669363412404],[102.94842948429488,21.681574188866904],[102.81522815228152,21.806566437539388],[102.66042660426604,21.676366178505546],[102.12762127621278,22.37944757728829]]]},"properties":{"name":"Laos","iso_a3":"LAO"},"id":"418"},
{"type":"Feature","geometry":{"type":"Polygon","coordinates":[[[70.95850958509587,40.23945110982362],[70.51570515705157,39.94953853304159],[69.96849968499686,40.20299503729413],[69.52929529295295,40.09709882661329],[69.47529475294755,39.92002647432727],[69.27729277292775,39.91829047087347],[69.29889298892991,39.524217686864375],[70.50130501305014,39.58671381120064],[70.80010800108002,39.39401742783053],[71.46971469714697,39.60407384573847],[71.77931779317794,39.27770519642698],[72.04212042120423,39.35235334493973],[72.22932229322294,39.2082650582756],[72.56412564125642,39.3766573932927],[73.63333633336333,39.44956953835165],[73.90693906939072,39.578033793931695],[73.99333993339934,40.04328271954597],[74.83214832148323,40.32798728596663],[74.8357483574836,40.482491593353444],[75.51975519755197,40.628315883471345],[75.67815678156782,40.305419241067426],[76.31896318963192,40.3522913343196],[76.82296822968232,40.98246058804341],[78.12258122581227,41.07620477454776],[78.44298442984433,41.41819745494331],[80.21780217802177,42.03274267758303],[80.21060210602104,42.190718991877446],[79.92259922599226,42.41292743396187],[79.42939429394295,42.48410357556702],[79.12699126991271,42.77575215580282],[76.9885698856989,42.97365654953427],[75.36495364953652,42.83651227668528],[74.20934209342093,43.24100108141707],[73.55773557735577,43.003168608248586],[73.4929349293493,42.4094554270543],[71.76131761317615,42.820888245601225],[71.25731257312574,42.73408807291199],[70.94770947709478,42.24800710585234],[71.22851228512286,42.16294293661687],[70.20250202502027,41.51367764490146],[71.39411394113941,41.12307686779994],[71.66411664116643,41.54145370016201],[72.18612186121862,41.025860674388014],[73.13653136531366,40.810596246118735],[71.69291692916931,40.15265093713438],[70.95850958509587,40.23945110982362]],[[71.2069120691207,39.8922504190667],[71.01251012510127,39.89572242597427],[71.00531005310054,40.15265093713438],[71.2069120691207,39.8922504190667]]]},"properties":{"name":"Kyrgyzstan","iso_a3":"KGZ"},"id":"417"},
{"type":"Feature","geometry":{"type":"MultiPolygon","coordinates":[[[[48.274682746827466,29.62378998993117],[48.34668346683469,29.783502307679342],[48.18468184681848,29.97967069795699],[48.08028080280803,29.7991263387634],[48.274682746827466,29.62378998993117]]],[[[48.44388443884441,28.5422598382234],[48.05148051480515,29.354709454594555],[47.72387723877239,29.392901530577817],[47.96867968679689,29.616845976116025],[48.14508145081453,29.571709886317635],[47.97947979479795,29.983142704864562],[47.644676446764464,30.097718932814345],[47.14787147871479,30.000502739402407],[46.532265322653245,29.096044939980672],[47.43227432274324,28.990148729299804],[47.669876698766984,28.533579820954472],[48.44388443884441,28.5422598382234]]]]},"properties":{"name":"Kuwait","iso_a3":"KWT"},"id":"414"},
{"type":"Feature","geometry":{"type":"Polygon","coordinates":[[[20.34560345603458,42.82783225941637],[20.054000540005404,42.76012812471876],[20.064800648006496,42.546599699903254],[20.48600486004861,42.223703057499336],[20.565205652056534,41.87303035983487],[20.777607776077758,42.07093475356629],[21.562415624156245,42.24800710585234],[21.75321753217534,42.66985594512198],[21.389613896138968,42.751448107449846],[20.799207992079914,43.2618331228625],[20.34560345603458,42.82783225941637]]]},"properties":{"name":"Kosovo","iso_a3":"Xundefined"}},
{"type":"Feature","geometry":{"type":"Polygon","coordinates":[[[-157.34137341373415,1.8564147466474736],[-157.44217442174423,2.0248070816645765],[-157.4349743497435,1.8477347293785584],[-157.5789757897579,1.9015508364458782],[-157.17577175771757,1.740102515243919],[-157.34137341373415,1.8564147466474736]]]},"properties":{"name":"Kiribati","iso_a3":"KIR"},"id":"296"},
{"type":"Feature","geometry":{"type":"Polygon","coordinates":[[[33.90333903339035,-1.00278294173566],[37.64377643776439,-3.0460590068400535],[37.607776077760775,-3.497419904824042],[39.22059220592206,-4.691790281027792],[39.49059490594908,-4.478261856212299],[40.11700117001172,-3.2509074143866314],[40.221402214022135,-2.6884422953604457],[40.642606426064276,-2.5391459983349733],[40.89820898208984,-2.2700654629983603],[40.89100891008911,-2.023552972560964],[41.269012690126914,-1.9454328171406559],[41.53181531815318,-1.6954483197956876],[40.97740977409774,-0.8708466792480323],[40.96300963009631,2.8146886531365425],[41.88461884618846,3.9778109671721893],[41.13941139411395,3.9621869360881306],[40.76500765007651,4.272931554315562],[39.84339843398436,3.8510827150459193],[39.49419494194942,3.455273927583036],[38.086580865808656,3.647970310953127],[36.90576905769058,4.411811830618319],[36.023760237602374,4.467363941139425],[35.764557645576474,4.807620618081188],[35.746557465574654,5.344045685300614],[35.32535325353254,5.36487772674603],[35.26775267752677,5.4916059788723],[33.97533975339755,4.220851450702014],[34.16614166141662,3.8128906390626582],[34.43614436144361,3.651442317860699],[34.4469444694447,3.163625347347235],[34.86454864548645,2.589008204144548],[34.97974979749799,1.7730865808658223],[34.79974799747998,1.2453415309153257],[34.482944829448314,1.0422291268225337],[33.9429394293943,0.1742273999302597],[33.90333903339035,-1.00278294173566]]]},"properties":{"name":"Kenya","iso_a3":"KEN"},"id":"404"},
{"type":"Feature","geometry":{"type":"MultiPolygon","coordinates":[[[[50.18270182701829,44.85548429343669],[50.11070110701107,45.08116474242868],[49.99549995499956,44.93707645576458],[50.18270182701829,44.85548429343669]]],[[[70.94770947709478,42.24800710585234],[71.25731257312574,42.73408807291199],[71.76131761317615,42.820888245601225],[73.4929349293493,42.4094554270543],[73.55773557735577,43.003168608248586],[74.20934209342093,43.24100108141707],[75.36495364953652,42.83651227668528],[76.9885698856989,42.97365654953427],[79.12699126991271,42.77575215580282],[79.42939429394295,42.48410357556702],[79.92259922599226,42.41292743396187],[80.21060210602104,42.190718991877446],[80.20340203402037,42.73408807291199],[80.53820538205383,42.87296834921477],[80.39060390603908,43.04309668768565],[80.78660786607867,43.161144922543],[80.35460354603549,44.09685078413287],[80.48060480604806,44.71486801368016],[79.87219872198722,44.88326034869726],[81.69021690216903,45.34850927431151],[81.8666186661867,45.18185294274821],[82.52182521825222,45.12630083222709],[82.6118261182612,45.42489342627803],[82.3166231662317,45.59502176474891],[83.02943029430293,47.185200928415554],[84.66744667446676,46.97167250360005],[84.78624786247866,46.83105622384352],[85.4846548465485,47.06368068665063],[85.7510575105751,48.384779314980676],[86.55026550265501,48.52886760164478],[86.80946809468094,49.049668637780144],[87.32427324273243,49.08612471030963],[86.6258662586626,49.56352566010037],[86.67626676266764,49.777054084915875],[86.17946179461796,49.49929353231033],[85.2326523265233,49.615605763713916],[84.98784987849882,50.06175865133653],[84.3218432184322,50.23883100362255],[83.94383943839438,50.77525607084198],[83.35703357033572,50.99399250601883],[82.4930249302493,50.7283839775898],[81.46701467014674,50.74053600176629],[81.38781387813879,50.955800430035566],[81.07101071010709,50.96795245421205],[81.12861128611286,51.191896899750276],[80.73620736207363,51.29258510006977],[79.98739987399875,50.77525607084198],[77.85977859778598,53.269893033930344],[76.48456484564849,54.02331853287285],[76.83736837368377,54.44169536523492],[75.43695436954371,54.089286664116656],[74.35334353343535,53.486893465653424],[73.86013860138601,53.62056573159484],[73.40653406534065,53.44696538621639],[73.30573305733057,53.707365904284075],[73.71253712537126,54.04241457086448],[73.23013230132301,53.95735040162904],[72.6217262172622,54.13442275391506],[72.44532445324455,53.941726370544984],[72.18612186121862,54.325383133831366],[72.00612006120062,54.20559889552021],[71.09171091710917,54.212542909335355],[71.18531185311855,54.59967167952931],[70.73890738907389,55.30448908176584],[70.18090180901811,55.16213679855551],[68.97848978489785,55.389553251001274],[68.20448204482045,55.16040079510171],[68.15408154081541,54.97638442900055],[65.47565475654758,54.62397572788231],[65.08685086850869,54.341007164915425],[64.46044460444605,54.38440725126003],[61.92961929619298,53.94693438090633],[61.23121231212312,54.01984652596528],[60.97920979209792,53.62230173504861],[61.53361533615336,53.52334953818291],[61.1988119881199,53.2872530684682],[62.08442084420844,53.00602050895512],[61.04761047610478,52.9730364433332],[60.77400774007742,52.676179852736055],[60.993609936099375,52.33765917924805],[60.028800288002884,51.933170374516266],[61.555215552155516,51.32383316223789],[61.38961389613897,50.860320240077414],[60.943209432094335,50.69539991196788],[60.42480424804248,50.679775880883824],[60.05760057600577,50.8499042193547],[59.52479524795248,50.49228750787509],[58.35838358383586,51.063432644170206],[57.839978399784,51.09120869943075],[57.44397443974441,50.88809629533796],[57.0119701197012,51.065168647624006],[56.48996489964901,51.0200325578256],[55.68715687156873,50.5825596874719],[54.64314643146432,51.011352540556686],[54.55674556745569,50.53568759421972],[54.139141391413915,51.040864599271],[53.33633336333364,51.48180947653228],[52.56952569525697,51.48180947653228],[52.220322203222054,51.70922592897807],[51.34551345513455,51.47486546271713],[50.79470794707947,51.73005797042347],[50.24750247502476,51.2891130931622],[48.62388623886238,50.61207174618622],[48.760687606876076,49.92808638539512],[48.3358833588336,49.85864624724374],[47.7058770587706,50.37771127992531],[47.428674286742876,50.35861524193368],[46.88866888668886,49.69719792604178],[46.80226802268024,49.36735726982272],[47.03267032670328,49.15035683809964],[46.66186661866618,48.41255537024122],[47.0650706507065,48.23201101104763],[47.29187291872918,47.74072203362661],[48.166681666816686,47.70947397145849],[48.95868958689587,46.77376810986863],[48.559085590855915,46.75640807533077],[48.54108541085412,46.605375774851524],[49.23229232292323,46.336295239514925],[49.347493474934765,46.51857560216229],[51.17631176311764,47.110552779902804],[52.137521375213765,46.82932022038972],[52.48312483124832,46.99076854159168],[53.06993069930701,46.85536027219649],[53.134731347313476,46.192206952850796],[52.77472774727747,45.572453719849705],[53.19953199531997,45.33114923977365],[51.41751417514175,45.357189291580426],[51.021510215102154,44.85374828998292],[51.54351543515435,44.530851647579],[50.40950409504097,44.62459583408335],[50.25470254702549,44.46141150942762],[50.830708307083086,44.19233097409102],[51.30231302313024,43.48230556149312],[51.29511295112951,43.17329694671949],[51.61551615516157,43.15767291563543],[51.89991899918999,42.8694963423072],[52.598325983259855,42.76012812471876],[52.49392493924941,41.78102217678429],[53.05553055530555,42.14731890553281],[54.12114121141212,42.33480727854155],[54.85554855548557,41.96503854288545],[55.43515435154353,41.29667721317841],[55.97875978759788,41.32271726498516],[55.975159751597516,44.994364569739474],[58.556385563855656,45.555093685311874],[61.0080100801008,44.39370737473001],[61.990819908199086,43.492721582215836],[63.20763207632078,43.62812985161102],[64.44244442444426,43.55174569964453],[64.90684906849069,43.71493002430026],[65.80325803258035,42.876440356122316],[66.10206102061022,42.9910165840721],[66.00846008460084,42.004966622322485],[66.49806498064981,41.99455060159977],[66.71046710467107,41.17862897832106],[67.93447934479346,41.19598901285889],[68.0460804608046,40.808860242664935],[68.2908829088291,40.65609193873189],[68.57168571685719,40.62310787311],[68.58248582485825,40.87656437736254],[69.15489154891549,41.425141468758454],[70.94770947709478,42.24800710585234]]]]},"properties":{"name":"Kazakhstan","iso_a3":"KAZ"},"id":"398"},
{"type":"Feature","geometry":{"type":"Polygon","coordinates":[[[35.78615786157863,32.734708179113056],[35.57375573755738,32.64096399260869],[35.55215552155522,32.39618750562508],[35.45135451354514,31.479577682026843],[34.97254972549726,29.55434985177979],[34.9509495094951,29.352973451140784],[36.066960669606715,29.20020514720774],[36.75456754567546,29.866830473461008],[37.47097470974711,29.995294729041063],[37.632976329763295,30.312983361083624],[37.978579785797876,30.500471734092358],[36.95976959769598,31.49172970620333],[39.1449914499145,32.12537096683468],[39.292592925929256,32.243419201692035],[39.040590405904055,32.30591532602827],[38.77418774187743,33.37182144665198],[36.81936819368195,32.31806735020477],[36.37296372963729,32.38750748835615],[35.78615786157863,32.734708179113056]]]},"properties":{"name":"Jordan","iso_a3":"JOR"},"id":"400"},
{"type":"Feature","geometry":{"type":"MultiPolygon","coordinates":[[[[138.3439834398344,37.822934302155545],[138.57438574385748,38.06597478568537],[138.50238502385025,38.31595928303034],[138.25038250382505,38.07812680986186],[138.3439834398344,37.822934302155545]]],[[[134.93114931149313,34.288431270250214],[135.00315003150035,34.54362377795654],[134.66834668346684,34.29363928061157],[134.93114931149313,34.288431270250214]]],[[[130.62190621906223,30.262639260923876],[130.64350643506435,30.389367513050146],[130.3879038790388,30.38763150959636],[130.62190621906223,30.262639260923876]]],[[[130.08190081900818,32.22953117406176],[130.16830168301686,32.54201179574298],[130.00990009900102,32.52117975429756],[129.95949959499598,32.243419201692035],[130.08190081900818,32.22953117406176]]],[[[129.3870938709387,34.354399401494035],[129.4518945189452,34.68597606116688],[129.2682926829268,34.370023432578094],[129.3870938709387,34.354399401494035]]],[[[128.6670866708667,32.78331627581902],[128.69228692286924,32.604507920079215],[128.8938889388894,32.651380013331405],[128.6670866708667,32.78331627581902]]],[[[130.38070380703806,32.423963560885625],[130.459904599046,32.515971743936205],[130.24030240302403,32.462155636868886],[130.38070380703806,32.423963560885625]]],[[[129.49149491494916,33.222525149626506],[129.57069570695705,33.36140542592928],[129.3690936909369,33.17565305637433],[129.49149491494916,33.222525149626506]]],[[[143.82323823238232,44.11768282557827],[142.88362883628838,44.669731923881756],[141.9368193681937,45.50995759551347],[141.6668166681667,45.40058937792506],[141.76041760417604,44.48224355087302],[141.37521375213754,43.27919315740033],[141.1376113761138,43.18024096053463],[140.39240392403923,43.30349720575333],[140.43200432004323,42.95456051154264],[139.85959859598597,42.58131976897894],[140.08640086400862,41.43382148602737],[140.6588065880659,41.81574224585998],[141.1520115201152,41.805326225137264],[140.3276032760328,42.293143195650714],[140.4788047880479,42.55875172407977],[140.98640986409868,42.34175129235669],[141.85041850418503,42.57958376552517],[143.23643236432366,41.99975861196114],[143.97083970839708,42.88164836648369],[144.9212492124921,43.001432604794815],[145.8320583205832,43.385089368081196],[145.34245342453426,43.30176120229953],[145.1408514085141,43.66284992068671],[145.3712537125371,44.32773924348621],[144.7160471604716,43.928458449115766],[143.82323823238232,44.11768282557827]]],[[[131.17631176311767,33.60270990600533],[130.71550715507158,33.927342551863035],[129.58149581495815,33.23641317725679],[129.9918999189992,32.851020410516625],[129.67869678696786,33.05934082497076],[129.7686976869769,32.57152385445731],[130.05310053100533,32.77116425164253],[130.3411034110341,32.70172411349115],[130.17550175501754,32.851020410516625],[130.23670236702367,33.177389059828116],[130.54630546305464,32.831924372524995],[130.639906399064,32.61839594770949],[130.19350193501936,32.09065089775899],[130.32310323103235,31.601097923791755],[130.14670146701468,31.408401540421664],[130.58950589505895,31.179249084522112],[130.55710557105573,31.562905847808494],[130.7767077670777,31.70699413447261],[130.68670686706866,31.01432875641258],[131.09711097110971,31.255633236488634],[131.07191071910722,31.436177595682224],[131.33831338313382,31.404929533514107],[131.65871658716588,32.46562764377646],[132.00072000720007,32.88226847268474],[131.89631896318963,33.25377321179464],[131.53631536315362,33.274605253240054],[131.69471694716947,33.60270990600533],[131.17631176311767,33.60270990600533]]],[[[134.35874358743587,34.2571832080821],[133.94833948339482,34.34745538767889],[133.60273602736027,34.243295180451824],[133.58113581135814,34.01761473145983],[133.19233192331922,33.93255056222439],[132.9367293672937,34.09573488688014],[132.64152641526414,33.68951007869455],[132.03312033120335,33.34057338448386],[132.41112411124112,33.430845564080656],[132.49392493924938,32.91698854176043],[132.80352803528035,32.7520682136509],[133.28593285932862,33.35966942247549],[133.63153631536318,33.51070172295475],[134.18234182341826,33.246829197979494],[134.3767437674377,33.607917916366674],[134.74034740347406,33.819710337728395],[134.63594635946362,34.22593514591398],[134.35874358743587,34.2571832080821]]],[[[141.22761227612278,41.373061365144906],[140.93600936009364,41.50499762763255],[140.80280802808028,41.25327712683378],[140.79920799207991,41.138700898884],[141.24561245612455,41.2064050335816],[141.11961119611198,40.881772387723885],[140.74880748807487,40.829692284110365],[140.62640626406267,41.19598901285889],[140.34560345603455,41.20293302667403],[139.74079740797407,39.92002647432727],[139.99639996399964,39.85579434653724],[140.0648006480065,39.6249058871839],[139.8019980199802,38.88189640896411],[139.40239402394025,38.14235893765189],[138.3187831878319,37.21880510023851],[137.2459724597246,36.753556174624265],[136.90036900369006,37.118116899919016],[137.32157321573214,37.522605704650815],[136.8427684276843,37.38198942489427],[136.6987669876699,36.74140415044778],[136.06876068760687,36.11644290708534],[136.09396093960942,35.76750621287465],[135.90315903159035,35.60605789167268],[135.32715327153272,35.5262017327986],[135.1759517595176,35.746674171429234],[133.9807398073981,35.50710569480697],[132.92232922329225,35.51057770171454],[131.35271352713528,34.41342351892271],[131.00351003510036,34.392591477477296],[130.91710917109174,33.975950648569],[131.74151741517414,34.05233480053552],[132.14472144721447,33.838806375720026],[132.3139231392314,34.32488734277969],[133.14193141931423,34.3023192978805],[134.74034740347406,34.76583222004096],[135.4171541715417,34.618271926469276],[135.10035100351007,34.288431270250214],[135.12915129151293,34.00719871073713],[135.45315453154535,33.554101809299354],[135.69435694356946,33.48639767460176],[135.91755917559175,33.5610458231145],[136.33156331563316,34.177327049208],[136.85356853568538,34.32488734277969],[136.53316533165332,34.67903204735174],[136.80316803168034,35.050536786461635],[136.91116911169115,34.70854410606607],[136.9615696156962,34.835272358192356],[137.27477274772747,34.772776233856106],[137.06237062370627,34.58355185739359],[138.18918189181892,34.59570388157009],[138.71838718387187,35.123448931520585],[138.9019890198902,35.02449673465486],[138.76158761587618,34.699864088797156],[138.89838898388984,34.62868794719199],[139.25119251192513,35.2779532389074],[139.67599675996763,35.149488983327345],[139.83439834398342,35.658137995286225],[140.09720097200972,35.585225850227275],[139.82719827198275,35.29704927689903],[139.79839798397984,34.95679259995727],[140.35640356403565,35.180737045495476],[140.45720457204573,35.51057770171454],[140.8748087480875,35.72410612653003],[140.57240572405726,36.23101913503511],[141.00081000810007,37.114644893011445],[140.96120961209613,38.149302951467035],[141.4688146881469,38.40449545917335],[141.97641976419766,39.42873749690622],[141.9368193681937,39.958218550310534],[141.42921429214294,40.7237960734295],[141.45441454414544,41.40430942731305],[141.22761227612278,41.373061365144906]]],[[[123.88983889838897,24.280371359182354],[123.77103771037713,24.414043625123767],[123.68103681036814,24.318563435165615],[123.88983889838897,24.280371359182354]]],[[[125.44505445054449,24.74388428134283],[125.28305283052833,24.872348536922885],[125.26865268652688,24.731732257166342],[125.44505445054449,24.74388428134283]]],[[[128.26028260282607,26.653488080505824],[128.2566825668257,26.882640536405376],[128.09828098280985,26.667376108136096],[127.90747907479079,26.69341615994287],[127.65187651876522,26.094494968387195],[127.86787867878678,26.441695659144102],[128.26028260282607,26.653488080505824]]],[[[129.4518945189452,28.208947175096768],[129.68949689496895,28.517955789870413],[129.16389163891643,28.2506112579876],[129.4518945189452,28.208947175096768]]]]},"properties":{"name":"Japan","iso_a3":"JPN"},"id":"392"},
{"type":"Feature","geometry":{"type":"Polygon","coordinates":[[[-77.26217262172621,18.45781577518902],[-77.87417874178742,18.52204790297904],[-78.33858338583386,18.28768743671813],[-77.76977769777697,17.877990621624974],[-77.20457204572045,17.71480629696923],[-76.85176851768517,17.973470811583127],[-76.2109621096211,17.912710690700678],[-76.35136351363514,18.152279167322945],[-77.26217262172621,18.45781577518902]]]},"properties":{"name":"Jamaica","iso_a3":"JAM"},"id":"388"},
{"type":"Feature","geometry":{"type":"MultiPolygon","coordinates":[[[[7.02187021870219,45.92659842442177],[6.791467914679146,45.74084605486681],[7.147871478714791,45.38149333993343],[6.6330663306633255,45.069012718252196],[6.993069930699306,44.82770823817614],[6.899468994689954,44.33641926075512],[7.637476374763764,44.16455491883045],[7.493474934749344,43.76701012791381],[8.004680046800473,43.87637834550222],[8.76428764287644,44.42148342999056],[10.186301863018628,43.947554487107396],[10.513905139051388,42.966712535719125],[11.16911169111691,42.53444767572677],[11.140311403114026,42.39035938906267],[11.637116371163728,42.28793518528937],[12.630726307263075,41.47027755855686],[13.0879308793088,41.244597109564864],[13.73233732337323,41.23591709229595],[14.045540455404563,40.812332249572506],[14.459544595445948,40.72900408379087],[14.340743407434076,40.59880382475703],[14.765547655476553,40.668243962908406],[14.949149491494921,40.23945110982362],[15.694356943569431,39.98946661247865],[16.209162091620925,38.94092052639277],[15.647556475564755,38.03472672351725],[16.057960579605805,37.940982537012886],[16.543965439654414,38.40970346953472],[16.61596615966161,38.800304246636244],[17.173971739717416,38.998208640367665],[17.112771127711284,39.380129400200275],[16.52236522365223,39.7481621324026],[16.929169291692915,40.45818754500047],[17.865178651786522,40.27937918926065],[18.343983439834403,39.82107427746155],[18.45918459184591,40.22035507183199],[17.95517955179554,40.65435593527812],[15.899558995589956,41.51194164144769],[16.165961659616613,41.89559840473407],[15.168751687516874,41.933790480717335],[14.542345423454236,42.244535098944766],[14.00954009540095,42.68895198311361],[13.563135631356317,43.57084173763613],[12.396723967239666,44.22357903625914],[12.24912249122491,44.721812027495304],[12.522725227252266,44.9683245179327],[12.22392223922239,45.24087706017687],[12.27432274322743,45.445725467723435],[13.206732067320672,45.772094117034925],[13.627936279362814,45.77035811358115],[13.721537215372166,45.58807775093376],[13.87633876338765,45.61411780274054],[13.480334803348029,46.009926590203406],[13.63153631536315,46.17658292176674],[13.379533795337949,46.261647091002175],[13.69993699937001,46.52031160561609],[12.389523895238966,46.70259196826345],[12.169921699216985,47.08277672464226],[11.24471244712447,46.97514451050762],[10.99270992709927,46.7772401167762],[10.452704527045285,46.86577629291921],[10.431104311043129,46.549823664330404],[10.085500855008547,46.60016776449015],[10.128701287012888,46.23907904610297],[9.261092610926113,46.47517551581768],[9.023490234902368,45.845006262093875],[8.422284222842222,46.445663457103336],[7.788677886778885,45.9213904140604],[7.02187021870219,45.92659842442177]]],[[[10.395103951039516,42.857344318130686],[10.132301323013223,42.74276809018093],[10.420304203042036,42.713256031466585],[10.395103951039516,42.857344318130686]]],[[[15.57555575555756,38.220479093072186],[13.789937899378998,37.98091061644993],[13.28953289532896,38.19096703435787],[12.904329043290431,38.03472672351725],[12.735127351273519,38.182287017088925],[12.436324363243642,37.81946229524797],[12.641526415264167,37.59378184625598],[14.142741427414279,37.10422887228874],[14.502745027450288,36.798692264422655],[15.111151111511134,36.687588043380444],[15.294752947529474,37.05562077558277],[15.100351003510042,37.45837357686078],[15.57555575555756,38.220479093072186]]],[[[9.631896318963186,40.881772387723885],[9.228692286922865,41.25674913374135],[8.699486994869943,40.89566041535417],[8.20268202682027,40.8713563670012],[8.548285482854823,39.83843431199938],[8.418684186841887,39.20652905482183],[8.649086490864903,38.927032498762514],[8.9658896588966,38.963488571291975],[9.055890558905588,39.23951312044372],[9.563495634956354,39.16660097538477],[9.80469804698049,40.4998516278913],[9.631896318963186,40.881772387723885]]],[[[8.47988479884799,39.06764877851904],[8.357483574835754,39.09889684068716],[8.422284222842222,38.96869658165335],[8.47988479884799,39.06764877851904]]]]},"properties":{"name":"Italy","iso_a3":"ITA"},"id":"380"},
{"type":"Feature","geometry":{"type":"Polygon","coordinates":[[[35.86895868958689,33.43258156753444],[35.41175411754119,33.074964856054834],[35.10935109351095,33.08364487332375],[34.475744757447586,31.585473892707697],[34.24534245342454,31.208761143236444],[34.90414904149043,29.477965699813268],[34.97254972549726,29.55434985177979],[35.45135451354514,31.479577682026843],[34.87174871748718,31.396249516245177],[35.202952029520304,31.750394220817228],[34.95454954549547,31.840666400414023],[35.06615066150661,32.4604196334151],[35.55215552155522,32.39618750562508],[35.57375573755738,32.64096399260869],[35.78615786157863,32.734708179113056],[35.86895868958689,33.43258156753444]]]},"properties":{"name":"Israel","iso_a3":"ISR"},"id":"376"},
{"type":"Feature","geometry":{"type":"MultiPolygon","coordinates":[[[[34.475744757447586,31.585473892707697],[34.198541985419865,31.323337371186227],[34.24534245342454,31.208761143236444],[34.475744757447586,31.585473892707697]]],[[[35.55215552155522,32.39618750562508],[35.06615066150661,32.4604196334151],[34.95454954549547,31.840666400414023],[35.202952029520304,31.750394220817228],[34.87174871748718,31.396249516245177],[35.45135451354514,31.479577682026843],[35.55215552155522,32.39618750562508]]]]},"properties":{"name":"Palestine","iso_a3":"PSE"},"id":"275"},
{"type":"Feature","geometry":{"type":"Polygon","coordinates":[[[-7.219872198721987,55.09269666040413],[-6.960669606696058,55.23852095052203],[-7.309873098730975,55.3652492026483],[-7.659076590765892,54.9711764186392],[-7.66627666276662,55.25588098505986],[-8.274682746827466,55.14651276747145],[-8.764287642876411,54.681263841857174],[-8.13428134281341,54.64133576242014],[-8.544685446854459,54.2420549680497],[-10.056700567005663,54.25767899913376],[-9.91269912699127,53.86360621512466],[-9.577895778957782,53.804582097696],[-9.901899018990179,53.726461942275705],[-9.721897218972174,53.60494170051078],[-10.117901179011795,53.54938958998966],[-10.092700927009275,53.4122453171407],[-8.929889298892988,53.20739690959411],[-9.916299162991635,52.57028364205519],[-8.782287822878232,52.67965185964363],[-9.631896318963186,52.547715597155985],[-9.905499054990543,52.403627310491885],[-9.772297722977214,52.25085900655884],[-10.35550355503554,52.20745892021421],[-9.909099090990907,52.12239475097877],[-10.341103411034112,51.79949810857485],[-9.599495994959938,51.8741462570876],[-10.121501215012131,51.59985771138963],[-9.523895238952377,51.6814498737175],[-9.83709837098371,51.48354547998608],[-9.297092970929697,51.497433507616336],[-6.964269642696422,52.24912300310504],[-6.323463234632328,52.24738699965127],[-6.463864638646385,52.34460319306319],[-6.028260282602815,52.927900353534795],[-6.219062190621912,54.089286664116656],[-6.651066510665089,54.05803860194854],[-7.050670506705075,54.408711299613],[-7.324273242732431,54.13268675046126],[-7.605076050760488,54.143102771183976],[-8.119881198811981,54.413919309974375],[-7.219872198721987,55.09269666040413]]]},"properties":{"name":"Ireland","iso_a3":"IRL"},"id":"372"},
{"type":"Feature","geometry":{"type":"Polygon","coordinates":[[[42.35982359823598,37.10943688265009],[41.294212942129434,36.383787438968156],[41.35541355413554,35.64077796074838],[40.98820988209883,34.42904755000677],[38.77418774187743,33.37182144665198],[39.040590405904055,32.30591532602827],[39.292592925929256,32.243419201692035],[39.1449914499145,32.12537096683468],[40.36900369003692,31.939618597279733],[42.075420754207556,31.080296887656388],[44.689046890468916,29.201941150661526],[46.532265322653245,29.096044939980672],[47.14787147871479,30.000502739402407],[47.644676446764464,30.097718932814345],[47.97947979479795,29.983142704864562],[48.073080730807305,30.043902825747026],[48.54468544685449,29.962310663419146],[48.015480154801566,30.46575166501667],[48.0118801188012,30.990024708059593],[47.680676806768076,31.002176732236094],[47.82827828278283,31.793794307161832],[47.37107371073711,32.423963560885625],[46.111061110611104,32.95691662119748],[46.021060210602116,33.4152215329966],[45.39825398253984,33.97074263820765],[45.49905499054992,34.5818158539398],[46.13266132661329,35.12692093842816],[45.995859958599596,35.60779389512646],[46.273062730627316,35.772714223235994],[45.36225362253623,36.01575470676583],[44.764647646476476,37.142420948272004],[44.28224282242823,36.97750062016247],[44.11304113041132,37.30213326602018],[43.67743677436775,37.22748511750744],[42.77382773827739,37.371573404171556],[42.35982359823598,37.10943688265009]]]},"properties":{"name":"Iraq","iso_a3":"IRQ"},"id":"368"},
{"type":"Feature","geometry":{"type":"MultiPolygon","coordinates":[[[[56.18756187561877,26.920832612388637],[56.28116281162812,26.95208067455677],[55.75915759157593,26.94687266419541],[55.76275762757629,26.81146439480021],[55.312753127531295,26.59272795962336],[55.95355953559536,26.700360173758],[56.18756187561877,26.920832612388637]]],[[[53.9159391593916,37.34379734891101],[53.969939699397,36.817788302414286],[53.678336783367854,36.852508371489975],[53.9159391593916,36.93062852691028],[53.76833768337684,36.93062852691028],[52.19152191521917,36.62161991213664],[51.11871118711187,36.74314015390155],[50.12870128701289,37.406293473247246],[49.171091710917125,37.60072586007112],[48.868688686886884,38.43574352134149],[48.59148591485916,38.41143947298849],[47.997479974799745,38.854120353703564],[48.292682926829286,39.019040681813095],[48.105481054810554,39.24124912389752],[48.32148321483217,39.399225438191905],[47.997479974799745,39.68393000461256],[46.489064890648905,38.906200457317084],[46.11466114661147,38.87842440205654],[45.4810548105481,39.00688865763658],[44.81864818648188,39.650945938990645],[44.588245882458835,39.768994173848],[44.39024390243904,39.42179348309111],[44.0230402304023,39.3766573932927],[44.45144451444514,38.33505532102197],[44.210242102421034,37.90799847139098],[44.588245882458835,37.71009407765955],[44.764647646476476,37.142420948272004],[45.36225362253623,36.01575470676583],[46.273062730627316,35.772714223235994],[45.995859958599596,35.60779389512646],[46.13266132661329,35.12692093842816],[45.49905499054992,34.5818158539398],[45.39825398253984,33.97074263820765],[46.021060210602116,33.4152215329966],[46.111061110611104,32.95691662119748],[47.37107371073711,32.423963560885625],[47.82827828278283,31.793794307161832],[47.680676806768076,31.002176732236094],[48.0118801188012,30.990024708059593],[48.015480154801566,30.46575166501667],[48.54468544685449,29.962310663419146],[48.919089190891924,30.120286977713548],[49.001890018900184,30.505679744453715],[49.22509225092253,30.472695678831798],[49.027090270902704,30.33381540252904],[49.556295562955626,30.028278794662967],[50.07110071100712,30.19840713313384],[50.65070650706508,29.420677585838376],[50.6759067590676,29.14638904014042],[50.87750877508776,29.063060874358754],[51.27711277112772,28.13082701967646],[51.59031590315905,27.863482487793647],[52.47592475924759,27.616969997356236],[52.69192691926921,27.32358541366665],[53.70713707137071,26.726400225564774],[54.75834758347585,26.505927786934137],[55.42435424354244,26.76980031190938],[55.65115651156512,26.978120726363528],[56.35676356763568,27.20032916844795],[56.98316983169832,26.905208581304578],[57.3359733597336,25.790694363974907],[59.0459904599046,25.417453621411227],[60.39960399603996,25.311557410730373],[60.51120511205113,25.436549659402857],[61.411214112141124,25.101500992822437],[61.587615876158765,25.202189193141947],[61.84321843218433,26.226431230874823],[62.44082440824408,26.561479897455243],[63.15723157231574,26.650016073598252],[63.30123301233013,27.15172107174199],[62.761227612276144,27.2506732686077],[62.75762757627578,28.243667244172457],[61.890018900189006,28.545731845130973],[60.842408424084255,29.858150456192078],[61.81081810818108,30.91364055609307],[61.65961659616596,31.382361488614904],[60.8208082080821,31.4952017131109],[60.8280082800828,32.24862721205339],[60.56160561605617,33.05934082497076],[60.918009180091815,33.50549371259339],[60.51120511205113,33.639165978534805],[60.48600486004861,34.09399888342635],[60.64440644406446,34.307527308241845],[60.88920889208893,34.319679332418346],[60.72720727207272,34.51758372614978],[61.080010800108,34.85610439963776],[61.26361263612637,35.619945919302964],[61.119611196111975,36.642451953582054],[60.34200342003422,36.637243943220696],[59.301593015930166,37.51045368047433],[58.81558815588156,37.684054025852774],[58.261182611826115,37.66495798786114],[57.35397353973539,37.97396660263479],[57.19197191971921,38.21700708616464],[56.43956439564397,38.24999115178653],[56.27036270362706,38.07986281331566],[55.38115381153813,38.05035075460131],[54.700747007470085,37.47052560103728],[53.9159391593916,37.34379734891101]]]]},"properties":{"name":"Iran","iso_a3":"IRN"},"id":"364"},
{"type":"Feature","geometry":{"type":"MultiPolygon","coordinates":[[[[97.47997479974799,1.4658139695459624],[97.08037080370804,1.4258858901089155],[97.82197821978218,0.5648281770317851],[97.93357933579335,0.974524992124941],[97.47997479974799,1.4658139695459624]]],[[[99.1647916479165,-1.778776485577339],[99.26559265592658,-1.627744185098095],[98.93438934389343,-0.9541748450296836],[98.67518675186756,-0.9697988761137424],[98.60318603186033,-1.1972153285595226],[98.82638826388268,-1.610384150560236],[99.1647916479165,-1.778776485577339]]],[[[116.63936639366392,-8.613422083127062],[116.71856718567187,-8.335661530521548],[116.40176401764018,-8.20372526803392],[116.05976059760599,-8.43808573429483],[116.0777607776078,-8.74535834561469],[115.85815858158583,-8.788758431959309],[116.58536585365857,-8.885974625371247],[116.63936639366392,-8.613422083127062]]],[[[115.44775447754478,-8.155117171327944],[114.46854468544689,-8.16553319205066],[115.05535055350555,-8.57349400369003],[115.14535145351454,-8.849518552841772],[115.70335703357034,-8.406837672126713],[115.44775447754478,-8.155117171327944]]],[[[106.04446044460445,-1.6694082679889135],[105.91125911259115,-1.5044879398793825],[105.72045720457203,-1.5339999985937283],[105.70245702457026,-1.7319043923251627],[105.58365583655836,-1.5270559847785847],[105.46125461254616,-1.573928078030761],[105.13365133651337,-2.0426490105525943],[105.78525785257852,-2.1815292868553513],[105.99765997659978,-2.825586568209417],[106.66726667266676,-3.0720990586468275],[106.61326613266135,-2.8950267063607953],[106.81846818468188,-2.5738660674106626],[106.36486364863651,-2.464497849822237],[106.04446044460445,-1.6694082679889135]]],[[[123.18063180631805,-4.551174001271249],[123.07623076230766,-4.386253673161718],[122.85302853028531,-4.618878135968842],[122.64422644226443,-5.663952215147134],[123.18783187831878,-5.332375555474286],[122.97182971829722,-5.137943168650423],[123.05463054630548,-4.749078395002684],[123.1950319503195,-4.821990540061634],[123.18063180631805,-4.551174001271249]]],[[[122.64422644226443,-5.269879431138051],[122.7018270182702,-4.618878135968842],[122.3706237062371,-4.766438429540528],[122.28422284222842,-5.320223531297799],[122.56502565025653,-5.387927665995392],[122.64422644226443,-5.269879431138051]]],[[[108.31608316083162,3.6896343938439458],[108.39168391683916,3.9864909844411045],[108.24768247682476,4.2173794437944565],[108.00288002880029,3.9830189775335327],[108.2440824408244,3.8111546356088724],[108.10008100081001,3.7052584249280187],[108.31608316083162,3.6896343938439458]]],[[[108.20808208082082,-2.9974509101340914],[108.21528215282154,-2.697122312629361],[107.66807668076683,-2.566922053595519],[107.61407614076143,-3.2092433314957987],[107.8588785887859,-3.0859870862771004],[108.0568805688057,-3.2266033660336433],[108.20808208082082,-2.9974509101340914]]],[[[135.3847538475385,-0.6521102440711815],[135.74835748357486,-0.822238582542056],[135.91395913959138,-1.178119290567892],[136.37476374763747,-1.0947911247862407],[135.89235892358926,-0.7250223891301317],[135.3847538475385,-0.6521102440711815]]],[[[135.47475474754748,-1.5912881125686056],[136.22716227162272,-1.893352713527122],[136.89316893168933,-1.7996085270227553],[135.47475474754748,-1.5912881125686056]]],[[[130.8127081270813,-0.004580955809544207],[130.23670236702367,-0.20942936335612217],[130.69030690306903,-0.2962295360453453],[130.75150751507516,-0.44378982961703173],[130.89910899108992,-0.3448376327513074],[130.62190621906223,-0.0861731181374239],[131.00711007110073,-0.36046166383538036],[131.33831338313382,-0.29102152568398765],[130.8127081270813,-0.004580955809544207]]],[[[128.4546845468455,2.0525831369251364],[128.62388623886238,2.2244474788497968],[128.60228602286026,2.5976882214134775],[128.2170821708217,2.297359623908747],[128.29628296282965,2.0352231023872918],[128.4546845468455,2.0525831369251364]]],[[[128.15228152281526,-1.6607282507199983],[127.64827648276486,-1.332623597954722],[127.39267392673929,-1.6451042196359396],[128.15228152281526,-1.6607282507199983]]],[[[126.02466024660248,-1.7891925063000542],[125.38745387453878,-1.843008613367374],[125.47745477454777,-1.9402248067792982],[126.33066330663308,-1.8221765719219576],[126.02466024660248,-1.7891925063000542]]],[[[124.969849698497,-1.7058643405183886],[124.41904419044192,-1.6589922472662124],[124.32904329043294,-1.8586326444514327],[124.41904419044192,-2.0044569345693333],[125.31545315453155,-1.8777286824430632],[124.969849698497,-1.7058643405183886]]],[[[131.32391323913242,-7.998876860487343],[131.6911169111691,-7.438147744914943],[131.64431644316443,-7.113515099057224],[131.13671136711366,-7.684660235352339],[131.11511115111153,-7.997140857033557],[131.32391323913242,-7.998876860487343]]],[[[126.80226802268021,-7.667300200814495],[125.97425974259744,-7.663828193906923],[125.79785797857977,-7.98498883285707],[126.47106471064711,-7.950268763781381],[126.80226802268021,-7.667300200814495]]],[[[124.57384573845741,-8.141229143697672],[124.37944379443798,-8.415517689395628],[125.13185131851321,-8.326981513252619],[125.0490504905049,-8.179421219680933],[124.57384573845741,-8.141229143697672]]],[[[131.00351003510036,-1.3152635634168774],[131.03231032310322,-0.9177187725002085],[130.67230672306727,-0.9593828553910413],[130.78390783907838,-1.2562394459882],[131.00351003510036,-1.3152635634168774]]],[[[96.49356493564937,5.229469457350831],[95.62955629556296,5.609654213729655],[95.22635226352264,5.564518123931251],[95.20835208352082,5.283285564418165],[95.57915579155792,4.6617963279632875],[96.44316443164433,3.81636264597023],[96.96876968769686,3.575058165894177],[97.59157591575917,2.84593671530466],[97.69957699576997,2.3581197447912103],[98.5959859598596,1.865094763916403],[99.15759157591577,0.35129975221629195],[99.6687966879669,0.04576314435020379],[100.30960309603097,-0.8274465929034136],[100.88920889208896,-2.249233421552958],[101.5768157681577,-3.16757924860498],[102.53802538025383,-4.151893206900809],[103.83043830438305,-5.078919051221746],[104.60084600846011,-5.905256695223187],[104.64044640446406,-5.519863928483019],[105.07965079650796,-5.745544377475014],[105.34965349653498,-5.549375987197365],[105.74925749257494,-5.818456522533964],[105.8860588605886,-5.009478913070367],[105.8428584285843,-3.613732136227597],[106.04446044460445,-3.106819127722517],[105.39645396453966,-2.3794336805867857],[104.97164971649715,-2.3707536633178705],[104.65124651246515,-2.594698108856079],[104.84564845648458,-2.0929931107123423],[104.51444514445143,-1.8187045650143858],[104.38124381243813,-1.0739590833408243],[103.72243722437224,-0.886470710332091],[103.43803438034382,-0.5757260921046594],[103.42723427234273,-0.19206932881827754],[103.78723787237874,0.04749914780398967],[103.6720367203672,0.28880362788004277],[103.33723337233374,0.5144840768720371],[102.54882548825492,0.2158914828210925],[103.00603006030059,0.4155318800063128],[103.03123031230314,0.578716204662058],[102.39042390423907,0.8425887296373133],[102.09882098820987,1.358181755411323],[101.47601476014762,1.6932304219917285],[101.04761047610475,2.2574315444717143],[100.82800828008283,2.2418075133876414],[100.88920889208896,1.9484229296980544],[100.52560525605259,2.1897274097741075],[99.73359733597334,3.1827213853388656],[98.30798307983082,4.092387195121958],[98.24678246782469,4.415283837525891],[97.54837548375485,5.205165408997857],[96.49356493564937,5.229469457350831]]],[[[122.78462784627845,-8.61168607967329],[123.00423004230043,-8.328717516706405],[122.91782917829181,-8.104773071168196],[122.75942759427596,-8.186365233496076],[122.91782917829181,-8.221085302571765],[122.84942849428495,-8.304413468353417],[122.32382323823242,-8.629046114211135],[121.96741967419678,-8.455445768832675],[121.44541445414455,-8.576966010597587],[120.61020610206106,-8.240181340563396],[119.87579875798758,-8.4189896963032],[119.80739807398078,-8.698486252362514],[119.90819908199086,-8.858198570110687],[120.54900549005492,-8.802646459589582],[121.0350103501035,-8.93458272207721],[122.78462784627845,-8.61168607967329]]],[[[120.01260012600125,-9.375527599338483],[119.29619296192965,-9.366847582069553],[118.95778957789577,-9.519615886002597],[119.0837908379084,-9.70710425901133],[119.60219602196025,-9.773072390255138],[120.25380253802541,-10.24179332277697],[120.80460804608049,-10.108121056835557],[120.55620556205565,-9.719256283187818],[120.01260012600125,-9.375527599338483]]],[[[118.24138241382417,-8.318301495983704],[118.1189811898119,-8.122133105706041],[117.75537755377553,-8.149909160966601],[117.81657816578166,-8.342605544336678],[118.23418234182344,-8.59259004168166],[117.96777967779678,-8.727998311076846],[117.56817568175683,-8.425933710118343],[117.1649716497165,-8.366909592689666],[116.83376833768341,-8.531829920799197],[116.78696786967873,-9.005758863682374],[117.06057060570606,-9.09950305018674],[118.19098190981913,-8.840838535572843],[118.37818378183783,-8.674182204009526],[118.47898478984791,-8.856462566656901],[119.13059130591307,-8.668974193648168],[118.92538925389255,-8.297469454538287],[118.7129871298713,-8.415517689395628],[118.61218612186121,-8.280109420000443],[118.24138241382417,-8.318301495983704]]],[[[124.89064890648905,0.9953570335703432],[125.2326523265233,1.5022700420754376],[125.11025110251103,1.6862864081765991],[123.84663846638466,0.8373807192759557],[122.83862838628386,0.8460607365448851],[122.43542435424354,1.0179250784695455],[121.59301593015931,1.0682691786292935],[121.08181081810818,1.3269336932431912],[120.60300603006033,0.8547407538138003],[120.26820268202681,0.9710529852173693],[119.7209972099721,-0.08790912159119557],[119.84339843398436,-0.8621666619791029],[119.710197101971,-0.6816223027855131],[119.50859508595084,-0.9073027517775074],[119.31059310593105,-1.40900774992123],[119.32139321393214,-1.9298087860565971],[119.09099090990912,-2.4835938878138677],[118.78498784987852,-2.721426360982349],[118.92178921789218,-3.483531877193755],[119.4689946899469,-3.513043935908101],[119.62379623796238,-4.033844972043454],[119.36099360993609,-5.315015520936441],[119.55899558995588,-5.6118721115336],[120.43020430204302,-5.591040070088184],[120.2790027900279,-5.146623185919353],[120.43740437404375,-3.7074763227319636],[120.26100261002614,-2.948842813428115],[120.65340653406537,-2.6676102539150293],[121.05301053010533,-2.7509384196966806],[120.89100891008911,-3.5199879497232303],[121.61821618216186,-4.092869089472131],[121.4850148501485,-4.580686059985581],[121.58941589415895,-4.759494415725399],[122.03942039420394,-4.832406560784349],[122.11502115021153,-4.540757980548548],[122.87102871028713,-4.391461683523076],[122.84942849428495,-4.065093034211586],[122.6910269102691,-4.084189072203216],[122.2518225182252,-3.6206761500427405],[122.39942399423995,-3.2005633142268834],[122.29142291422914,-2.9071787305372965],[121.35541355413557,-1.8777286824430632],[121.65061650616508,-1.8950887169809079],[122.2518225182252,-1.5548320400391304],[122.90342903429035,-0.9003587379623639],[123.3786337863379,-1.0045189451894316],[123.43263432634325,-0.7788384961974515],[123.16983169831701,-0.5705180817433018],[121.97101971019714,-0.9333428035842672],[121.57501575015749,-0.8291825963571995],[121.15021150211504,-1.3395676117698514],[120.66780667806677,-1.370815673937983],[120.06300063000629,-0.554894050659243],[120.01260012600125,-0.1955413357258493],[120.19260192601928,0.2679715864346264],[120.57780577805778,0.52837210450231],[122.9970299702997,0.49365203542662073],[123.75303753037531,0.3061636624178874],[124.42624426244265,0.47108399052741845],[124.89064890648905,0.9953570335703432]]],[[[107.37287372873732,-6.007680898996483],[107.04527045270453,-5.903520691769401],[106.8256682566826,-6.097953078593278],[106.07326073260731,-5.9139367124921165],[105.78525785257852,-6.457305793526672],[105.25605256052563,-6.835754546451696],[106.19926199261994,-6.927762729502277],[106.519665196652,-7.054490981628547],[106.4548645486455,-7.36870760676355],[107.28647286472864,-7.471131810536846],[107.91647916479167,-7.724588314789386],[109.28089280892812,-7.705492276797756],[111.50931509315092,-8.304413468353417],[112.67932679326793,-8.408573675580499],[113.2517325173252,-8.287053433815572],[114.58374583745837,-8.769662393967678],[114.38574385743857,-8.405101668672927],[114.41094410944112,-7.792292449486979],[114.06894068940693,-7.632580131738806],[113.01413014130145,-7.656884180091794],[112.79452794527947,-7.552723972864712],[112.5389253892539,-6.926026726048491],[111.5417154171542,-6.648266173442977],[111.18171181711818,-6.686458249426238],[110.83610836108363,-6.424321727904768],[110.42570425704258,-6.946858767493907],[108.67608676086763,-6.790618456653306],[108.33048330483308,-6.285441451601997],[107.66807668076683,-6.216001313450619],[107.37287372873732,-6.007680898996483]]],[[[109.63009630096303,2.0282790885721482],[109.37809378093783,1.9223828778912946],[109.07569075690759,1.495326028260294],[108.9460894608946,0.3565077625776354],[109.25929259292593,0.03187511671993093],[109.12249122491227,-0.2649814738772278],[109.37449374493747,-0.6382222164408944],[109.25929259292593,-0.8066145514579972],[109.78849788497888,-1.0114629590045752],[109.98289982899831,-1.2753354839798305],[109.96129961299613,-1.8621046513590045],[110.25650256502564,-2.9662028479659597],[110.90090900909013,-2.9089147339910824],[110.92970929709298,-3.0703630551930416],[111.69651696516968,-2.889818695999452],[111.85851858518583,-3.551236011891362],[112.28332283322834,-3.32034755253801],[112.75852758527589,-3.322083555991796],[113.03573035730358,-2.9332187823440563],[113.34173341733418,-3.245699404025274],[113.6117361173612,-3.195355303865526],[113.70533705337056,-3.4557558219332094],[114.34254342543426,-3.2352833833025727],[114.34254342543426,-3.443603797756708],[114.5261452614526,-3.3758996630591156],[114.69534695346954,-4.169253241438653],[115.95535955359554,-3.5946360982359664],[116.25776257762578,-3.1259151657141473],[116.1677616776168,-2.934954785797842],[116.32976329763301,-2.901970720175939],[116.31536315363155,-2.5512980225114603],[116.5277652776528,-2.5113699430744134],[116.56376563765639,-2.299577521712706],[116.31536315363155,-2.1398652039645327],[116.45216452164522,-1.9228647722414536],[116.2757627576276,-1.7857204993924825],[116.75456754567546,-1.3274155875933644],[116.740167401674,-1.0444470246264785],[116.9129691296913,-1.2232553803662967],[117.5609756097561,-0.7701584789285221],[117.52137521375215,0.2367235242665089],[117.96417964179642,0.8894608228894896],[117.91017910179102,1.0995172407974252],[118.53298532985332,0.8130766709229675],[118.98658986589868,0.9814690059400704],[117.78777787777881,2.0265430851183623],[118.0649806498065,2.3181916653541634],[117.56817568175683,2.9292648810863255],[117.61137611376114,3.064673150481525],[117.35217352173521,3.193137406061581],[117.34497344973448,3.4257618688687046],[117.0569705697057,3.621930259146353],[117.77697776977772,3.6896343938439458],[117.46377463774638,4.076763164037899],[117.57537575375756,4.170507350542266],[117.10017100171001,4.337163682105583],[115.83655836558364,4.333691675198011],[115.57015570155704,3.9396188911889283],[115.4549545495455,3.035161091767179],[115.11655116551168,2.8945448120106363],[115.17775177751781,2.5230400729007414],[114.78534785347853,2.250487530656571],[114.8321483214832,1.9796709918661861],[114.5117451174512,1.4519259419156896],[113.90333903339035,1.4345659073778307],[113.62253622536224,1.2366615136463963],[112.94212942129423,1.5665021698654584],[112.47772477724777,1.559558156050329],[111.8081180811808,1.0109810646544162],[111.10251102511029,1.0509091440914489],[110.50490504905048,0.8616847676289439],[109.65529655296552,1.6151102665714347],[109.63009630096303,2.0282790885721482]]],[[[127.73107731077312,0.8477967399986568],[127.65187651876522,1.0144530715619737],[128.01188011880117,1.3321417036045489],[127.8858788587886,1.8321106982944997],[128.03708037080372,2.198407427043037],[127.63027630276304,1.8442627224709867],[127.42867428674288,1.139445320234472],[127.60867608676085,0.8477967399986568],[127.69147691476917,-0.24241342897802554],[128.0478804788048,-0.7059263511385012],[128.4258842588426,-0.8934147241472346],[127.97947979479795,-0.2476214393393832],[127.8858788587886,0.297483645148958],[127.98307983079832,0.47108399052741845],[128.90108901089013,0.2158914828210925],[128.26028260282607,0.7332205120488879],[128.70308703087034,1.1064612546125545],[128.68868688686888,1.571710180226816],[128.22068220682206,1.3998458383021415],[127.88227882278824,0.832172708914598],[127.73107731077312,0.8477967399986568]]],[[[129.75429754297545,-2.8655146476464637],[128.19908199081993,-2.8655146476464637],[127.87867878678787,-3.2213953556723],[127.90387903879042,-3.4956839013702563],[128.13068130681307,-3.1571632278822648],[128.51588515885157,-3.448811808118066],[128.86148861488618,-3.2352833833025727],[129.46629466294667,-3.4540198184794235],[129.51309513095134,-3.3290275698069394],[129.84429844298444,-3.3272915663531535],[130.80550805508057,-3.858508623211222],[130.85950859508597,-3.5703320498829925],[130.57150571505719,-3.1311231760754907],[129.75429754297545,-2.8655146476464637]]],[[[126.85986859868598,-3.0877230897308863],[126.08946089460898,-3.105083124268731],[126.0570605706057,-3.42103575285752],[126.68706687066873,-3.8237885541355325],[127.23067230672308,-3.6328281742192274],[127.22707227072272,-3.3915236941431743],[126.85986859868598,-3.0877230897308863]]],[[[124.92304923049232,-8.943262739346125],[124.44424444244441,-9.189775229783535],[124.28224282242826,-9.427607702952017],[124.03744037440373,-9.340807530262794],[123.66663666636668,-9.705368255557545],[123.60543605436055,-10.269569378037517],[123.74583745837458,-10.347689533457824],[124.42624426244265,-10.148049136272604],[125.06705067050672,-9.512671872187454],[124.95904959049591,-9.214079278136523],[125.14985149851498,-9.042214936211849],[124.92304923049232,-8.943262739346125]]],[[[134.7475474754748,-5.707352301491753],[134.57114571145712,-5.4278557454324385],[134.20394203942038,-5.707352301491753],[134.34434344343447,-5.832344550164237],[134.15354153541534,-6.063233009517589],[134.44154441544418,-6.3340495483079735],[134.7151471514715,-6.2958574723247125],[134.7475474754748,-5.707352301491753]]],[[[134.53514535145354,-6.441681762442613],[134.1139411394114,-6.189961261643859],[134.09234092340927,-6.834018542997924],[134.32274322743228,-6.847906570628197],[134.53514535145354,-6.441681762442613]]],[[[138.53478534785347,-8.2731654061853],[138.98838988389883,-7.696812259528826],[138.7687876878769,-7.3912756516627525],[138.0811808118081,-7.566612000494999],[137.64917649176493,-8.386005630681296],[138.29718297182973,-8.405101668672927],[138.53478534785347,-8.2731654061853]]],[[[140.97200972009722,-2.6103221399401377],[139.7911979119791,-2.3481856184186682],[137.80757807578078,-1.483655898433966],[137.12357123571235,-1.841272609913588],[137.0731707317073,-2.1051451348888293],[136.38916389163893,-2.273537469905932],[135.85995859958598,-2.9957149066803055],[135.48555485554857,-3.344651600890998],[135.2515525155252,-3.3689556492439863],[134.91674916749167,-3.2491714109328456],[134.56754567545676,-2.5096339396206275],[134.45954459544595,-2.8325305820245603],[134.19314193141935,-2.3082575389816213],[134.10674106741067,-1.7214883716024474],[134.2579425794258,-1.3621356566690537],[133.97353973539737,-0.7441184271217622],[133.47313473134733,-0.7267583925839176],[132.3931239312393,-0.3552536534740227],[131.25551255512556,-0.8552226481639735],[130.9999099991,-1.384703701568256],[131.9287192871929,-1.560040050400488],[132.02232022320226,-1.9905689069390604],[132.30672306723068,-2.2422894077378146],[133.92313923139233,-2.1016731279812717],[133.69993699936998,-2.6242101675704106],[133.19233192331922,-2.438457798015463],[132.72432724327246,-2.7891304956799416],[132.23112231122315,-2.6797622780915162],[131.97191971919722,-2.7891304956799416],[132.7531275312753,-3.29430750073125],[132.91512915129152,-4.056413016942656],[133.24993249932498,-4.061621027304014],[133.4011340113401,-3.8984367026482687],[133.519935199352,-3.4123557355885907],[133.84033840338407,-3.054739024108983],[133.67833678336785,-3.4800598702861834],[133.97353973539737,-3.818580543774175],[134.88794887948882,-3.9383647820853014],[134.67914679146793,-4.0789810618418585],[135.19395193951942,-4.450485800951753],[135.97875978759788,-4.530341959825833],[137.27837278372783,-4.945246785280347],[138.05958059580598,-5.4660478214157],[138.08838088380884,-5.7090883049455385],[138.34038340383404,-5.676104239323635],[138.19998199982,-5.806304498357477],[138.37638376383762,-5.844496574340724],[138.43758437584376,-6.342729565576889],[138.86598865988663,-6.858322591350898],[138.59958599585997,-6.936442746771206],[139.1755917559176,-7.189899251023746],[138.74718747187472,-7.25065937190621],[139.0891908919089,-7.587444041940401],[138.89118891188912,-8.23844533710961],[139.24759247592476,-7.983252829403284],[139.38439384393843,-8.189837240403648],[139.9351993519935,-8.101301064260625],[140.11520115201154,-7.924228711974607],[139.98199981999824,-8.167269195504446],[140.97560975609758,-9.118599088178371],[140.97560975609758,-6.905194684603089],[140.8640086400864,-6.740274356493558],[140.97560975609758,-6.3462015724844605],[140.97200972009722,-2.6103221399401377]]],[[[138.89478894788948,-8.389477637588868],[138.79758797587976,-8.174213209319575],[138.56358563585638,-8.309621478714774],[138.89478894788948,-8.389477637588868]]],[[[101.70641706417064,2.078623188731896],[101.41121411214112,2.0213350747570047],[101.50121501215011,1.7331585014287754],[101.7208172081721,1.788710611949881],[101.70641706417064,2.078623188731896]]],[[[102.42642426424266,0.9901490232089998],[102.44442444424448,1.2349255101926104],[102.25722257222571,1.396373831394584],[102.2788227882279,1.075213192444437],[102.42642426424266,0.9901490232089998]]],[[[102.49122491224915,1.458869955730819],[102.02322023220233,1.6081662527562912],[102.49842498424988,1.330405700150763],[102.49122491224915,1.458869955730819]]],[[[103.02763027630277,0.7471085396791608],[102.50562505625055,1.0891012200747099],[102.49122491224915,0.8564767572675862],[103.02763027630277,0.7471085396791608]]],[[[103.1680316803168,0.8703647848978591],[102.72522725227253,1.1585413582261026],[102.70362703627035,1.0543811509990206],[103.1680316803168,0.8703647848978591]]],[[[103.28323283232834,0.5422601321325828],[103.18603186031862,0.7002364464269846],[103.13923139231395,0.5492041459477264],[103.28323283232834,0.5422601321325828]]],[[[104.02484024840248,1.1811094031252907],[103.93123931239313,1.0717411855368653],[104.06444064440643,0.9901490232089998],[104.14004140041402,1.165485372041232],[104.02484024840248,1.1811094031252907]]],[[[104.58644586445865,1.21582947220098],[104.25164251642519,1.0144530715619737],[104.4388443884439,1.0509091440914489],[104.57564575645756,0.832172708914598],[104.58644586445865,1.21582947220098]]],[[[104.77724777247772,-0.1764452977342188],[104.54324543245434,0.01798708908965807],[104.44604446044463,-0.18859732191070577],[105.00405004050043,-0.28234150841507244],[104.77724777247772,-0.1764452977342188]]],[[[104.47484474844748,-0.3344216120286063],[104.25884258842592,-0.46288586760866224],[104.36324363243631,-0.6590542578863108],[104.59004590045902,-0.466357874516234],[104.47484474844748,-0.3344216120286063]]],[[[103.7368373683737,-0.3483096396588792],[103.549635496355,-0.2267893978939668],[103.45963459634595,-0.3569896569278086],[103.7368373683737,-0.3483096396588792]]],[[[109.70929709297093,-1.179855294021678],[109.7416974169742,-1.039239014265135],[109.47529475294755,-0.9854229071978153],[109.46449464494646,-1.2770714874336164],[109.70929709297093,-1.179855294021678]]],[[[113.84573845738458,-7.104835081788309],[114.07254072540724,-6.960746795124194],[113.0681306813068,-6.879154632796315],[112.72612726127261,-7.073587019620177],[113.12573125731257,-7.2246193200994355],[113.84573845738458,-7.104835081788309]]],[[[127.2486724867249,-0.4958699332305656],[127.28827288272885,-0.2840775118688583],[127.12627126271263,-0.27886950150750067],[127.1190711907119,-0.5201739815835538],[127.2486724867249,-0.4958699332305656]]],[[[127.56547565475654,-0.3187975809445476],[127.32427324273243,-0.3361576154823922],[127.29907299072994,-0.5010779435919233],[127.4610746107461,-0.8066145514579972],[127.84267842678429,-0.84827863434883],[127.60507605076054,-0.6104461611803487],[127.56547565475654,-0.3187975809445476]]],[[[132.92592925929262,-5.901784688315615],[133.11313113131132,-5.309807510575098],[132.84672846728466,-5.988584861004853],[132.92592925929262,-5.901784688315615]]],[[[132.80712807128072,-5.851440588155867],[132.6307263072631,-5.6066641011722425],[132.68112681126814,-5.912200709038331],[132.80712807128072,-5.851440588155867]]],[[[128.27468274682747,-3.6744922571100602],[128.32868328683287,-3.5165159428156585],[127.92547925479255,-3.6987963054630484],[128.27468274682747,-3.6744922571100602]]],[[[126.81666816668167,4.033363077693295],[126.92106921069211,4.290291588853407],[126.7590675906759,4.547220100013519],[126.7050670506705,4.071555153676556],[126.81666816668167,4.033363077693295]]],[[[125.65745657456574,3.4361778895914057],[125.47025470254704,3.7330344801885644],[125.50985509855099,3.460481937944394],[125.65745657456574,3.4361778895914057]]],[[[130.86310863108633,-8.318301495983704],[131.17631176311767,-8.13081312297497],[131.02151021510218,-8.090885043537924],[130.86310863108633,-8.318301495983704]]],[[[129.8370983709837,-7.953740770688938],[129.61029610296106,-7.802708470209694],[129.7146971469715,-8.040540943378176],[129.8370983709837,-7.953740770688938]]],[[[127.82467824678247,-8.099565060806839],[128.02268022680227,-8.255805371647455],[128.11988119881198,-8.170741202412017],[127.82467824678247,-8.099565060806839]]],[[[130.3519035190352,-1.69024030943433],[129.73629736297363,-1.867312661720348],[130.24750247502476,-2.047857020913952],[130.42030420304206,-1.97147286894743],[130.3519035190352,-1.69024030943433]]],[[[100.4248042480425,-3.183203279689039],[100.45360453604536,-3.002658920495449],[100.1980019800198,-2.78565848877237],[100.46440464404645,-3.3290275698069394],[100.4248042480425,-3.183203279689039]]],[[[100.20520205202052,-2.7405223989739795],[99.98919989199891,-2.5252579707047005],[100.01440014400146,-2.820378557848059],[100.20520205202052,-2.7405223989739795]]],[[[99.84159841598415,-2.3429776080573106],[99.57159571595719,-2.0252889760147497],[99.60759607596077,-2.2579134388218733],[99.84159841598415,-2.3429776080573106]]],[[[98.45918459184594,-0.5305900023062549],[98.54558545585456,-0.2580374600620843],[98.32238322383228,-0.0011089489019724397],[98.42678426784266,-0.2267893978939668],[98.30798307983082,-0.5323260057600407],[98.45918459184594,-0.5305900023062549]]],[[[96.46476464764646,2.359855748244996],[95.89595895958962,2.8893368016492786],[95.71595715957159,2.8268406773130437],[96.46476464764646,2.359855748244996]]],[[[122.04302043020431,-5.438271766155154],[121.91341913419137,-5.071975037406617],[121.80901809018093,-5.255991403507778],[122.04302043020431,-5.438271766155154]]],[[[123.21303213032132,-1.1711752767527486],[122.90702907029072,-1.1815912974754639],[122.8890288902889,-1.587816105661048],[123.15183151831519,-1.3048475426941621],[123.17343173431738,-1.6155921609215937],[123.27423274232746,-1.4367838051817898],[123.5118351183512,-1.447199825904491],[123.43623436234361,-1.2371434079965695],[123.23823238232382,-1.3899117119295994],[123.21303213032132,-1.1711752767527486]]],[[[120.52740527405274,-6.297593475778498],[120.4770047700477,-5.775056436189345],[120.48780487804879,-6.464249807341815],[120.52740527405274,-6.297593475778498]]],[[[115.37575375753761,-6.9711628158468955],[115.5449554495545,-6.938178750224992],[115.23895238952389,-6.86179459825847],[115.37575375753761,-6.9711628158468955]]],[[[116.30456304563046,-3.868924643933923],[116.26856268562688,-3.2509074143866314],[116.0237602376024,-3.611996132773811],[116.0921609216092,-4.05467701348887],[116.30456304563046,-3.868924643933923]]],[[[122.95022950229503,-10.908418649030224],[123.41823418234185,-10.651490137870113],[123.37143371433717,-10.474417785584095],[122.84582845828459,-10.762594358912324],[122.95022950229503,-10.908418649030224]]],[[[124.28584285842862,-8.328717516706405],[124.23904239042389,-8.20372526803392],[123.92943929439298,-8.448501755017531],[124.14544145441454,-8.531829920799197],[124.28584285842862,-8.328717516706405]]],[[[123.92583925839261,-8.2731654061853],[123.38943389433894,-8.280109420000443],[123.23103231032309,-8.530093917345411],[123.55143551435515,-8.566549989874886],[123.92583925839261,-8.2731654061853]]],[[[123.31743317433177,-8.354757568513179],[123.21663216632169,-8.234973330202038],[123.02583025830262,-8.394685647950212],[123.31743317433177,-8.354757568513179]]],[[[105.76005760057603,2.863296749842519],[105.83565835658356,2.9761369743385018],[105.69165691656917,3.062937147027739],[105.76005760057603,2.863296749842519]]],[[[105.25245252452527,-6.6395861561740475],[105.259652596526,-6.5232739247704785],[105.12285122851227,-6.615282107821059],[105.25245252452527,-6.6395861561740475]]],[[[123.59823598235982,-1.7041283370646028],[123.52983529835302,-1.5027519364255966],[123.48303483034829,-1.6815602921654147],[123.59823598235982,-1.7041283370646028]]],[[[123.24183241832418,-4.113701130917548],[123.21303213032132,-3.997388899513979],[122.96822968229685,-4.030372965135882],[123.07623076230766,-4.226541355413545],[123.24183241832418,-4.113701130917548]]],[[[119.46539465394653,-8.740150335253347],[119.55899558995588,-8.51967789662271],[119.44739447394477,-8.429405717025901],[119.46539465394653,-8.740150335253347]]],[[[117.64737647376472,4.16877134708848],[117.73737737377377,4.003851018978949],[117.92457924579247,4.054195119138711],[117.88497884978852,4.186131381626325],[117.64737647376472,4.16877134708848]]],[[[117.55737557375573,-8.366909592689666],[117.66537665376654,-8.148173157512815],[117.48897488974893,-8.182893226588504],[117.55737557375573,-8.366909592689666]]],[[[130.6255062550626,-0.528853998852469],[130.6147061470615,-0.4177497778102719],[130.46710467104674,-0.4871899159616504],[130.6255062550626,-0.528853998852469]]],[[[127.29907299072994,-0.7805744996512374],[127.2090720907209,-0.6191261784492781],[127.15507155071549,-0.7614784616596069],[127.29907299072994,-0.7805744996512374]]],[[[128.5626856268563,-3.585956080967051],[128.45108451084513,-3.514779939361887],[128.389883898839,-3.638036184580585],[128.5626856268563,-3.585956080967051]]],[[[121.88461884618846,-10.590730016987663],[121.9998199982,-10.446641730323535],[121.70461704617048,-10.55600994791196],[121.88461884618846,-10.590730016987663]]]]},"properties":{"name":"Indonesia","iso_a3":"IDN"},"id":"360"},
{"type":"Feature","geometry":{"type":"MultiPolygon","coordinates":[[[[68.1648816488165,23.856786516458925],[68.23328233282334,23.596385998391256],[68.77688776887769,23.85157850609758],[68.4168841688417,23.572081950038267],[68.64008640086402,23.19016119020567],[69.23769237692377,22.848168509810108],[69.66609666096662,22.7596323336671],[70.49050490504905,23.08947298988616],[70.17730177301775,22.572143960658366],[69.27729277292775,22.285703390783922],[69.05049050490507,22.43673569126318],[68.97128971289715,22.29091140114528],[70.48330483304835,20.839612513781404],[71.02331023310234,20.738924313461894],[72.01692016920171,21.155565142370193],[72.25452254522546,21.530541888387646],[72.03852038520387,21.822190468623447],[72.27612276122761,22.089535000506274],[72.18252182521826,22.270079359699864],[72.8089280892809,22.23362328717039],[72.55332553325533,22.160711142111438],[72.52092520925211,21.976694776010277],[72.70092700927009,21.97148676564892],[72.54252542525427,21.697198219950963],[73.11133111331114,21.751014327018282],[72.61452614526146,21.461101750236267],[72.73332733327334,21.471517770958968],[72.62532625326253,21.372565574093258],[72.89532895328955,20.672956182218087],[72.66852668526687,19.830994507132587],[72.78732787327874,19.362273574610768],[72.9889298892989,19.277209405375316],[72.81252812528126,19.29977745027452],[72.80172801728017,19.079305011643882],[72.83412834128342,18.975144804416814],[72.97092970929711,19.153953160156618],[73.0069300693007,19.020280894215205],[72.8737287372874,18.643568144743966],[73.47493474934751,16.05345099169743],[73.83133831338316,15.659378207688349],[73.95013950139503,15.074345043762946],[74.38214382143823,14.494519890198916],[74.94374943749438,12.564084049590505],[75.7249572495725,11.361033656117826],[76.34776347763477,9.921886792930437],[76.45936459364594,9.536494026190283],[76.24336243362433,9.927094803291794],[76.32616326163264,9.451429856954832],[76.5529655296553,8.902852765558919],[77.06417064170643,8.316083598179745],[77.51777517775179,8.078251125011263],[78.06138061380614,8.383787732877337],[78.19098190981913,8.890700741382432],[78.42138421384215,9.104229166197925],[78.97938979389795,9.269149494307456],[79.41139411394113,9.192765342340934],[79.0189901899019,9.333381622097491],[78.939789397894,9.566006084904615],[79.31419314193141,10.256935459510856],[79.839798397984,10.322903590754677],[79.83619836198363,11.269025473067245],[79.69219692196924,11.312425559411864],[80.3438034380344,13.360909634877615],[80.06300063000629,13.60568612186124],[80.1566015660157,13.71331833599588],[80.30780307803082,13.485901883550099],[80.05220052200525,15.074345043762946],[80.29340293402936,15.711458311301882],[80.64620646206464,15.895474677403044],[80.97740977409774,15.758330404554059],[81.2870128701287,16.336419554664317],[81.76221762217625,16.329475540849174],[82.25902259022592,16.56036400020251],[82.359823598236,17.096789067421938],[84.10584105841059,18.292895447079488],[84.7718477184772,19.12617710489606],[85.44145441454418,19.62614609958601],[85.18225182251825,19.59489803741789],[85.2470524705247,19.758082362073637],[85.50265502655026,19.88828262110748],[85.57465574655748,19.69211423082983],[86.28026280262804,19.919530683275596],[86.24426244262446,20.05320294921701],[86.37746377463776,20.00633085596482],[86.75186751867517,20.313603467284693],[86.97506975069751,20.700732237478647],[86.84186841868421,21.106957045664217],[86.95346953469533,21.365621560278115],[87.82467824678247,21.72671027866531],[88.15948159481593,22.122519066128177],[87.939879398794,22.37423956692693],[88.19548195481957,22.139879100666022],[88.12348123481235,21.6364380990685],[88.28908289082892,21.757958340833426],[88.58428584285843,21.6590061439677],[88.6418864188642,22.122519066128177],[88.74628746287465,21.584357995454965],[88.85788857888582,21.744070313203153],[89.05229052290525,21.653798133606358],[89.05229052290525,22.093007007413846],[88.92988929889299,23.1866891832981],[88.72468724687246,23.254393317995692],[88.56628566285661,23.67450615381155],[88.72468724687246,24.27516334882101],[88.02268022680227,24.62757204993926],[88.4546845468455,25.188301165511675],[88.95148951489517,25.25947730711684],[88.0838808388084,25.887910557386846],[88.44028440284404,26.368783514085152],[88.41868418684186,26.571895918177944],[88.82908829088291,26.252471282681597],[89.01989019890198,26.410447596975985],[89.3690936909369,26.005958792244186],[89.54909549095493,26.005958792244186],[89.67149671496713,26.214279206698336],[89.83349833498335,25.292461372738742],[90.43830438304383,25.157053103343543],[92.05112051120511,25.169205127520044],[92.46872468724689,24.94352467852805],[92.22752227522278,24.8810285541918],[91.87831878318786,24.195307189946917],[91.36711367113674,24.09288298617362],[91.16551165511657,23.580761967307183],[91.3167131671317,23.10509702097022],[91.43551435514354,23.200577210928373],[91.61911619116194,22.980104772297736],[91.9287192871929,23.68665817798805],[92.24552245522455,23.68318617108048],[92.57312573125733,21.978430779464063],[92.68832688326881,22.131199083397092],[92.96552965529656,22.004470831270822],[93.15273152731527,22.230151280262817],[93.07713077130774,22.717968250776266],[93.39033390333907,23.339457487231144],[93.32553325533257,24.06337092745929],[94.12834128341285,23.875882554450556],[94.70794707947078,25.049420889208903],[94.57834578345785,25.320237427999302],[95.13275132751329,26.040678861319876],[95.12915129151293,26.597935969984718],[96.19116191161913,27.261089289330414],[96.73116731167312,27.33226543093558],[97.10197101971022,27.115264999212513],[96.87516875168751,27.587457938641904],[97.3359733597336,27.938130636306383],[97.32157321573214,28.217627192365683],[96.60156601566018,28.46066767589552],[96.28116281162812,28.41205957918956],[96.579965799658,28.764468280307824],[96.4359643596436,29.050908850182267],[96.13716137161373,28.92244459460221],[96.35676356763571,29.248813243913702],[96.03636036360365,29.446717637645136],[95.38835388353885,29.037020822551995],[94.62154621546216,29.313045371703737],[93.76113761137611,28.729748211232135],[93.25353253532535,28.629060010912625],[92.54792547925479,27.879106518877705],[91.63351633516334,27.759322280566565],[91.59391593915939,27.55794587992756],[92.08352083520839,27.290601348044746],[91.99711997119971,26.85486448114483],[90.74070740707407,26.771536315363164],[90.34470344703448,26.88958455022052],[89.61029610296106,26.71945621174963],[88.85788857888582,26.960760691825683],[88.73908739087392,27.176025120094963],[88.89028890288904,27.31664139985152],[88.74988749887501,27.521489807398083],[88.80388803888042,28.00757077445776],[88.5770857708577,28.0926349436932],[88.10908109081089,27.870426501608776],[87.98307983079832,27.134361037204144],[88.1630816308163,26.724664222110988],[87.99387993879941,26.38267154171544],[85.79425794257946,26.604879983799847],[85.64665646656465,26.828824429338056],[85.19305193051929,26.76632830500182],[84.68544685446858,27.040616850699777],[84.60984609846099,27.299281365313675],[84.09144091440913,27.49197774868375],[83.28863288632886,27.37045750691884],[82.73422734227341,27.51975380394431],[82.67662676626765,27.674258111331127],[81.85221852218524,27.86695449470122],[80.07020070200701,28.83043641155163],[80.40140401404017,29.729686200612022],[81.00981009810101,30.163687064058152],[80.19260192601928,30.56817586878995],[80.14940149401497,30.790384310874373],[79.49419494194944,30.993496714967165],[79.10539105391052,31.40319353006032],[78.7417874178742,31.323337371186227],[78.73458734587348,31.958714635271363],[78.38898388983893,32.51944375084378],[78.7021870218702,32.597563906264085],[78.91818918189182,32.35799542964182],[79.22059220592206,32.50034771285215],[79.13419134191344,33.17218104946676],[78.80298802988028,33.500285702232034],[78.72738727387275,34.01414272455226],[78.96858968589686,34.3023192978805],[78.3277832778328,34.60611990229279],[78.04338043380437,35.47932963954641],[77.79857798577984,35.49668967408425],[77.04977049770497,35.10956090389031],[76.59616596165961,34.73632016132663],[75.71055710557107,34.50369569851951],[74.29934299342995,34.76583222004096],[73.96093960939609,34.652991995544966],[73.79533795337954,34.37870344984701],[73.97173971739718,34.23635116663668],[73.90333903339035,34.07490284543472],[74.25254252542527,33.946438589854665],[73.97533975339755,33.72075814086267],[74.15174151741519,33.50722971604718],[74.00414004140043,33.1895410840046],[74.35334353343535,32.769428248188746],[74.66294662946629,32.75727622401226],[74.68454684546847,32.493403699037],[75.33255332553327,32.27987527422151],[74.55494554945551,31.81809835551482],[74.63414634146343,31.035160797857998],[73.89973899738999,30.43450360284855],[73.80973809738097,30.092510922452988],[73.38133381333813,29.9345346081586],[72.90252902529025,29.028340805283065],[72.34092340923411,28.752316256131323],[71.86931869318695,27.962434684659357],[70.79650796507966,27.708978180406817],[70.40410404104043,28.024930808995606],[69.53649536495365,27.122209013027643],[69.50769507695077,26.742024256648833],[70.14850148501486,26.505927786934137],[70.10170101701019,25.910478602286034],[70.26370263702637,25.70736619819324],[70.6489064890649,25.66743811875621],[71.04491044910449,24.400155597493494],[70.71730717307173,24.238707276291535],[70.49050490504905,24.41230762166998],[69.80649806498067,24.165795131232585],[68.78048780487805,24.313355424804257],[68.72288722887231,23.964418730593565],[68.1648816488165,23.856786516458925]]],[[[93.8907389073891,6.831800645193965],[93.82233822338225,7.2362894499257635],[93.65673656736567,7.015817011295127],[93.82953829538297,6.748472479412314],[93.8907389073891,6.831800645193965]]],[[[92.50112501125011,10.555528053561801],[92.5119251192512,10.89752073395735],[92.35352353523535,10.75169644383945],[92.36792367923681,10.546848036292872],[92.50112501125011,10.555528053561801]]],[[[92.72432724327246,11.536370004950058],[93.06273062730628,13.544926000978776],[92.85752857528576,13.357437627970043],[92.7891278912789,12.225563376102528],[92.53352533525339,11.873154674984264],[92.72432724327246,11.536370004950058]]]]},"properties":{"name":"India","iso_a3":"IND"},"id":"356"},
{"type":"Feature","geometry":{"type":"Polygon","coordinates":[[[-15.543155431554311,66.22915881643195],[-16.248762487624873,66.52254340012152],[-16.486364863648618,66.19617475081003],[-17.15237152371523,66.20311876462517],[-17.55197551975519,65.96355028800289],[-18.2971829718297,66.15798267482677],[-18.142381423814243,65.73439783210335],[-18.84438844388444,66.18402272663354],[-19.384393843938426,66.0763905124989],[-19.48879488794887,65.76738189772524],[-20.20880208802089,66.10069456085188],[-20.45360453604536,65.5712135074476],[-20.80280802808028,65.6371816386914],[-21.13041130411304,65.26741290303531],[-21.65961659616596,65.72398181138064],[-21.375213752137512,65.74134184591847],[-21.40761407614076,66.02604641233916],[-22.426424264242627,66.43053521707094],[-22.944829448294485,66.42879921361717],[-23.11763117631176,66.33852703402036],[-22.484024840248395,66.26561488896141],[-22.94842948429485,66.21353478534786],[-22.440824408244083,65.9079981774818],[-23.45243452434525,66.18055071972597],[-23.43443434434343,66.02431040888536],[-23.776437764377647,66.01736639507021],[-23.524435244352446,65.88022212222126],[-23.834038340383387,65.84897406005311],[-23.286832868328673,65.75002186318741],[-24.093240932409316,65.77606191499416],[-23.85563855638557,65.53822944182568],[-24.47484474844748,65.52434141419542],[-23.898838988389883,65.40802918279184],[-22.901629016290144,65.57989352471651],[-21.84321843218433,65.4479572622289],[-22.509225092250915,65.19623676143013],[-21.778417784177833,65.18755674416121],[-21.80001800017999,65.10596458183335],[-21.828818288182873,65.07992453002657],[-21.89361893618937,65.04867646785846],[-24.024840248402484,64.8629240983035],[-23.81963819638196,64.7396678530848],[-22.466024660246603,64.79521996360592],[-22.160021600215998,64.5382914524458],[-21.59121591215913,64.62682762858881],[-22.05202052020519,64.31434700690758],[-21.461614616146164,64.37857913469762],[-22.055620556205554,64.07130652337776],[-22.700027000269984,64.08345854755424],[-22.653226532265307,63.828266039847904],[-21.152011520115195,63.94457827125149],[-20.651606516065158,63.73799386025112],[-20.414004140041385,63.80569799494873],[-20.198001980019797,63.55571349760373],[-18.653586535865344,63.40641720057826],[-14.927549275492737,64.31955501726895],[-13.599135991359901,65.03652444368197],[-13.570335703357017,65.06777250585009],[-13.55593555935559,65.0972845645644],[-13.559535595355953,65.12506061982498],[-13.753937539375386,65.19276475452256],[-13.642336423364242,65.27435691685045],[-13.804338043380426,65.35421307572452],[-13.617136171361722,65.51913340383405],[-14.473944739447376,65.57468551435517],[-14.391143911439116,65.78821393917067],[-14.826748267482657,65.76390989081767],[-14.69714697146972,66.02083840197778],[-15.118351183511834,66.12499860920485],[-14.59634596345964,66.38192712036496],[-15.543155431554311,66.22915881643195]]]},"properties":{"name":"Iceland","iso_a3":"ISL"},"id":"352"},
{"type":"Feature","geometry":{"type":"Polygon","coordinates":[[[22.131221312213142,48.40561135642608],[20.489604896048974,48.527131598191005],[19.89919899198992,48.131322810728136],[19.625596255962563,48.22333099377872],[18.790387903879036,48.001122551694294],[18.72558725587257,47.78759412687879],[17.760777607776078,47.77023409234093],[17.148771487714896,48.00633056205564],[17.065970659706608,47.70773796800469],[16.42156421564215,47.674753902382804],[16.677166771667714,47.53587362608002],[16.443164431644334,47.39872935323106],[16.453964539645398,47.006392572675736],[16.093960939609417,46.86404028946541],[16.51516515165153,46.499479564170656],[17.807578075780754,45.791190155026555],[18.35838358383586,45.752998079043294],[18.905589055890573,45.93180643478311],[19.6147961479615,46.169638907951594],[20.241202412024137,46.10887878706913],[21.12321123211234,46.282479132447605],[21.998019980199814,47.5046255639119],[22.876428764287652,47.947306444626975],[22.131221312213142,48.40561135642608]]]},"properties":{"name":"Hungary","iso_a3":"HUN"},"id":"348"},
{"type":"Feature","geometry":{"type":"Polygon","coordinates":[[[-83.1590315903159,14.99275288143508],[-83.6450364503645,15.367729627452533],[-83.49743497434974,15.221905337334633],[-84.0950409504095,15.40071369307445],[-83.97263972639726,15.518761927931791],[-83.76383763837639,15.405921703435794],[-84.26064260642606,15.822562532344094],[-84.97344973449734,15.98921886390741],[-85.48465484654847,15.898946684310602],[-85.9850598505985,16.0239389329831],[-86.35586355863558,15.782634452907047],[-86.90666906669067,15.76180241146163],[-87.70227702277022,15.911098708487103],[-88.22788227882279,15.728818345839727],[-89.17109171091711,15.039624974687257],[-89.17109171091711,14.607360114694913],[-89.3618936189362,14.416399734778608],[-88.48348483484834,13.853934615752422],[-88.15228152281523,13.987606881693836],[-87.8030780307803,13.890390688281897],[-87.81387813878139,13.399101710860876],[-87.48987489874898,13.352229617608685],[-87.33867338673386,12.978988875045019],[-87.0110701107011,13.00850093375935],[-86.73026730267303,13.284525482911093],[-86.73386733867338,13.763662436155627],[-86.33066330663306,13.77060644997077],[-86.03906039060391,14.05010300603007],[-85.7330573305733,13.85914262611378],[-85.17865178651786,14.343487589719658],[-84.98424984249843,14.753184404812814],[-84.4550445504455,14.643816187224388],[-83.1590315903159,14.99275288143508]]]},"properties":{"name":"Honduras","iso_a3":"HND"},"id":"340"},
{"type":"Feature","geometry":{"type":"Polygon","coordinates":[[[-71.77931779317792,19.71815428263659],[-72.87732877328773,19.928210700544525],[-73.39933399333992,19.8066904587796],[-73.39573395733957,19.659130165207912],[-72.70452704527045,19.44039373003106],[-72.81252812528125,19.07236099782874],[-72.37692376923769,18.574128006592588],[-72.79092790927909,18.435247730289817],[-74.22734227342274,18.662664182735597],[-74.47934479344794,18.44913575792009],[-73.88533885338853,18.041174946280734],[-73.3849338493385,18.251231364188655],[-72.06012060120601,18.228663319289453],[-71.76851768517685,18.039438942826948],[-71.76131761317613,18.34150354378545],[-71.99891998919989,18.59843205494556],[-71.74331743317433,18.732104320886975],[-71.80811808118081,18.9872968285933],[-71.64611646116461,19.16436918087932],[-71.77931779317792,19.71815428263659]]]},"properties":{"name":"Haiti","iso_a3":"HTI"},"id":"332"},
{"type":"Feature","geometry":{"type":"Polygon","coordinates":[[[-60.74160741607416,5.201693402090285],[-60.14040140401404,5.23814947461976],[-59.98919989199892,5.08364516723293],[-60.147601476014756,4.5333320723832315],[-59.70479704797047,4.380563768450202],[-59.54999549995499,3.9344108808275706],[-59.85599855998559,3.587210190070664],[-59.99279992799927,2.6896964044640583],[-59.75519755197551,2.274791579009559],[-59.74079740797407,1.8737747811853183],[-59.229592295922956,1.3755417899491675],[-58.78678786787867,1.2088854583858506],[-58.513185131851316,1.2852696103523726],[-58.34038340383404,1.5873342113108748],[-58.034380343803434,1.5196300766132822],[-57.317973179731794,1.9640469607821274],[-56.48276482764827,1.941478915882925],[-56.7059670596706,2.0369591058410776],[-57.19557195571956,2.8528807291198035],[-57.30357303573035,3.3771537721627283],[-57.645576455764555,3.394513806700587],[-58.05598055980559,4.101067212390888],[-57.87957879578795,4.880532763140138],[-57.332373323733236,5.0194130394429095],[-57.19557195571956,5.548894092847192],[-57.22797227972279,6.1790633465709845],[-57.983979839798394,6.786664555395575],[-58.4159841598416,6.850896683185596],[-58.67158671586715,6.390855767932692],[-58.50958509585095,7.397737771127723],[-59.20079200792007,8.074779118103692],[-60.01800018000179,8.548708060986868],[-59.84879848798488,8.248379463482152],[-60.72000720007199,7.536618047430494],[-60.63360633606335,7.2102493981189895],[-60.3240032400324,7.133865246152482],[-60.35280352803528,7.00366498711864],[-61.14481144811448,6.694656372344994],[-61.13041130411304,6.213783415646674],[-61.389613896138954,5.939494869948717],[-60.74160741607416,5.201693402090285]]]},"properties":{"name":"Guyana","iso_a3":"GUY"},"id":"328"},
{"type":"Feature","geometry":{"type":"MultiPolygon","coordinates":[[[[-16.713167131671298,12.354027631682584],[-16.24516245162451,12.237715400279015],[-16.327963279632797,12.051963030724067],[-15.921159211592112,11.937386802774299],[-15.942759427594268,11.78635450229504],[-15.078750787507857,11.968634864942416],[-15.503555035550363,11.723858377958791],[-15.071550715507158,11.597130125832521],[-15.478354783547843,11.409641752823788],[-15.222752227522278,11.031192999898764],[-15.053550535505337,11.142297220940975],[-15.042750427504274,10.940920820301969],[-14.682746827468264,11.508593949689512],[-13.73233732337323,11.736010402135292],[-13.739537395373958,12.010298947833249],[-13.948339483394818,12.215147355379813],[-13.70713707137071,12.312363548791751],[-13.728737287372866,12.67345226717893],[-15.197551975519758,12.680396280994074],[-15.57555575555756,12.491171904531555],[-16.713167131671298,12.354027631682584]]],[[[-16.115561155611545,11.05896905515931],[-16.06876068760687,11.19784933146208],[-16.23796237962378,11.112785162226643],[-16.115561155611545,11.05896905515931]]],[[[-15.90315903159032,11.465193863344894],[-15.964359643596424,11.598866129286307],[-16.021960219602192,11.477345887521395],[-15.90315903159032,11.465193863344894]]],[[[-15.98595985959858,11.881834692253193],[-16.147961479614793,11.845378619723718],[-16.039960399603984,11.760314450488266],[-15.98595985959858,11.881834692253193]]]]},"properties":{"name":"Guinea-Bissau","iso_a3":"GNB"},"id":"624"},
{"type":"Feature","geometry":{"type":"Polygon","coordinates":[[[-10.283502835028344,8.484475933196848],[-9.783097830978306,8.538292040264167],[-9.51669516695165,8.345595656894076],[-9.369093690936893,7.703274378993811],[-9.462694626946274,7.415097805665567],[-9.117091170911692,7.215457408480347],[-8.890288902889012,7.2623295017325376],[-8.659886598865995,7.687650347909738],[-8.48708487084869,7.559186092329682],[-8.231482314823154,7.557450088875896],[-8.008280082800809,8.078251125011263],[-8.256682566825674,8.253587473843496],[-8.238682386823854,8.454963874482516],[-7.680676806768048,8.409827784684111],[-7.720277202772024,8.642452247491235],[-7.950679506795069,8.78654053415535],[-7.777877778777793,9.081661121298723],[-7.896678966789665,9.416709787879142],[-8.137881378813773,9.496565946753236],[-8.155881558815594,9.973966896543985],[-7.990279902799017,10.16319127300649],[-8.267482674826738,10.486087915410423],[-8.33588335883357,10.991264920461717],[-8.667086670866695,11.008624954999561],[-8.397083970839702,11.366241666479183],[-8.82188821888218,11.673514277799043],[-9.041490414904132,12.402635728388546],[-9.394293942939413,12.465131852724795],[-9.35829358293583,12.25507543481686],[-9.754297542975422,12.02939498582488],[-10.276302763027616,12.213411351926027],[-10.675906759067573,11.899194726791038],[-10.931509315093138,12.204731334657112],[-11.305913059130575,12.015506958194592],[-11.5039150391504,12.197787320841968],[-11.388713887138863,12.404371731842332],[-12.40032400324003,12.340139604052311],[-13.06273062730628,12.48943590107777],[-13.084330843308436,12.633524187741898],[-13.728737287372866,12.67345226717893],[-13.70713707137071,12.312363548791751],[-13.948339483394818,12.215147355379813],[-13.739537395373958,12.010298947833249],[-13.73233732337323,11.736010402135292],[-14.682746827468264,11.508593949689512],[-15.042750427504274,10.940920820301969],[-15.01395013950139,10.803776547452983],[-14.887948879488789,10.968696875562514],[-14.675546755467536,10.689200319503215],[-14.592745927459276,10.767320474923508],[-14.4271442714427,10.248255442241941],[-13.689136891368918,9.927094803291794],[-13.692736927369282,9.536494026190283],[-13.437134371343717,9.420181794786714],[-13.293132931329296,9.04867705567682],[-13.026730267302668,9.104229166197925],[-12.429124291242914,9.897582744577463],[-11.273512735127355,9.996534941443173],[-10.690306903069029,9.31428558410586],[-10.747907479074797,9.09554914892901],[-10.499504995049932,8.68758833728964],[-10.711907119071185,8.335179636171375],[-10.283502835028344,8.484475933196848]]]},"properties":{"name":"Guinea","iso_a3":"GIN"},"id":"324"},
{"type":"Feature","geometry":{"type":"Polygon","coordinates":[[[-92.23472234722347,14.544863990358664],[-91.37791377913778,13.989342885147622],[-90.09630096300963,13.735886380895067],[-89.54549545495455,14.241063385946376],[-89.57429574295743,14.390359682971848],[-89.3618936189362,14.416399734778608],[-89.17109171091711,14.607360114694913],[-89.17109171091711,15.039624974687257],[-88.22788227882279,15.728818345839727],[-88.5950859508595,15.95102678792415],[-88.60228602286023,15.763538414915416],[-88.89388893888939,15.890266667041686],[-89.23589235892359,15.893738673949258],[-89.16029160291603,17.81549449728874],[-90.9891098910989,17.817230500742525],[-90.99270992709927,17.253029378262553],[-91.41031410314103,17.25650138517011],[-90.41670416704167,16.390235661731637],[-90.44550445504454,16.072547029689062],[-91.7379173791738,16.070811026235276],[-92.20592205922058,15.275721444401952],[-92.07632076320763,15.074345043762946],[-92.23472234722347,14.544863990358664]]]},"properties":{"name":"Guatemala","iso_a3":"GTM"},"id":"320"},
{"type":"Feature","geometry":null,"properties":{"name":"Grenada","iso_a3":"GRD"},"id":"308"},
{"type":"Feature","geometry":{"type":"MultiPolygon","coordinates":[[[[20.61200612006121,38.383663417727945],[20.56160561605617,38.475671600778526],[20.35280352803528,38.18055101363515],[20.759607596075966,38.07118279604671],[20.61200612006121,38.383663417727945]]],[[[20.88920889208893,37.805574267617686],[20.619206192061938,37.85418236432366],[20.817208172081735,37.66495798786114],[20.993609936099375,37.70835807420576],[20.88920889208893,37.805574267617686]]],[[[20.68760687606877,38.60934386671994],[20.6948069480695,38.84370433298085],[20.55440554405544,38.583303814913165],[20.68760687606877,38.60934386671994]]],[[[20.079200792007924,39.432209503813795],[19.92439924399244,39.77420218420937],[19.64719647196472,39.76725817039423],[20.079200792007924,39.432209503813795]]],[[[23.416434164341638,38.95828056093063],[22.869228692286924,38.86974438478762],[24.03924039240394,38.39060743154309],[24.536045360453613,37.97917461299615],[24.590045900459018,38.12326289966026],[24.276842768427684,38.220479093072186],[24.129241292412928,38.64927194615697],[23.416434164341638,38.95828056093063]]],[[[24.773647736477386,40.614427855841086],[24.622446224462266,40.793236211580876],[24.514445144451457,40.647411921462975],[24.773647736477386,40.614427855841086]]],[[[27.174871748717493,35.465441611916134],[27.22167221672217,35.82132231994197],[27.07047070470705,35.59737787440376],[27.174871748717493,35.465441611916134]]],[[[25.54765547655478,36.96708459943976],[25.526055260552624,37.196237055339324],[25.360453604536048,37.07124480666684],[25.54765547655478,36.96708459943976]]],[[[26.825668256682576,37.810782277979044],[26.580865808658103,37.72398210528982],[27.05607056070562,37.71009407765955],[26.825668256682576,37.810782277979044]]],[[[26.094860948609494,38.218743089618414],[26.159661596615962,38.53990372856856],[25.846458464584657,38.57462379764425],[25.893258932589333,38.24304713797139],[26.094860948609494,38.218743089618414]]],[[[26.411664116641163,39.32978530004053],[25.842858428584293,39.199585041006685],[26.073260732607338,39.09542483377962],[26.2748627486275,39.197849037552885],[26.10926109261092,39.08153680614933],[26.46926469264693,38.97216858856089],[26.59526595265953,39.04855274052741],[26.411664116641163,39.32978530004053]]],[[[25.436054360543608,39.98252259866351],[25.058050580505807,39.99988263320134],[25.06165061650617,39.852322339629666],[25.356853568535684,39.80892225328506],[25.436054360543608,39.98252259866351]]],[[[27.844478444784443,35.92895453407661],[28.233282332823336,36.434131539127904],[27.714877148771507,36.17199501760645],[27.844478444784443,35.92895453407661]]],[[[23.852038520385207,35.53488175006751],[23.7368373683737,35.65466598837865],[23.571235712357122,35.53488175006751],[23.59283592835928,35.257121197461984],[24.464044640446417,35.15990500405006],[24.798847988479906,34.934224555058066],[26.16686166861669,35.0192887242935],[26.321663216632174,35.314409311436876],[25.792457924579253,35.123448931520585],[25.73125731257312,35.349129380512565],[24.312843128431297,35.36301740814285],[24.16524165241654,35.595641870949976],[23.852038520385207,35.53488175006751]]],[[[26.321663216632174,41.716790048994255],[26.0840608406084,41.70463802481777],[26.06606066060661,41.35049332024573],[25.25245252452524,41.242861106111064],[24.489244892448937,41.555341727792296],[22.9160291602916,41.336605292615445],[22.602826028260296,41.1404369023378],[21.99441994419945,41.13175688506888],[21.5768157681577,40.8696203635474],[20.96480964809649,40.85052432555577],[21.02961029610296,40.62310787311],[20.658806588065886,40.11793086805869],[20.30960309603097,39.979050591755936],[20.248402484024837,39.67872199425122],[20,39.70997005641934],[20.71280712807129,39.034664712897154],[21.119611196111975,39.02945670253578],[21.112411124111247,38.8957844365944],[20.766807668076694,38.874952395148966],[21.184411844118443,38.345471341744684],[21.3320133201332,38.48782362495501],[21.472414724147256,38.32116729339171],[22.42282422824229,38.439215528249036],[23.15003150031501,38.17534300327381],[22.919629196291964,37.95834257155073],[21.825218252182538,38.328111307206825],[21.404014040140396,38.19617504471921],[21.12321123211234,37.892374440306924],[21.67761677616778,37.387197435255615],[21.5840158401584,37.08166082738954],[21.89361893618937,36.737932143540206],[22.080820808208102,37.02958072377601],[22.426424264242655,36.47579562201874],[22.718027180271804,36.79348425406131],[23.1608316083161,36.44801956675819],[22.725227252272532,37.541701742642445],[23.1608316083161,37.333381328188295],[23.488434884348862,37.441013542322935],[23.0348303483035,37.87848641267664],[23.50283502835029,38.03472672351725],[24.02124021240212,37.67711001203763],[24.024840248402484,38.14062293419812],[23.254432544325454,38.66142397033346],[22.570425704257048,38.86800838133382],[23.06723067230672,39.038136719804726],[22.919629196291964,39.305481251687524],[23.1608316083161,39.25860915843535],[23.153631536315373,39.10063284414096],[23.32643326433265,39.17528099265368],[22.592025920259204,40.03633870573083],[22.628026280262816,40.49637962098373],[22.92322923229233,40.590123807488084],[22.89802898028981,40.39916342757181],[23.62883628836289,39.923498481234816],[23.42723427234273,40.26375515817659],[23.94563945639456,39.96516256412565],[23.72963729637297,40.3297232894204],[24.34164341643418,40.14744292677304],[23.866438664386664,40.41825946556341],[23.76203762037622,40.74810012178247],[25.104851048510483,40.994612612219896],[26.037260372603726,40.72726808033707],[26.624066240662415,41.40257342385925],[26.321663216632174,41.716790048994255]]]]},"properties":{"name":"Greece","iso_a3":"GRC"},"id":"300"},
{"type":"Feature","geometry":{"type":"Polygon","coordinates":[[[-0.07020070200701412,11.116257169134201],[-0.30060300603005885,11.166601269293963],[-0.6282062820628198,10.927032792671696],[-2.83142831428313,10.99820893427686],[-2.9142291422914184,10.591984126091276],[-2.694626946269466,9.480941915669177],[-2.74862748627487,9.045205048769247],[-2.507425074250733,8.208451384045105],[-2.788227882278818,7.932426834893363],[-3.234632346323451,6.807496596840977],[-2.9970299702997067,5.712078417502937],[-2.75582755827557,5.432581861443623],[-2.817028170281702,5.153085305384323],[-3.0186301863018628,5.130517260485121],[-3.087030870308695,5.128781257031335],[-3.112231122311215,5.088853177594288],[-2.0034200342003317,4.762484528282798],[0.2610026100261109,5.757214507301342],[0.948609486094881,5.811030614368661],[1.1862118621186255,6.08879116697419],[0.7362073620736282,6.453351892268941],[0.5238052380523754,6.850896683185596],[0.635406354063548,7.354337684783118],[0.49860498604985537,7.547034068153195],[0.6858068580685881,8.354275674163006],[0.372603726037255,8.758764478894804],[0.5274052740527395,9.399349753341298],[0.23220232202322677,9.463581881131319],[0.37980379803798314,10.291655528586546],[-0.08460084600844198,10.673576288419142],[-0.07020070200701412,11.116257169134201]]]},"properties":{"name":"Ghana","iso_a3":"GHA"},"id":"288"},
{"type":"Feature","geometry":{"type":"MultiPolygon","coordinates":[[[[9.523895238952406,47.52372160190353],[9.970299702997039,47.5046255639119],[10.182701827018263,47.27894511491991],[10.438304383043828,47.55149765716408],[11.04311043110431,47.39352134286969],[12.209522095220962,47.71815398872741],[13.015930159301604,47.47858551210513],[12.760327603276039,48.107018762375134],[13.375933759337613,48.362211270081474],[13.487534875348757,48.582683708712096],[13.72513725137253,48.542755629275064],[13.815138151381518,48.76670007481326],[12.681126811268115,49.414229363074895],[12.09072090720909,50.301327127958785],[12.277922779227794,50.18154288964766],[12.547925479254786,50.393335311009366],[12.943929439294408,50.40722333863965],[14.36954369543696,50.898512316060675],[14.31914319143192,51.03739259236343],[14.808748087480893,50.85858423662364],[15.017550175501754,51.25265702063271],[14.599945999460004,51.83248217419677],[14.617946179461796,52.528619559164355],[14.128341283412851,52.87755625337505],[14.412744127441272,53.216076926863025],[14.257942579425787,53.72993394918325],[13.865538655386558,53.853190194401975],[13.72513725137253,54.15351879190669],[12.57672576725767,54.467735417041695],[11.399513995139955,53.945198377452556],[10.855908559085606,54.00943050524256],[11.014310143101426,54.379199240898686],[9.869498694986959,54.47294342740304],[10.02070020700208,54.67431982804206],[9.739897398973994,54.8253521285213],[8.670686706867087,54.903472283941596],[8.958689586895872,54.538911558646845],[8.627486274862747,54.35315918909191],[8.908289082890832,54.26115100604133],[8.919089190891924,53.96603041889796],[9.311493114931153,53.85839820476332],[9.783097830978306,53.55459760035103],[9.207092070920709,53.85666220130952],[8.620286202862047,53.87575823930115],[8.494284942849447,53.39488528260284],[8.332283322833234,53.60667770396455],[8.109081090810918,53.46779742766179],[8.008280082800837,53.690005869746216],[7.284672846728483,53.6813258524773],[7.198271982719831,53.28204505810686],[7.032670326703283,52.65187580438305],[6.705067050670522,52.59805969731573],[7.036270362703647,52.38105926559268],[6.798667986679874,51.967890443591955],[5.9490594905949195,51.802970115482424],[6.197461974619756,51.45056141436416],[6.129061290612924,51.14676080995187],[5.859058590585903,51.03044857854832],[5.9922599225992315,50.750952022489],[6.341463414634148,50.45235942843806],[6.118261182611832,50.120782768765196],[6.489064890648905,49.79788612636128],[6.3450634506345125,49.452421439058156],[6.733867338673406,49.160772858822355],[8.134281342813438,48.97328448581362],[7.615876158761608,48.15736286253488],[7.615876158761608,47.59316174005491],[8.42948429484295,47.59142573660114],[8.573485734857343,47.7754421027023],[9.523895238952406,47.52372160190353]]],[[[13.710737107371074,54.38267124780626],[13.336333363333637,54.69688787294126],[13.18873188731888,54.325383133831366],[13.415534155341561,54.248998981864844],[13.710737107371074,54.38267124780626]]],[[[14.211142111421111,53.9504063878139],[13.82593825938261,54.12747874009992],[13.92673926739269,53.87923024620872],[14.214742147421475,53.870550228939805],[14.211142111421111,53.9504063878139]]],[[[8.307083070830714,54.78716005253804],[8.631086310863111,54.89132025976511],[8.37908379083791,54.90000027703405],[8.451084510845106,55.05450458442087],[8.307083070830714,54.78716005253804]]]]},"properties":{"name":"Germany","iso_a3":"DEU"},"id":"276"},
{"type":"Feature","geometry":{"type":"Polygon","coordinates":[[[43.439834398344004,41.10745283671588],[45.00225002250022,41.29146920281704],[45.27945279452794,41.44944551711143],[46.53586535865358,41.08835679872425],[46.67266672666727,41.2862611924557],[46.18306183061833,41.65776593156559],[46.431464314643165,41.8903903943727],[45.63945639456395,42.204607019507705],[45.70425704257045,42.497991603197306],[44.872648726487284,42.75665611781119],[44.771847718477204,42.61603983805466],[44.50544505445055,42.747976100542274],[43.825038250382505,42.57090374825626],[43.78183781837819,42.746240097088474],[42.75942759427596,43.16982493981192],[41.58221582215822,43.218433036517894],[40.649806498064976,43.53438566510667],[40.14940149401494,43.56910573418236],[39.97659976599766,43.419809437156886],[41.488614886148866,42.659439924399265],[41.76221762217622,41.970246553246795],[41.51021510215102,41.517149651809035],[42.467824678246785,41.43902949638874],[42.7558275582756,41.57964577614527],[43.439834398344004,41.10745283671588]]]},"properties":{"name":"Georgia","iso_a3":"GEO"},"id":"268"},
{"type":"Feature","geometry":{"type":"Polygon","coordinates":[[[-16.561965619656178,13.58659008386961],[-16.353163531635317,13.34354960033977],[-15.427954279542803,13.468541849012254],[-16.41436414364142,13.268901451827034],[-16.669966699666986,13.475485862827398],[-16.82476824768247,13.341813596885984],[-16.76356763567634,13.064053044280456],[-15.83475834758346,13.156061227331037],[-15.813158131581304,13.32445356234814],[-15.287552875528746,13.395629703953304],[-15.150751507515082,13.557078025155263],[-14.247142471424695,13.23591738620513],[-13.825938259382582,13.407781728129791],[-15.107551075510742,13.81227053286159],[-15.510755107551063,13.58659008386961],[-16.561965619656178,13.58659008386961]]]},"properties":{"name":"Gambia","iso_a3":"GMB"},"id":"270"},
{"type":"Feature","geometry":{"type":"Polygon","coordinates":[[[13.293132931329325,2.161951354513562],[11.557915579155804,2.3025676342701047],[11.349113491134915,2.299095627362533],[11.327513275132759,2.1671593648749052],[11.334713347133487,1.0005650439317009],[9.592295922959238,1.0318131060998184],[9.617496174961758,0.5769802012082721],[9.495094950949522,0.6655163773512811],[9.32589325893261,0.5526761528552981],[9.545495454954562,0.2957476416951863],[10.002700027000287,0.1950594413756761],[9.797497974979763,0.044027140896417905],[9.354693546935465,0.3443557384011484],[9.297092970929725,-0.35178164656645095],[8.947889478894808,-0.6885663166006566],[8.703087030870307,-0.5913501231887182],[9.063090630906316,-1.2979035288790186],[9.347493474934765,-1.3256795841395785],[9.297092970929725,-1.5149039606020978],[9.50229502295025,-1.5548320400391304],[9.318693186931881,-1.6312161920056525],[9.037890378903796,-1.308319549601734],[9.264692646926477,-1.8256485788295294],[9.48429484294843,-1.8950887169809079],[9.30069300693009,-1.903768734249823],[9.624696246962486,-2.3672816564102988],[10.060300603006027,-2.5495620190576744],[9.721897218972202,-2.467969856729809],[11.129511295112962,-3.9157967371861133],[11.5039150391504,-3.5199879497232303],[11.878318783187837,-3.665812239841131],[11.935919359193605,-3.318611549084224],[11.536315363153648,-2.836002588932132],[11.60471604716048,-2.3429776080573106],[12.447124471244706,-2.3308255838808236],[12.432724327243278,-1.9280727826028112],[12.62712627126271,-1.8291205857371011],[12.990729907299084,-2.313465549342979],[13.465934659346601,-2.3950577116708587],[13.73233732337323,-2.138129200510747],[13.995139951399523,-2.490537901628997],[14.383943839438388,-1.8898807066195502],[14.473944739447404,-0.5739900886508735],[13.85833858338583,-0.20248534954097863],[13.948339483394847,0.3530357556700636],[14.322743227432284,0.6238522944604625],[14.430744307443092,0.9016128470659908],[14.182341823418227,1.3703337795878099],[13.18873188731888,1.280061599991015],[13.293132931329325,2.161951354513562]]]},"properties":{"name":"Gabon","iso_a3":"GAB"},"id":"266"},
{"type":"Feature","geometry":{"type":"MultiPolygon","coordinates":[[[[9.480694806948065,42.805264214517166],[9.361893618936193,43.01705663587887],[9.315093150931517,42.713256031466585],[8.81468814688148,42.60735982078572],[8.566285662856643,42.35737532344075],[8.807488074880752,41.588325793414214],[9.185491854918553,41.38521338932142],[9.556295562955626,42.1612069331631],[9.480694806948065,42.805264214517166]]],[[[7.615876158761608,47.59316174005491],[7.615876158761608,48.15736286253488],[8.134281342813438,48.97328448581362],[6.733867338673406,49.160772858822355],[6.3450634506345125,49.452421439058156],[5.790657906579071,49.53748560829359],[4.86904869048692,49.78747010563856],[4.81864818648188,50.15376683438711],[4.5450454504545235,49.96107045101704],[4.149041490414902,49.97148647173972],[4.174241742417422,50.245775017437694],[3.688236882368841,50.30653513832016],[3.1086310863108793,50.77872807774955],[2.7594275942759623,50.750952022489],[2.5254252542525535,51.09641670979212],[1.672216722167235,50.884624288430416],[1.5930159301593108,50.25271903125284],[1.2438124381243938,49.9975265235465],[0.1854018540185507,49.702405936403125],[0.1278012780127824,49.507973549579276],[0.41580415804159543,49.448949432150584],[-0.16380163801636627,49.29618112821754],[-1.139411394113921,49.38818931126812],[-1.2582125821258217,49.67983789150392],[-1.8558185581855753,49.683309898411494],[-1.3770137701376939,48.652123846863475],[-2.691026910269102,48.53754761891372],[-3.231032310323087,48.84134822332601],[-4.721447214472136,48.53928362236749],[-4.7178471784717715,48.363947273535246],[-4.242642426424254,48.30318715265278],[-4.577445774457743,48.289299125022524],[-4.329043290432907,48.1695148867114],[-4.6782467824678236,48.039314627677555],[-4.311043110431086,47.822314195954476],[-2.788227882278818,47.62614580567683],[-2.428224282242809,47.47164149829001],[-2.503825038250369,47.311929180541824],[-1.7442174421744028,47.21644899058367],[-2.197821978219764,47.16263288351635],[-2.0610206102061,46.81022418239809],[-1.7874178741787432,46.515103595254715],[-1.1466114661146491,46.31199119116192],[-1.031410314103141,45.74084605486681],[-1.1970119701196893,45.71480600306006],[-0.790207902079004,45.46829351262264],[-0.5490054900548955,45.00130858355459],[-1.0818108181081811,45.53252564041267],[-1.2438124381243654,44.666259916974184],[-1.078210782107817,44.69056396532716],[-1.4850148501485023,43.563897723821015],[-1.794617946179443,43.4076574129804],[-1.409414094140942,43.239265077963296],[-1.4598145981459822,43.05177670495456],[-0.5850058500585078,42.79832020070202],[0.5166051660516757,42.68547997620604],[0.7650076500765124,42.838248280139055],[1.427414274142734,42.59520779660923],[1.7046170461704548,42.50319961355865],[2.032220322203216,42.35390331653318],[3.2130321303213236,42.4302874684997],[3.051030510305111,42.91463243210558],[3.9114391143911575,43.563897723821015],[4.710647106471072,43.37293734390471],[5.059850598505989,43.44411348550986],[6.114661146611468,43.07260874639999],[7.3782737827378355,43.73229005883812],[7.439474394743968,43.74965009337595],[7.493474934749344,43.76701012791381],[7.637476374763764,44.16455491883045],[6.899468994689954,44.33641926075512],[6.993069930699306,44.82770823817614],[6.6330663306633255,45.069012718252196],[7.147871478714791,45.38149333993343],[6.791467914679146,45.74084605486681],[7.02187021870219,45.92659842442177],[6.759067590675926,46.41615139838899],[5.9706597065970755,46.21477499775],[6.967869678696786,47.45254546029838],[7.615876158761608,47.59316174005491]]],[[[55.798757987579876,-21.340063402821514],[55.66195661956621,-20.906062539375384],[55.312753127531295,-20.904326535921598],[55.363153631536335,-21.274095271577707],[55.798757987579876,-21.340063402821514]]],[[[-60.8280082800828,14.494519890198916],[-60.92880928809288,14.7549204082666],[-61.21321213212131,14.848664594770966],[-61.06201062010619,14.46674383493837],[-60.8280082800828,14.494519890198916]]],[[[-61.328413284132836,16.23052334398345],[-61.17361173611735,16.256563395790224],[-61.47241472414724,16.506547893135192],[-61.52281522815228,16.228787340529664],[-61.328413284132836,16.23052334398345]]],[[[-61.591215912159115,16.006578898445255],[-61.55161551615515,16.270451423420496],[-61.74961749617496,16.355515592655948],[-61.76041760417604,16.06213100896636],[-61.591215912159115,16.006578898445255]]],[[[-54.617946179461796,2.326871682623093],[-54.12834128341282,2.120287271622729],[-53.76833768337683,2.3546477378836386],[-52.90432904329043,2.21229545467331],[-51.651516515165156,4.061139132953841],[-51.827918279182796,4.635756276156528],[-52.00432004320042,4.352787713189642],[-52.05832058320583,4.717348438484393],[-52.220322203222025,4.863172728602294],[-52.32472324723247,4.771164545551713],[-52.29232292322922,4.9430288874763875],[-52.90072900729007,5.425637847628494],[-53.84753847538475,5.781518555654316],[-54.15714157141571,5.359669716384673],[-54.481144811448104,4.837132676795534],[-54.351543515435154,4.054195119138711],[-54.00954009540095,3.448329913767907],[-54.19674196741967,2.8181606600441143],[-54.617946179461796,2.326871682623093]]]]},"properties":{"name":"France","iso_a3":"FRA"},"id":"250"},
{"type":"Feature","geometry":null,"properties":{"name":"St. Pierre and Miquelon","iso_a3":"SPM"},"id":"666"},
{"type":"Feature","geometry":null,"properties":{"name":"Wallis and Futuna Is.","iso_a3":"WLF"},"id":"876"},
{"type":"Feature","geometry":null,"properties":{"name":"St-Martin","iso_a3":"MAF"},"id":"663"},
{"type":"Feature","geometry":null,"properties":{"name":"St-Barthélemy","iso_a3":"BLM"},"id":"652"},
{"type":"Feature","geometry":{"type":"MultiPolygon","coordinates":[[[[-149.32049320493206,-17.689248139512628],[-149.3780937809378,-17.52259180794931],[-149.63369633696337,-17.564255890840144],[-149.57969579695796,-17.734384229311033],[-149.180091800918,-17.86284848489109],[-149.32049320493206,-17.689248139512628]]],[[[-139.02439024390245,-9.69495223483483],[-139.13239132391323,-9.828624500776243],[-138.82638826388262,-9.74182432808702],[-139.02439024390245,-9.69495223483483]]],[[[-140.0720007200072,-8.910278673724221],[-140.05760057600577,-8.800910456135796],[-140.2412024120241,-8.797438449228224],[-140.0720007200072,-8.910278673724221]]]]},"properties":{"name":"Fr. Polynesia","iso_a3":"PYF"},"id":"258"},
{"type":"Feature","geometry":{"type":"MultiPolygon","coordinates":[[[[164.2030420304203,-20.24638122693726],[164.0590405904059,-20.142221019710192],[164.1706417064171,-20.48074169319817],[164.9266492664927,-21.289719302661766],[166.46746467464675,-22.25667322641975],[166.97146971469715,-22.32264135766357],[166.9426694266943,-22.090016894856433],[165.6610566105661,-21.267151257762563],[165.19305193051935,-20.7689182665264],[164.2030420304203,-20.24638122693726]]],[[[168.01188011880117,-21.43033558241831],[167.81387813878138,-21.392143506435048],[167.9650796507965,-21.64212800378003],[168.11988119881198,-21.616087951973256],[168.01188011880117,-21.43033558241831]]],[[[167.39987399874002,-21.16125504708171],[167.29907299072994,-20.732462193996923],[167.05427054270547,-20.720310169820436],[167.19107191071913,-20.803638335602088],[167.07227072270723,-20.998070722425965],[167.39987399874002,-21.16125504708171]]]]},"properties":{"name":"New Caledonia","iso_a3":"NCL"},"id":"540"},
{"type":"Feature","geometry":{"type":"MultiPolygon","coordinates":[[[[69.18369183691837,-49.10917464955899],[69.00369003690037,-48.66128575848258],[68.76968769687699,-49.065774563214376],[68.81648816488166,-49.69941582384573],[69.15489154891549,-49.529287485374844],[70.12330123301234,-49.704623834207084],[70.24930249302494,-49.53102348882863],[69.98649986499865,-49.58136758898838],[69.75969759697597,-49.43033528850913],[70.3861038610386,-49.4338072954167],[70.55530555305555,-49.20118283260957],[70.32130321303214,-49.05883054939923],[69.54369543695438,-49.25499893967689],[69.40329403294035,-49.18208679461794],[69.64449644496446,-49.11785466682791],[69.59409594095942,-48.97029437325622],[69.18369183691837,-49.10917464955899]]],[[[69.28089280892809,-49.05883054939923],[69.36729367293674,-48.89043821438214],[69.16569165691658,-48.883494200567],[69.28089280892809,-49.05883054939923]]]]},"properties":{"name":"Fr. S. Antarctic Lands","iso_a3":"ATF"},"id":"260"},
{"type":"Feature","geometry":{"type":"Polygon","coordinates":[[[19.989199891998936,60.35105112191749],[19.686796867968695,60.26772295613583],[19.79839798397984,60.081970586580894],[20.25920259202593,60.260778942320684],[19.989199891998936,60.35105112191749]]]},"properties":{"name":"Åland","iso_a3":"ALA"},"id":"248"},
{"type":"Feature","geometry":{"type":"Polygon","coordinates":[[[24.154441544415448,65.8055739737085],[24.629646296462965,65.85939008077582],[24.67644676446764,65.67016570431332],[25.34605346053462,65.47920532439701],[25.256052560525603,65.14242065436281],[25.33885338853389,65.0990205680182],[25.36405364053641,65.06430049894252],[25.37125371253714,65.0087483884214],[25.22725227252272,64.9514602744465],[25.28845288452885,64.86118809484972],[24.55764557645577,64.80042797396726],[23.600036000360006,64.04005846120964],[22.5308253082531,63.647721680654314],[22.318423184231847,63.31093701062014],[21.544415444154453,63.20504079993927],[21.65241652416526,63.04012047182974],[21.144811448114496,62.73979187432502],[21.605616056160557,61.59229359137342],[21.436414364143644,60.59582760890112],[22.584825848258504,60.38056318063184],[22.46242462424624,60.029890482967346],[22.912429124291236,60.210434842160936],[23.196831968319685,60.02121046569843],[23.020430204302045,59.81636205815184],[25.75645756457564,60.26772295613583],[26.57006570065701,60.625339667615435],[26.534065340653427,60.41354724625373],[27.797677976779767,60.536803491472426],[29.691296912969136,61.54542149812124],[31.534515345153466,62.88561616444292],[29.990099900999013,63.73452185334355],[30.512105121051206,64.1997707789578],[29.604896048960484,64.96882030898436],[29.622896228962304,65.03999645058951],[29.72009720097202,65.07992453002657],[29.81009810098101,65.10770058528712],[29.82809828098283,65.14589266127038],[29.608496084960848,65.24831686504368],[29.716497164971656,65.62502961451492],[30.08730087300873,65.78647793571687],[29.0648906489065,66.89231213577762],[29.98649986499865,67.66830567961932],[28.686886868868697,68.18910671575469],[28.77328773287735,68.84010801092387],[28.41328413284134,68.9043401387139],[28.56448564485646,68.92864418706688],[28.69048690486906,68.9616282526888],[28.89928899288995,69.01023634939477],[28.964089640896418,69.02238837357126],[29.14049140491406,69.67165366528667],[27.891278912789147,70.0622544423882],[26.5268652686527,69.9146941488165],[26.012060120601205,69.65255762729504],[25.767257672576733,69.28278889163894],[25.74925749257494,69.2307087880254],[25.767257672576733,69.07620448063858],[25.74925749257494,68.98940430794934],[24.9428494284943,68.59359552048647],[23.9960399603996,68.79844392803304],[23.322833228332286,68.6491476310076],[22.4120241202412,68.72032377261274],[22.300423004230055,68.85573204200793],[22.080820808208102,68.99287631485691],[21.990819908199086,69.04148441156289],[21.620016200162013,69.27063686746246],[21.594815948159493,69.27410887437],[20.622806228062274,69.03627640120152],[20.89640896408966,68.97898828722666],[20.918009180091815,68.90607614216768],[21.998019980199814,68.52068337542752],[22.854828548285496,68.36791507149448],[23.639636396363983,67.95474624949375],[23.456034560345614,67.45998526516516],[23.9888398883989,66.81071997344975],[23.700837008370087,66.25346286478492],[24.154441544415448,65.8055739737085]]]},"properties":{"name":"Finland","iso_a3":"FIN"},"id":"246"},
{"type":"Feature","geometry":{"type":"MultiPolygon","coordinates":[[[[180,-16.168509113997374],[180,-16.152885082913315],[178.5851858518585,-16.621606015435148],[178.4987849878499,-16.788262346998465],[178.70758707587078,-16.975750720007184],[179.20079200792009,-16.711878195031943],[179.42039420394207,-16.80735838499008],[179.92799927999283,-16.744862260653846],[179.9315993159932,-16.519181811661852],[179.56799567995682,-16.746598264107632],[179.56439564395646,-16.637230046519207],[180,-16.168509113997374]]],[[[178.2791827918279,-17.371559507470067],[177.50517505175054,-17.53995184248717],[177.26397263972643,-17.86284848489109],[177.32157321573214,-18.078112913160368],[177.95517955179554,-18.263865282715315],[178.66798667986683,-18.08158492006794],[178.59238592385924,-17.651056063529367],[178.2791827918279,-17.371559507470067]]],[[[-180,-16.784790340090893],[-180,-16.963598695830697],[-179.82359823598236,-16.765694302099263],[-180,-16.784790340090893]]],[[[180,-16.963598695830697],[180,-16.85943848860363],[180,-16.78652634354468],[179.89559895598956,-16.963598695830697],[180,-16.963598695830697]]]]},"properties":{"name":"Fiji","iso_a3":"FJI"},"id":"242"},
{"type":"Feature","geometry":{"type":"Polygon","coordinates":[[[35.26775267752677,5.4916059788723],[35.32535325353254,5.36487772674603],[35.746557465574654,5.344045685300614],[35.764557645576474,4.807620618081188],[36.023760237602374,4.467363941139425],[36.90576905769058,4.411811830618319],[38.086580865808656,3.647970310953127],[39.49419494194942,3.455273927583036],[39.84339843398436,3.8510827150459193],[40.76500765007651,4.272931554315562],[41.13941139411395,3.9621869360881306],[41.88461884618846,3.9778109671721893],[42.025020250202516,4.137523284920363],[42.85662856628568,4.325011657929096],[43.53703537035372,4.840604683703106],[44.94104941049412,4.91178082530827],[47.97947979479795,7.996658962683398],[46.97866978669788,7.996658962683398],[43.983439834398354,9.008748976239772],[43.483034830348316,9.380253715349667],[42.84222842228422,10.203119352443537],[42.65502655026552,10.600664143360191],[42.92142921429215,10.999944937730646],[41.798217982179835,10.980848899739016],[41.79101791017911,11.68566630197553],[42.3778237782378,12.466867856178581],[40.81900819008192,14.110863126912534],[40.14220142201424,14.456327814215655],[39.198991989919904,14.478895859114857],[39.02259022590226,14.62819215614033],[38.43218432184324,14.428551758955109],[37.884978849788496,14.852136601678538],[37.57177571775719,14.149055202895795],[37.25857258572586,14.454591810761869],[37.02457024570248,14.272311448114493],[36.52416524165241,14.256687417030435],[36.124561245612455,12.756780432960596],[35.67095670956709,12.623108167019183],[35.112951129511316,11.815866561009372],[34.93294932949331,10.864536668335447],[34.7709477094771,10.746488433478106],[34.5729457294573,10.880160699419505],[34.34254342543426,10.657952257335083],[34.07974079740799,9.461845877677547],[34.072540725407265,8.54523605407931],[33.28053280532805,8.437603839944657],[32.999729997299994,7.8994427692714595],[33.90333903339035,7.508841992169934],[34.709747097470995,6.659936303269291],[34.98334983349835,5.857902707620838],[35.26775267752677,5.4916059788723]]]},"properties":{"name":"Ethiopia","iso_a3":"ETH"},"id":"231"},
{"type":"Feature","geometry":{"type":"MultiPolygon","coordinates":[[[[27.351273512735133,57.528309506063835],[27.779677796777975,57.870302186459384],[27.43407434074342,58.78691201005762],[28.150481504815048,59.373681177436794],[28.013680136801383,59.484785398479005],[26.973269732697332,59.450065329403316],[25.508055080550804,59.63928970586582],[23.495634956349562,59.194872821696976],[23.76923769237692,58.361591163880405],[24.528845288452885,58.35464715006526],[24.32364323643236,57.870302186459384],[25.281252812528123,58.0491105421992],[26.462064620646203,57.54393353714789],[27.351273512735133,57.528309506063835]]],[[[22.617226172261724,58.62199168194809],[21.86121861218612,58.49699943327559],[22.188821888218882,58.15500675288004],[21.998019980199814,57.93106230734185],[22.37242372423725,58.217502877216305],[23.322833228332286,58.450127340023414],[22.617226172261724,58.62199168194809]]],[[[22.92322923229233,58.82684008949465],[22.649626496264972,59.087240607562336],[22.055620556205582,58.943152320898236],[22.541625416254163,58.689695816645695],[22.92322923229233,58.82684008949465]]]]},"properties":{"name":"Estonia","iso_a3":"EST"},"id":"233"},
{"type":"Feature","geometry":{"type":"MultiPolygon","coordinates":[[[[36.52416524165241,14.256687417030435],[37.02457024570248,14.272311448114493],[37.25857258572586,14.454591810761869],[37.57177571775719,14.149055202895795],[37.884978849788496,14.852136601678538],[38.43218432184324,14.428551758955109],[39.02259022590226,14.62819215614033],[39.198991989919904,14.478895859114857],[40.14220142201424,14.456327814215655],[40.81900819008192,14.110863126912534],[42.3778237782378,12.466867856178581],[42.70542705427056,12.380067683489344],[43.11583115831158,12.70817233625462],[42.39942399423995,13.213349341305928],[42.24462244622447,13.58832608732338],[41.65781657816578,13.982398871332478],[41.17541175411756,14.6195121388714],[40.20340203402034,15.013584922880497],[39.86499864998652,15.47015383122583],[39.785797857978594,15.124689143922708],[39.299792997929984,15.921514729209804],[39.033390333903355,17.086373046699237],[38.60858608586088,18.00471887375126],[38.219782197821985,17.563773996489985],[37.54657546575467,17.324205519867718],[37.40977409774098,17.06206899834625],[37.01017010170102,17.058596991438677],[36.912969129691305,16.29649147522727],[36.426964269642696,15.131633157737838],[36.52416524165241,14.256687417030435]]],[[[40.14220142201424,15.695834280217824],[39.954999549995506,15.890266667041686],[39.97659976599766,15.612506114436158],[40.397803978039775,15.579522048814255],[40.14220142201424,15.695834280217824]]]]},"properties":{"name":"Eritrea","iso_a3":"ERI"},"id":"232"},
{"type":"Feature","geometry":{"type":"MultiPolygon","coordinates":[[[[8.735487354873555,3.7590745319953385],[8.476284762847627,3.2643135476667453],[8.703087030870307,3.2243854682296984],[8.947889478894808,3.627138269507711],[8.735487354873555,3.7590745319953385]]],[[[11.327513275132759,2.1671593648749052],[9.981099810998103,2.1671593648749052],[9.801098010980127,2.3043036377238906],[9.808298082980826,1.9275908882526522],[9.387093870938713,1.139445320234472],[9.592295922959238,1.0318131060998184],[11.334713347133487,1.0005650439317009],[11.327513275132759,2.1671593648749052]]]]},"properties":{"name":"Eq. Guinea","iso_a3":"GNQ"},"id":"226"},
{"type":"Feature","geometry":{"type":"Polygon","coordinates":[[[-89.3618936189362,14.416399734778608],[-89.57429574295743,14.390359682971848],[-89.54549545495455,14.241063385946376],[-90.09630096300963,13.735886380895067],[-88.51228512285122,13.183837282591597],[-88.6850868508685,13.281053476003521],[-87.9290792907929,13.180365275684025],[-87.81387813878139,13.399101710860876],[-87.8030780307803,13.890390688281897],[-88.15228152281523,13.987606881693836],[-88.48348483484834,13.853934615752422],[-89.3618936189362,14.416399734778608]]]},"properties":{"name":"El Salvador","iso_a3":"SLV"},"id":"222"},
{"type":"Feature","geometry":{"type":"Polygon","coordinates":[[[36.86976869768699,21.997526817455693],[35.69615696156961,22.945384703222047],[35.505355053550545,23.77866636103863],[35.54135541355416,23.92101864424896],[35.782557825578266,23.938378678786805],[35.195751957519576,24.47480374600623],[33.95733957339573,26.648280070144466],[33.54693546935471,27.898202556869336],[32.898928989289914,28.564827883122604],[32.3589235892359,29.630734003746298],[32.564125641256425,29.974462687595647],[33.24813248132483,28.56829989003016],[34.22014220142202,27.764530290927922],[34.90414904149043,29.477965699813268],[34.24534245342454,31.208761143236444],[34.198541985419865,31.323337371186227],[33.66573665736658,31.13064098781615],[32.60372603726037,31.0681448634799],[32.21492214922151,31.293825312471895],[32.103321033210335,31.09244891183289],[31.77211772117721,31.29208930901811],[31.89091890918911,31.4830496889344],[32.13572135721358,31.34069740572407],[31.887318873188747,31.542073806363078],[31.523715237152373,31.458745640581427],[31.08451084510847,31.60283392724554],[31.00171001710018,31.462217647488984],[30.562505625056247,31.417081557690594],[30.922509225092256,31.566377854716066],[30.3969039690397,31.45700963712764],[30.224102241022422,31.259105243396206],[29.072090720907227,30.83031239031142],[27.24687246872469,31.377153478253547],[25.893258932589333,31.620193961783386],[25.382053820538204,31.512561747648746],[25.15165151651516,31.654914030859075],[24.852848528485282,31.335489395362714],[24.97524975249752,30.7764962832441],[24.70164701647016,30.201879140041413],[24.978849788497882,29.18110910921611],[24.978849788497882,25.5893179633359],[24.978849788497882,21.995790814001907],[31.091710917109168,21.99405481054812],[31.401314013140137,22.20237522500227],[31.433714337143385,21.995790814001907],[36.86976869768699,21.997526817455693]]]},"properties":{"name":"Egypt","iso_a3":"EGY"},"id":"818"},
{"type":"Feature","geometry":{"type":"MultiPolygon","coordinates":[[[[-75.28575285752858,-0.10700515958282608],[-76.27216272162721,0.43983592835930096],[-76.49536495364953,0.234987520812723],[-77.39537395373954,0.3946998385608964],[-77.70137701377013,0.8373807192759557],[-78.18018180181801,0.9693169817635834],[-78.86058860588605,1.4553979488232471],[-78.90018900189001,1.2054134514782788],[-80.08820088200882,0.7853006156624218],[-80.0450004500045,0.1551313619386292],[-80.48060480604806,-0.3674056776505097],[-80.28260282602825,-0.6208621819030498],[-80.45540455404554,-0.5861421128273605],[-80.55260552605526,-0.84827863434883],[-80.90180901809018,-1.0791670937021678],[-80.76140761407613,-1.9350167964179548],[-80.93060930609306,-2.2683294595445886],[-80.28620286202862,-2.707538333352076],[-80.00540005400053,-2.353393628780026],[-80.03060030600305,-2.556506032872818],[-79.92619926199262,-2.5478260156038885],[-79.84339843398433,-2.0669530589055825],[-79.72819728197281,-2.5790740777720202],[-79.96219962199622,-3.1571632278822648],[-80.32580325803258,-3.3880516872356026],[-80.17820178201782,-3.8776046612028523],[-80.49140491404914,-4.00954092369048],[-80.35460354603546,-4.2091813208757],[-80.4770047700477,-4.429653759506337],[-80.13860138601386,-4.295981493564923],[-79.63819638196382,-4.455693811313097],[-79.33219332193322,-4.927886750742488],[-79.03339033390334,-4.9695508336333205],[-78.68778687786877,-4.5615900219939505],[-78.34578345783457,-3.396731704504532],[-78.15858158581585,-3.4644358392021246],[-77.85977859778598,-2.9818268790500326],[-76.6789667896679,-2.5634500466879473],[-75.57015570155701,-1.5305279916861565],[-75.40815408154081,-0.924662786315352],[-75.24975249752497,-0.9524388415758978],[-75.26055260552606,-0.5896141197349323],[-75.62775627756277,-0.12262919066689904],[-75.28575285752858,-0.10700515958282608]]],[[[-80.13140131401313,-2.973146861781103],[-79.90819908199082,-2.724898367889921],[-80.2250022500225,-2.7526744231504665],[-80.27180271802717,-2.9957149066803055],[-80.13140131401313,-2.973146861781103]]],[[[-90.33390333903338,-0.771894482382308],[-90.19350193501934,-0.6590542578863108],[-90.2691026910269,-0.4854539125078645],[-90.53190531905318,-0.5809341024660171],[-90.33390333903338,-0.771894482382308]]],[[[-89.41949419494195,-0.9107747586850792],[-89.28629286292863,-0.6903023200544425],[-89.61029610296103,-0.8882067137858769],[-89.41949419494195,-0.9107747586850792]]],[[[-91.42471424714248,-0.46114986415487635],[-91.46071460714607,-0.2563014566082984],[-91.64791647916479,-0.2840775118688583],[-91.6119161191612,-0.44378982961703173],[-91.42471424714248,-0.46114986415487635]]],[[[-91.27351273512735,0.024931102904787394],[-91.359913599136,0.1256193032242976],[-91.59751597515975,0.0023630580055993278],[-91.42831428314283,-0.023676993801174717],[-91.12231122311223,-0.5583660575668148],[-91.49671496714967,-0.860430658525317],[-91.12951129511295,-1.0201429762735046],[-90.79830798307982,-0.7527984443906774],[-91.27351273512735,0.024931102904787394]]],[[[-90.5751057510575,-0.3344216120286063],[-90.78030780307803,-0.16082126665016006],[-90.86670866708667,-0.27192548769235714],[-90.5751057510575,-0.3344216120286063]]]]},"properties":{"name":"Ecuador","iso_a3":"ECU"},"id":"218"},
{"type":"Feature","geometry":{"type":"Polygon","coordinates":[[[-71.76851768517685,18.039438942826948],[-71.43731437314372,17.63495013809515],[-71.02691026910269,18.273799409087857],[-70.64530645306452,18.336295533424092],[-70.47970479704797,18.216511295112966],[-69.27369273692736,18.440455740651174],[-68.68688686886868,18.21477529165918],[-68.33768337683377,18.612320082575835],[-68.68328683286832,18.90396866281165],[-69.62289622896229,19.117497087627143],[-69.23409234092341,19.27200139501396],[-69.73809738097381,19.29977745027452],[-69.95769957699576,19.671282189384414],[-70.95490954909549,19.91432267291424],[-71.55611556115561,19.895226634922608],[-71.77931779317792,19.71815428263659],[-71.64611646116461,19.16436918087932],[-71.80811808118081,18.9872968285933],[-71.74331743317433,18.732104320886975],[-71.99891998919989,18.59843205494556],[-71.76131761317613,18.34150354378545],[-71.76851768517685,18.039438942826948]]]},"properties":{"name":"Dominican Rep.","iso_a3":"DOM"},"id":"214"},
{"type":"Feature","geometry":{"type":"Polygon","coordinates":[[[-61.28161281612816,15.249681392595193],[-61.278012780127796,15.52744194520072],[-61.4580145801458,15.633338155881574],[-61.28161281612816,15.249681392595193]]]},"properties":{"name":"Dominica","iso_a3":"DMA"},"id":"212"},
{"type":"Feature","geometry":{"type":"Polygon","coordinates":[[[43.24543245432454,11.499913932420583],[42.52182521825219,11.572826077479533],[43.37863378633787,12.091891110161114],[43.11583115831158,12.70817233625462],[42.70542705427056,12.380067683489344],[42.3778237782378,12.466867856178581],[41.79101791017911,11.68566630197553],[41.798217982179835,10.980848899739016],[42.92142921429215,10.999944937730646],[43.24543245432454,11.499913932420583]]]},"properties":{"name":"Djibouti","iso_a3":"DJI"},"id":"262"},
{"type":"Feature","geometry":{"type":"MultiPolygon","coordinates":[[[[-29.9540995409954,83.56488930592434],[-37.72297722977228,83.49718517122673],[-38.74898748987491,83.37045691910046],[-38.15498154981549,82.99895217999057],[-40.35820358203583,83.3322648431172],[-41.301413014130134,83.10137638376386],[-43.00783007830077,83.2645607084196],[-46.16866168661687,83.0631843077806],[-46.136261362613624,82.85833590023401],[-41.369813698136966,82.75070368609937],[-45.55665556655566,82.7472316791918],[-44.23904239042389,82.36878292626679],[-44.728647286472864,81.78027775543381],[-50.03870038700387,82.47294313349386],[-50.9351093510935,82.38267095389705],[-49.5418954189542,81.9174220282828],[-50.895508955089554,81.8948539833836],[-53.023130231302304,82.32191083301461],[-53.55593555935559,81.65354950330754],[-54.54954549545495,82.35142289172893],[-59.26199261992619,82.00595820442581],[-56.615966159661596,81.36363692652554],[-59.28359283592836,81.88443796266091],[-60.84240842408424,81.85492590394657],[-61.436414364143644,81.1327484671722],[-62.99162991629916,81.20739661568493],[-63.02763027630276,80.88970798364235],[-63.72243722437224,81.05810031865946],[-64.51444514445144,81.00081220468456],[-67.04887048870488,80.38453097859104],[-66.84366843668437,80.07552236381741],[-64.17964179641795,80.09982641217039],[-65.82485824858249,79.17453657130324],[-71.64971649716497,78.62248747299975],[-72.81972819728198,78.19369461991496],[-71.27171271712717,77.81350986353615],[-70.1161011610116,77.8412859187967],[-70.53370533705336,77.69893363558637],[-69.35289352893528,77.46630917277926],[-66.69246692466925,77.68157360104854],[-66.390063900639,77.2805568032243],[-68.1360813608136,77.37950900009002],[-71.14211142111421,77.02883630242553],[-70.61290612906129,76.8222518914252],[-69.69489694896949,76.9889082229885],[-69.67329673296733,76.73545171873596],[-68.11448114481145,76.65038754950052],[-69.48249482494825,76.39866704870175],[-68.15048150481505,76.06709038902892],[-66.67446674466744,75.97681820943211],[-66.99126991269912,76.21291467914682],[-65.37125371253713,76.13132251681893],[-63.29043290432904,76.35179495544958],[-58.51678516785168,75.68864163610388],[-58.56718567185672,75.35359296952348],[-56.25596255962559,74.52725532552202],[-57.231572315723156,74.12450252424401],[-56.22716227162272,74.12971053460538],[-56.10476104761047,73.55856539831026],[-55.287552875528746,73.3276769389569],[-55.66915669156691,73.00825230346055],[-54.73674736747367,72.87284403406537],[-54.92394923949239,72.57251543656062],[-55.600756007560065,72.4527311982495],[-55.58275582755827,72.17844265255155],[-54.84114841148411,72.35551500483757],[-55.59355593555935,71.55348140918912],[-55.449554495544945,71.47188924686125],[-55.337953379533786,71.42675315706285],[-54.81954819548196,71.3746730534493],[-53.962739627396274,71.45973722268474],[-53.912339123391234,71.52570535392857],[-53.955539555395546,71.59340948862615],[-54.02034020340203,71.65764161641619],[-53.476734767347665,71.85033799978626],[-53.653136531365305,72.36245901865271],[-53.145531455314554,71.80693791344166],[-53.44073440734407,71.57952146099589],[-51.77031770317703,71.67152964404647],[-51.968319683196825,71.59861749898752],[-52.74952749527495,71.50140130557557],[-52.89352893528935,71.45800121923097],[-53.00873008730086,71.18024066662542],[-51.01791017910179,71.00143231088563],[-51.77391773917739,71.01011232815455],[-51.752317523175236,70.99275229361672],[-51.49311493114931,70.91810414510397],[-51.39591395913959,70.90248011401991],[-51.255512555125534,70.85213601386016],[-51.323913239132395,70.5882634888849],[-50.661506615066145,70.41813515041403],[-50.8739087390874,70.36431904334671],[-52.80352803528035,70.75144781354066],[-54.164341643416435,70.82088795169204],[-54.531545315453144,70.69936770992712],[-54.013140131401315,70.4216071573216],[-52.25632256322562,70.05878243548062],[-50.29070290702907,70.01364634568222],[-51.07551075510756,69.20987674658],[-50.29790297902977,69.16994866714293],[-51.08631086310862,69.1282845842521],[-51.11871118711187,69.09009250826884],[-51.154711547115454,68.9390602077896],[-51.248312483124835,68.73941981060437],[-50.8091080910809,68.81753996602467],[-50.945909459094594,68.68213169662948],[-51.62271622716227,68.53457140305781],[-52.605526055260555,68.70817174843626],[-53.38313383133831,68.29673892988933],[-52.19872198721987,68.22035477792281],[-51.20871208712086,68.41999517510803],[-51.457114571145695,68.11619457069574],[-53.15273152731527,68.20820275374632],[-53.735937359373594,67.5485214413082],[-52.346323463234626,67.83669801463643],[-50.96750967509675,67.80718595592208],[-51.172711727117274,67.6943457314261],[-50.61470614706147,67.52768939986277],[-52.66672666726667,67.74989784194719],[-53.79713797137971,67.41832118227435],[-53.88353883538835,67.13535261930747],[-53.44433444334443,66.92529620139953],[-52.38592385923859,66.88189611505493],[-53.41913419134191,66.64927165224779],[-53.53793537935378,66.13888663683514],[-51.22671226712268,66.88189611505493],[-53.39033390333903,66.04861445723833],[-53.10593105931059,65.97743831563318],[-53.199531995319944,65.5937815523468],[-52.55152551525515,65.46184528985916],[-51.09351093510935,65.77606191499416],[-52.53712537125371,65.32817302391777],[-52.25992259922599,65.1545726785393],[-52.23472234722347,65.06082849203494],[-52.12312123121231,64.79521996360592],[-52.08712087120871,64.6823797391099],[-52.094320943209425,64.41677121068088],[-51.92151921519215,64.21886681694943],[-51.255512555125534,64.75876389107643],[-51.21951219512195,64.62856363204259],[-50.72270722707228,64.79695596705969],[-50.85230852308521,65.02437241950545],[-50.913509135091346,65.0972845645644],[-50.96030960309602,65.2014447717915],[-50.92430924309244,65.19623676143013],[-50.85590855908558,65.11464459910226],[-50.812708127081265,65.05214847476603],[-50.67950679506794,64.92715622609353],[-50.64710647106472,64.85250807758081],[-50.51750517505175,64.76570790489157],[-50.12150121501216,64.70321178055534],[-50.00990009900099,64.448019272849],[-50.49230492304923,64.69279575983262],[-51.40311403114032,64.46364330393305],[-51.583115831158295,64.10255458554587],[-50.43830438304383,64.31261100345381],[-50.26190261902619,64.21365880658809],[-51.54711547115471,64.00533839213395],[-51.46791467914679,63.64251367029297],[-50.39150391503915,62.82138403665289],[-49.7938979389794,63.04532848219108],[-50.319503195031956,62.472447342442194],[-49.55269552695526,62.23287886581994],[-49.62469624696246,61.998518399559],[-48.82908829088291,62.0801105618869],[-49.379893798937985,61.890886185424364],[-49.289892898929,61.59055758791965],[-48.38628386283861,61.005524423994245],[-47.770677706777064,60.99858041017913],[-48.181081810818114,60.769427954279564],[-46.874268742687434,60.81630004753174],[-45.869858698586995,61.21905284880975],[-46.04626046260461,60.61492364689275],[-45.38025380253802,60.444795308421845],[-44.75744757447575,60.665267747052496],[-45.38025380253802,60.20349082834579],[-44.61344613446133,60.01600245533706],[-44.22464224642246,60.27293096649717],[-44.41184411844117,59.92225826883271],[-43.907839078390765,59.81462605469807],[-43.65943659436593,59.85802614104267],[-43.95463954639547,60.024682472606],[-43.321033210332104,59.92746627919405],[-43.12303123031231,60.061138545135464],[-43.213032130321295,60.390979201354526],[-43.92223922239222,60.59582760890112],[-43.04383043830438,60.52291546384217],[-42.349023490234885,61.61659763972642],[-42.58662586625866,61.71728584004592],[-42.11142111421114,61.857902119802475],[-42.15462154621545,62.56792753240035],[-42.9430294302943,62.72069583633339],[-41.90981909819098,62.73631986741745],[-41.63621636216362,62.97241633713213],[-42.17622176221761,63.20851280684684],[-41.387813878138786,63.06268851672894],[-40.549005490054896,63.725841836074636],[-40.61740617406173,64.13206664426022],[-41.58221582215822,64.29872297582352],[-40.783007830078304,64.222338823857],[-40.18180181801819,64.47926733501711],[-40.657006570065704,64.91500420191704],[-40.966609666096645,64.86813210866487],[-41.08901089010891,65.03478844022817],[-41.085410854108545,65.10075657147198],[-39.936999369993686,65.14242065436281],[-39.576995769957705,65.34032504809426],[-40.17460174601746,65.55558947636354],[-38.201782017820165,65.71182978720415],[-38.51858518585186,66.01042238125507],[-38.14058140581406,65.90279016712043],[-37.75177751777517,66.26214288205384],[-38.15498154981549,66.38539912727254],[-37.280172801728014,66.30380696494467],[-37.95337953379533,65.63370963178383],[-37.40977409774098,65.65627767668303],[-37.064170641706426,65.87154210495231],[-36.66456664566644,65.78994994262445],[-36.527765277652776,66.00695037434753],[-36.38016380163802,65.83161402551528],[-35.63135631356312,66.14062264028891],[-35.86895868958689,66.44095123779366],[-35.18855188551885,66.24999085787735],[-34.19854198541984,66.65447966260913],[-33.158131581315814,67.62664159672849],[-32.16452164521644,67.99120232202324],[-32.32652326523265,68.43735520964586],[-30.980109801097996,68.06064246017462],[-30.720907209072095,68.25160284009092],[-29.24849248492484,68.2984749333431],[-26.48366483664836,68.67518768281434],[-25.698856988569872,68.89045211108362],[-25.626856268562676,68.92864418706688],[-25.60525605256052,68.95468423887365],[-25.580055800558,69.02065237011746],[-25.544055440554388,69.04495641847046],[-25.09405094050939,69.16474065678159],[-25.18765187651877,69.26022084673974],[-24.294842948429476,69.43902920247953],[-24.29844298442984,69.58485349259743],[-23.740437404374035,69.588325499505],[-23.866438664386635,69.7358857930767],[-22.2860228602286,70.03274238367385],[-25.52965529655296,70.353903022624],[-27.027270272702708,70.20113471869095],[-27.383673836738353,69.99107830078302],[-27.560075600755994,70.12475056672443],[-26.62046620466205,70.46327124021244],[-29.072090720907198,70.4441752022208],[-28.071280712807123,70.69936770992712],[-27.9920799207992,70.89553610020477],[-28.290882908829076,70.94935220727209],[-28.398883988839884,70.99275229361672],[-27.887678876788755,71.00143231088563],[-27.689676896768958,70.99275229361672],[-27.336873368733677,70.95282421417966],[-26.717667176671767,70.95108821072589],[-26.57726577265771,70.96844824526372],[-26.156061560615598,71.05004040759161],[-25.742057420574213,71.183712673533],[-25.842858428584293,71.48056926413017],[-26.73566735667356,71.50140130557557],[-27.106471064710632,71.53264936774369],[-27.08847088470884,71.62639355424807],[-25.886058860588605,71.57257744718075],[-25.65565655656556,71.52917736083612],[-25.256052560525603,71.39550509489473],[-24.561245612456105,71.22364075297006],[-24.266042660426592,71.04656840068404],[-24.23004230042301,70.92331215546531],[-23.97083970839708,70.64902360976737],[-23.32643326433265,70.45111921603592],[-22.68922689226892,70.43723118840566],[-22.43722437224372,70.86081603112908],[-22.383223832238315,70.46153523675864],[-21.522815228152268,70.52576736454867],[-21.67401674016739,70.85560802076773],[-21.66681666816669,70.9163681416502],[-21.688416884168845,71.09170449048241],[-21.670416704167025,71.2062807184322],[-21.753217532175313,71.47883326067637],[-22.300423004230026,71.43196116742419],[-22.419224192241927,71.24794480132303],[-22.48042480424803,71.38335307071821],[-22.466024660246603,71.52570535392857],[-22.31122311223112,71.56389742991183],[-22.012420124201242,71.6888896785843],[-21.958419584195838,71.74444178910542],[-24.66564665646655,72.43710716716544],[-25.11925119251191,72.34683498756866],[-24.65124651246512,72.58293145728334],[-24.813248132481306,72.90235609277971],[-26.656466564665635,72.71660372322475],[-24.629646296462965,73.0377643621749],[-24.068040680406796,72.4978672880479],[-22.293222932229327,72.11941853512286],[-22.037620376203762,72.91798012386377],[-24.132841328413292,73.40926910128479],[-27.34767347673477,73.06727642088924],[-27.560075600755994,73.1384525624944],[-26.541265412654127,73.2495567835366],[-27.27207272072721,73.43704515654534],[-26.062460624606246,73.25302879044418],[-24.79164791647915,73.51169330505806],[-25.522455224552232,73.85194998199984],[-24.67644676446764,73.60196548465487],[-24.158041580415812,73.7651498093106],[-22.34722347223473,73.26865282152824],[-20.5112051120511,73.49259726706643],[-20.36720367203671,73.84847797509227],[-22.134821348213478,73.9908302583026],[-22.32202322023221,74.30331087998383],[-21.94401944019441,74.56544740150528],[-21.954819548195474,74.24428676255513],[-20.651606516065158,74.1366545484205],[-19.369993699936998,74.2842148419922],[-19.28719287192871,74.54635136351365],[-19.985599855998544,74.97514421659844],[-20.860408604086047,74.63662354311046],[-20.986409864098647,75.07409641346416],[-21.695616956169545,74.96472819587572],[-22.232022320223194,75.11923250326257],[-21.64881648816487,75.02375231330441],[-20.48600486004858,75.31366489008641],[-19.524795247952483,75.179992624145],[-19.510395103951026,75.75808177425526],[-20.104401044010444,76.21985869296196],[-21.486814868148684,76.27193879657548],[-22.610026100260995,76.70420365656784],[-21.61641616416165,76.68857962548378],[-20.48600486004858,76.92120408829089],[-18.50958509585095,76.77885180508056],[-18.44118441184412,77.2597247617789],[-20.230402304023045,77.36909297936731],[-20.680406804068042,77.61907747671228],[-19.467194671946714,77.56526136964496],[-19.48879488794887,77.718029673578],[-20.864008640086382,77.91246206040188],[-21.728017280172793,77.70934965630909],[-21.134011340113403,78.65894354552921],[-18.991989919899197,79.17800857821081],[-20.15120151201512,80.01129023602738],[-19.427594275942766,80.25780272646477],[-16.48996489964898,80.25259471610343],[-15.93555935559354,80.42793106493568],[-16.759967599676003,80.57375535505358],[-14.50274502745026,80.76297973151608],[-14.45234452344522,80.99386819086942],[-11.431914319143175,81.4573811130299],[-14.24354243542436,81.81326182105573],[-16.11916119161191,81.77680574852624],[-17.454774547745473,81.39835699560123],[-19.629196291962927,81.63966147567729],[-23.204032040320385,80.78901978332286],[-21.23121231212312,81.60146939969403],[-21.339213392133928,82.06845432876207],[-23.103231032310305,82.01116621478718],[-24.294842948429476,81.70042159655975],[-25.148051480514795,82.00075019406447],[-29.54369543695435,81.939990073182],[-29.88569885698857,82.05456630113179],[-23.11763117631176,82.32538283992216],[-21.5840158401584,82.63439145469582],[-24.471244712447117,82.87743193822564],[-25.122851228512275,83.16040050119253],[-32.03132031320314,82.98332814890651],[-25.79605796057959,83.26108870151202],[-29.9540995409954,83.56488930592434]]],[[[-52.731527315273155,69.94420620753084],[-53.296732967329675,70.20460672559852],[-54.37314373143731,70.31744695009453],[-54.830348303483035,70.13343058399337],[-54.32274322743227,69.94247020407707],[-54.78714787147871,69.94941421789221],[-54.92034920349204,69.7133177481775],[-53.825938259382596,69.53971740279906],[-54.18234182341823,69.40430913340384],[-53.577535775357745,69.25674883983217],[-51.89991899918999,69.60394953058906],[-52.731527315273155,69.94420620753084]]],[[[-51.014310143101426,69.55186942697554],[-50.67950679506794,69.84872601757269],[-51.09351093510935,69.92337416608544],[-51.33831338313382,69.73241378616913],[-51.014310143101426,69.55186942697554]]],[[[-53.53433534335343,71.04136039032267],[-53.58473584735847,71.296552898029],[-53.95913959139591,71.1281605630119],[-53.53433534335343,71.04136039032267]]],[[[-55.01755017550175,72.7912518717375],[-56.216362163621625,72.71833972667855],[-55.56835568355683,72.5638354192917],[-55.01755017550175,72.7912518717375]]],[[[-44.86544865448653,82.08407835984613],[-44.91584915849157,82.479887147309],[-47.27387273872739,82.65695949959502],[-44.86544865448653,82.08407835984613]]],[[[-25.432454324543244,70.92157615201154],[-25.61245612456125,70.97712826253266],[-25.659256592565924,70.99796030397806],[-25.727657276572756,71.04136039032267],[-25.817658176581773,71.04309639377647],[-26.336063360633602,70.91984014855777],[-26.62046620466205,70.87644006221313],[-27.617676176761762,70.9146321381964],[-28.00288002880029,70.46674324711998],[-26.606066060660595,70.55354341980922],[-26.21726217262173,70.45459122294349],[-25.40365403654036,70.65249561667494],[-25.432454324543244,70.92157615201154]]],[[[-17.61317613176132,79.82553786647244],[-17.983979839798394,80.05469032237198],[-19.139591395913953,79.85157791827919],[-18.660786607866072,79.71964165579158],[-17.61317613176132,79.82553786647244]]],[[[-18.001980019800186,75.4074090765908],[-18.855188551885504,75.31887290044779],[-18.671586715867164,75.00118426840521],[-17.39357393573934,75.03764034093467],[-18.001980019800186,75.4074090765908]]],[[[-46.26586265862659,60.78157997845605],[-46.204662046620456,60.94302829965801],[-46.791467914679146,60.77984397500228],[-46.381063810638096,60.660059736691124],[-46.26586265862659,60.78157997845605]]]]},"properties":{"name":"Greenland","iso_a3":"GRL"},"id":"304"},
{"type":"Feature","geometry":{"type":"Polygon","coordinates":[[[-6.629466294662933,62.22767085545857],[-7.173071730717311,62.28495896943346],[-6.726667266672649,61.95164630630683],[-6.629466294662933,62.22767085545857]]]},"properties":{"name":"Faeroe Is.","iso_a3":"FRO"},"id":"234"},
{"type":"Feature","geometry":{"type":"MultiPolygon","coordinates":[[[[12.56952569525697,55.78536203846414],[12.580325803258035,56.06485859452346],[12.220322203222025,56.11867470159078],[11.867518675186773,55.96764240111153],[11.820718207182068,55.696825862321134],[11.626316263162636,55.95722638038882],[10.978309783097842,55.72112991067414],[11.863918639186409,54.773272024907754],[12.09072090720909,55.18817685036228],[12.414724147241486,55.28539304377421],[12.21672216722169,55.465937402967796],[12.56952569525697,55.78536203846414]]],[[[9.739897398973994,54.8253521285213],[9.455494554945545,55.03888055333681],[9.592295922959238,55.49371345822834],[9.905499054990543,55.842650152439035],[10.182701827018263,55.86521819733824],[10.37350373503736,56.25234696753219],[10.755107551075525,56.241930946809475],[10.927909279092802,56.443307347448496],[10.283502835028344,56.620379699734514],[10.611106111061105,57.73662992051797],[9.963099630996311,57.580389609677354],[9.43389433894339,57.17416480149177],[8.620286202862047,57.111668677155535],[8.285482854828558,56.85300416254165],[8.469084690846927,56.66377978607912],[9.253892538925385,57.01098047683604],[9.196291962919645,56.70197186206238],[8.886688866888676,56.7349559276843],[8.670686706867087,56.495387451062015],[8.163081630816322,56.60649167210423],[8.130681306813074,55.59960966890921],[8.616686166861683,55.41906530971562],[8.670686706867087,54.903472283941596],[9.739897398973994,54.8253521285213]]],[[[10.643506435064353,55.610025689631925],[9.86229862298623,55.516281503127544],[9.988299882998831,55.16387280200928],[10.78390783907841,55.13262473984116],[10.643506435064353,55.610025689631925]]],[[[11.359913599136007,54.89132025976511],[11.057510575105766,54.939928356471086],[11.03591035910361,54.773272024907754],[11.766717667176692,54.6795278384034],[11.359913599136007,54.89132025976511]]],[[[12.547925479254786,54.96596840827786],[12.27432274322743,55.064920605143584],[12.119521195211945,54.91388830466431],[12.547925479254786,54.96596840827786]]],[[[15.085950859508614,55.02152051879895],[14.765547655476553,55.29754506795069],[14.682746827468293,55.10311268112682],[15.085950859508614,55.02152051879895]]]]},"properties":{"name":"Denmark","iso_a3":"DNK"},"id":"208"},
{"type":"Feature","geometry":{"type":"Polygon","coordinates":[[[18.833588335883377,49.51144555648682],[18.563585635856356,49.87947828868914],[17.627576275762777,50.11557475840385],[17.703177031770338,50.30653513832016],[16.878768787687875,50.426319376631284],[16.990369903699047,50.23709500016878],[16.637566375663766,50.101686730773565],[16.209162091620925,50.42458337317751],[16.417964179641814,50.573879670202956],[16.28116281162812,50.65547183253085],[16.007560075600765,50.61207174618622],[14.992349923499233,51.01482454746423],[14.808748087480893,50.85858423662364],[14.31914319143192,51.03739259236343],[14.36954369543696,50.898512316060675],[12.943929439294408,50.40722333863965],[12.547925479254786,50.393335311009366],[12.277922779227794,50.18154288964766],[12.09072090720909,50.301327127958785],[12.681126811268115,49.414229363074895],[13.815138151381518,48.76670007481326],[14.049140491404927,48.60177974670373],[14.689946899468993,48.600043743249955],[15.067950679506794,48.997588534166596],[16.057960579605805,48.75454805063677],[16.543965439654414,48.796212133527604],[16.954369543695435,48.598307739796155],[17.13437134371344,48.84134822332601],[17.757177571775713,48.888220316578185],[18.160381603816035,49.25798905223428],[18.833588335883377,49.51144555648682]]]},"properties":{"name":"Czechia","iso_a3":"CZE"},"id":"203"},
{"type":"Feature","geometry":{"type":"Polygon","coordinates":[[[34.00414004140043,35.06442481409191],[33.9429394293943,35.29184126653769],[34.55494554945551,35.66161000219378],[33.60813608136081,35.35433739087392],[32.942129421294226,35.3907934634034],[32.88092880928809,35.180737045495476],[32.71172711727118,35.17032102477276],[33.384933849338495,35.16337701095763],[33.47493474934751,35.00019268630189],[34.00414004140043,35.06442481409191]]]},"properties":{"name":"N. Cyprus","iso_a3":"Xundefined"}},
{"type":"Feature","geometry":{"type":"Polygon","coordinates":[[[32.71172711727118,35.17032102477276],[32.30132301323013,35.08352085208354],[32.31572315723159,34.953320593049696],[32.44892448924489,34.72937614751149],[33.006930069300694,34.569663829763314],[34.00414004140043,35.06442481409191],[33.47493474934751,35.00019268630189],[33.384933849338495,35.16337701095763],[32.71172711727118,35.17032102477276]]]},"properties":{"name":"Cyprus","iso_a3":"CYP"},"id":"196"},
{"type":"Feature","geometry":{"type":"MultiPolygon","coordinates":[[[[-81.83781837818378,23.16238513494511],[-83.25623256232562,22.96795274812125],[-84.04464044640446,22.665888147162732],[-84.36144361443614,22.37944757728829],[-84.32544325443254,22.073910969422215],[-84.8870488704887,21.856910537699136],[-84.50184501845018,21.929822682758086],[-84.50184501845018,21.77531837537127],[-84.03024030240302,21.943710710388373],[-83.90063900639007,22.169391159380353],[-83.37863378633786,22.223207266447673],[-82.73782737827378,22.688456192061935],[-81.83781837818378,22.672832160977876],[-81.71181711817118,22.497495812145644],[-82.07902079020789,22.388127594557204],[-81.81621816218161,22.200639221548485],[-81.28341283412834,22.108631038497904],[-81.18621186211861,22.268343356246078],[-81.03501035010349,22.073910969422215],[-80.48420484204841,22.124255069581963],[-80.23220232202321,21.87253456878321],[-79.35739357393574,21.584357995454965],[-78.72738727387274,21.593038012723895],[-78.48978489784898,21.053140938596897],[-78.11538115381154,20.761492358361096],[-77.22977229772297,20.643444123503755],[-77.10377103771037,20.40734765378906],[-77.71577715777157,19.855298555485575],[-76.15696156961569,19.988970821426975],[-75.28935289352893,19.893490631468836],[-75.15255152551525,20.008066859418605],[-75.11655116551165,19.90217064873775],[-74.15534155341552,20.167779177166793],[-74.88254882548826,20.650388137318885],[-75.7249572495725,20.71462026510892],[-75.59535595355953,20.994116821168234],[-75.72135721357213,21.11042905257179],[-76.86616866168661,21.330901491202425],[-77.10017100171001,21.589566005816323],[-77.25137251372513,21.48366979513547],[-77.36657366573665,21.612134050715525],[-77.14337143371434,21.643382112883643],[-77.49617496174962,21.870798565329423],[-77.63657636576366,21.797886420270473],[-78.68778687786877,22.367295553111802],[-79.27459274592745,22.407223632548835],[-79.82179821798218,22.88636058579337],[-80.64980649806498,23.103361017516434],[-81.83781837818378,23.16238513494511]]],[[[-77.6689766897669,21.95239072765729],[-77.6329763297633,22.054814931430585],[-77.91737917379173,22.087798997052488],[-77.6689766897669,21.95239072765729]]],[[[-82.56142561425614,21.57220597127848],[-82.71622716227162,21.889894603321054],[-82.98982989829898,21.941974706934587],[-82.97182971829717,21.593038012723895],[-83.18423184231843,21.593038012723895],[-82.9610296102961,21.442005712244637],[-82.56142561425614,21.57220597127848]]]]},"properties":{"name":"Cuba","iso_a3":"CUB"},"id":"192"},
{"type":"Feature","geometry":{"type":"MultiPolygon","coordinates":[[[[13.577535775357774,45.51690160932861],[13.861938619386194,44.83812425889886],[14.311943119431191,45.338093253588795],[14.549545495454964,45.29816517415176],[14.85554855548557,45.08116474242868],[14.98154981549817,44.60376379263795],[15.471154711547115,44.27218713296509],[15.186751867518694,44.17149893264559],[15.985959859598609,43.52049763747638],[16.903969039690395,43.39203338189634],[17.584375843758437,42.93893648045858],[17.274772747727496,43.44584948896366],[16.299162991629913,44.124626839393414],[15.737557375573772,44.76521211383991],[15.787957879578812,45.178380935840636],[16.291962919629214,45.00825259736973],[16.91836918369185,45.27733313270633],[17.811178111781118,45.07769273552111],[18.664386643866436,45.07769273552111],[19.006390063900653,44.869372321066976],[19.135991359913618,45.195740970378466],[19.402394023940246,45.18879695656332],[19.006390063900653,45.39885337447126],[18.905589055890573,45.93180643478311],[18.35838358383586,45.752998079043294],[17.807578075780754,45.791190155026555],[16.51516515165153,46.499479564170656],[15.636756367563692,46.20088697011971],[15.65115651156512,45.862366296631734],[15.276752767527682,45.73216603759789],[15.337953379533815,45.466557509168865],[14.794347943479437,45.47870953334535],[14.567545675456756,45.65751788908517],[14.36954369543696,45.482181540252924],[13.577535775357774,45.51690160932861]]],[[[14.808748087480893,44.977004535201615],[14.57114571145712,45.22525302909281],[14.448744487444884,45.07942873897491],[14.808748087480893,44.977004535201615]]],[[[17.609576095760957,42.76880814198768],[17.34317343173433,42.78964018343311],[17.742777427774286,42.7011040072901],[17.609576095760957,42.76880814198768]]],[[[18.437584375843755,42.56048772753354],[17.667176671766725,42.89727239756775],[17.04437044370445,43.0153206324251],[18.51678516785168,42.43375947540727],[18.437584375843755,42.56048772753354]]]]},"properties":{"name":"Croatia","iso_a3":"HRV"},"id":"191"},
{"type":"Feature","geometry":{"type":"MultiPolygon","coordinates":[[[[-3.087030870308695,5.128781257031335],[-3.2454324543245434,5.114893229401062],[-3.112231122311215,5.088853177594288],[-3.087030870308695,5.128781257031335]]],[[[-7.990279902799017,10.16319127300649],[-8.155881558815594,9.973966896543985],[-8.137881378813773,9.496565946753236],[-7.896678966789665,9.416709787879142],[-7.777877778777793,9.081661121298723],[-7.950679506795069,8.78654053415535],[-7.720277202772024,8.642452247491235],[-7.680676806768048,8.409827784684111],[-8.238682386823854,8.454963874482516],[-8.256682566825674,8.253587473843496],[-8.008280082800809,8.078251125011263],[-8.231482314823154,7.557450088875896],[-8.48708487084869,7.559186092329682],[-8.30348303483035,6.9810969422194376],[-8.602286022860227,6.507167999336261],[-7.889478894788937,6.23461545709209],[-7.795877958779585,5.9759509424781925],[-7.453874538745367,5.840542673082993],[-7.543875438754384,4.351051709735856],[-5.913059130591307,5.01073302217398],[-5.063450634506353,5.130517260485121],[-5.365853658536565,5.151349301930537],[-5.283052830528305,5.2103734193592],[-4.0374403744037295,5.229469457350831],[-4.6098460984609915,5.236413471165974],[-4.120241202412018,5.309325616224925],[-3.3462334623346237,5.130517260485121],[-3.1986319863198673,5.354461706023329],[-3.0186301863018628,5.130517260485121],[-2.817028170281702,5.153085305384323],[-2.75582755827557,5.432581861443623],[-2.9970299702997067,5.712078417502937],[-3.234632346323451,6.807496596840977],[-2.788227882278818,7.932426834893363],[-2.507425074250733,8.208451384045105],[-2.74862748627487,9.045205048769247],[-2.694626946269466,9.480941915669177],[-2.817028170281702,9.425389805148072],[-3.2238322383223874,9.895846741123677],[-3.789037890378893,9.916678782569093],[-4.332643326433271,9.645862243778708],[-4.624246242462419,9.713566378476301],[-4.969849698496972,9.930566810199366],[-5.099450994509937,10.241311428426798],[-5.524255242552414,10.42532779452796],[-6.197461974619728,10.232631411157882],[-6.262262622626224,10.723920388578904],[-6.424264242642408,10.559000060469373],[-6.654666546665453,10.656216253881297],[-6.6942669426694295,10.348943642561437],[-6.949869498694994,10.341999628746308],[-7.018270182701826,10.14409523501486],[-7.497074970749708,10.439215822158232],[-7.990279902799017,10.16319127300649]]]]},"properties":{"name":"Côte d'Ivoire","iso_a3":"CIV"},"id":"384"},
{"type":"Feature","geometry":{"type":"Polygon","coordinates":[[[-82.5650256502565,9.576422105627316],[-83.34623346233462,10.315959576939534],[-83.64143641436414,10.91661677194898],[-83.91863918639186,10.73607241275539],[-84.6350463504635,11.045081027529037],[-84.90864908649087,10.946128830663326],[-85.58545585455855,11.189169314193151],[-85.74385743857438,11.062441062066881],[-85.90945909459094,10.89752073395735],[-85.66825668256682,10.74475243002432],[-85.84825848258482,10.291655528586546],[-85.68265682656826,9.958342865459912],[-85.11385113851138,9.581630115988673],[-84.8870488704887,9.82119859261094],[-85.26145261452614,10.256935459510856],[-85.02385023850238,10.116319179754313],[-84.71424714247142,9.899318748031249],[-84.58104581045811,9.5677420883584],[-83.63783637836379,9.034789028046546],[-83.7350373503735,8.61467619223069],[-83.60543605436054,8.481003926289276],[-83.29223292232922,8.40635577777654],[-83.46863468634686,8.70668437528127],[-83.2850328503285,8.665020292390437],[-82.87822878228782,8.07130711119612],[-83.02583025830258,8.336915639625161],[-82.7270272702727,8.916740793189192],[-82.93942939429394,9.060829079853306],[-82.93942939429394,9.449693853501046],[-82.5650256502565,9.576422105627316]]]},"properties":{"name":"Costa Rica","iso_a3":"CRI"},"id":"188"},
{"type":"Feature","geometry":{"type":"Polygon","coordinates":[[[30.74970749707498,-8.193309247311205],[30.21330213302133,-7.037130947090702],[29.540095400954016,-6.313217506862557],[29.608496084960848,-5.722976332575811],[29.324093240932427,-4.898374692028156],[29.403294032940323,-4.4487497974979675],[29.212492124921255,-3.8342045748582336],[29.223292232922347,-3.053003020655197],[29.01449014490146,-2.719690357528563],[28.85608856088561,-2.4471378152843926],[29.13329133291333,-2.1954173144856384],[29.198091980919827,-1.7197523681486615],[29.576095760957628,-1.3881757084758277],[29.716497164971656,0.09784324796373767],[29.943299432994337,0.8200206847381111],[31.25371253712538,2.043903119656207],[31.17811178111782,2.2695835686482013],[30.728107281072823,2.4553359382031488],[30.839708397083967,3.4899939966587255],[29.67689676896771,4.587148179450551],[29.46809468094682,4.6114522278035395],[29.223292232922347,4.392715792626689],[28.726487264872645,4.505556017122686],[28.193681936819388,4.351051709735856],[27.401674016740174,5.109685219039704],[27.07047070470705,5.199957398636499],[26.822068220682212,5.062813125787528],[25.526055260552624,5.3127976231324965],[25.065250652506535,4.967332935829376],[24.320043200432025,4.9933729876361355],[23.416434164341638,4.663532331417073],[22.86562865628656,4.724292452299537],[22.42282422824229,4.135787281466577],[20.558005580055806,4.462155930778067],[20.22680226802268,4.83018866298039],[19.499594995949963,5.127045253577549],[19.067590675906757,4.890948783862854],[18.59238592385924,4.345843699374512],[18.610386103861032,3.4778419724822385],[18.070380703807047,2.0126550574880895],[17.753577535775378,-0.5496860402978854],[16.878768787687875,-1.2267273872738542],[16.216362163621653,-2.1780572799477795],[16.216362163621653,-3.0304349757559947],[15.989559895598973,-3.766500440160641],[14.707947079470813,-4.8810146574903115],[14.409144091440908,-4.8306705573305635],[14.358743587435868,-4.299453500472495],[13.717937179371802,-4.453957807859311],[13.660336603366034,-4.721302339742138],[13.415534155341561,-4.837614571145693],[13.073530735307372,-4.634502167052901],[12.45072450724507,-5.071975037406617],[12.504725047250474,-5.695200277315266],[12.213122131221326,-5.7594324051052865],[12.454324543245434,-6.00073688518134],[13.069930699307008,-5.86532861578614],[16.43236432364324,-5.900048684861829],[16.69876698766987,-6.163921209837085],[16.98316983169832,-7.257603385721339],[17.580775807758073,-8.099565060806839],[19.341193411934114,-7.965892794865439],[19.528395283952847,-7.144763161225356],[19.8739987399874,-6.986786846930954],[20.590405904059054,-6.919082712233362],[20.608406084060846,-7.278435427166755],[21.782017820178197,-7.31489149969623],[21.904419044190462,-8.693278242001156],[21.814418144181445,-9.46927178584285],[22.275222752227535,-10.259153357314815],[22.224822248222495,-11.121947073845732],[23.834038340383415,-11.014314859711078],[23.967239672396744,-10.87196257650075],[24.3668436684367,-11.130627091114647],[24.377643776437765,-11.417067660989105],[25.28845288452885,-11.212219253442527],[25.349653496534984,-11.623652071989454],[26.02646026460266,-11.890996603872281],[26.825668256682576,-11.965644752385018],[27.160471604716065,-11.578515982191064],[27.57447574475745,-12.227781273906473],[28.41328413284134,-12.517693850688488],[29.01449014490146,-13.368335543042917],[29.554495544955444,-13.24855130473179],[29.774097740977425,-13.437775681194296],[29.79569795697958,-12.154869128847523],[29.507695076950768,-12.227781273906473],[29.48609486094861,-12.418741653822778],[29.0648906489065,-12.3493015156714],[28.481684816848173,-11.812876448451973],[28.355683556835572,-11.483035792232911],[28.64728647286475,-10.550801937550617],[28.60408604086041,-9.67932820375077],[28.398883988839884,-9.224495298859225],[28.870488704887066,-8.785286425051737],[28.89928899288995,-8.484957827547007],[30.74970749707498,-8.193309247311205]]]},"properties":{"name":"Dem. Rep. Congo","iso_a3":"COD"},"id":"180"},
{"type":"Feature","geometry":{"type":"Polygon","coordinates":[[[11.129511295112962,-3.9157967371861133],[12.018720187201865,-5.00427090270901],[12.799927999279987,-4.431389762960123],[13.073530735307372,-4.634502167052901],[13.415534155341561,-4.837614571145693],[13.660336603366034,-4.721302339742138],[13.717937179371802,-4.453957807859311],[14.358743587435868,-4.299453500472495],[14.409144091440908,-4.8306705573305635],[14.707947079470813,-4.8810146574903115],[15.989559895598973,-3.766500440160641],[16.216362163621653,-3.0304349757559947],[16.216362163621653,-2.1780572799477795],[16.878768787687875,-1.2267273872738542],[17.753577535775378,-0.5496860402978854],[18.070380703807047,2.0126550574880895],[18.610386103861032,3.4778419724822385],[18.473584735847368,3.623666262600139],[18.160381603816035,3.5004100173814408],[17.490774907749085,3.687898390390174],[16.612366123661246,3.505618027742784],[16.183961839618405,2.2695835686482013],[16.057960579605805,1.6758703874538838],[15.741157411574136,1.915438864076151],[14.902349023490245,2.0126550574880895],[14.578345783457848,2.198407427043037],[13.293132931329325,2.161951354513562],[13.18873188731888,1.280061599991015],[14.182341823418227,1.3703337795878099],[14.430744307443092,0.9016128470659908],[14.322743227432284,0.6238522944604625],[13.948339483394847,0.3530357556700636],[13.85833858338583,-0.20248534954097863],[14.473944739447404,-0.5739900886508735],[14.383943839438388,-1.8898807066195502],[13.995139951399523,-2.490537901628997],[13.73233732337323,-2.138129200510747],[13.465934659346601,-2.3950577116708587],[12.990729907299084,-2.313465549342979],[12.62712627126271,-1.8291205857371011],[12.432724327243278,-1.9280727826028112],[12.447124471244706,-2.3308255838808236],[11.60471604716048,-2.3429776080573106],[11.536315363153648,-2.836002588932132],[11.935919359193605,-3.318611549084224],[11.878318783187837,-3.665812239841131],[11.5039150391504,-3.5199879497232303],[11.129511295112962,-3.9157967371861133]]]},"properties":{"name":"Congo","iso_a3":"COG"},"id":"178"},
{"type":"Feature","geometry":{"type":"MultiPolygon","coordinates":[[[[44.47664476644766,-12.081956983788572],[44.2210422104221,-12.172229163385367],[44.50544505445055,-12.356245529486529],[44.47664476644766,-12.081956983788572]]],[[[43.465034650346524,-11.901412624594983],[43.29943299432995,-11.373667574644486],[43.22743227432275,-11.75211632756951],[43.465034650346524,-11.901412624594983]]]]},"properties":{"name":"Comoros","iso_a3":"COM"},"id":"174"},
{"type":"Feature","geometry":{"type":"Polygon","coordinates":[[[-71.31851318513185,11.862738654261562],[-71.13851138511384,12.046755020362724],[-71.26091260912608,12.334931593690953],[-71.71451714517144,12.41999576292639],[-72.13572135721357,12.189107303573053],[-72.27612276122761,11.888778706068322],[-73.31293312933128,11.295065524874019],[-74.14454144541445,11.321105576680779],[-74.40014400144001,10.765584471469722],[-74.51534515345153,10.86280066488166],[-74.33174331743317,10.996472930823074],[-74.8429484294843,11.109313155319072],[-75.44775447754478,10.611080164082907],[-75.70695706957069,10.14409523501486],[-75.53775537755376,10.204855355897323],[-75.63855638556385,9.449693853501046],[-76.02736027360274,9.366365687719394],[-76.27576275762758,8.989652938248142],[-76.92016920169202,8.573012109339857],[-76.78696786967869,7.932426834893363],[-77.37377373773738,8.658076278575294],[-77.47817478174781,8.49836396082712],[-77.19737197371974,7.97235491433041],[-77.53937539375393,7.566130106144826],[-77.76257762577626,7.698066368632453],[-77.89937899378994,7.22934543611062],[-77.37017370173702,6.574872134033853],[-77.4709747097471,6.177327343117199],[-77.24777247772478,5.77978255220053],[-77.53577535775358,5.536742068670705],[-77.28737287372873,4.722556448845751],[-77.52137521375214,4.212171433433099],[-77.40977409774098,4.246891502508788],[-77.35937359373594,3.944826901550286],[-77.27657276572765,4.057667126046269],[-77.26217262172621,3.892746797936738],[-77.07857078570785,3.9135788393821542],[-77.8129781297813,2.7157364562708324],[-78.59058590585906,2.3563837413374245],[-78.57618576185762,1.7730865808658223],[-78.79218792187922,1.8494707328323443],[-79.02619026190261,1.62379028384035],[-78.86058860588605,1.4553979488232471],[-78.18018180181801,0.9693169817635834],[-77.70137701377013,0.8373807192759557],[-77.39537395373954,0.3946998385608964],[-76.49536495364953,0.234987520812723],[-76.27216272162721,0.43983592835930096],[-75.28575285752858,-0.10700515958282608],[-74.80334803348033,-0.20074934608719275],[-74.24534245342453,-0.9697988761137424],[-73.66573665736657,-1.2492954321730565],[-73.49653496534965,-1.6937123163419017],[-73.19773197731978,-1.8308565891908728],[-73.15453154531545,-2.2787454802672897],[-72.94212942129421,-2.393321708217073],[-72.21852218522184,-2.400265722032202],[-71.7541175411754,-2.1520172281410197],[-71.39771397713977,-2.3342975907883954],[-70.96930969309693,-2.2075693386621253],[-70.09450094500944,-2.6589302366461],[-70.73530735307352,-3.7821244712446997],[-70.33930339303393,-3.815108536866603],[-69.9648996489965,-4.23522137268246],[-69.39969399693996,-1.1954793251057367],[-69.63369633696337,-0.5097579608608385],[-70.06930069300692,-0.13825322175095778],[-70.05490054900548,0.578716204662058],[-69.47169471694717,0.7297485051413162],[-69.15489154891549,0.642948332452093],[-69.31329313293132,1.0509091440914489],[-69.85329853298532,1.0595891613603783],[-69.84969849698497,1.7088544530757872],[-68.17568175681757,1.7192704737985025],[-68.19368193681936,1.9866150056813154],[-67.93447934479344,1.748782532512834],[-67.40167401674016,2.1168152647151572],[-67.08847088470884,1.6151102665714347],[-67.08127081270813,1.1845814100328624],[-66.8760687606876,1.2227734860161235],[-67.21087210872108,2.389367806959328],[-67.61767617676176,2.793856611691126],[-67.85887858878588,2.793856611691126],[-67.31167311673116,3.4153458481459893],[-67.66087660876609,3.864970742676192],[-67.85527855278552,4.507292020576472],[-67.82647826478265,5.271133540241664],[-67.48087480874808,6.18079935002477],[-67.85887858878588,6.290167567613196],[-69.42849428494284,6.123511236049879],[-70.13050130501304,6.953320886958878],[-70.73890738907389,7.090465159807863],[-72.0061200612006,7.033177045832971],[-72.47052470524704,7.524466023253993],[-72.36252362523625,8.152899273524],[-72.7981279812798,9.109437176559283],[-73.05733057330573,9.258733473584755],[-73.36693366933669,9.19450134579472],[-73.0069300693007,9.789950530442823],[-72.69012690126901,10.835024609621115],[-71.95931959319593,11.6665702639839],[-71.31851318513185,11.862738654261562]]]},"properties":{"name":"Colombia","iso_a3":"COL"},"id":"170"},
{"type":"Feature","geometry":{"type":"MultiPolygon","coordinates":[[[[119.82179821798218,25.457381700848273],[119.7209972099721,25.63966206349565],[119.69939699396997,25.433077652495285],[119.82179821798218,25.457381700848273]]],[[[110.38610386103863,21.093069018033944],[110.28170281702819,21.001060834983363],[110.50490504905048,20.96807676936146],[110.38610386103863,21.093069018033944]]],[[[121.25101251012512,28.08569092987807],[121.20421204212045,28.20373916473541],[121.13221132211322,28.063122884978867],[121.25101251012512,28.08569092987807]]],[[[107.97407974079744,21.507973843488443],[108.32328323283235,21.69372621304339],[108.50328503285033,21.63296609216094],[108.47808478084784,21.903782630951326],[108.77328773287735,21.631230088707156],[109.10089100891008,21.59130200927011],[109.08289082890832,21.44026970879085],[109.54369543695441,21.53748590220279],[109.52209522095222,21.69372621304339],[109.93249932499327,21.480197788227898],[109.66249662496625,20.917732669201712],[109.96849968499686,20.44901173667988],[109.88209882098823,20.36394756744444],[110.12330123301234,20.26325936712493],[110.51930519305193,20.459427757402594],[110.31410314103141,20.6712201787643],[110.36450364503645,20.837876510327618],[110.15570155701556,20.94377272100847],[110.41130411304113,21.33784550501757],[110.56610566105661,21.214589259798856],[111.01611016110161,21.511445850396015],[111.60291602916033,21.558317943648206],[111.94491944919451,21.849966523884007],[112.30492304923052,21.742334309749367],[112.35892358923593,21.978430779464063],[112.58572585725858,21.777054378825056],[112.95292952929532,21.907254637858898],[113.08973089730898,22.207583235363614],[113.14733147331475,22.075646972876],[113.47853478534785,22.195431211187127],[113.52533525335252,22.245775311346875],[113.55413554135544,22.594712005557568],[113.33093330933309,22.912400637600143],[113.51813518135185,23.101625014062662],[114.01494014940153,22.511383839775917],[114.26694266942673,22.54089589849025],[114.55494554945551,22.52874387431376],[114.65214652146523,22.75442432330574],[114.85374853748539,22.61728005045677],[115.19575195751958,22.81692044764199],[115.49815498154982,22.719704254230052],[116.47016470164704,22.945384703222047],[116.90936909369094,23.646730098551004],[117.29097290972913,23.714434233248596],[117.36657366573667,23.589441984576112],[117.46737467374675,23.841162485374866],[118.05778057780577,24.245651290106665],[117.84177841778421,24.47480374600623],[118.08658086580868,24.62757204993926],[118.65538655386553,24.62062803612413],[118.63738637386376,24.83589246439341],[118.90738907389073,24.929636650897777],[118.97578975789759,25.20913320695709],[119.28539285392856,25.23170125185628],[119.18099180991811,25.45043768703313],[119.62379623796238,25.391413569604467],[119.62019620196202,26.0042227887904],[119.33219332193323,25.948670678269295],[119.1377913779138,26.122271023647755],[119.46179461794617,26.05456688895015],[119.87939879398795,26.334063445009463],[119.5877958779588,26.78542434299345],[119.82539825398254,26.8461844638759],[119.88299882998831,26.610087994161205],[120.08820088200883,26.67084811504367],[120.60660606606069,27.412121589809658],[120.83340833408334,27.891258543054192],[120.74700747007472,28.009306777911547],[120.95940959409597,28.037082833172093],[121.14661146611468,28.326995409954122],[121.61101611016113,28.29227534087842],[121.47421474214741,28.64121203508911],[121.67941679416793,28.95369265677033],[121.48861488614887,29.193261133392596],[121.91701917019174,29.13423701596392],[121.94221942219423,29.606429955393324],[121.50661506615069,29.484909713628397],[122.08262082620826,29.870302480368565],[121.25821258212585,30.30430334381471],[120.63180631806318,30.132439001890035],[120.49500495004952,30.302567340360923],[120.19620196201964,30.24180721947846],[120.44820448204484,30.38763150959636],[120.82260822608225,30.354647443974457],[121.420214202142,30.790384310874373],[121.87741877418773,30.917112563000643],[121.66141661416617,31.319865364278655],[120.71460714607144,31.98301868362435],[120.03420034200343,31.936146590372175],[120.52020520205201,32.10627492884305],[121.67941679416793,31.712202144833967],[121.8666186661867,31.703522127565037],[121.8558185581856,31.816362352061034],[121.34101341013411,32.42569956433941],[120.85500855008553,32.661796034054106],[120.86940869408693,33.015940738626156],[120.26820268202681,34.27454324261994],[119.16659166591666,34.84916038582263],[119.42939429394295,35.30225728726039],[120.28620286202863,35.984506644597715],[120.18180181801819,36.203243079774566],[120.39420394203944,36.053946782749094],[120.63900639006391,36.130330934715616],[120.71100711007114,36.41329949768249],[120.89460894608948,36.44454755985062],[120.81180811808122,36.63203593285934],[121.93141931419314,36.96014058562463],[122.34182341823418,36.83167633004457],[122.66582665826661,37.402821466339674],[121.63981639816399,37.460109580314565],[120.75060750607508,37.833350322878246],[120.25740257402578,37.678846015491416],[119.76059760597605,37.15457297244849],[119.28899288992892,37.13894894136443],[118.9541895418954,37.33164532473451],[119.08739087390876,37.70141406039062],[118.939789397894,38.04340674078617],[117.76617766177662,38.312487276122766],[117.6149761497615,38.852384350249764],[117.8669786697867,39.19090502373774],[118.29898298982988,39.06764877851904],[118.97578975789759,39.182225006468826],[119.389793897939,39.75163413931017],[120.48060480604806,40.230771092554704],[121.17541175411753,40.900868425715515],[121.72981729817297,40.845316315194424],[121.83421834218342,40.973780570774466],[122.27342273422738,40.541515710782136],[121.26901269012689,39.545049728309806],[121.27621276212761,39.38533741056162],[121.81981819818202,39.38707341401542],[121.67941679416793,39.109312861409876],[121.10701107011073,38.92008848494737],[121.1646116461165,38.730864108484866],[121.65061650616508,38.86453637442625],[122.83862838628386,39.6006018388309],[124.36144361443615,40.00335464010891],[124.89064890648905,40.45992354845424],[125.9886598865989,40.90434043262309],[126.7446674466745,41.72547006626317],[128.1486814868149,41.38694939277519],[128.28908289082892,41.607421831405844],[128.04428044280445,41.987606587784654],[128.92268922689226,42.0379506879444],[129.31509315093155,42.41292743396187],[129.69669696696968,42.44764750303756],[129.89829898298984,42.99796059788724],[130.24030240302403,42.8920643872064],[130.52830528305282,42.53618367918057],[130.42390423904243,42.72714405909687],[131.06831068310686,42.90248040792909],[131.25911259112593,43.37814535426605],[130.98190981909818,44.845068272714],[131.85311853118532,45.32767723286611],[132.9367293672937,45.02908463881516],[133.11313113131132,45.13150884258843],[133.18513185131854,45.49433356442941],[133.8619386193862,46.24775906337189],[134.1679416794168,47.30151315981911],[134.75114751147515,47.71468198181984],[134.5639456394564,48.32228319064441],[133.14553145531454,48.10528275892136],[132.47592475924762,47.71468198181984],[130.96030960309605,47.70947397145849],[130.55350553505536,48.86044426131764],[130.19710197101972,48.891692323485756],[129.49869498694989,49.38818931126812],[129.06669066690665,49.37430128363786],[128.70308703087034,49.59998173262986],[128.00108001080014,49.56873367046171],[127.55107551075514,49.80135813326885],[127.59067590675909,50.209318944908205],[127.33867338673389,50.34993522466476],[126.34146341463418,52.36196322760105],[125.65025650256501,53.04247658148458],[124.81144811448115,53.13448476453516],[123.60903609036092,53.54591758308209],[120.98460984609846,53.28378106156063],[120.09540095400956,52.78728407377827],[120.06660066600665,52.63277976639142],[120.65700657006573,52.566811635147616],[120.75060750607508,52.096354699172],[120.06660066600665,51.59985771138963],[119.16299162991629,50.40548733518588],[119.26019260192601,50.066966661697876],[117.87417874178743,49.51318155994062],[116.68256682566829,49.82392617816805],[115.7861578615786,48.24763504213169],[115.52335523355237,48.131322810728136],[115.61695616956172,47.874394299568024],[115.89775897758977,47.68690592655929],[116.76176761767618,47.86918628920665],[117.35217352173521,47.6521858574836],[117.76977769777699,47.98723452406401],[118.49698496984973,47.983762517156435],[119.710197101971,47.150480859339865],[119.86859868598685,46.67134390609533],[119.33219332193323,46.61405579212044],[118.84258842588429,46.75988008223834],[117.74097740977413,46.51857560216229],[117.43857438574389,46.58627973685989],[117.33417334173345,46.36233529132167],[116.56376563765639,46.28942314626272],[116.19656196561965,45.739110051413036],[115.68175681756821,45.45787749189995],[114.55854558545587,45.39017335720234],[113.58653586535866,44.74611607584828],[111.89811898118984,45.06380470789085],[111.40131401314017,44.36766732292324],[111.93411934119342,43.71145801739269],[111.00891008910088,43.34168928173659],[110.40050400504003,42.77401615234905],[109.33849338493388,42.438967485768615],[106.7716677166772,42.28793518528937],[104.98244982449825,41.59526980722933],[104.49644496444967,41.659501935019364],[104.49644496444967,41.87650236674244],[103.71163711637115,41.751510118069945],[102.15642156421563,42.15773492625553],[101.49401494014938,42.53791968263434],[96.38556385563857,42.72020004528173],[95.32715327153272,44.03956267015798],[95.3487534875349,44.27739514332646],[94.71154711547115,44.35030728838541],[93.51633516335164,44.944020469579726],[90.87750877508773,45.195740970378466],[90.66150661506617,45.52558162659753],[91.00351003510036,46.03596664201018],[90.87030870308706,46.95431246906222],[90.02790027900278,47.877866306475596],[89.04869048690489,48.002858555148066],[87.97947979479795,48.55490765345155],[87.81387813878138,49.16250886227613],[87.32427324273243,49.08612471030963],[86.80946809468094,49.049668637780144],[86.55026550265501,48.52886760164478],[85.7510575105751,48.384779314980676],[85.4846548465485,47.06368068665063],[84.78624786247866,46.83105622384352],[84.66744667446676,46.97167250360005],[83.02943029430293,47.185200928415554],[82.3166231662317,45.59502176474891],[82.6118261182612,45.42489342627803],[82.52182521825222,45.12630083222709],[81.8666186661867,45.18185294274821],[81.69021690216903,45.34850927431151],[79.87219872198722,44.88326034869726],[80.48060480604806,44.71486801368016],[80.35460354603549,44.09685078413287],[80.78660786607867,43.161144922543],[80.39060390603908,43.04309668768565],[80.53820538205383,42.87296834921477],[80.20340203402037,42.73408807291199],[80.21060210602104,42.190718991877446],[80.21780217802177,42.03274267758303],[78.44298442984433,41.41819745494331],[78.12258122581227,41.07620477454776],[76.82296822968232,40.98246058804341],[76.31896318963192,40.3522913343196],[75.67815678156782,40.305419241067426],[75.51975519755197,40.628315883471345],[74.8357483574836,40.482491593353444],[74.83214832148323,40.32798728596663],[73.99333993339934,40.04328271954597],[73.90693906939072,39.578033793931695],[73.63333633336333,39.44956953835165],[73.80253802538027,38.60760786326614],[74.27774277742779,38.65968796687969],[74.81054810548108,38.46004756969447],[74.89334893348934,37.60072586007112],[75.12015120151202,37.38546143180183],[74.88974889748897,37.23095712441501],[74.37134371343714,37.15804497935606],[74.54054540545405,37.022636709960864],[75.14535145351454,36.9740286132549],[75.42255422554226,36.737932143540206],[75.77175771757717,36.69453205719559],[75.97335973359733,36.38205143551437],[75.91215912159123,36.048738772387736],[76.17856178561789,35.810906299219255],[76.5529655296553,35.88729045118578],[76.76536765367655,35.66161000219378],[77.79857798577984,35.49668967408425],[78.04338043380437,35.47932963954641],[78.3277832778328,34.60611990229279],[78.96858968589686,34.3023192978805],[78.72738727387275,34.01414272455226],[78.80298802988028,33.500285702232034],[79.13419134191344,33.17218104946676],[79.22059220592206,32.50034771285215],[78.91818918189182,32.35799542964182],[78.7021870218702,32.597563906264085],[78.38898388983893,32.51944375084378],[78.73458734587348,31.958714635271363],[78.7417874178742,31.323337371186227],[79.10539105391052,31.40319353006032],[79.49419494194944,30.993496714967165],[80.14940149401497,30.790384310874373],[80.19260192601928,30.56817586878995],[81.00981009810101,30.163687064058152],[81.17541175411753,30.040430818839454],[81.4166141661417,30.337287409436613],[82.04302043020431,30.326871388713897],[82.21942219422198,30.064734867192442],[83.15543155431556,29.613373969208453],[83.58383583835837,29.182845112669895],[84.10224102241023,29.21930118519937],[84.22824228242285,28.91202857387951],[84.7970479704797,28.559619872761246],[85.16065160651607,28.59260393838315],[85.12105121051212,28.316579389231407],[85.67905679056793,28.27665130979436],[85.99585995859957,27.910354581045823],[86.13626136261365,28.1152029885924],[86.40986409864098,27.929450619037453],[86.6906669066691,28.094370947146984],[87.14067140671409,27.83917843944066],[88.10908109081089,27.870426501608776],[88.5770857708577,28.0926349436932],[88.80388803888042,28.00757077445776],[88.74988749887501,27.521489807398083],[88.89028890288904,27.31664139985152],[89.48069480694807,28.059650878071295],[89.9810998109981,28.31137137887005],[90.34830348303484,28.243667244172457],[90.3519035190352,28.08048291951671],[91.02151021510218,27.9693786984745],[91.27351273512738,28.078746916062926],[91.64071640716406,27.922506605222324],[91.63351633516334,27.759322280566565],[92.54792547925479,27.879106518877705],[93.25353253532535,28.629060010912625],[93.76113761137611,28.729748211232135],[94.62154621546216,29.313045371703737],[95.38835388353885,29.037020822551995],[96.03636036360365,29.446717637645136],[96.35676356763571,29.248813243913702],[96.13716137161373,28.92244459460221],[96.4359643596436,29.050908850182267],[96.579965799658,28.764468280307824],[96.28116281162812,28.41205957918956],[96.60156601566018,28.46066767589552],[97.32157321573214,28.217627192365683],[97.5987759877599,28.516219786416627],[98.06318063180635,28.186379130197565],[98.29718297182973,27.549265862658643],[98.64998649986501,27.571833907557846],[98.739987399874,26.78542434299345],[98.56358563585638,26.071926923488007],[98.65718657186574,25.863606509033858],[97.81837818378187,25.252533293301695],[97.58437584375844,24.775132343510947],[97.53037530375303,24.492163780544075],[97.7067770677707,24.22829125556882],[97.56277562775631,23.910602623526245],[98.83358833588335,24.12065904143418],[98.67518675186756,23.9053946131649],[98.86238862388626,23.191897193659457],[99.50679506795069,22.95927273085232],[99.19359193591936,22.12599107303575],[99.91719917199174,22.02877487962381],[100.14760147601476,21.480197788227898],[100.60480604806048,21.471517770958968],[101.08001080010803,21.75622233737964],[101.1376113761138,21.56699796091712],[101.24921249212491,21.19722922526101],[101.80001800017999,21.212853256345085],[101.5228152281523,22.254455328615805],[101.73881738817391,22.495759808691858],[102.12762127621278,22.37944757728829],[102.46962469624697,22.750952316398184],[102.9808298082981,22.448887715439668],[103.32643326433265,22.770048354389814],[103.49203492034923,22.58776799174244],[103.62163621636216,22.7822003785663],[103.94203942039422,22.54089589849025],[104.14364143641438,22.799560413104146],[104.37044370443704,22.704080223145994],[104.68724687246873,22.82212845800335],[104.8636486364864,23.13634508313835],[105.2740527405274,23.344665497592487],[105.8428584285843,22.922816658322844],[106.77886778867787,22.77872837165873],[106.55206552065522,22.5009678190532],[106.66366663666639,21.978430779464063],[107.35127351273513,21.608662043807954],[107.75807758077582,21.65553413706013],[107.97407974079744,21.507973843488443]]],[[[110.89010890108904,19.992442828334546],[110.65250652506523,20.138267118452447],[110.5877058770588,19.976818797250488],[110.21330213302133,20.05667495612458],[109.2628926289263,19.88307461074612],[108.66528665286654,19.30324945718209],[108.70128701287013,18.535935930609327],[109.51849518495186,18.21824729856675],[110.0189001890019,18.416151692298186],[110.45090450904507,18.747728351971034],[110.6417064170642,19.29109743300559],[111.01251012510124,19.655658158300355],[110.89010890108904,19.992442828334546]]]]},"properties":{"name":"China","iso_a3":"CHN"},"id":"156"},
{"type":"Feature","geometry":null,"properties":{"name":"Macao","iso_a3":"MAC"},"id":"446"},
{"type":"Feature","geometry":{"type":"MultiPolygon","coordinates":[[[[114.01494014940153,22.511383839775917],[113.93573935739357,22.365559549658016],[114.26694266942673,22.296119411506623],[114.26694266942673,22.54089589849025],[114.01494014940153,22.511383839775917]]],[[[113.9969399693997,22.211055242271186],[114.04374043740438,22.332575484036113],[113.83853838538386,22.242303304439304],[113.9969399693997,22.211055242271186]]]]},"properties":{"name":"Hong Kong","iso_a3":"HKG"},"id":"344"},
{"type":"Feature","geometry":{"type":"MultiPolygon","coordinates":[[[[-70.41850418504184,-18.345457445043195],[-70.15570155701556,-19.706484152810262],[-70.080100801008,-21.35742343735936],[-70.3321033210332,-22.84865040416028],[-70.59490594905948,-23.254875212345866],[-70.39330393303932,-23.565619830573297],[-70.57330573305732,-24.643677975373492],[-70.44370443704436,-25.173159028777775],[-70.71370713707137,-25.784232244509937],[-70.64530645306452,-26.329337328998278],[-70.9261092610926,-27.58793983299207],[-71.52011520115201,-28.92639849585995],[-71.31491314913148,-29.6503119360881],[-71.70731707317073,-30.75961814305642],[-71.45171451714516,-32.65880592149671],[-71.74331743317433,-33.09454278839662],[-71.6641166411664,-33.65179989706146],[-72.00252002520025,-34.16565691938168],[-72.22212222122221,-35.0961547706102],[-72.62532625326253,-35.585707744577434],[-73.21573215732157,-37.16720689097515],[-73.60093600936008,-37.18803893242056],[-73.66213662136622,-37.340807236353605],[-73.52173521735217,-38.509137560750595],[-73.22653226532265,-39.224370983709825],[-73.41013410134101,-39.788572106189804],[-73.66933669336693,-39.96390845502204],[-73.96453964539646,-41.11835075178876],[-73.62253622536225,-41.58186367394923],[-73.73413734137341,-41.743311995151196],[-73.52173521735217,-41.797128102218515],[-73.24093240932409,-41.78150407113445],[-72.95292952929529,-41.51415953925164],[-72.54252542525425,-41.691231891537655],[-72.31932319323192,-41.49853550816757],[-72.35892358923589,-41.64956780864683],[-72.82332823328233,-41.90823232326073],[-72.49932499324993,-41.98114446831968],[-72.41292412924129,-42.387369276505254],[-72.77292772927728,-42.25716901747141],[-72.63252632526324,-42.50888951827017],[-72.84852848528485,-42.668601836018354],[-72.75852758527584,-43.04010657512824],[-73.07533075330753,-43.32307513809512],[-72.99612996129962,-43.632083752868766],[-73.26613266132661,-44.16850882008819],[-72.66492664926649,-44.43585335197101],[-72.67932679326793,-44.59382966626541],[-73.40653406534065,-45.10247867822427],[-73.44613446134461,-45.237886947619465],[-72.93492934929348,-45.45315137588875],[-73.26613266132661,-45.34551916175411],[-73.73053730537305,-45.47919142769552],[-73.590135901359,-45.899304263511375],[-73.84573845738457,-46.565929589764636],[-73.73413734137341,-45.81250409082215],[-73.9681396813968,-46.1544967712177],[-74.39294392943928,-46.21699289555394],[-74.01854018540185,-46.055544574351984],[-73.95733957339573,-45.40454327918278],[-74.15894158941589,-45.767368001023755],[-75.06615066150661,-45.875000215158394],[-74.92574925749257,-46.15970478157906],[-75.70695706957069,-46.7048098660674],[-75.42975429754297,-46.93396232196696],[-75.54135541355413,-46.697865852252264],[-74.98334983349834,-46.512113482697316],[-75.0049500495005,-46.741265938596875],[-74.51174511745117,-46.885354225261],[-74.31374313743137,-46.78813803184906],[-74.15894158941589,-47.18221081585815],[-74.48294482944829,-47.43045930974934],[-74.13374133741337,-47.59017162749752],[-74.53334533345333,-47.567603582598316],[-74.65574655746558,-47.70301185199351],[-74.22734227342274,-47.96862038042254],[-73.93933939339394,-47.9286923009855],[-73.7161371613716,-47.656139758741325],[-73.39213392133921,-48.14569273270857],[-74.58374583745837,-47.99986844259067],[-74.47574475744757,-48.463381364751136],[-74.00774007740077,-48.47553338892763],[-74.34254342543426,-48.595317627238764],[-74.36774367743676,-49.40082322979479],[-74.22014220142201,-49.499775426660506],[-73.93573935739357,-49.02063847341598],[-74.0941409414094,-49.43033528850913],[-73.83493834938349,-49.60914364424893],[-74.29214292142922,-49.60393563388758],[-74.32454324543245,-49.782743989627384],[-73.95733957339573,-49.9945364109891],[-74.33534335343353,-49.97544037299747],[-74.63054630546306,-50.194176808174326],[-73.95013950139501,-50.51012943676311],[-74.18414184141841,-50.48582538841013],[-74.19854198541985,-50.609081633628826],[-73.97893978939788,-50.827818068805676],[-73.65493654936549,-50.492769402225264],[-73.80613806138061,-50.93892228984789],[-74.1409414094141,-50.817402048082975],[-74.36414364143641,-50.48756139186391],[-74.64494644946448,-50.360833139737636],[-74.68454684546845,-50.66116173724237],[-75.0949509495095,-50.681993778687776],[-74.81414814148141,-51.06217853506659],[-73.93933939339394,-51.26702694261317],[-73.92853928539284,-51.61769964027764],[-74.19494194941949,-51.680195764613885],[-73.51813518135181,-52.04128448300107],[-72.60012600126001,-51.79998000292502],[-73.16893168931689,-51.4545153156219],[-72.7621276212762,-51.572563550479245],[-72.48852488524885,-51.76352393039554],[-72.52452524525245,-52.25481290781657],[-72.67572675726757,-52.38501316685041],[-72.79452794527946,-51.94927629995049],[-73.2589325893259,-52.15759671440463],[-73.68373683736837,-52.077740555530546],[-73.83493834938349,-52.233980866371155],[-74.26334263342633,-52.1055166107911],[-74.0149401494015,-52.64020567455674],[-73.58653586535866,-52.68534176435514],[-73.12213122131222,-52.487437370623695],[-73.64413644136441,-52.83637406483439],[-73.12213122131222,-53.07420653800287],[-72.71172711727117,-52.536045467329664],[-71.51291512915128,-52.60548560548105],[-72.72612726127261,-52.76172591632165],[-73.05373053730537,-53.24259887301997],[-72.54972549725497,-53.46133530819682],[-72.27972279722796,-53.13149465197776],[-71.22851228512285,-52.81033401302762],[-71.790117901179,-53.483903353096025],[-71.94131941319412,-53.23391885575105],[-72.41292412924129,-53.35023108715461],[-72.17532175321753,-53.63146364666771],[-71.29691296912969,-53.883184147466466],[-70.99450994509945,-53.77902394023939],[-70.79650796507964,-52.768669930136795],[-69.61929619296193,-52.4648693257245],[-69.24129241292412,-52.2062048111106],[-68.44208442084421,-52.35723711158986],[-69.96129961299613,-52.00830041737917],[-71.91971919719197,-51.98920437938754],[-72.40932409324093,-51.54131548831113],[-72.3409234092341,-50.681993778687776],[-73.15453154531545,-50.73754588920888],[-73.50013500135,-50.12473667002294],[-73.55413554135541,-49.46331935413103],[-73.13653136531364,-49.300135029475285],[-72.35532355323552,-48.366165171339205],[-72.51732517325173,-47.87661219737196],[-71.70011700117001,-46.65099375900008],[-71.87651876518765,-46.15970478157906],[-71.63171631716317,-45.953120370578695],[-71.74691746917469,-45.578143624561235],[-71.35091350913508,-45.33163113412383],[-71.59571595715957,-44.979222433005575],[-72.0421204212042,-44.90457428449284],[-72.06372063720637,-44.77263802200521],[-71.26091260912608,-44.7622220012825],[-71.14931149311492,-44.49487746939968],[-71.81891818918189,-44.38377324835747],[-71.67851678516784,-43.928940343465925],[-71.90531905319052,-43.34737918644811],[-71.75051750517505,-43.238010968859676],[-72.14652146521465,-42.989762474968494],[-72.10692106921069,-42.25196100711006],[-71.75051750517505,-42.047112599563484],[-71.93051930519304,-40.69129390215776],[-71.40131401314012,-38.93445840692781],[-70.85770857708577,-38.60461775070875],[-71.16731167311673,-37.76265607562325],[-71.19251192511925,-36.844310248571226],[-71.05571055710557,-36.523149609621086],[-70.40410404104041,-36.061372690914396],[-70.55530555305553,-35.24718707108945],[-70.05130051300513,-34.301065188776874],[-69.85329853298532,-34.22468103681036],[-69.82089820898209,-33.283767164859135],[-70.08370083700837,-33.20217500253126],[-70.02250022500225,-32.884486370488695],[-70.36450364503645,-32.08418877829402],[-70.25290252902529,-31.95746052616775],[-70.5841058410584,-31.568595752520018],[-70.51930519305192,-31.148482916704154],[-70.31050310503105,-31.02349066803167],[-70.15210152101521,-30.360337348685974],[-69.84249842498424,-30.174584979131033],[-70.02610026100261,-29.323943286776604],[-69.65529655296552,-28.41427747699351],[-69.17289172891728,-27.92472450302627],[-68.84528845288453,-27.153938969545933],[-68.31968319683196,-26.973394610352344],[-68.59328593285933,-26.469953608754828],[-68.41328413284133,-26.15400098016604],[-68.59328593285933,-25.419671519215186],[-68.38448384483844,-25.09156686644991],[-68.56088560885608,-24.74783818260056],[-68.25128251282513,-24.39195747457474],[-67.35487354873548,-24.034340763095116],[-67.00927009270092,-23.001418708093325],[-67.19647196471965,-22.82087434889972],[-67.88047880478804,-22.822610352353507],[-68.19728197281972,-21.300135323384467],[-68.55728557285572,-20.902590532467812],[-68.48528485284852,-20.628301986769856],[-68.75888758887588,-20.41650956540815],[-68.75528755287553,-20.090140916096644],[-68.56088560885608,-19.966884670877945],[-68.69768697686976,-19.72037218044055],[-68.46368463684637,-19.432195607112305],[-68.96768967689677,-18.968682684951844],[-69.09369093690937,-18.050336857899822],[-69.31329313293132,-17.942704643765182],[-69.51129511295113,-17.505231773411467],[-69.85329853298532,-17.703136167142915],[-69.92529925299253,-18.206577168740424],[-70.41850418504184,-18.345457445043195]]],[[[-68.62928629286293,-52.652357698733226],[-69.16569165691656,-52.66798172981729],[-69.4140941409414,-52.485701367169916],[-69.93609936099361,-52.82075003375033],[-70.37890378903789,-52.75130989559895],[-70.13050130501304,-52.94227027551525],[-70.44370443704436,-53.08635856217936],[-70.32850328503285,-53.378007142415164],[-69.35649356493565,-53.416199218398425],[-70.15210152101521,-53.88839215782782],[-69.98649986499865,-54.10886459645845],[-69.04329043290433,-54.4074571905094],[-69.2520925209252,-54.55675348753487],[-69.74169741697416,-54.30503298673611],[-70.170101701017,-54.379681135248845],[-70.53370533705336,-54.136640651719006],[-70.53010530105301,-53.62799163976014],[-70.86130861308612,-54.11060059991224],[-70.31050310503105,-54.52897743227432],[-70.79650796507964,-54.32760103163531],[-71.9269192691927,-54.52897743227432],[-70.49770497704976,-54.81020999178741],[-69.72369723697237,-54.71125779492169],[-69.48609486094861,-54.85881808849338],[-68.65448654486545,-54.85361007813202],[-68.62928629286293,-52.652357698733226]]],[[[-67.08127081270813,-55.153938675636745],[-67.24687246872469,-54.97686632335073],[-68.30168301683017,-54.98033833025829],[-68.07128071280712,-55.221642810334345],[-67.49527495274953,-55.17824272398973],[-67.34047340473404,-55.29281895193951],[-67.08127081270813,-55.153938675636745]]],[[[-73.77373773737737,-43.34564318299432],[-73.43533435334353,-42.93594636790117],[-73.78813788137882,-42.585273670236695],[-73.47133471334713,-42.46548943192556],[-73.42453424534244,-42.192936889681384],[-73.52893528935289,-41.89608029908423],[-74.03654036540365,-41.79539209876473],[-74.38574385743857,-43.23106695504454],[-73.77373773737737,-43.34564318299432]]],[[[-74.47574475744757,-49.14736672554225],[-74.54774547745477,-48.76718196916343],[-74.89694896948969,-48.73246190008774],[-75.21015210152102,-49.14736672554225],[-75.08775087750877,-49.27062297076095],[-75.46575465754657,-49.35915914690396],[-75.30735307353073,-49.494567416299155],[-75.54855548555486,-49.791424006896314],[-75.03015030150301,-49.83656009669471],[-74.72414724147241,-49.42339127469399],[-74.8789487894879,-49.7254558756525],[-74.59454594545944,-50.00668843516559],[-74.47574475744757,-49.14736672554225]]],[[[-75.5089550895509,-48.76370996225587],[-75.15975159751598,-48.62309368249932],[-75.39015390153901,-48.0189644805823],[-75.57015570155701,-48.09534863254882],[-75.5089550895509,-48.76370996225587]]],[[[-74.38574385743857,-52.92317423752362],[-74.71334713347133,-52.749573892145165],[-74.27054270542705,-53.08115055181801],[-73.13653136531364,-53.35370309406218],[-74.38574385743857,-52.92317423752362]]],[[[-74.56574565745657,-48.59184562033119],[-74.89694896948969,-47.84015612484249],[-75.21375213752137,-48.142220725800996],[-74.9221492214922,-48.62656568940689],[-74.56574565745657,-48.59184562033119]]],[[[-72.9241292412924,-53.48216734964224],[-73.44613446134461,-53.40925520458329],[-73.84573845738457,-53.54639947743227],[-73.31293312933128,-53.72867984007964],[-73.2121321213212,-53.985608351239755],[-72.7621276212762,-53.864088109474835],[-72.87012870128702,-54.126224630996305],[-72.20412204122042,-53.806799995499944],[-72.9241292412924,-53.48216734964224]]],[[[-74.82134821348212,-51.62985166445414],[-75.10575105751057,-51.78956398220232],[-74.69534695346952,-52.27911695616955],[-74.53694536945369,-51.96490033103455],[-74.82134821348212,-51.62985166445414]]],[[[-69.7020970209702,-54.919578209375835],[-69.88569885698857,-54.881386133392574],[-69.97929979299792,-55.14699466182161],[-69.45729457294573,-55.42475521442714],[-69.180091800918,-55.475099314586885],[-69.36009360093601,-55.30149896920843],[-69.19089190891908,-55.1712987101746],[-68.88848888488884,-55.240738848325975],[-68.86688866888669,-55.450795266233904],[-68.04968049680497,-55.64349164960399],[-68.28368283682836,-55.25462687595625],[-68.61488614886149,-55.15567467909053],[-68.45648456484564,-54.95950628881288],[-69.7020970209702,-54.919578209375835]]],[[[-71.39051390513904,-54.03248044449194],[-71.99531995319953,-53.88492015092025],[-72.21132211322113,-54.048104475576],[-71.94851948519485,-54.30156097982854],[-71.47331473314733,-54.23038483822337],[-71.14211142111421,-54.374473124887494],[-71.02331023310232,-54.112336603366025],[-71.39051390513904,-54.03248044449194]]],[[[-73.73413734137341,-44.39418926908018],[-73.99333993339933,-44.14073276482764],[-74.09774097740977,-44.38898125871883],[-74.61614616146161,-44.64764577333273],[-74.0149401494015,-45.34551916175411],[-73.72693726937268,-45.19622286472864],[-74.00054000540005,-44.590357659357835],[-73.73413734137341,-44.39418926908018]]],[[[-72.98532985329852,-44.77958203582035],[-72.77652776527765,-44.50876549702996],[-73.20853208532085,-44.33516515165151],[-73.4209342093421,-44.72402992529924],[-73.23013230132301,-44.85943819469444],[-72.98532985329852,-44.77958203582035]]],[[[-75.30375303753037,-50.680257775234],[-75.11655116551165,-50.51012943676311],[-75.4261542615426,-50.48061737804877],[-75.41175411754118,-50.76358594101565],[-75.30375303753037,-50.680257775234]]],[[[-75.10575105751057,-48.83662210731482],[-75.58455584555846,-48.85919015221401],[-75.64215642156421,-49.19597482224821],[-75.10575105751057,-48.83662210731482]]],[[[-75.11295112951129,-47.83842012138871],[-74.92574925749257,-47.723843893438925],[-75.26055260552606,-47.76377197287597],[-75.11295112951129,-47.83842012138871]]],[[[-74.55854558545585,-51.27744296333587],[-75.15255152551525,-51.27917896678966],[-75.28935289352893,-51.624643654092786],[-74.55854558545585,-51.27744296333587]]],[[[-75.05535055350553,-50.29660101194761],[-74.87534875348753,-50.10911263893888],[-75.32535325353253,-50.01189644552694],[-75.44775447754478,-50.34347310519979],[-75.05535055350553,-50.29660101194761]]],[[[-74.31374313743137,-45.69098384905723],[-74.31014310143101,-45.17191881637565],[-74.68814688146881,-45.66320779379668],[-74.31374313743137,-45.69098384905723]]],[[[-70.99090990909909,-54.8674981057623],[-71.43731437314372,-54.8900661506615],[-70.2961029610296,-55.114010596199705],[-70.41850418504184,-54.90916218865313],[-70.99090990909909,-54.8674981057623]]],[[[-67.290072900729,-55.777163915545394],[-67.39807398073981,-55.58446753217532],[-67.56007560075601,-55.72508381193186],[-67.290072900729,-55.777163915545394]]]]},"properties":{"name":"Chile","iso_a3":"CHL"},"id":"152"},
{"type":"Feature","geometry":{"type":"Polygon","coordinates":[[[23.98163981639817,19.495945840552167],[20.147601476014756,21.389925608631103],[15.982359823598244,23.445353697911997],[14.977949779497806,22.995728803381795],[15.18315183151833,21.523597874572516],[15.964359643596453,20.346587532906597],[15.733957339573408,19.903906652191537],[15.474754747547479,16.90756469095942],[14.36954369543696,15.749650387285143],[13.44793447934481,14.379943662249133],[13.60633606336063,13.70463831872695],[14.063540635406355,13.077941071910729],[14.463144631446312,13.022388961389623],[14.848348483484841,12.50158792525427],[15.08235082350825,11.845378619723718],[15.13275132751329,10.649272240066168],[15.654756547565484,10.006950962165888],[14.24354243542436,9.979174906905328],[13.97713977139773,9.690998333577099],[15.11475114751147,8.557388078255798],[15.55035550355504,7.788338548229248],[15.478354783547843,7.524466023253993],[15.957159571595724,7.507105988716148],[16.543965439654414,7.86472270019577],[16.785167851678523,7.550506075060767],[17.649176491764933,7.982770935053111],[18.563585635856356,8.04526705938936],[19.107191071910734,8.656340275121522],[18.887588875888753,8.836884634315112],[18.955989559895613,8.939308838088394],[20.342003420034217,9.126797211097127],[21.63441634416344,10.237839421519226],[21.771217712177133,10.642328226251024],[22.494824948249487,10.996472930823074],[22.85842858428586,10.920088778856552],[22.92322923229233,11.345409625033767],[22.592025920259204,11.579770091294677],[22.415624156241563,12.54672401505266],[21.825218252182538,12.7897644985825],[22.22842228422286,13.329661572709497],[22.106021060210622,13.800118508685102],[22.5380253802538,14.161207227072282],[22.383223832238343,14.550072000720021],[22.93402934029342,15.16288121990597],[22.93402934029342,15.532649955562064],[23.106831068310697,15.702778294032953],[23.97083970839708,15.721874332024584],[23.98163981639817,19.495945840552167]]]},"properties":{"name":"Chad","iso_a3":"TCD"},"id":"148"},
{"type":"Feature","geometry":{"type":"Polygon","coordinates":[[[24.14724147241472,8.665020292390437],[23.538835388353903,8.816052592869696],[23.466834668346678,9.11464518692064],[23.646836468364683,9.822934596064727],[22.85842858428586,10.920088778856552],[22.494824948249487,10.996472930823074],[21.771217712177133,10.642328226251024],[21.63441634416344,10.237839421519226],[20.342003420034217,9.126797211097127],[18.955989559895613,8.939308838088394],[18.887588875888753,8.836884634315112],[19.107191071910734,8.656340275121522],[18.563585635856356,8.04526705938936],[17.649176491764933,7.982770935053111],[16.785167851678523,7.550506075060767],[16.543965439654414,7.86472270019577],[15.957159571595724,7.507105988716148],[15.478354783547843,7.524466023253993],[14.740347403474033,6.2797515468904805],[14.430744307443092,6.0384470668144274],[14.617946179461796,5.864846721435981],[14.563945639456392,5.279813557510593],[14.729547295472969,4.602772210534624],[15.06435064350643,4.285083578492049],[15.129151291512926,3.826778666692931],[16.065160651606533,2.908432839640909],[16.183961839618405,2.2695835686482013],[16.612366123661246,3.505618027742784],[17.490774907749085,3.687898390390174],[18.160381603816035,3.5004100173814408],[18.473584735847368,3.623666262600139],[18.610386103861032,3.4778419724822385],[18.59238592385924,4.345843699374512],[19.067590675906757,4.890948783862854],[19.499594995949963,5.127045253577549],[20.22680226802268,4.83018866298039],[20.558005580055806,4.462155930778067],[22.42282422824229,4.135787281466577],[22.86562865628656,4.724292452299537],[23.416434164341638,4.663532331417073],[24.320043200432025,4.9933729876361355],[25.065250652506535,4.967332935829376],[25.526055260552624,5.3127976231324965],[26.822068220682212,5.062813125787528],[27.07047070470705,5.199957398636499],[27.401674016740174,5.109685219039704],[27.142471424714245,5.722494438225652],[26.512465124651243,6.069695128982559],[26.307263072630747,6.455087895722727],[26.361263612636122,6.635632254916317],[25.27765277652776,7.427249829842069],[25.2020520205202,7.807434586220879],[24.852848528485282,8.13727524243994],[24.29124291242914,8.291779549826757],[24.14724147241472,8.665020292390437]]]},"properties":{"name":"Central African Rep.","iso_a3":"CAF"},"id":"140"},
{"type":"Feature","geometry":{"type":"MultiPolygon","coordinates":[[[[-25.16965169651695,16.94575676694268],[-25.03645036450365,17.17664522629603],[-25.33885338853389,17.09158105706058],[-25.16965169651695,16.94575676694268]]],[[[-23.445234452344522,15.00837691251914],[-23.747637476374763,15.3278015480155],[-23.70443704437045,14.961504819266963],[-23.445234452344522,15.00837691251914]]],[[[-24.888848888488866,16.817292511362623],[-24.93564935649357,16.921452718589705],[-25.09405094050939,16.832916542446696],[-24.888848888488866,16.817292511362623]]],[[[-22.9160291602916,16.237467357798593],[-22.959229592295912,16.044770974428502],[-22.710827108271076,16.04303497097473],[-22.692826928269284,16.169763223101],[-22.9160291602916,16.237467357798593]]],[[[-24.309243092430933,14.855608608586095],[-24.33084330843309,15.01879293324184],[-24.496444964449637,14.980600857258594],[-24.309243092430933,14.855608608586095]]],[[[-24.086040860408588,16.62286012453876],[-24.39924399243992,16.617652114177403],[-24.32364323643236,16.49265986550492],[-24.086040860408588,16.62286012453876]]]]},"properties":{"name":"Cabo Verde","iso_a3":"CPV"},"id":"132"},
{"type":"Feature","geometry":{"type":"MultiPolygon","coordinates":[[[[-132.6559265592656,54.12747874009992],[-133.04833048330482,54.158726802268035],[-133.08073080730807,53.83756616331789],[-132.42552425524255,53.33759716862795],[-132.74592745927458,53.309821113367406],[-132.34632346323463,53.19003687505628],[-131.95751957519576,53.308085109913605],[-131.66591665916658,54.141366767730204],[-132.13392133921337,54.033734553595565],[-132.18792187921878,53.68479785938487],[-132.53352533525336,53.651813793762955],[-132.16632166321662,53.95561439817524],[-132.6559265592656,54.12747874009992]]],[[[-131.75231752317524,53.19524488541762],[-132.5479254792548,53.13795677144273],[-132.14472144721447,52.999076495139974],[-132.16632166321662,52.783812066870695],[-131.22311223112231,52.15364281314689],[-131.1439114391144,52.29078708599587],[-131.59031590315902,52.5789636593241],[-131.45351453514536,52.7022199045428],[-131.9719197191972,52.87929225682885],[-131.63351633516334,52.92269234317345],[-131.75231752317524,53.19524488541762]]],[[[-127.19827198271983,50.63984780144679],[-127.91827918279182,50.860320240077414],[-128.34668346683466,50.74400800867386],[-128.05868058680585,50.499231521690234],[-127.46467464674646,50.5825596874719],[-127.48627486274862,50.40548733518588],[-127.90747907479074,50.445415414622914],[-127.86427864278642,50.12772678258034],[-127.24867248672487,50.138142803303055],[-127.11547115471154,49.87947828868914],[-126.9030690306903,49.94371041647918],[-126.13266132661326,49.67289387768881],[-126.54306543065431,49.59130171536091],[-126.51786517865179,49.396869328537065],[-125.93465934659346,49.40207733889841],[-125.95265952659526,49.24757303151159],[-125.6430564305643,49.18507690717533],[-125.83025830258302,49.09133272067098],[-125.48825488254883,48.93335640637659],[-124.92664926649266,49.014948568704455],[-124.81144811448115,49.2128529624359],[-124.8510485104851,49.02883659633474],[-125.12105121051209,48.761492064451915],[-123.91863918639186,48.38651531843445],[-123.31023310233101,48.41081936678742],[-123.99423994239942,49.22326898315859],[-124.82944829448294,49.53054159447845],[-125.4810548105481,50.31695115904287],[-127.19827198271983,50.63984780144679]]],[[[-130.02430024300241,55.88778624223744],[-130.04950049500496,55.05797659132844],[-129.7938979389794,55.55968158947218],[-129.559895598956,55.462465396060225],[-130.4311043110431,54.42086332378952],[-130.08550085500855,54.18129484716724],[-129.62469624696246,54.22990294387321],[-130.04230042300424,54.13268675046126],[-130.2619026190262,53.653549797216726],[-129.56349563495635,53.250796995938714],[-128.95868958689587,53.84103817022546],[-128.5338853388534,53.85839820476332],[-128.7642876428764,53.74729398372111],[-128.67428674286742,53.55459760035103],[-127.92907929079291,53.275101044291716],[-128.90468904689047,53.559805610712374],[-128.85428854288543,53.7038938973765],[-129.1710917109171,53.5337655589056],[-128.36468364683645,52.82547614976153],[-128.05148051480515,52.910540318996965],[-128.2710827108271,52.363699231054824],[-127.93987939879398,52.545979593702214],[-128.35748357483575,52.15885082350826],[-128.1018810188102,51.78908208785214],[-127.79227792277922,52.2890510825421],[-127.0650706507065,52.65187580438305],[-127.01827018270183,52.84283618429936],[-126.949869498695,52.75082800124878],[-127.19467194671947,52.457443417559205],[-126.71226712267122,52.059898626642536],[-127.24147241472414,52.39494729322294],[-127.43947439474394,52.35675521723968],[-127.79587795877958,52.19183488913015],[-127.84987849878499,51.67276985644858],[-127.64467644676446,51.478337469624705],[-127.33867338673386,51.70748992552427],[-126.69066690666907,51.7040179186167],[-127.42147421474215,51.60853772865855],[-127.70947709477095,51.151968820313215],[-127.05787057870579,50.86726425389256],[-126.51786517865179,51.05648863035506],[-126.51426514265142,50.679775880883824],[-125.90585905859058,50.7040799292368],[-126.44586445864459,50.58776769783324],[-126.09306093060931,50.49749551823646],[-125.6430564305643,50.46624745606832],[-125.53865538655387,50.648527818715706],[-125.47745477454774,50.49749551823646],[-125.05985059850599,50.51311954932052],[-124.85824858248583,50.8724722642539],[-125.05625056250562,50.41937536281614],[-124.78264782647827,50.0200945684457],[-124.14184141841417,49.792678115999934],[-123.87903879038791,50.172862872378744],[-123.87543875438755,49.737126005478814],[-123.58383583835838,49.68157389495772],[-123.81783817838178,49.58609370499957],[-123.99423994239942,49.73539000202504],[-124.03024030240303,49.6034537395374],[-123.52983529835298,49.396869328537065],[-123.18783187831878,49.67983789150392],[-123.27783277832779,49.34478922492352],[-122.87822878228782,49.39860533199084],[-123.1950319503195,49.14688483119207],[-123.07623076230763,48.980228499628765],[-122.78822788227882,48.99238052380525],[-114.58374583745837,48.99238052380525],[-106.48366483664836,48.99238052380525],[-102.22122221222212,48.99238052380525],[-97.95517955179551,48.99238052380525],[-95.16155161551615,48.99238052380525],[-95.15435154351543,49.36909327327649],[-94.93834938349383,49.34999723528486],[-94.62154621546215,48.742396026460284],[-93.70713707137071,48.525395594737205],[-92.99792997929978,48.61219576742644],[-92.41472414724147,48.27714710084604],[-92.00432004320042,48.30145114919901],[-91.51831518315183,48.058410665669186],[-90.91710917109171,48.20944296614843],[-89.45549455494555,47.99591454133292],[-88.37908379083791,48.30318715265278],[-84.87624876248762,46.9004963619949],[-84.5630456304563,46.45781548127982],[-84.1490414904149,46.54287965051526],[-83.97623976239763,46.08457473871616],[-83.61623616236162,46.117558804338074],[-83.5910359103591,45.81723020683333],[-82.55062550625506,45.34677327085774],[-82.13662136621366,43.57084173763613],[-82.5470254702547,42.624719855323576],[-83.14823148231481,42.14211089517147],[-83.02943029430294,41.83310228039781],[-82.6910269102691,41.67512596610342],[-79.03699036990369,42.801792207609594],[-78.91458914589145,42.909424421744234],[-79.17019170191702,43.46668153040906],[-78.72018720187201,43.62465784470348],[-76.81936819368194,43.62812985161102],[-76.14976149761497,44.30343519513323],[-75.17775177751777,44.89888437978132],[-74.70974709747097,45.00304458700839],[-73.97533975339753,45.34503726740394],[-74.31374313743137,45.5307896369589],[-73.47493474934748,45.737374047959236],[-72.98172981729817,46.209566987388655],[-71.880118801188,46.68696793717939],[-71.26811268112681,46.79633615476783],[-70.70650706507065,47.14006483861715],[-69.99369993699936,47.74072203362661],[-69.86409864098641,48.17298689361894],[-71.01971019710197,48.455955456585826],[-69.67329673296733,48.199026945425715],[-68.28368283682836,49.197228931351844],[-67.37287372873729,49.34826123183109],[-66.94086940869408,49.994054516638926],[-66.49446494464944,50.211054948362005],[-62.71442714427144,50.301327127958785],[-61.72441724417244,50.103422734227365],[-59.88479884798848,50.31695115904287],[-58.59238592385924,51.25786503099408],[-56.97596975969759,51.4575054281793],[-55.69435694356943,52.13801878206283],[-56.011160111601114,52.39494729322294],[-55.74475744757447,52.474803452097035],[-56.32436324363243,52.54424359024841],[-55.802358023580226,52.64319578711414],[-55.798757987579876,53.21260491995548],[-56.464764647646476,53.76465401825894],[-57.332373323733236,53.46953343111559],[-57.52317523175232,53.61188571432592],[-57.13437134371344,53.79243007351951],[-57.41517415174151,54.16219880917561],[-58.19278192781927,54.22816694041941],[-58.31878318783187,54.11359071246963],[-57.93717937179372,54.091022667570456],[-58.65358653586536,53.978182443074445],[-60.33120331203311,53.2664210270228],[-60.10080100801008,53.486893465653424],[-60.39600396003959,53.653549797216726],[-60.14400144001439,53.59626168324186],[-59.82359823598236,53.834094156410345],[-58.63198631986319,54.049358584679624],[-57.40437404374043,54.59099166226039],[-57.96237962379624,54.87569622868105],[-58.77958779587796,54.83924015615159],[-59.25839258392584,55.20032887453877],[-59.8379983799838,54.813200104344816],[-59.43839438394383,55.17602482618577],[-59.75879758797588,55.30969709212718],[-60.61560615606156,55.05971259478221],[-60.19080190801908,55.481561434051855],[-60.3420034200342,55.78536203846414],[-61.45081450814507,55.99541845637208],[-61.364413644136434,56.21589089500273],[-61.71361713617135,56.23151492608679],[-61.42561425614255,56.35997918166683],[-61.94041940419403,56.424211309456865],[-61.73881738817387,56.52663551323016],[-62.49842498424984,56.8009240589281],[-61.37161371613716,56.68113982061698],[-61.3320133201332,57.01098047683604],[-61.976419764197644,57.24881295000452],[-61.92241922419224,57.420677291929195],[-62.49482494824947,57.48838142662677],[-61.969219692196916,57.6116376718455],[-61.95841958419584,57.911966269350216],[-62.48762487624876,58.15327074942627],[-63.26163261632615,58.01439047312351],[-62.60642606426063,58.49699943327559],[-63.538835388353874,58.33034310171229],[-62.872828728287274,58.67233578210784],[-63.28323283232832,58.86676816893171],[-63.247232472324725,59.068144569570705],[-63.97083970839708,59.05425654194045],[-63.41643416434164,59.194872821696976],[-63.94563945639456,59.38062519125194],[-63.75123751237511,59.51256145373955],[-64.05724057240572,59.82330607196698],[-64.22644226442264,59.74171390963912],[-64.2840428404284,60.064610552043035],[-64.770047700477,60.012530448429516],[-64.50004500045,60.26772295613583],[-64.81684816848168,60.33021908047206],[-65.02925029250292,59.77122596835346],[-65.43245432454324,59.776433978714806],[-65.40725407254072,59.538601505546325],[-65.03645036450364,59.38756920506708],[-65.47565475654756,59.47089737084872],[-65.69885698856989,59.213968859688606],[-65.3820538205382,59.05946455230179],[-66.04446044460444,58.81989607567954],[-66.00126001260013,58.43103130203178],[-66.36126361263612,58.79038401696519],[-67.57087570875709,58.21403087030873],[-67.67887678876788,57.99182242822431],[-67.75447754477544,58.40499125022501],[-68.06408064080641,58.13938272179598],[-68.02088020880208,58.4848474090991],[-68.41328413284133,58.05258254910677],[-69.03969039690396,57.9032862520813],[-68.35568355683556,58.163686770148956],[-68.38088380883808,58.743511923713015],[-68.69768697686976,58.904960244914975],[-69.78849788497885,58.689695816645695],[-70.15570155701556,58.760871958250846],[-69.78489784897849,58.95530434507472],[-69.53289532895329,58.868504172385485],[-69.34569345693457,59.302505035831615],[-69.68049680496804,59.342433115268676],[-69.73449734497345,59.918786261925135],[-70.65610656106561,60.026418476059774],[-69.67329673296733,60.07502657276575],[-69.5040950409504,61.04024449306996],[-69.99369993699936,60.8562281269688],[-70.27810278102781,61.06802054833051],[-71.4229142291423,61.15829272792729],[-71.85491854918548,61.439525287440404],[-71.63891638916388,61.61659763972642],[-72.2149221492215,61.587085581012076],[-72.22572225722257,61.8318620679957],[-72.77292772927728,61.840542085264616],[-72.68652686526865,62.12524665168527],[-73.70533705337053,62.472447342442194],[-74.6341463414634,62.11483063096259],[-75.33975339753397,62.31273502469401],[-75.78975789757897,62.17906275875259],[-75.81855818558185,62.31620703160158],[-77.37377373773738,62.57313554276169],[-78.13338133381333,62.28148696252589],[-78.02178021780217,61.8318620679957],[-77.51417514175141,61.55583751884396],[-78.18018180181801,60.81977205443931],[-77.58977589775897,60.8093560337166],[-77.79137791377913,60.63922769524572],[-77.50337503375033,60.5420115018338],[-77.34857348573486,59.57852958498336],[-77.72657726577265,59.67574577839531],[-78.5149851498515,58.68275180283055],[-76.80856808568085,57.658509765097676],[-76.60336603366034,56.20026686391867],[-77.77697776977769,55.29060105413555],[-79.71379713797138,54.67258382458826],[-79.00819008190082,54.02331853287285],[-79.10179101791017,53.6570218041243],[-78.44658446584465,52.26127502728153],[-78.9829898298983,51.77519406022188],[-78.7309873098731,51.497433507616336],[-78.90378903789038,51.20057691701919],[-79.33939339393393,51.62763376665018],[-79.73899738997389,51.186688889388904],[-79.34659346593466,50.76310404666549],[-80.10260102601026,51.28216907934706],[-80.85140851408514,51.12419276505267],[-80.44460444604445,51.388065290027924],[-80.58860588605886,51.66756184608724],[-81.4670146701467,52.203986913306665],[-81.8270182701827,52.22481895475207],[-81.60021600216002,52.4331393692062],[-82.29142291422914,53.03032455730809],[-82.14022140221402,53.818470125326286],[-82.42462424624246,54.24379097150347],[-82.21942219422193,54.813200104344816],[-82.39222392223922,55.06839261205113],[-83.91143911439114,55.31490510248855],[-85.05985059850599,55.28539304377421],[-85.36585365853658,55.07880863277384],[-85.21825218252182,55.34962517156424],[-85.67545675456755,55.60134567236298],[-87.48267482674827,56.02145850817885],[-88.94788947889478,56.85126815908785],[-90.8991089910899,57.257492967273436],[-92.79992799927999,56.92244430069303],[-92.43272432724326,57.31998909160967],[-93.17793177931779,58.726151889175156],[-94.12474124741247,58.73656790989787],[-94.33354333543335,58.29735903609037],[-94.28674286742867,58.71573586845244],[-94.95634956349564,59.068144569570705],[-94.76194761947619,60.498611415489165],[-93.91233912339123,61.481189370331236],[-93.31113311133112,61.767629940205666],[-93.58113581135811,61.94123028558411],[-92.90432904329043,62.21551883128208],[-93.20673206732067,62.364815128307555],[-92.52632526325263,62.168646738029906],[-92.76752767527675,62.349191097223496],[-92.55152551525515,62.547095490954916],[-91.93591935919359,62.59223158075332],[-92.36072360723607,62.819648033199115],[-91.449914499145,62.80402400211503],[-90.69750697506974,63.06442452018271],[-90.97110971109711,63.44287327310775],[-91.84231842318422,63.69806578081409],[-92.46512465124651,63.55571349760373],[-92.15552155521554,63.69112176699895],[-93.37953379533795,63.94805027815906],[-93.27153271532715,63.84041806402442],[-93.55953559535595,63.86472211237739],[-93.69633696336963,64.14769067534428],[-90.81270812708127,63.58175354941051],[-90.1539015390154,63.68938576354515],[-90.16830168301682,63.979298340327176],[-89.8550985509855,63.956730295427974],[-90.04230042300422,64.14074666152914],[-89.13149131491315,63.96888231960446],[-89.19989199891998,64.11297060626859],[-88.81828818288183,63.99145036450366],[-88.10548105481054,64.18414674787374],[-87.2810728107281,64.82646802577403],[-87.18387183871839,64.92715622609353],[-87.0290702907029,65.06430049894252],[-87.0290702907029,65.19797276488393],[-88.9730897308973,65.34900506536317],[-89.92349923499235,65.77953392190173],[-91.42831428314283,65.94792625691883],[-89.75069750697507,65.93577423274235],[-87.96867968679686,65.34900506536317],[-87.45387453874538,65.33858904464046],[-85.95985959859598,66.11979059884351],[-86.70866708667086,66.52254340012152],[-85.60345603456034,66.56767948991993],[-84.62784627846278,66.20832677498652],[-83.86823868238682,66.21353478534786],[-84.22464224642246,66.68225571786971],[-84.73944739447394,66.93397621866845],[-85.11385113851138,66.9062001634079],[-84.53784537845378,66.97216829465171],[-83.40743407434074,66.37151109964228],[-81.4670146701467,67.06938448806366],[-81.29421294212942,67.49817734114842],[-82.55422554225542,68.4460352269148],[-81.27981279812798,68.65782764827651],[-81.38061380613806,68.85052403164659],[-81.95661956619566,68.8835080972685],[-81.95301953019529,68.90954814907525],[-81.75861758617586,68.95642024232745],[-81.6110161101611,69.00329233557963],[-81.33021330213302,69.11960456698318],[-81.3770137701377,69.18557269822699],[-82.22662226622266,69.24806882256325],[-82.75582755827558,69.49458131300065],[-82.38862388623886,69.60047752368152],[-82.6190261902619,69.6907497032783],[-85.50625506255062,69.84525401066512],[-85.38745387453874,69.2324447914792],[-84.86184861848618,69.07446847718478],[-84.89424894248943,69.02065237011746],[-84.89424894248943,68.98766830449557],[-84.91584915849158,68.9616282526888],[-85.08505085050851,68.90781214562148],[-85.10665106651066,68.84358001783144],[-84.8690486904869,68.77413987968006],[-85.68985689856898,68.67171567590677],[-86.5610656106561,67.48255331006436],[-87.36027360273603,67.1770167021983],[-88.31428314283143,67.94953823913241],[-88.34668346683466,68.28805891262039],[-87.81387813878139,68.34534702659528],[-88.22428224282243,68.91475615943662],[-88.31428314283143,68.95468423887365],[-88.63828638286382,69.05884444610072],[-89.05589055890559,69.26542885710109],[-89.2790927909279,69.25501283637837],[-89.66789667896678,69.01544435975612],[-89.72189721897219,68.93211619397445],[-89.7830978309783,68.7359478036968],[-89.89829898298983,68.59359552048647],[-89.89829898298983,68.49117131671318],[-90.20430204302043,68.25681085045227],[-90.5751057510575,68.47554728562912],[-90.47790477904779,68.8817720938147],[-90.58590585905858,68.94774022505851],[-90.74430744307443,69.10571653935293],[-91.23751237512374,69.28626089854652],[-90.4491044910449,69.47548527500902],[-91.4391143911439,69.52582937516877],[-91.20151201512014,69.6456136134799],[-91.91071910719107,69.53103738553011],[-92.88632886328863,69.6681816583791],[-91.97551975519755,70.03795039403522],[-92.51192511925119,70.10391852527903],[-92.3211232112321,70.23585478776664],[-91.5651156511565,70.17856667379175],[-92.96192961929619,70.83824798622987],[-92.90432904329043,70.9163681416502],[-92.88272882728828,71.06913644558324],[-92.94752947529474,71.26183282895332],[-93.25713257132571,71.46147322613854],[-93.40833408334083,71.5204973435672],[-93.57753577535775,71.56910544027318],[-93.76113761137611,71.63854557842456],[-93.74673746737467,71.74270578565162],[-94.73314733147332,71.9822742622739],[-95.87075870758707,71.57257744718075],[-95.83115831158311,71.52570535392857],[-95.77355773557736,71.51355332975206],[-95.40635406354063,71.49098528485285],[-95.56475564755647,71.33648097746604],[-96.06156061560615,71.41460113288636],[-96.44676446764467,71.23926478405411],[-96.42156421564215,71.17676865971788],[-96.5259652596526,71.1264245595581],[-96.47196471964719,71.06913644558324],[-96.489964899649,71.0031683143394],[-96.55116551165511,70.89032808984342],[-96.54756547565475,70.80873592751556],[-95.87795877958779,70.54833540944787],[-96.55116551165511,70.20981473595987],[-95.96435964359644,69.80358992777431],[-94.63234632346324,69.64908562038747],[-94.27234272342723,69.45465323356362],[-93.53073530735307,69.48069328537036],[-93.74673746737467,69.22550077766405],[-93.62073620736207,69.41646115758036],[-94.25434254342544,69.31403695380706],[-94.08514085140851,69.12307657389076],[-94.23634236342363,69.0501644288318],[-94.47394473944739,68.95815624578123],[-94.56394563945639,68.91128415252905],[-94.59994599945999,68.80365193839441],[-94.06354063540635,68.78455590040278],[-93.99153991539914,68.82101197293224],[-93.89433894338943,68.9824602941342],[-93.87993879938799,68.99634832176449],[-93.85113851138512,68.99982032867206],[-93.81153811538115,68.99287631485691],[-93.76473764737646,68.97030826995771],[-93.68193681936819,68.88698010417608],[-93.64233642336423,68.6335235999235],[-93.4479344793448,68.61963557229325],[-94.7439474394744,68.07105848089734],[-95.46035460354604,68.02071438073759],[-95.65115651156512,67.7377458177707],[-95.25875258752588,67.26208087143374],[-95.39915399153992,66.9496002497525],[-96.03636036360363,66.93744822557602],[-95.7879578795788,66.61628758662587],[-96.42156421564215,67.03640042244174],[-95.41715417154171,67.01383237754254],[-96.36756367563676,67.51032936532494],[-95.97155971559715,68.24986683663712],[-96.72036720367204,68.03807441527542],[-96.43236432364323,68.31062695751959],[-96.97596975969759,68.2550748469985],[-97.41157411574116,68.49637932707455],[-98.649986499865,68.36270706113314],[-98.19278192781927,67.92349818732563],[-97.20637206372064,67.85579405262806],[-97.45477454774547,67.61622557600577],[-98.6319863198632,68.0727944843511],[-98.41238412384124,67.80718595592208],[-98.919989199892,67.72559379359421],[-100.45720457204571,67.840170021544],[-102.3220232202322,67.7360098143169],[-103.4740347403474,68.11445856724194],[-104.48564485644856,68.06237846362842],[-106.16326163261633,68.91996416979796],[-108.31248312483125,68.61095555502433],[-108.71928719287193,68.29673892988933],[-107.73287732877328,68.1734826846706],[-107.61767617676176,68.33145899896502],[-106.60966609666096,68.35749905077176],[-105.74925749257493,68.5918595170327],[-106.4260642606426,68.20125873993118],[-107.79767797677977,68.03633841182165],[-107.95967959679597,67.81933798009857],[-107.15687156871569,66.88189611505493],[-107.72567725677257,66.9843203188282],[-107.26127261272613,66.39928715490282],[-108.4960849608496,67.09195253296284],[-107.9920799207992,67.09542453987041],[-107.98847988479885,67.25687286107237],[-108.61488614886149,67.59886554146794],[-108.85248852488525,67.4217931891819],[-109.03969039690396,67.69087372451853],[-109.630096300963,67.73253780740936],[-110.07290072900729,67.99293832547701],[-112.43452434524345,67.68392971070338],[-115.13455134551346,67.81933798009857],[-115.43335433354333,67.90266614588023],[-115.12735127351273,68.1318186017798],[-113.96453964539646,68.3991631336626],[-115.44055440554405,68.9407962112434],[-117.22617226172261,68.91302015598282],[-117.31257312573126,68.93558820088202],[-117.83097830978309,68.99982032867206],[-118.09378093780938,69.04322041501666],[-118.86778867788678,69.25674883983217],[-120.13860138601386,69.38000508505087],[-122.07182071820718,69.8157419519508],[-123.02583025830259,69.81053394158943],[-123.52983529835298,69.38868510231978],[-124.33984339843398,69.36438105396681],[-124.12384123841238,69.6907497032783],[-124.55584555845559,70.1507906185312],[-125.52425524255241,69.35222902979032],[-126.25146251462515,69.5449254131604],[-127.99027990279902,70.57437546125462],[-128.17028170281702,70.41813515041403],[-127.68427684276843,70.26015883611964],[-128.9730897308973,69.71158174472373],[-128.89748897488974,69.96677425243004],[-130.3519035190352,69.65602963420261],[-130.9711097110971,69.20987674658],[-131.06471064710647,69.45118122665605],[-131.78831788317882,69.43208518866442],[-132.72072720727206,69.07967648754615],[-132.7711277112771,69.01197235284855],[-132.7639276392764,68.97204427341151],[-132.73872738727385,68.92170017325176],[-132.57672576725767,68.84705202473901],[-133.3039330393304,68.84705202473901],[-133.19593195931958,68.73941981060437],[-133.41913419134193,68.84358001783144],[-133.37953379533795,68.88698010417608],[-133.22833228332283,68.96683626305014],[-133.0879308793088,69.0293323873864],[-132.8179281792818,69.20640473967242],[-129.64989649896498,69.99802231459816],[-129.6750967509675,70.19245470142204],[-130.6651066510665,70.12648657017823],[-134.17514175141753,69.2532768329246],[-133.879938799388,69.50846934063094],[-134.4091440914409,69.68206968600938],[-134.45594455944558,69.47722127846279],[-135.69075690756907,69.31056494689949],[-135.91035910359102,69.11092454971427],[-135.57555575555756,69.0275963839326],[-135.589955899559,69.00850034594097],[-135.87435874358744,69.00155633212583],[-135.92475924759248,68.99287631485691],[-135.9391593915939,68.97378027686528],[-135.25875258752586,68.68386770008328],[-137.26037260372604,68.96336425614257],[-137.8687786877869,69.09356451517641],[-138.1279812798128,69.1525886326051],[-139.18279182791827,69.51541335444605],[-141.00081000810007,69.65082162384127],[-141.00081000810007,69.06578845991586],[-141.00081000810007,68.77413987968006],[-141.00081000810007,68.48249129944426],[-141.00081000810007,67.31242497159349],[-141.00081000810007,66.14409464719648],[-141.00081000810007,65.55906148327111],[-141.00081000810007,65.26741290303531],[-141.00081000810007,64.9757643227995],[-141.00081000810007,60.300707021757745],[-139.97479974799748,60.18265878690039],[-139.07839078390782,60.34410710810235],[-139.18639186391863,60.083706590034666],[-137.59157591575917,59.22612088386512],[-137.43677436774368,58.903224241461174],[-136.81396813968138,59.1497367318986],[-136.579965799658,59.15147273535237],[-136.32076320763207,59.60456963679013],[-135.47475474754748,59.793794013252665],[-134.94554945549456,59.288617008201356],[-133.4011340113401,58.41019926058638],[-131.82431824318243,56.589131637566396],[-130.09630096300964,56.10999468432186],[-130.02430024300241,55.88778624223744]]],[[[-109.81729817298172,78.6502635282603],[-110.87930879308793,78.73532769749573],[-113.2229322293223,78.29785482714203],[-109.48609486094861,78.31695086513366],[-109.81729817298172,78.6502635282603]]],[[[-110.4581045810458,78.10342244031818],[-113.21573215732157,77.90378204313296],[-113.16533165331653,77.53054130056927],[-112.37332373323733,77.36388496900597],[-110.19890198901989,77.52533329020793],[-110.15210152101521,77.7631657633764],[-110.86490864908649,77.83434190498156],[-109.62289622896229,78.07391038160384],[-110.4581045810458,78.10342244031818]]],[[[-115.5521555215552,77.36388496900597],[-116.50976509765098,77.54790133510713],[-116.84456844568444,77.33958092065296],[-119.0909909099091,77.30486085157727],[-121.56061560615606,76.45421915922287],[-122.51822518225183,76.35353095890335],[-122.53262532625325,75.95077815762534],[-121.21501215012151,75.98376222324725],[-120.84780847808477,76.18340262043247],[-120.40860408604087,75.82578590895287],[-119.91179911799118,75.85876997457476],[-119.58059580595805,76.3257549036428],[-119.08019080190802,76.12437850300381],[-117.88137881378813,76.80489185688734],[-117.9929799297993,76.4056110625169],[-117.23337233372334,76.2823548172982],[-115.94455944559445,76.71114767038299],[-116.32976329763298,77.1364685165602],[-115.5521555215552,77.36388496900597]]],[[[-108.29088290882909,76.0566743683062],[-108.46728467284673,76.73718772218973],[-109.09729097290973,76.81183587070248],[-110.31410314103141,76.36915498998741],[-109.48609486094861,76.14521054444921],[-109.87129871298713,75.92821011272613],[-108.94608946089461,75.54108134253221],[-111.0521105211052,75.54802535634732],[-112.69732697326972,76.2024986584241],[-113.82413824138241,76.20597066533168],[-114.19494194941949,76.4507471523153],[-114.99774997749978,76.49761924556748],[-115.82215822158221,76.27020279312171],[-114.77814778147781,76.17298659970976],[-116.2109621096211,76.19381864115519],[-116.66456664566645,75.95772217144048],[-114.99054990549905,75.89696205055802],[-117.16497164971649,75.64524154975928],[-115.14175141751417,75.67822561538117],[-117.25857258572586,75.45948918020432],[-117.56457564575646,75.23380873121232],[-115.72855728557285,74.9682002027833],[-115.41175411754118,75.115760496355],[-115.01935019350194,74.97688022005221],[-114.45054450544505,75.08798444109442],[-114.0149401494015,75.43344912839754],[-113.46773467734677,75.41608909385971],[-113.71253712537126,75.06888840310279],[-111.09171091710917,75.25637677611152],[-111.67131671316713,75.02028030639684],[-114.31374313743137,74.71474369853075],[-113.6729367293673,74.4526071770093],[-112.52092520925208,74.41615110447981],[-108.83088830888309,75.06541639619525],[-107.15327153271532,74.92653611989246],[-106.09126091260913,75.08972044454822],[-105.6340563405634,75.945570147264],[-106.6780667806678,76.02369030268429],[-106.9120691206912,75.67996161883497],[-107.21447214472144,75.89175404019667],[-108.02088020880208,75.80495386750744],[-107.7220772207722,75.99591424742374],[-108.29088290882909,76.0566743683062]]],[[[-114.52254522545225,72.59334747800605],[-114.0509405094051,73.07074842779679],[-114.63774637746377,73.3728130287553],[-118.13338133381333,72.63327555744308],[-118.98658986589865,71.76353782709705],[-117.7409774097741,71.65937761986996],[-117.87777877778777,71.56042542300426],[-118.14778147781477,71.52570535392857],[-118.2269822698227,71.46668123649988],[-117.93537935379354,71.39203308798716],[-115.30375303753037,71.49445729176043],[-118.27018270182703,71.03441637650752],[-118.3529835298353,70.99969630743183],[-118.37818378183782,70.96844824526372],[-118.2629826298263,70.88859208638962],[-117.58617586175862,70.62992757177574],[-113.75573755737557,70.6906876926582],[-111.63171631716317,70.30876693282559],[-114.5909459094591,70.31223893973316],[-117.19377193771938,70.05357442511928],[-116.51336513365133,69.42514117484927],[-113.69453694536945,69.19425271549594],[-113.60813608136081,69.0293323873864],[-113.59373593735937,68.95989224923503],[-113.61533615336153,68.8383720074701],[-113.12933129331293,68.49464332362075],[-109.47169471694717,68.67692368626814],[-108.36648366483665,68.93558820088202],[-107.86247862478625,68.95468423887365],[-107.44127441274412,69.00155633212583],[-106.660066600666,69.43902920247953],[-106.27126271262712,69.19425271549594],[-105.01845018450184,69.08141249099992],[-105.02205022050221,69.0519004322856],[-105.14805148051481,68.97898828722666],[-105.16965169651696,68.95468423887365],[-105.10485104851048,68.91996416979796],[-104.5720457204572,68.87135607309199],[-102.89442894428944,68.82448397983981],[-102.73962739627396,68.86441205927687],[-102.48762487624876,68.88871610762985],[-101.980019800198,68.98766830449557],[-101.85761857618576,69.02412437702503],[-102.04482044820448,69.4650692542863],[-103.12123121231213,69.20466873621862],[-103.46323463234631,69.64387761002612],[-102.62082620826207,69.55186942697554],[-102.18162181621815,69.84525401066512],[-101.64881648816488,69.69769371709344],[-101.48321483214832,69.85046202102649],[-101.0440104401044,69.6681816583791],[-101.0440104401044,70.11086253909417],[-103.04923049230491,70.65423162012871],[-103.0780307803078,70.50840733001081],[-103.58563585635856,70.63166357522951],[-103.95283952839529,70.76186383426335],[-104.16524165241653,70.92678416237288],[-104.51444514445144,71.06392843522187],[-104.56484564845648,71.13163256991947],[-104.35604356043561,71.38161706726444],[-104.34884348843488,71.43369717087799],[-104.3740437404374,71.49445729176043],[-104.38484384843848,71.57778545754209],[-105.41445414454144,72.78777986482993],[-106.48366483664836,73.19574067646928],[-108.02808028080281,73.34850898040233],[-108.23688236882369,73.15060458667088],[-107.30447304473044,71.89547408958467],[-107.81207812078121,71.62639355424807],[-108.75528755287553,72.55168339511522],[-110.0081000810008,72.98394825510758],[-110.65970659706596,73.00825230346055],[-110.2061020610206,72.66105161270366],[-111.6749167491675,72.29996289431645],[-111.26811268112681,72.71313171631718],[-112.7549275492755,72.98568425856135],[-113.29133291332913,72.94922818603189],[-113.57933579335793,72.65237159543472],[-114.52254522545225,72.59334747800605]]],[[[-119.73539735397354,74.11235050006752],[-119.56259562595625,74.23213473837865],[-121.5030150301503,74.54461536005988],[-124.69624696246962,74.34844696978223],[-123.79623796237962,73.76862181621817],[-125.84465844658446,71.97880225536633],[-124.00864008640086,71.67673765440782],[-123.95463954639547,71.65243360605484],[-123.75663756637566,71.52744135738234],[-123.6810368103681,71.49272128830665],[-123.3930339303393,71.21843274260868],[-123.09423094230942,71.09344049393621],[-121.74781747817478,71.44411319160068],[-120.62100621006209,71.50660931593694],[-120.52020520205201,71.55695341609669],[-120.44460444604445,71.63160156460941],[-120.17820178201782,72.21316272162724],[-115.44775447754478,73.43878115999911],[-117.51417514175142,74.23213473837865],[-118.54378543785438,74.24428676255513],[-119.11619116191162,74.0151343066556],[-119.20619206192062,74.19741466930296],[-119.73539735397354,74.11235050006752]]],[[[-69.48969489694896,83.01631221452843],[-71.08451084510845,83.08228034577223],[-70.94050940509405,82.90173598657864],[-72.81252812528125,83.08054434231843],[-72.65772657726576,82.72119162738505],[-74.41454414544145,83.01284020762085],[-77.12537125371253,83.00936820071328],[-76.00936009360093,82.53543925783009],[-77.61857618576185,82.89652797621727],[-80.15660156601565,82.91041600384756],[-78.74898748987489,82.67952754449422],[-81.00981009810097,82.77847974135994],[-80.86220862208621,82.57189533035958],[-82.11862118621185,82.62918344433447],[-82.44622446224461,82.39482297807356],[-79.46539465394653,81.851453897039],[-82.53622536225362,82.24726268450186],[-82.63342633426333,82.07713434603099],[-84.89784897848978,82.44863908514088],[-86.6150661506615,82.21775062578752],[-85.04545045450455,81.9833901595266],[-88.06228062280623,82.09623038402262],[-91.64791647916479,81.68306156202189],[-91.29151291512915,81.57195734097968],[-89.82269822698227,81.63445346531591],[-90.41670416704167,81.40530100941638],[-87.59787597875979,81.5250852477275],[-89.67509675096751,81.32891685744985],[-89.62469624696247,81.03206026685268],[-84.9410494104941,81.28551677110522],[-86.47826478264783,81.03553227376025],[-89.16749167491675,80.9417880872559],[-88.00468004680046,80.67617955882685],[-85.77985779857798,81.03553227376025],[-83.28863288632886,81.14837249825626],[-85.63945639456394,80.92442805271804],[-86.25146251462515,80.56507533778466],[-84.4190441904419,80.5268832618014],[-82.2230222302223,80.771659748785],[-82.88542885428853,80.57722736196115],[-81.00621006210062,80.65534751738144],[-76.8841688416884,81.42960505776935],[-78.71658716587166,80.95220410797859],[-76.86256862568625,80.86540393528938],[-82.98622986229861,80.32203485425481],[-80.4770047700477,79.6068014312956],[-81.68661686616866,79.68665759016966],[-83.72423724237242,80.22829066775046],[-86.49986499864998,80.25780272646477],[-86.42066420664206,79.84463390446408],[-83.57663576635765,79.05301632953831],[-84.3830438304383,79.11898446078212],[-84.41184411844118,78.99572821556342],[-81.75141751417515,78.97663217757179],[-83.27063270632706,78.77004776657142],[-85.00225002250022,78.91240004978178],[-86.80946809468094,78.773519773479],[-87.5510755107551,78.17633458537713],[-86.91386913869138,78.12599048521739],[-85.92025920259202,78.34299091694044],[-86.2190621906219,78.08085439541898],[-85.58545585455855,78.1103664541333],[-84.78264782647827,78.5270072830416],[-84.90864908649087,78.23883070971337],[-84.2210422104221,78.17633458537713],[-85.54585545855458,77.92808609148594],[-85.29025290252902,77.55831735582984],[-83.77823778237781,77.53227730402307],[-82.59382593825939,77.99231821927597],[-82.7090270902709,77.84996593606564],[-83.72063720637206,77.41422906916571],[-84.73944739447394,77.3604129620984],[-86.75546755467555,77.8638539636959],[-88.01548015480155,77.78399780482181],[-86.8130681306813,77.18507661326615],[-88.3970839708397,77.10348445093828],[-89.49869498694987,76.82745990178654],[-89.36909369093691,76.47505120066828],[-88.54468544685446,76.42123509360096],[-88.49428494284942,76.77364379471922],[-88.3970839708397,76.4056110625169],[-87.49707497074971,76.38651502452527],[-87.48987489874898,76.58615542171049],[-86.67986679866799,76.37609900380255],[-86.4530645306453,76.58441941825672],[-85.14265142651426,76.3049228621974],[-84.2750427504275,76.35700296581092],[-84.22464224642246,76.6746915978535],[-83.88623886238862,76.45248315576907],[-82.23382233822338,76.46637118339936],[-82.5290252902529,76.72329969455947],[-80.97380973809737,76.46984319030693],[-80.8010080100801,76.17298659970976],[-78.28458284582845,76.57053139062643],[-78.28818288182882,76.97849220226578],[-78.97938979389794,76.89342803303035],[-79.49779497794978,77.19549263398886],[-82.05742057420574,77.29618083430836],[-81.30141301413013,77.34478893101434],[-81.65781657816578,77.52533329020793],[-80.57420574205742,77.31527687229999],[-78.70938709387093,77.34131692410676],[-78.0109801098011,77.94544612602377],[-75.86535865358653,78.0096782538138],[-75.19215192151921,78.32736688585638],[-76.41616416164162,78.51138325195754],[-74.8789487894879,78.54436731757946],[-74.48654486544865,78.75095172857979],[-78.58338583385833,79.07558437443751],[-74.64134641346413,79.03565629500048],[-74.48294482944829,79.23008868182433],[-75.60255602556025,79.23876869909327],[-76.89856898568985,79.51305724479121],[-75.50175501755017,79.41410504792549],[-73.35973359733597,79.5043772275223],[-74.39294392943928,79.87414596317839],[-72.43812438124381,79.6936016039848],[-71.38691386913868,79.76130573868241],[-70.56970569705696,80.09288239835524],[-72.05652056520564,80.12239445706959],[-70.26370263702637,80.2334986781118],[-70.71370713707137,80.53903528597789],[-69.55089550895508,80.38279497513727],[-64.78084780847809,81.49210118210559],[-68.68688686886868,81.29246078492037],[-61.616416164161635,82.18476656016563],[-61.39321393213932,82.44169507132574],[-63.247232472324725,82.45037508859465],[-63.639636396363954,82.81319981043563],[-64.98244982449825,82.90173598657864],[-68.47088470884708,82.65348749268745],[-66.42246422464224,82.92604003493162],[-69.48969489694896,83.01631221452843]]],[[[-95.48555485554856,77.79267782209075],[-96.19476194761947,77.70066963904017],[-95.9859598595986,77.48366920731709],[-93.54513545135451,77.46630917277926],[-93.30033300333002,77.7405977184772],[-95.48555485554856,77.79267782209075]]],[[[-93.54153541535415,75.02722432021199],[-93.90873908739087,75.42303310767485],[-94.87714877148771,75.62961751867522],[-95.95355953559535,75.44386514912026],[-96.59796597965979,75.03243233057333],[-94.53514535145351,74.63662354311046],[-93.5739357393574,74.66960760873235],[-93.54153541535415,75.02722432021199]]],[[[-100.00360003600036,73.94569416850422],[-99.99279992799927,73.79466186802495],[-100.96120961209611,73.79118986111737],[-100.5220052200522,73.44919718072182],[-100.97560975609755,73.60022948120107],[-101.52281522815228,73.48565325325131],[-99.82359823598236,73.21310071100714],[-100.53640536405364,73.19747667992306],[-100.12960129601295,72.90582809968726],[-100.3960039600396,72.97700424129243],[-100.4860048600486,72.77215583374587],[-101.27441274412743,72.7218117335861],[-102.20322203222032,73.07769244161193],[-102.70722707227073,72.76521181993073],[-101.72441724417244,72.31558692540054],[-100.5940059400594,72.15240260074478],[-99.73359733597336,71.75659381328191],[-99.40239402394023,71.55695341609669],[-99.27639276392763,71.42501715360905],[-99.22239222392224,71.38682507762579],[-98.66438664386644,71.30176090839035],[-98.19998199982,71.4406411846931],[-98.19638196381963,71.49098528485285],[-98.23238232382323,71.55868941955046],[-98.45918459184591,71.77395384781974],[-98.32238322383223,71.85207400324006],[-98.18198181981819,71.66284962677753],[-97.58077580775807,71.62986556115564],[-96.61236612366123,71.83297796524843],[-96.44676446764467,72.55168339511522],[-96.59076590765908,72.7096597094096],[-97.12717127171271,72.62806754708174],[-97.63477634776348,73.02734834145218],[-98.42318423184231,72.94054816876294],[-97.27117271172712,73.38670105638559],[-97.62757627576275,73.50301328778914],[-97.00117001170011,73.6661976124449],[-97.17037170371704,73.82417392673929],[-99.15759157591576,73.73216574368871],[-100.00360003600036,73.94569416850422]]],[[[-84.91944919449195,65.26046888922016],[-85.5530555305553,65.91841419820449],[-86.0750607506075,65.53302143146433],[-86.11466114661147,65.41670920006078],[-86.18666186661866,65.0104843918752],[-86.37386373863738,64.56606750770635],[-86.25146251462515,64.13727465462156],[-86.93186931869319,63.90117818490688],[-87.15147151471514,63.58522555631808],[-85.7690576905769,63.69980178426786],[-85.3910539105391,63.11997663070383],[-84.63144631446315,63.30920100716634],[-83.3030330303303,64.14421866843671],[-82.46782467824679,63.92721823671363],[-82.37782377823778,63.706745798083006],[-81.04581045810458,63.46196931109938],[-80.30060300603006,63.7622979086041],[-80.82980829808298,64.09040256136939],[-81.88821888218882,64.01575441285664],[-81.67581675816758,64.21192280313431],[-82.05022050220502,64.64418766312664],[-82.66942669426695,64.77959593252186],[-83.22383223832237,64.96882030898436],[-83.40743407434074,65.10422857837955],[-83.49023490234902,65.1320046336401],[-84.08424084240842,65.21706880287556],[-84.50184501845018,65.45837328295161],[-84.91944919449195,65.26046888922016]]],[[[-97.69957699576996,76.46637118339936],[-98.71118711187111,76.69378763584513],[-98.89118891188912,76.46637118339936],[-99.81279812798128,76.63302751496266],[-100.8280082800828,76.52365929737425],[-99.97839978399784,76.31186687601254],[-100.4140041400414,76.24242673786114],[-99.54279542795427,76.14694654790301],[-100.11160111601116,76.11743448918867],[-99.86679866798667,75.92473810581859],[-101.41481414814147,76.42470710050853],[-102.1060210602106,76.33096291400415],[-100.9720097200972,75.79800985369232],[-102.14562145621456,75.87439400565881],[-102.58842588425884,75.51330528727163],[-99.19359193591936,75.6990576568266],[-100.71280712807128,75.405673073137],[-100.2340023400234,75.00812828222035],[-97.67437674376744,75.12791252053148],[-97.69957699576996,76.46637118339936]]],[[[-103.42723427234272,79.31515285105979],[-105.43605436054361,79.30300082688328],[-104.89604896048961,78.80823984255468],[-104.15084150841508,78.99052020520207],[-104.18324183241832,78.78046378729414],[-103.37323373233733,78.73706370094953],[-104.02124021240212,78.63463949717624],[-103.57123571235712,78.53915930721809],[-104.91044910449104,78.55304733484837],[-104.76284762847628,78.35167093420935],[-103.94563945639456,78.25966275115877],[-102.73242732427325,78.37076697220098],[-101.07281072810729,78.19369461991496],[-100.27360273602736,77.83260590152778],[-99.16479164791647,77.85690994988076],[-100.01440014400144,78.72838368368062],[-101.12681126811268,78.80129582873957],[-101.70281702817027,79.07905638134508],[-102.57762577625776,78.87941598415986],[-103.42723427234272,79.31515285105979]]],[[[-91.88551885518855,81.1327484671722],[-93.0339303393034,81.34627689198769],[-94.21834218342183,81.33065286090363],[-93.2859328593286,81.09976440155029],[-94.98154981549816,81.04942030139054],[-95.51435514355143,80.83762788002883],[-93.92673926739268,80.55986732742329],[-95.92835928359283,80.72131564862525],[-95.55035550355504,80.36717094405321],[-96.39276392763928,80.31509084043967],[-95.40635406354063,80.13454648124608],[-94.26154261542615,80.19530660212854],[-94.64674646746467,80.04948231201064],[-96.77436774367743,80.13628248469988],[-96.59076590765908,79.91581004606923],[-95.73755737557376,79.66061753836291],[-94.4019440194402,79.73700169032944],[-95.6619566195662,79.5269452724215],[-95.10395103951039,79.28911279925302],[-92.82152821528214,79.45056112045498],[-91.29871298712987,79.37244096503468],[-94.15354153541536,78.95059212576504],[-93.26793267932679,78.60859944536946],[-91.86751867518674,78.54263131412566],[-92.84672846728466,78.45930314834399],[-92.34992349923499,78.31347885822609],[-90.61470614706147,78.15029453357036],[-90.29790297902979,78.32736688585638],[-89.52389523895239,78.15897455083928],[-90.03870038700387,78.60686344191569],[-88.82188821888218,78.18675060609982],[-88.74268742687427,78.58429539701649],[-87.9830798307983,78.53742330376431],[-88.04068040680407,78.99572821556342],[-87.61587615876158,78.67630358006707],[-85.04185041850418,79.28390478889165],[-85.64665646656466,79.61200944165694],[-86.00666006660066,79.48007317916932],[-86.33786337863378,79.63457748655614],[-87.29547295472955,79.58076137948882],[-87.67347673476735,80.37237895441456],[-88.5230852308523,80.41751504421296],[-88.1990819908199,80.11197843634687],[-88.85788857888579,80.1657945434142],[-91.88551885518855,81.1327484671722]]],[[[-94.29394293942939,76.91252407102198],[-95.84915849158492,77.06702837840879],[-96.75996759967599,76.97154818845067],[-96.39996399964,76.7979478430722],[-96.88236882368824,76.73892372564353],[-95.65115651156512,76.58441941825672],[-96.039960399604,76.48720322484476],[-95.27315273152732,76.26499478276034],[-93.09153091530915,76.35353095890335],[-91.55071550715506,74.65571958110209],[-90.88110881108811,74.81716790230405],[-90.55350553505535,74.61231949475746],[-89.55989559895599,74.55503138078257],[-88.53388533885338,74.83105592993431],[-88.42228422284222,74.49427125990013],[-84.42624426244262,74.50815928753039],[-83.53343533435334,74.58627944295071],[-83.52263522635226,74.90223207153949],[-82.73422734227341,74.53072733242959],[-80.2610026100261,74.58454343949691],[-80.34740347403473,74.90223207153949],[-79.40059400594005,74.91785610262355],[-80.38340383403833,75.0341683340271],[-79.50859508595086,75.2598487830191],[-80.32220322203221,75.62961751867522],[-83.9330393303933,75.81884189513772],[-85.97425974259743,75.5289293183557],[-85.95265952659527,75.39525705241431],[-87.25587255872559,75.6174654944987],[-88.20268202682027,75.51156928381786],[-88.64548645486454,75.65912957738954],[-88.91548915489155,75.45428116984297],[-89.64629646296463,75.56538539088518],[-89.2790927909279,75.79453784678475],[-91.40671406714067,76.21985869296196],[-89.4050940509405,76.18861063079382],[-89.28629286292863,76.30145085528983],[-91.41391413914138,76.45595516267664],[-90.54270542705427,76.49588324211368],[-91.30591305913059,76.67989960821484],[-92.99432994329943,76.62087549078618],[-93.53433534335343,76.44727514540773],[-93.22833228332283,76.77017178781165],[-94.29394293942939,76.91252407102198]]],[[[-96.20556205562055,78.53047928994917],[-97.38277382773828,78.78219979074794],[-98.33318333183331,78.773519773479],[-98.04878048780488,78.3256308824026],[-96.94356943569436,78.15203053702413],[-97.65637656376563,78.09127041614167],[-96.99036990369903,77.80656584972101],[-94.93474934749347,78.07564638505761],[-94.91674916749167,78.38986301019261],[-96.20556205562055,78.53047928994917]]],[[[-93.17073170731707,74.1609585967735],[-95.03915039150391,74.02381432392451],[-94.6971469714697,73.66272560553733],[-95.63315633156331,73.69570967115922],[-95.1939519395194,72.02741035207228],[-94.03834038340383,72.02914635552608],[-93.53433534335343,72.49960329150167],[-94.21114211142111,72.75653180266178],[-92.11952119521195,72.75305979575424],[-90.46710467104671,73.75299778513411],[-90.62910629106291,73.95090217886556],[-92.22392223922239,73.97173422031096],[-93.17073170731707,74.1609585967735]]],[[[-97.44037440374403,69.64214160657232],[-97.69237692376923,69.84178200375754],[-98.19998199982,69.79664591395917],[-98.04158041580415,69.45638923701739],[-98.54558545585455,69.57270146842095],[-98.45558455584556,69.33486899525246],[-99.45639456394564,69.13175659115967],[-99.56439564395643,69.03454039774775],[-99.4959949599496,68.95989224923503],[-96.39996399964,68.47033927526778],[-95.26955269552695,68.82621998329361],[-95.7519575195752,68.89739612489876],[-95.85635856358563,68.95294823541988],[-95.949959499595,69.02412437702503],[-96.29916299162991,69.34354901252141],[-97.44037440374403,69.64214160657232]]],[[[-61.10521105211052,45.9439584589596],[-60.49320493204931,46.27032710827109],[-60.40680406804067,47.002920565768164],[-60.87120871208711,46.79633615476783],[-61.40761407614076,46.169638907951594],[-61.45081450814507,45.71654200651383],[-61.285212852128524,45.574189723303505],[-60.673206732067314,45.591549757841335],[-59.84159841598415,45.94222245550583],[-59.86679866798667,46.15922288722888],[-60.29880298802988,46.31199119116192],[-60.738007380073796,45.75126207558952],[-61.05841058410584,45.702653978883546],[-60.864008640086396,45.98388653839666],[-61.10521105211052,45.9439584589596]]],[[[-67.12447124471244,45.16970091857169],[-66.44046440464405,45.09505277005897],[-66.02646026460265,45.41794941246289],[-65.8860588605886,45.22351702563901],[-64.77724777247772,45.63842185109354],[-64.63324633246332,45.94743046586717],[-64.31644316443165,45.83632624482496],[-64.87444874448744,45.355453288126654],[-63.36963369633696,45.36413330539557],[-64.09324093240932,45.2165730118239],[-64.13644136441364,45.02387662845379],[-64.44964449644496,45.338093253588795],[-66.09126091260912,44.504811595772225],[-65.8680586805868,44.56904372356226],[-66.1920619206192,44.143722877385045],[-66.12726127261273,43.81388222116598],[-65.48285482854828,43.51876163402261],[-64.27684276842768,44.33468325730135],[-64.28764287642876,44.54994768557063],[-64.10044100441004,44.487451561234366],[-63.999639996399964,44.64542787552878],[-63.610836108361084,44.48050754741925],[-63.603636036360356,44.68361995151204],[-63.30483304833048,44.64195586862121],[-61.03321033210332,45.29122116033662],[-61.461614616146164,45.36586930884937],[-61.35001350013499,45.574189723303505],[-61.77481774817748,45.65578188563137],[-61.95481954819547,45.86757430699308],[-62.75042750427504,45.64883787181623],[-62.70002700027,45.74084605486681],[-63.70443704437044,45.85715828627039],[-64.05724057240572,46.02207861437992],[-63.916839168391675,46.16616690104402],[-64.54324543245433,46.24081504955677],[-64.83124831248313,47.060208679743056],[-65.31725317253172,47.10187276263389],[-64.70164701647016,47.72509800254255],[-65.00045000450004,47.84661824430745],[-65.60885608856088,47.66954589202143],[-65.850058500585,47.910850372097485],[-66.70326703267033,48.0219545931397],[-65.92565925659257,48.18861092470303],[-65.25965259652597,48.0219545931397],[-64.34884348843488,48.42297139096394],[-64.24444244442444,48.690315922846736],[-64.51444514445144,48.84134822332601],[-64.21564215642157,48.8743322889479],[-64.83484834848348,49.19202092099047],[-66.17766177661777,49.2128529624359],[-68.23688236882369,48.62608379505673],[-69.47169471694717,47.96813848607238],[-70.51930519305192,47.03243262448251],[-71.26091260912608,46.75640807533077],[-72.11052110521105,46.551559667784204],[-73.15813158131581,46.009926590203406],[-73.55773557735577,45.42489342627803],[-74.70974709747097,45.00304458700839],[-71.51651516515165,45.00825259736973],[-71.32571325713256,45.28948515688285],[-70.86490864908649,45.27038911889122],[-70.2961029610296,45.90576638297634],[-70.0081000810008,46.70953598207859],[-69.24129241292412,47.46296148102107],[-68.93888938889388,47.21124098022233],[-68.31248312483125,47.35532926688643],[-67.80847808478084,47.08277672464226],[-67.80127801278013,45.72695802723655],[-67.43407434074341,45.60370178201785],[-67.36567365673656,45.173172925479264],[-67.12447124471244,45.16970091857169]]],[[[-55.46035460354604,51.5373615870534],[-56.02556025560256,51.568609649221514],[-57.03717037170371,51.011352540556686],[-57.92637926379264,49.70066993294935],[-57.78957789577895,49.49061351504142],[-58.01638016380163,49.542693618654965],[-58.21438214382144,49.38645330781435],[-57.99117991179911,48.98717251344391],[-58.40518405184051,49.08438870685583],[-58.714787147871476,48.598307739796155],[-58.84078840788408,48.745868033367856],[-59.16839168391684,48.55837966035912],[-58.32958329583295,48.52192358782963],[-59.27279272792728,47.99591454133292],[-59.31959319593196,47.73725002671904],[-59.1179911799118,47.57059369515571],[-58.336783367833675,47.730306012903895],[-56.77436774367743,47.565385684794364],[-55.85635856358563,47.818842189046904],[-55.86715867158671,47.59316174005491],[-56.12636126361264,47.50288956045813],[-55.575555755557545,47.46469748447487],[-55.36675366753667,47.66086587475252],[-54.783547835478345,47.66433788166009],[-55.91755917559175,47.01680859339845],[-55.7879578795788,46.86751229637298],[-55.31635316353163,46.90570437235624],[-54.47394473944739,47.546289646802734],[-54.48834488344883,47.403937363592405],[-54.193141931419305,47.86050627193774],[-53.851138511385116,47.440393436121866],[-54.17514175141751,46.879664320549466],[-53.599135991359915,47.14527284897852],[-53.58833588335882,46.63835984047341],[-53.113131131311306,46.65571987501127],[-52.65232652326523,47.549761653710306],[-52.781927819278195,47.77023409234093],[-53.170731707317074,47.511569577727045],[-52.86472864728647,48.112226772736506],[-53.67113671136711,47.64871385057603],[-53.861938619386194,47.799746151055274],[-53.63873638736386,48.01501057932455],[-53.86913869138691,48.020218589685925],[-53.13473134731346,48.40213934951851],[-53.02673026730267,48.634763812325644],[-54.113941139411395,48.39345933224959],[-53.70713707137071,48.65559585377105],[-53.966339663396624,48.705939953930795],[-53.851138511385116,48.81183616461166],[-54.16074160741607,48.78753211625869],[-53.573935739357395,49.141676820830725],[-53.62073620736207,49.322221180024314],[-53.95913959139591,49.44200541833544],[-54.44874448744487,49.32916519383946],[-54.502745027450274,49.52706958757091],[-55.35235352353523,49.07918069649449],[-55.22995229952299,49.507973549579276],[-55.345153451534514,49.37256528018406],[-55.37755377553775,49.49061351504142],[-56.086760867608675,49.452421439058156],[-55.87075870758707,49.669421870781235],[-56.140761407614065,49.61907777062149],[-55.50355503555035,49.98363849591624],[-56.162361623616235,49.940238409571606],[-56.18036180361803,50.11557475840385],[-56.82116821168211,49.613869760260116],[-56.695166951669506,50.06002264788276],[-55.798757987579876,51.03392058545586],[-56.03276032760327,51.32904117259923],[-55.46035460354604,51.5373615870534]]],[[[-86.58986589865899,71.01011232815455],[-85.02385023850238,71.3538410120039],[-85.07785077850778,71.3989771018023],[-85.32625326253262,71.49272128830665],[-85.53865538655386,71.55521741264289],[-85.75105751057511,71.64201758533213],[-86.2190621906219,71.89894609649224],[-86.65466654666547,72.7235477370399],[-84.94824948249482,73.721749722966],[-85.9490594905949,73.85021397854607],[-87.72027720277202,73.7234857264198],[-88.70668706687067,73.40406109092342],[-89.86229862298623,72.41106711535866],[-89.6570965709657,72.17497064564398],[-90.02430024300243,71.94929019665199],[-89.88749887498875,71.586465474811],[-89.84429844298442,71.49272128830665],[-89.80469804698046,71.46147322613854],[-87.14067140671406,71.01184833160835],[-89.45549455494555,71.0621924317681],[-89.37269372693727,70.99622430052426],[-89.25749257492575,70.81047193096933],[-89.20709207092071,70.76012783080958],[-88.78228782287823,70.49451930238055],[-87.83907839078391,70.24627080848936],[-86.39546395463954,70.46500724366621],[-86.32346323463234,70.14558260816986],[-85.77985779857798,70.03621439058142],[-83.14823148231481,70.00843833532088],[-82.2950229502295,69.8365739933962],[-81.56421564215641,69.94247020407707],[-80.92340923409233,69.73067778271536],[-81.65061650616506,70.09523850801011],[-79.51579515795157,69.88691809355595],[-78.88938889388893,69.97719027315276],[-78.86418864188641,70.24106279812801],[-79.40419404194041,70.40077511587617],[-79.06579065790658,70.60388751996896],[-78.28458284582845,70.2289107739515],[-77.77337773377734,70.23932679467421],[-77.59337593375933,69.84525401066512],[-76.85896858968589,69.77581387251374],[-77.08937089370893,69.63519759275721],[-76.23256232562325,69.66297364801775],[-76.46656466564666,69.47027726464768],[-75.75015750157502,69.30014892617677],[-75.85815858158581,69.06058044955452],[-76.55656556565565,69.01023634939477],[-76.5889658896589,68.97378027686528],[-76.57456574565745,68.84705202473901],[-76.61776617766178,68.76025185204978],[-76.58536585365853,68.69949173116734],[-75.52335523355234,68.95294823541988],[-75.21375213752137,68.90954814907525],[-75.10575105751057,68.9407962112434],[-74.95454954549545,69.02412437702503],[-74.85374853748537,69.06578845991586],[-74.7169471694717,69.04495641847046],[-74.77094770947708,69.02065237011746],[-74.91854918549186,68.9824602941342],[-74.95454954549545,68.9616282526888],[-74.74214742147421,68.91302015598282],[-74.89334893348934,68.80885994875575],[-74.27054270542705,68.54151541687293],[-73.82053820538205,68.68560370353705],[-73.82053820538205,68.36270706113314],[-73.28413284132841,68.35749905077176],[-72.21852218522184,67.2551368576186],[-74.4181441814418,66.16666269209568],[-73.55053550535504,65.48441333475836],[-75.7969579695797,65.29692496174962],[-75.44415444154441,65.0990205680182],[-75.39735397353974,65.05735648512737],[-75.35775357753577,65.0087483884214],[-75.45135451354513,64.84209205685809],[-75.51975519755197,65.0556204816736],[-75.64935649356494,65.14068465090904],[-75.82935829358293,65.22748482359825],[-77.32697326973269,65.45316527259024],[-77.35937359373594,65.19623676143013],[-77.87777877778777,65.07298051621143],[-77.99297992979929,65.02263641605168],[-78.09738097380973,64.93930825027002],[-78.0469804698047,64.50009937646254],[-76.85536855368554,64.23796285494106],[-75.76815768157681,64.3924671623279],[-75.7141571415714,64.52440342481552],[-74.69534695346952,64.49662736955497],[-74.91854918549186,64.76570790489157],[-74.6809468094681,64.8299400326816],[-74.06534065340654,64.4254512279498],[-73.91053910539105,64.57821953188284],[-73.26973269732697,64.58169153879041],[-73.45333453334533,64.39941117614302],[-72.49932499324993,63.82305802948656],[-72.17532175321753,63.89423417109174],[-72.29052290522905,63.72757783952841],[-71.37971379713797,63.580017545956736],[-71.99171991719916,63.416833221300976],[-71.34731347313473,63.06616052363651],[-70.94770947709476,63.11997663070383],[-71.10611106111061,63.00192839584648],[-70.80010800108,62.909920212795896],[-69.60489604896048,62.76756792958557],[-68.53568535685356,62.255446910719115],[-66.12366123661236,61.892622188878164],[-65.97965979659796,62.20857481746694],[-68.13968139681397,63.17205673431735],[-68.910089100891,63.703273791175434],[-68.49248492484925,63.725841836074636],[-67.7220772207722,63.42204123166235],[-67.89487894878948,63.73452185334355],[-66.72486724867248,63.08004855126677],[-66.65646656466565,63.26406491736793],[-66.41526415264153,63.02796844765325],[-66.22446224462244,63.107824606527345],[-65.10845108451085,62.62695164982901],[-65.16245162451624,62.9324882576951],[-64.67284672846728,62.92207223697238],[-65.19125191251912,63.7640339120579],[-64.66564665646656,63.2449688793763],[-64.410044100441,63.706745798083006],[-64.680046800468,64.02790643703315],[-65.16965169651696,64.02790643703315],[-65.580055800558,64.29351496546218],[-65.0760507605076,64.43586724867251],[-65.52965529655296,64.50530738682389],[-65.2740527405274,64.63203563895016],[-65.940059400594,64.8854921432027],[-66.21366213662137,64.72230781854697],[-66.63486634866348,65.00006837115248],[-66.6960669606696,64.81605200505132],[-66.73206732067321,64.85945209139592],[-66.80046800468004,65.01916440914411],[-66.82926829268293,65.0747165196652],[-67.33687336873368,65.3472690619094],[-67.11727117271172,65.44101324841375],[-67.57087570875709,65.64412565250655],[-67.93807938079381,65.56426949363245],[-68.21888218882188,66.07812651595268],[-68.7480874808748,66.1996467577176],[-67.35127351273512,65.930566222381],[-67.1820718207182,66.03472642960807],[-67.8840788407884,66.46699128960043],[-67.22527225272252,66.31075097875981],[-67.30807308073081,66.5694154933737],[-66.98766987669876,66.62670360734859],[-66.06246062460625,66.13194262302],[-65.65565655656556,66.20485476807895],[-65.82485824858249,65.99653435362481],[-64.4460444604446,66.31769499257496],[-65.40005400054,65.76390989081767],[-64.66564665646656,65.16846070616958],[-64.26964269642696,65.40108516897672],[-64.34524345243452,65.17193271307715],[-64.15084150841508,65.06603650239629],[-63.89523895238952,65.10943658874092],[-63.8340383403834,65.08339653693415],[-63.790837908379075,65.05214847476603],[-63.736837368373685,64.98965235042976],[-63.60723607236072,64.9288922295473],[-63.484834848348484,65.02090041259788],[-63.402034020340196,65.11811660600983],[-63.362433624336234,65.22922082705205],[-63.33723337233371,65.616349597246],[-63.65043650436503,65.66148568704438],[-63.459634596345964,65.85244606696068],[-63.1680316803168,65.65801368013683],[-62.660426604266036,65.64065364559897],[-62.383223832238315,65.83335002896905],[-62.62442624426244,66.01563039161644],[-61.99081990819907,66.03472642960807],[-62.55242552425524,66.40623116871797],[-61.56961569615696,66.37324710309605],[-62.1240212402124,66.64232763843265],[-61.52641526415263,66.55726346919721],[-61.353613536135356,66.68919973168482],[-62.1240212402124,67.04681644316446],[-62.379623796237965,66.9062001634079],[-63.70083700837007,66.82287199762624],[-63.03843038430384,67.23430481617319],[-63.59283592835928,67.3783931028373],[-63.837638376383765,67.26381687488751],[-64.70164701647016,67.35061704757675],[-64.00684006840068,67.34714504066918],[-63.84843848438484,67.56588147584603],[-64.63684636846368,67.840170021544],[-65.0220502205022,67.78808991793045],[-64.92124921249211,68.03113040146027],[-65.40005400054,67.67524969343447],[-65.94365943659436,68.07105848089734],[-66.4440644406444,67.83322600772885],[-66.21366213662137,68.28111489880527],[-66.92286922869228,68.06585047053596],[-66.74286742867429,68.45818725109129],[-67.93807938079381,68.5241553823351],[-69.32049320493205,68.85746804546173],[-67.8840788407884,68.78455590040278],[-67.75087750877509,68.93385219742825],[-67.75087750877509,69.03801240465532],[-67.83367833678336,69.06578845991586],[-69.03969039690396,69.09877252553778],[-68.4060840608406,69.2324447914792],[-66.70686706867069,69.16821266368916],[-67.2360723607236,69.45986124392496],[-69.2520925209252,69.51194134753848],[-68.02088020880208,69.7706058621524],[-67.22167221672217,69.73067778271536],[-67.3620736207362,70.03447838712765],[-68.06048060480605,70.31744695009453],[-68.74448744487445,69.94073420062327],[-68.77688776887769,70.20287072214475],[-70.05850058500585,70.04315840439656],[-68.36288362883629,70.48063127475027],[-69.95049950499505,70.84519200004502],[-70.98010980109801,70.58131947506976],[-71.430114301143,70.128222573632],[-71.27531275312752,70.4997273127419],[-71.89091890918908,70.43202317804429],[-70.76050760507604,70.7913758929777],[-70.6381063810638,70.90248011401991],[-70.6381063810638,71.00664032124698],[-70.6741067410674,71.05177641104538],[-71.74331743317433,71.04656840068404],[-72.00972009720097,71.01358433506212],[-72.15012150121501,70.94067219000317],[-72.22572225722257,70.86949604839799],[-72.31212312123121,70.83303997586853],[-72.63252632526324,70.83130397241473],[-72.29772297722977,70.9389361865494],[-72.02412024120241,71.06566443867567],[-71.93771937719377,71.09344049393621],[-71.49491494914949,71.1055925181127],[-71.22851228512285,71.33821698091984],[-71.45891458914589,71.46320922959231],[-71.63891638916388,71.51702533665963],[-71.87651876518765,71.56042542300426],[-72.11772117721176,71.59340948862615],[-72.5821258212582,71.60729751625644],[-72.90252902529025,71.67847365786159],[-73.27693276932769,71.53785737810506],[-73.30933309333093,71.48404127103774],[-73.17973179731797,71.28266487039872],[-73.39933399333992,71.37293704999553],[-73.48213482134821,71.47883326067637],[-73.62253622536225,71.52570535392857],[-73.71253712537126,71.5882014782648],[-73.84933849338493,71.51876134011343],[-73.97173971739717,71.47362525031502],[-74.06174061740617,71.42675315706285],[-74.19854198541985,71.40418511216365],[-73.86733867338673,71.59861749898752],[-73.71253712537126,71.72013774075242],[-73.81333813338134,71.77221784436597],[-74.48654486544865,71.64896159914727],[-74.59814598145981,71.58472947135724],[-74.69534695346952,71.47015324340745],[-74.760147601476,71.33821698091984],[-74.99774997749977,71.21843274260868],[-74.83934839348393,71.40592111561742],[-74.86814868148682,71.50487331248314],[-74.82854828548285,71.57084144372695],[-74.70254702547025,71.67500165095402],[-75.20655206552065,71.70972172002973],[-74.20934209342093,71.97880225536633],[-74.90414904149041,72.10032249713123],[-75.9229592295923,71.71666573384485],[-75.05175051750517,72.2270507492575],[-75.70335703357033,72.57077943310685],[-77.75177751777517,72.72528374049367],[-78.48258482584825,72.47009123278735],[-77.51777517775177,72.17844265255155],[-78.69858698586985,72.35204299793],[-78.58338583385833,71.87985005850061],[-79.0009900099001,72.2721868390559],[-79.83259832598326,72.44578718443435],[-79.8829988299883,72.17670664909775],[-80.92340923409233,71.90762611376115],[-80.61020610206101,72.45099519479572],[-81.22941229412294,72.31211491849297],[-80.2790027900279,72.77041983029207],[-81.94581945819458,73.73042974023491],[-83.73143731437314,73.5759254328481],[-83.78183781837818,73.41621311509991],[-84.41544415444154,73.45614119453697],[-85.45585455854558,73.10546849687248],[-84.2570425704257,72.79645988209884],[-85.26145261452614,72.95443619639323],[-85.65025650256503,72.7218117335861],[-84.28224282242822,72.04477038661014],[-85.32265322653227,72.23399476307264],[-85.91305913059131,71.98574626918148],[-84.69984699846998,71.63160156460941],[-84.66024660246602,71.586465474811],[-84.65664656646567,71.51528933320586],[-84.82224822248222,71.02920836614618],[-85.6430564305643,71.15246461136488],[-86.58986589865899,71.01011232815455]]],[[[-61.80001800018,49.09306872412475],[-61.818018180181795,49.28402910404105],[-62.85842858428583,49.705877943310696],[-64.48564485644856,49.886422302504286],[-63.0420304203042,49.22500498661239],[-61.80001800018,49.09306872412475]]],[[[-63.812438124381245,46.46823150200254],[-64.08964089640897,46.7755041133224],[-63.992439924399235,47.061944683196856],[-64.38844388443884,46.64009584392721],[-63.639636396363954,46.23039902883406],[-63.21483214832148,46.15922288722888],[-62.97722977229772,46.317199201523295],[-63.020430204302045,46.0672147041783],[-62.530825308253085,45.97694252458152],[-62.52722527225272,46.20262297357351],[-62.02322023220232,46.42135940875036],[-63.812438124381245,46.46823150200254]]],[[[-81.99981999819998,62.9550563025943],[-83.3750337503375,62.90471220243455],[-83.91143911439114,62.453351304450564],[-83.6990369903699,62.15996672076096],[-82.56862568625687,62.403007204290816],[-81.99981999819998,62.9550563025943]]],[[[-79.54459544595446,62.41168722155973],[-79.92619926199262,62.3925911835681],[-80.2610026100261,62.109622620601215],[-80.26460264602646,61.817974040365414],[-79.81459814598145,61.59402959482722],[-79.32499324993249,62.02629445481958],[-79.54459544595446,62.41168722155973]]],[[[-75.67455674556746,68.32277898169608],[-76.59616596165961,68.27937889535147],[-77.12537125371253,67.94780223567864],[-76.94536945369454,67.24992884725725],[-75.77895778957789,67.28291291287914],[-75.20295202952029,67.45998526516516],[-75.07695076950769,68.1734826846706],[-75.67455674556746,68.32277898169608]]],[[[-79.53739537395374,73.65404558826842],[-80.84780847808477,73.721749722966],[-80.77580775807758,73.33462095277204],[-79.82179821798218,72.82597194081319],[-76.18216182161821,72.84333197535102],[-77.20817208172082,73.49954128088157],[-79.53739537395374,73.65404558826842]]],[[[-80.73260732607326,52.747355994341206],[-81.13581135811357,53.20566090614034],[-81.84861848618486,53.18656486814871],[-82.03942039420394,53.04942059529972],[-80.73260732607326,52.747355994341206]]],[[[-78.93618936189361,56.26623499516248],[-79.2709927099271,56.60128366174288],[-79.53739537395374,56.17943482247324],[-79.45819458194582,56.54052354086042],[-80.0090000900009,55.91035428713664],[-79.54459544595446,56.12909072231349],[-79.76419764197641,55.806194079909574],[-79.49419494194942,55.87389821460715],[-79.1809918099181,56.21241888809516],[-79.17379173791737,55.88431423532987],[-78.93618936189361,56.26623499516248]]],[[[-89.83349833498335,77.26840477904781],[-89.84069840698406,77.49061322113224],[-91.01791017910179,77.64338152506528],[-90.99270992709927,77.32916489993028],[-89.83349833498335,77.26840477904781]]],[[[-104.55764557645576,77.14167652692154],[-106.03726037260373,77.7405977184772],[-105.21645216452164,77.18160460635858],[-104.55764557645576,77.14167652692154]]],[[[-98.79038790387904,79.98177817731303],[-100.0540005400054,80.09288239835524],[-98.94518945189452,79.72484966615292],[-98.79038790387904,79.98177817731303]]],[[[-105.28845288452884,72.91971612731754],[-104.58644586445864,73.5776614363019],[-105.31725317253172,73.7668858127644],[-106.61326613266132,73.69570967115922],[-106.92286922869228,73.48044524288994],[-105.28845288452884,72.91971612731754]]],[[[-102.22842228422284,76.01501028541537],[-102.72882728827288,76.30665886565117],[-104.34884348843488,76.1816666169787],[-103.98523985239852,75.9334181230875],[-103.0420304203042,75.91953009545722],[-103.31563315633156,75.7650257880704],[-102.58122581225813,75.78064981915446],[-102.22842228422284,76.01501028541537]]],[[[-104.02124021240212,76.58268341480291],[-104.58644586445864,76.60698746315589],[-104.35604356043561,76.33443492091172],[-103.31203312033121,76.348322948542],[-103.05283052830528,76.4490111488615],[-104.02124021240212,76.58268341480291]]],[[[-118.32778327783278,75.57927341851544],[-117.6329763297633,76.11569848573487],[-119.39339393393934,75.6174654944987],[-118.32778327783278,75.57927341851544]]],[[[-113.83133831338313,77.75448574610749],[-114.33174331743317,78.07738238851141],[-114.97974979749797,77.91593406730945],[-113.83133831338313,77.75448574610749]]],[[[-130.23670236702367,53.959086405082815],[-130.44910449104492,54.089286664116656],[-130.70470704707049,53.891382270385236],[-130.23670236702367,53.959086405082815]]],[[[-129.8478984789848,53.16746883015708],[-129.94509945099452,53.436549365493676],[-130.45270452704528,53.63098175231755],[-129.8478984789848,53.16746883015708]]],[[[-128.5518855188552,52.94005237771128],[-129.03429034290343,53.28030905465306],[-129.18549185491855,52.99039647787106],[-128.9010890108901,52.674443849282255],[-128.74628746287462,52.762980025425264],[-128.6778867788678,52.2890510825421],[-128.5518855188552,52.94005237771128]]],[[[-128.36828368283682,52.40015530358431],[-128.24588245882458,52.783812066870695],[-128.44028440284404,52.69701189418146],[-128.36828368283682,52.40015530358431]]],[[[-61.91521915219151,47.28415312528128],[-61.39681396813968,47.638297829853315],[-61.926019260192604,47.42476940503781],[-62.00882008820088,47.23380902512153],[-61.77121771217712,47.259849076928276],[-61.91521915219151,47.28415312528128]]],[[[-66.76086760867608,44.68188394805824],[-66.80046800468004,44.80514019327694],[-66.89766897668976,44.62806784099092],[-66.76086760867608,44.68188394805824]]],[[[-73.56493564935649,45.46829351262264],[-73.47493474934748,45.70438998233735],[-73.96093960939609,45.44225346081586],[-73.56493564935649,45.46829351262264]]],[[[-73.69453694536945,45.58634174747999],[-73.57213572135721,45.69397396161463],[-73.85653856538565,45.574189723303505],[-73.69453694536945,45.58634174747999]]],[[[-54.092340923409225,49.74407001929396],[-54.28674286742867,49.594773722268485],[-53.980739807398066,49.66247785696609],[-54.092340923409225,49.74407001929396]]],[[[-64.8240482404824,62.55924751513143],[-64.89964899648996,62.420367238828646],[-64.47844478444784,62.418631235374875],[-64.8240482404824,62.55924751513143]]],[[[-68.23328233282332,60.24168290432905],[-67.84447844478444,60.390979201354526],[-68.08928089280893,60.587147591632174],[-68.23328233282332,60.24168290432905]]],[[[-70.33570335703357,62.54883149440872],[-70.44370443704436,62.73458386396365],[-71.22131221312213,62.873464140266435],[-70.33570335703357,62.54883149440872]]],[[[-64.83124831248313,61.36661314238145],[-64.7880478804788,61.661733729524826],[-65.43245432454324,61.64958170534831],[-64.83124831248313,61.36661314238145]]],[[[-65.02925029250292,61.87873416124788],[-65.20925209252093,61.929078261407625],[-64.8960489604896,61.732909871129976],[-65.02925029250292,61.87873416124788]]],[[[-69.15849158491585,59.04036851431016],[-69.30249302493024,59.14452872153723],[-69.35289352893528,58.960512355436066],[-69.15849158491585,59.04036851431016]]],[[[-61.742417424174235,57.55434955787061],[-62.01242012420124,57.54914154750924],[-61.63801638016379,57.41546928156782],[-61.742417424174235,57.55434955787061]]],[[[-67.91647916479164,69.54145340625283],[-67.90927909279092,69.68206968600938],[-68.22248222482224,69.61610155476558],[-67.91647916479164,69.54145340625283]]],[[[-79.06219062190621,75.92647410927236],[-79.00819008190082,76.14521054444921],[-79.63819638196382,75.8431459434907],[-79.06219062190621,75.92647410927236]]],[[[-79.38259382593826,51.952266412507896],[-79.2709927099271,52.08767468190308],[-79.64539645396454,52.00955452648279],[-79.38259382593826,51.952266412507896]]],[[[-73.62253622536225,67.78461791102288],[-73.49293492934929,67.99988233929216],[-74.70614706147062,68.06758647398976],[-74.57294572945729,67.82801799736748],[-73.62253622536225,67.78461791102288]]],[[[-77.87777877778777,63.470649328368296],[-78.53658536585365,63.42377723511612],[-77.94257942579425,63.11476862034246],[-77.53217532175321,63.232816855199815],[-77.87777877778777,63.470649328368296]]],[[[-97.35397353973539,74.52551932206825],[-97.41517415174151,74.62620752238774],[-97.749977499775,74.50989529098419],[-97.35397353973539,74.52551932206825]]],[[[-98.2719827198272,73.8693100165377],[-97.69957699576996,74.10887849315995],[-99.41679416794167,73.89535006834444],[-98.2719827198272,73.8693100165377]]],[[[-74.88254882548826,68.34881903350285],[-75.28575285752858,68.68733970699083],[-75.40095400954009,68.52589138578887],[-74.88254882548826,68.34881903350285]]],[[[-76.6789667896679,63.394265176401774],[-77.13257132571326,63.68244174973],[-77.36297362973629,63.58869756322565],[-76.6789667896679,63.394265176401774]]],[[[-79.42939429394293,69.78796589669022],[-80.79380793807938,69.68901369982453],[-79.97659976599766,69.51020534408471],[-79.42939429394293,69.78796589669022]]],[[[-79.20979209792098,68.84531602128524],[-78.77778777787778,68.95121223196608],[-78.70578705787058,69.01370835630235],[-78.59418594185942,69.07967648754615],[-78.53298532985329,69.14564461878996],[-78.23058230582305,69.30362093308435],[-78.33138331383313,69.38521309541221],[-79.24219242192422,69.04842842537803],[-79.3069930699307,68.99287631485691],[-79.35379353793537,68.95642024232745],[-79.38979389793897,68.9407962112434],[-79.40419404194041,68.92343617670554],[-79.20979209792098,68.84531602128524]]],[[[-76.99576995769958,69.14390861533619],[-76.66816668166682,69.36611705742058],[-77.18657186571865,69.44076520593333],[-77.3809738097381,69.27410887437],[-76.99576995769958,69.14390861533619]]],[[[-86.91386913869138,70.11259854254794],[-87.32427324273242,70.07961447692603],[-86.55746557465574,69.99455030769059],[-86.91386913869138,70.11259854254794]]],[[[-83.72423724237242,65.79689395643959],[-84.40824408244082,66.13020661956622],[-84.11664116641165,65.77258990808659],[-83.33183331833318,65.63023762487626],[-83.72423724237242,65.79689395643959]]],[[[-86.5970659706597,67.7360098143169],[-86.70146701467014,68.30541894715824],[-86.96066960669606,68.10057053961165],[-86.5970659706597,67.7360098143169]]],[[[-101.6920169201692,77.6971976321326],[-101.19161191611916,77.82913389462021],[-102.4480244802448,77.88121399823376],[-101.6920169201692,77.6971976321326]]],[[[-89.72549725497255,76.5080352662902],[-90.13590135901359,76.83613991905546],[-90.5571055710557,76.73371571528219],[-89.72549725497255,76.5080352662902]]],[[[-96.07956079560795,75.50983328036406],[-96.36756367563676,75.65392156702819],[-96.91476914769147,75.37963302133022],[-96.07956079560795,75.50983328036406]]],[[[-113.56133561335614,76.7423957325511],[-113.89253892538925,76.89516403648415],[-114.83574835748357,76.79447583616462],[-113.56133561335614,76.7423957325511]]],[[[-104.11844118441184,75.0359043374809],[-103.64323643236432,75.18693663796014],[-104.34524345243452,75.42997712149],[-104.88884888848888,75.14700855852311],[-104.11844118441184,75.0359043374809]]],[[[-100.2160021600216,68.80712394530198],[-100.20520205202051,68.92690818361311],[-100.2880028800288,68.95815624578123],[-100.33120331203311,68.99808432521826],[-100.4140041400414,69.0275963839326],[-100.56520565205652,69.0275963839326],[-100.60120601206012,69.01023634939477],[-100.6120061200612,68.98940430794934],[-100.59760597605975,68.76719586586492],[-100.2160021600216,68.80712394530198]]],[[[-95.51435514355143,69.57443747187475],[-95.87435874358744,69.60568553404286],[-95.89235892358923,69.35222902979032],[-95.80595805958059,69.56054944424446],[-95.73035730357303,69.34702101942895],[-95.43875438754387,69.3782690815971],[-95.51435514355143,69.57443747187475]]],[[[-101.84681846818468,68.58665150667133],[-102.01242012420124,68.82621998329361],[-102.30762307623075,68.68213169662948],[-101.84681846818468,68.58665150667133]]],[[[-104.53964539645396,68.40610714747774],[-104.60084600846008,68.56234745831836],[-105.05085050850508,68.55887545141078],[-104.53964539645396,68.40610714747774]]],[[[-108.09288092880928,67.00515236027363],[-107.94527945279452,66.85759206670193],[-107.80487804878048,66.99820834645848],[-108.09288092880928,67.00515236027363]]]]},"properties":{"name":"Canada","iso_a3":"CAN"},"id":"124"},
{"type":"Feature","geometry":{"type":"Polygon","coordinates":[[[8.55548555485555,4.755540514467654],[8.573485734857343,4.526388058568102],[8.659886598865995,4.670476345232217],[8.919089190891924,4.554164113828648],[9.001890018900184,4.092387195121958],[9.42669426694269,3.9222588566510836],[9.48429484294843,4.066347143315198],[9.689496894968954,4.055931122592483],[9.739897398973994,3.852818718499705],[9.556295562955626,3.7972666079785995],[9.765097650976514,3.623666262600139],[9.671496714967162,3.536866089910916],[9.948699486994883,3.078561178111798],[9.801098010980127,2.3043036377238906],[9.981099810998103,2.1671593648749052],[11.327513275132759,2.1671593648749052],[11.349113491134915,2.299095627362533],[11.557915579155804,2.3025676342701047],[13.293132931329325,2.161951354513562],[14.578345783457848,2.198407427043037],[14.902349023490245,2.0126550574880895],[15.741157411574136,1.915438864076151],[16.057960579605805,1.6758703874538838],[16.183961839618405,2.2695835686482013],[16.065160651606533,2.908432839640909],[15.129151291512926,3.826778666692931],[15.06435064350643,4.285083578492049],[14.729547295472969,4.602772210534624],[14.563945639456392,5.279813557510593],[14.617946179461796,5.864846721435981],[14.430744307443092,6.0384470668144274],[14.740347403474033,6.2797515468904805],[15.478354783547843,7.524466023253993],[15.55035550355504,7.788338548229248],[15.11475114751147,8.557388078255798],[13.97713977139773,9.690998333577099],[14.24354243542436,9.979174906905328],[15.654756547565484,10.006950962165888],[15.13275132751329,10.649272240066168],[15.08235082350825,11.845378619723718],[14.848348483484841,12.50158792525427],[14.463144631446312,13.022388961389623],[14.063540635406355,13.077941071910729],[14.196741967419683,12.383539690396915],[14.617946179461796,12.150915227589792],[14.560345603456028,11.492969918605453],[13.890738907389078,11.140561217487189],[13.534335343353433,10.605872153721549],[13.199531995319973,9.564270081450829],[12.929529295292951,9.427125808601843],[12.781927819278195,8.817788596323481],[12.403924039240394,8.595580154239059],[12.234722347223482,8.283099532557841],[11.766717667176692,7.272745522455239],[11.860318603186045,7.116505211614637],[11.23751237512377,6.449879885361369],[10.607506075060769,7.062689104547303],[10.481504815048169,6.890824762622643],[10.143101431014315,6.996720973303496],[9.77949779497797,6.760624503588801],[8.998289982899848,5.916926825049515],[8.55548555485555,4.755540514467654]]]},"properties":{"name":"Cameroon","iso_a3":"CMR"},"id":"120"},
{"type":"Feature","geometry":{"type":"Polygon","coordinates":[[[107.52047520475207,14.704576308106851],[106.93726937269372,14.327863558635599],[106.50166501665018,14.577848055980581],[105.97965979659796,14.343487589719658],[106.06606066060664,13.921638750450015],[105.34965349653498,14.109127123458748],[105.1840518405184,14.34695959662723],[105.07245072450723,14.227175358316103],[104.77724777247772,14.428551758955109],[103.20043200432008,14.333071568996957],[102.54522545225456,13.584854080415823],[102.31842318423185,13.539717990617419],[102.49842498424988,12.669980260271373],[102.75402754027539,12.426939776741534],[102.93402934029342,11.706498343420947],[103.12483124831249,11.45998585298355],[103.15363153631534,10.913144765041409],[103.3552335523355,10.921824782310338],[103.53163531635317,11.147505231302333],[103.72243722437224,10.89057672014222],[103.58563585635858,10.55205604665423],[103.870038700387,10.654480250427525],[104.4280442804428,10.411439766897686],[104.84924849248495,10.534696012116385],[105.04725047250474,10.911408761587637],[105.75645756457567,10.98952891700793],[106.16326163261635,10.795096530184068],[106.15966159661599,11.036401010260121],[105.85725857258575,11.295065524874019],[105.85005850058502,11.635322201815782],[106.0048600486005,11.75857844703448],[106.4008640086401,11.687402305429316],[106.41526415264156,11.947802823497],[107.50607506075062,12.364443652405285],[107.6068760687607,13.437293786844137],[107.329673296733,14.126487157996593],[107.52047520475207,14.704576308106851]]]},"properties":{"name":"Cambodia","iso_a3":"KHM"},"id":"116"},
{"type":"Feature","geometry":{"type":"MultiPolygon","coordinates":[[[[100.12240122401226,20.31707547419225],[100.24840248402484,20.73024429619298],[100.6228062280623,20.858708551773034],[100.52200522005222,20.92120467610927],[100.7020070200702,21.25104533232833],[101.1376113761138,21.56699796091712],[101.08001080010803,21.75622233737964],[100.60480604806048,21.471517770958968],[100.14760147601476,21.480197788227898],[99.91719917199174,22.02877487962381],[99.19359193591936,22.12599107303575],[99.50679506795069,22.95927273085232],[98.86238862388626,23.191897193659457],[98.67518675186756,23.9053946131649],[98.83358833588335,24.12065904143418],[97.56277562775631,23.910602623526245],[97.7067770677707,24.22829125556882],[97.53037530375303,24.492163780544075],[97.58437584375844,24.775132343510947],[97.81837818378187,25.252533293301695],[98.65718657186574,25.863606509033858],[98.56358563585638,26.071926923488007],[98.739987399874,26.78542434299345],[98.64998649986501,27.571833907557846],[98.29718297182973,27.549265862658643],[98.06318063180635,28.186379130197565],[97.5987759877599,28.516219786416627],[97.32157321573214,28.217627192365683],[97.3359733597336,27.938130636306383],[96.87516875168751,27.587457938641904],[97.10197101971022,27.115264999212513],[96.73116731167312,27.33226543093558],[96.19116191161913,27.261089289330414],[95.12915129151293,26.597935969984718],[95.13275132751329,26.040678861319876],[94.57834578345785,25.320237427999302],[94.70794707947078,25.049420889208903],[94.12834128341285,23.875882554450556],[93.32553325533257,24.06337092745929],[93.39033390333907,23.339457487231144],[93.07713077130774,22.717968250776266],[93.15273152731527,22.230151280262817],[92.96552965529656,22.004470831270822],[92.68832688326881,22.131199083397092],[92.57312573125733,21.978430779464063],[92.6307263072631,21.306597442849437],[92.33192331923323,21.44026970879085],[92.1807218072181,21.292709415219164],[92.3247232472325,20.791004417075442],[92.72432724327246,20.29624343274685],[92.73512735127355,20.561851961175876],[92.8287282872829,20.178195197889494],[93.06633066330664,20.377835595074714],[93.13113131131314,19.858770562393133],[93.24993249932498,20.070562983754854],[93.70713707137071,19.912586669460467],[93.609936099361,19.77544239661148],[93.99873998739986,19.44039373003106],[93.82593825938261,19.239017329392055],[93.49473494734946,19.369217588425897],[93.93033930339305,18.900496655904078],[94.04554045540459,19.28762542609803],[94.58914589145894,17.56898200685133],[94.22554225542257,16.016994919167956],[94.44154441544418,16.095115074588264],[94.70434704347042,16.51175590349655],[94.66114661146611,15.90415469467196],[94.89154891548918,16.183651250731273],[94.94194941949422,15.819090525436522],[95.1759517595176,15.826034539251651],[95.34515345153454,16.09685107804205],[95.38835388353885,15.72361033547837],[95.76275762757626,16.169763223101],[96.32436324363243,16.444051768798957],[96.18756187561877,16.76868441465666],[96.43236432364324,16.504811889681406],[96.7671676716767,16.709660297227984],[96.84996849968502,17.40058967183424],[97.19917199171994,17.09505306396815],[97.37557375573755,16.52217192421925],[97.72477724777247,16.56904401747144],[97.58437584375844,16.018730922621742],[97.81117811178115,14.859080615493667],[98.01998019980203,14.652496204493303],[97.90837908379086,14.652496204493303],[98.10998109981102,13.71331833599588],[98.19998199982001,13.980662867878692],[98.57438574385748,13.161269237692395],[98.63558635586355,11.737746405589064],[98.87678876788766,11.72038637105122],[98.46638466384667,10.675312291872928],[98.56358563585638,10.034727017426434],[98.70398703987041,10.19096732826705],[98.75798757987582,10.661424264242655],[99.6147961479615,11.781146491933683],[99.12519125191255,13.031068978658553],[99.13599135991359,13.716790342903437],[98.20358203582038,14.975392846897236],[98.19278192781928,15.204545302796788],[98.55638556385566,15.367729627452533],[98.59238592385924,16.04997898478986],[98.88758887588875,16.352043585748376],[98.6607866078661,16.33121154430296],[98.43758437584376,16.975268825657025],[97.7067770677707,17.79639845929711],[97.63117631176311,18.291159443625702],[97.37557375573755,18.518575896071482],[97.74637746377465,18.58801603422286],[97.81837818378187,19.459489768022692],[98.01638016380167,19.749402344804707],[98.91638916389167,19.773706393157696],[99.07479074790751,20.100075042469186],[99.4851948519485,20.150419142628948],[99.45999459994601,20.362211563990655],[100.12240122401226,20.31707547419225]]],[[[98.2107821078211,10.953072844478456],[98.08118081180811,10.887104713234649],[98.27198271982724,10.739544419662963],[98.2107821078211,10.953072844478456]]],[[[98.51678516785171,11.904402737152381],[98.61038610386106,11.95648284076593],[98.46638466384667,12.08494709634597],[98.51678516785171,11.904402737152381]]],[[[98.55278552785529,11.744690419404208],[98.37638376383762,11.791562512656384],[98.43398433984339,11.56761806711819],[98.55278552785529,11.744690419404208]]],[[[98.41238412384126,12.598804118666195],[98.31158311583118,12.678660277540288],[98.31518315183155,12.33666759714474],[98.41238412384126,12.598804118666195]]],[[[94.47754477544777,15.945818777562792],[94.59994599945998,16.206219295630476],[94.41274412744127,15.848602584150854],[94.47754477544777,15.945818777562792]]],[[[93.68913689136895,18.683496224181013],[93.74313743137435,18.86577658682839],[93.48753487534879,18.867512590282175],[93.68913689136895,18.683496224181013]]],[[[93.71433714337144,19.558441964888416],[93.75753757537575,19.325817502081293],[93.90153901539014,19.332761515896422],[93.71433714337144,19.558441964888416]]],[[[98.31518315183155,13.098773113356145],[98.26478264782651,13.202933320583227],[98.30798307983082,12.933852785246614],[98.31518315183155,13.098773113356145]]]]},"properties":{"name":"Myanmar","iso_a3":"MMR"},"id":"104"},
{"type":"Feature","geometry":{"type":"Polygon","coordinates":[[[30.555305553055547,-2.400265722032202],[29.92889928899291,-2.339505601149753],[29.867698676986777,-2.7162183506209914],[29.698496984969864,-2.7943385060412993],[29.388893888938895,-2.808226533671572],[29.10089100891011,-2.596434112309865],[29.01449014490146,-2.719690357528563],[29.223292232922347,-3.053003020655197],[29.212492124921255,-3.8342045748582336],[29.403294032940323,-4.4487497974979675],[29.9468994689947,-4.30813351774141],[30.789307893078927,-3.2752114627396196],[30.778507785077863,-2.98529888595759],[30.43290432904331,-2.874194664915393],[30.555305553055547,-2.400265722032202]]]},"properties":{"name":"Burundi","iso_a3":"BDI"},"id":"108"},
{"type":"Feature","geometry":{"type":"Polygon","coordinates":[[[0.9018090180901766,10.993000923915503],[1.427414274142734,11.447833828807049],[1.9818198181981757,11.418321770092717],[2.388623886238861,11.897458723337252],[2.071820718207192,12.30889154188418],[2.2266222662226767,12.466867856178581],[2.1042210422104404,12.70122832243949],[1.5642156421564266,12.63526019119567],[0.988209882098829,13.041484999381254],[0.988209882098829,13.364381641785187],[1.2006120061200818,13.357437627970043],[0.4302043020430233,13.971982850609777],[0.1638016380163947,14.497991897106488],[0.2178021780217989,14.911160719107201],[-0.7614076140761483,15.048304991956186],[-1.9746197461974475,14.456327814215655],[-2.057420574205736,14.194191292694185],[-2.5866258662586574,14.227175358316103],[-2.9502295022950307,13.649086208205844],[-3.2490324903249075,13.657766225474774],[-3.3030330303302833,13.281053476003521],[-3.5262352623526283,13.182101279137811],[-3.9474394743947414,13.402573717768448],[-4.152641526415266,13.30535752435651],[-4.329043290432907,13.119605154801562],[-4.228242282422826,12.793236505490071],[-4.480244802448027,12.671716263725145],[-4.429844298442987,12.338403600598525],[-5.286652866528669,11.828018585185873],[-5.250652506525057,11.374921683748099],[-5.491854918549166,11.041609020621465],[-5.524255242552414,10.42532779452796],[-5.099450994509937,10.241311428426798],[-4.969849698496972,9.930566810199366],[-4.624246242462419,9.713566378476301],[-4.332643326433271,9.645862243778708],[-3.789037890378893,9.916678782569093],[-3.2238322383223874,9.895846741123677],[-2.817028170281702,9.425389805148072],[-2.694626946269466,9.480941915669177],[-2.9142291422914184,10.591984126091276],[-2.83142831428313,10.99820893427686],[-0.6282062820628198,10.927032792671696],[-0.30060300603005885,11.166601269293963],[-0.07020070200701412,11.116257169134201],[0.9018090180901766,10.993000923915503]]]},"properties":{"name":"Burkina Faso","iso_a3":"BFA"},"id":"854"},
{"type":"Feature","geometry":{"type":"Polygon","coordinates":[[[28.013680136801383,41.968510549793024],[27.484474844748462,42.46847954448296],[27.887678876788783,42.749712103996046],[28.132481324813256,43.39550538880391],[28.46368463684638,43.38856137498877],[28.586085860858617,43.742706079560804],[27.08847088470884,44.16802692573802],[25.49725497254974,43.671529937955654],[22.919629196291964,43.834714262611385],[23.027630276302773,44.07775474614124],[22.703627036270376,44.2374670638894],[22.368823688236887,43.780898155544065],[22.977229772297733,43.18718497434975],[22.466024660246603,42.84172028704663],[22.52362523625237,42.440703489222415],[22.343623436234367,42.313975237096145],[23.002430024300253,41.73935809389346],[22.9160291602916,41.336605292615445],[24.489244892448937,41.555341727792296],[25.25245252452524,41.242861106111064],[26.06606066060661,41.35049332024573],[26.0840608406084,41.70463802481777],[26.321663216632174,41.716790048994255],[26.616866168661687,41.96503854288545],[27.243272432724325,42.093502798465494],[27.534875348753502,41.92163845654082],[28.013680136801383,41.968510549793024]]]},"properties":{"name":"Bulgaria","iso_a3":"BGR"},"id":"100"},
{"type":"Feature","geometry":{"type":"MultiPolygon","coordinates":[[[[115.14175141751417,4.899628801131769],[115.02655026550269,4.899628801131769],[115.10575105751059,4.390979789172903],[115.28935289352893,4.352787713189642],[115.14175141751417,4.899628801131769]]],[[[115.02655026550269,4.899628801131769],[114.99414994149942,5.022885046350481],[114.06534065340657,4.592356189811909],[114.65574655746559,4.036835084600867],[114.83934839348393,4.392715792626689],[114.74574745747458,4.717348438484393],[115.02655026550269,4.899628801131769]]]]},"properties":{"name":"Brunei","iso_a3":"BRN"},"id":"096"},
{"type":"Feature","geometry":{"type":"MultiPolygon","coordinates":[[[[-66.8760687606876,1.2227734860161235],[-67.08127081270813,1.1845814100328624],[-67.08847088470884,1.6151102665714347],[-67.40167401674016,2.1168152647151572],[-67.93447934479344,1.748782532512834],[-68.19368193681936,1.9866150056813154],[-68.17568175681757,1.7192704737985025],[-69.84969849698497,1.7088544530757872],[-69.85329853298532,1.0595891613603783],[-69.31329313293132,1.0509091440914489],[-69.15489154891549,0.642948332452093],[-69.47169471694717,0.7297485051413162],[-70.05490054900548,0.578716204662058],[-70.06930069300692,-0.13825322175095778],[-69.63369633696337,-0.5097579608608385],[-69.39969399693996,-1.1954793251057367],[-69.9648996489965,-4.23522137268246],[-70.05490054900548,-4.332437566094399],[-70.40410404104041,-4.150157203447023],[-70.80010800108,-4.172725248346225],[-70.97290972909728,-4.349797600632243],[-71.8441184411844,-4.504301908019073],[-72.88812888128881,-5.122319137566365],[-73.23733237332372,-6.097953078593278],[-73.13653136531364,-6.465985810795601],[-73.75933759337593,-6.905194684603089],[-73.71973719737197,-7.309683489334887],[-73.96453964539646,-7.3791236274862655],[-74.00054000540005,-7.5561959797722835],[-72.97452974529745,-8.993606839505887],[-73.20853208532085,-9.411983671867958],[-72.38052380523804,-9.510935868733668],[-72.14292142921428,-10.005696853062261],[-71.23931239312392,-9.965768773625229],[-70.54090540905409,-9.438023723674718],[-70.64170641706417,-11.01084285280352],[-69.57969579695796,-10.951818735374843],[-68.6220862208622,-11.10979504966923],[-66.57366573665736,-9.899800642381408],[-65.39645396453965,-9.712312269372688],[-65.38925389253892,-11.246939322518216],[-64.99324993249932,-11.976060773107719],[-64.42084420844208,-12.439573695268194],[-63.06723067230672,-12.668726151167746],[-62.76482764827648,-12.996830803933022],[-62.11682116821167,-13.160015128588768],[-61.78921789217891,-13.526311857337305],[-61.076410764107635,-13.48985578480783],[-60.50760507605075,-13.79018438231256],[-60.27360273602736,-15.088714965743392],[-60.58320583205831,-15.099130986466108],[-60.24120241202412,-15.479315742844918],[-60.17640176401764,-16.269197314316884],[-58.34398343983439,-16.284821345400943],[-58.47718477184772,-16.701462174309228],[-58.39438394383943,-17.234415234621082],[-57.832778327783274,-17.51217578722661],[-57.494374943749435,-18.215257186009353],[-57.71757717577175,-19.04333083346458],[-58.13158131581315,-19.744676228793523],[-57.86157861578616,-19.979036695054432],[-58.160381603816035,-20.16478906460938],[-57.82917829178291,-20.998070722425965],[-57.95517955179551,-22.109112932848063],[-56.93636936369363,-22.270561254050023],[-56.44676446764467,-22.07612886722616],[-56.24516245162451,-22.26535324368868],[-55.849158491584916,-22.307017326579498],[-55.61875618756187,-22.671578051874263],[-55.41715417154171,-23.951012597313465],[-55.082350823508236,-23.99788469056564],[-54.62514625146251,-23.812132321010694],[-54.243542435424345,-24.046492787271617],[-54.61434614346143,-25.575911830055787],[-54.15354153541534,-25.523831726442253],[-53.890738907389064,-25.669656016560154],[-53.66753667536675,-26.287673246107452],[-53.836738367383674,-27.12095490392403],[-54.830348303483035,-27.54974775700881],[-55.726757267572665,-28.204221059085583],[-55.68715687156872,-28.3812934113716],[-55.88875888758888,-28.370877390648893],[-57.60957609576096,-30.188473006761306],[-57.21357213572135,-30.28395319671946],[-56.8319683196832,-30.106880844433434],[-56.04356043560435,-30.776978177594266],[-56.003960039600386,-31.079042778552775],[-55.60435604356043,-30.851626326107002],[-55.172351723517224,-31.28041917919178],[-54.58914589145891,-31.48526758673836],[-53.761137611376114,-32.05641272303347],[-53.602736027360265,-32.403613413790374],[-53.123931239312384,-32.73692607691701],[-53.53073530735307,-33.170926940363145],[-53.53073530735307,-33.65527190396903],[-53.372333723337235,-33.74207207665825],[-52.65232652326523,-33.137942874741235],[-52.12672126721267,-32.16751694407568],[-52.195121951219505,-31.886284384562586],[-51.97191971919719,-31.384579386418856],[-51.507515075150735,-31.105082830359542],[-51.35991359913598,-30.674553973820977],[-51.28431284312842,-30.7509381257875],[-51.15831158311582,-30.363809355593546],[-51.298712987129875,-30.03570470282827],[-51.02511025110252,-30.369017365954896],[-50.56430564305643,-30.25444113800512],[-50.58230582305822,-30.43845750410628],[-50.71550715507155,-30.426305479929788],[-50.69030690306903,-30.704066032535316],[-51.16191161911618,-31.118970857989822],[-51.273512735127355,-31.476587569469437],[-51.68031680316804,-31.775180163520375],[-52.06192061920619,-31.83073227404148],[-52.04032040320402,-32.115436840462145],[-50.920709207092074,-31.25785113429258],[-49.747097470974694,-29.36387136621365],[-48.80028800288002,-28.57572579819547],[-48.55548555485555,-27.195603052436766],[-48.74988749887498,-26.268577208115822],[-48.62028620286202,-26.180041031972806],[-48.667086670866695,-25.844992365392386],[-48.400684006840066,-25.596743871501204],[-48.73188731887319,-25.369327419055423],[-48.47628476284763,-25.442239564114374],[-48.40428404284043,-25.2721112256435],[-48.20268202682027,-25.416199512307614],[-47.92907929079291,-25.167951018416417],[-47.99027990279902,-25.036014755928804],[-46.867068670686706,-24.235717163734122],[-45.97065970659705,-23.79477228647285],[-45.46305463054631,-23.801716300287993],[-45.32625326253262,-23.600339899648986],[-44.570245702457015,-23.273971250337496],[-44.63864638646385,-23.055234815160645],[-43.86463864638645,-22.91114652849653],[-43.67743677436775,-23.01009872536224],[-43.8970389703897,-23.10210690841282],[-43.22383223832239,-22.99100268737061],[-43.15543155431553,-22.725394158941583],[-42.95742957429573,-22.966698639017622],[-42.04302043020431,-22.947602601026006],[-41.981819818198176,-22.58130587227747],[-41.704617046170455,-22.31048933348707],[-40.99900999009989,-21.999744715259638],[-40.95580955809558,-21.237639199048232],[-39.7821978219782,-19.571075883415077],[-39.6489964899649,-18.251713258538828],[-39.15579155791556,-17.703136167142915],[-39.20259202592027,-17.178863124099976],[-38.88218882188821,-15.864708509585085],[-39.05859058590585,-14.654714102297262],[-38.94338943389434,-14.031488862388613],[-39.04779047790478,-14.0436408865651],[-39.090990909909095,-13.588807981673554],[-38.763387633876334,-12.906558624336228],[-38.85338853388532,-12.790246392932673],[-38.69138691386914,-12.623590061369356],[-38.50058500585004,-12.95690272449599],[-38.24138241382414,-12.844062499999993],[-37.6869768697687,-12.099317018326417],[-37.35937359373594,-11.252147332879574],[-37.355773557735574,-11.403179633358818],[-37.1829718297183,-11.068130966778412],[-36.39816398163981,-10.484833806306796],[-35.890558905589046,-9.686272217565914],[-35.33975339753397,-9.231439312674368],[-34.83574835748357,-7.971100805226783],[-34.80694806948068,-7.288851447889471],[-35.235352353523524,-5.56673602173521],[-35.480154801548,-5.165719223910983],[-37.17577175771757,-4.912262719658429],[-38.47538475384752,-3.7178923434546647],[-39.96579965799657,-2.862042640738892],[-41.48141481414814,-2.9158587478062117],[-43.37863378633787,-2.375961673679228],[-44.192241922419214,-2.809962537125358],[-44.10584105841059,-2.494009908536569],[-44.228242282422826,-2.4714418636373665],[-44.43704437044369,-2.9436348030667716],[-44.721447214472136,-3.204035321134455],[-44.58824588245881,-2.5738660674106626],[-44.38304383043831,-2.365545652956513],[-44.43704437044369,-2.1676412592250784],[-44.66384663846637,-2.3724896667716564],[-44.75744757447575,-2.264857452637017],[-44.53784537845377,-2.0530650312752954],[-44.6530465304653,-1.7457924199554355],[-44.779047790477904,-1.7996085270227553],[-45.07785077850778,-1.4662958638961214],[-45.32985329853298,-1.7180163646948898],[-45.459454594545946,-1.356927646307696],[-47.39987399873999,-0.6260701922644074],[-47.41787417874178,-0.7666864720209503],[-48.11628116281162,-0.7371744133066187],[-48.45108451084511,-1.1451352249459887],[-48.350283502835026,-1.4819198949801802],[-48.46188461884617,-1.6138561574678079],[-48.710287102871035,-1.4871279053415378],[-49.21069210692107,-1.9159207584263243],[-49.63549635496355,-2.657194233192314],[-49.31509315093152,-1.7319043923251627],[-50.402304023040216,-2.0148729552920344],[-50.69030690306903,-1.7614164510394943],[-50.895508955089554,-0.936814810491839],[-51.94671946719467,-1.5860801022072621],[-52.66312663126631,-1.551360033131573],[-51.97911979119792,-1.3673436670304113],[-51.28431284312842,-0.08443711468363801],[-50.7551075510755,0.22283549663623603],[-49.898298982989814,1.163749368587446],[-49.95589955899558,1.660246356369825],[-50.459904599045984,1.8303746948407138],[-50.71550715507155,2.134175299253002],[-51.21951219512195,4.094123198575744],[-51.54711547115471,4.311123630298823],[-51.651516515165156,4.061139132953841],[-52.90432904329043,2.21229545467331],[-53.76833768337683,2.3546477378836386],[-54.12834128341282,2.120287271622729],[-54.617946179461796,2.326871682623093],[-54.97794977949779,2.5976882214134775],[-55.73035730357303,2.4067278414971724],[-55.95715957159571,2.5213040694469555],[-56.137161371613715,2.259167547925486],[-55.928359283592826,1.8876628088156053],[-56.48276482764827,1.941478915882925],[-57.317973179731794,1.9640469607821274],[-58.034380343803434,1.5196300766132822],[-58.34038340383404,1.5873342113108748],[-58.513185131851316,1.2852696103523726],[-58.78678786787867,1.2088854583858506],[-59.229592295922956,1.3755417899491675],[-59.74079740797407,1.8737747811853183],[-59.75519755197551,2.274791579009559],[-59.99279992799927,2.6896964044640583],[-59.85599855998559,3.587210190070664],[-59.54999549995499,3.9344108808275706],[-59.70479704797047,4.380563768450202],[-60.147601476014756,4.5333320723832315],[-59.98919989199892,5.08364516723293],[-60.14040140401404,5.23814947461976],[-60.74160741607416,5.201693402090285],[-60.62640626406264,4.8926847873166395],[-61.00441004410044,4.535068075837017],[-62.152821528215284,4.097595205483316],[-62.47322473224732,4.139259288374149],[-62.710827108271076,4.017739046609236],[-62.85842858428583,3.5941542038858074],[-63.33723337233371,3.9430908980965],[-64.02124021240212,3.929202870466213],[-64.1940419404194,4.127107264197662],[-64.7880478804788,4.27640356122312],[-64.22284222842228,3.587210190070664],[-64.04644046440464,2.502208031455325],[-63.387633876338754,2.41193585185853],[-63.43083430834308,2.1550073406984183],[-64.00684006840068,1.9310628951602098],[-64.20484204842047,1.5300460973359833],[-65.10485104851048,1.1081972580663404],[-65.4720547205472,0.6915564291580552],[-65.68085680856808,0.9832050093938562],[-66.34686346863468,0.7679405811245772],[-66.8760687606876,1.2227734860161235]]],[[[-49.62829628296282,-0.22852540134775268],[-50.24750247502473,-0.1156851768517555],[-50.64710647106472,-0.273661491146143],[-50.79470794707947,-0.9055667483237215],[-50.57870578705786,-1.103471142055156],[-50.75870758707586,-1.2406154149041413],[-50.50670506705066,-1.7874565028462683],[-49.80469804698046,-1.79092850975384],[-49.505895058950586,-1.511431953694526],[-49.23229232292323,-1.599968129837535],[-49.171091710917096,-1.4124797568288017],[-49.037890378903796,-1.5149039606020978],[-48.83268832688327,-1.3899117119295994],[-48.39348393483934,-0.2979655394991312],[-49.62829628296282,-0.22852540134775268]]],[[[-45.26145261452615,-23.888516472977216],[-45.3010530105301,-23.727068151775256],[-45.45225452254522,-23.89546048679236],[-45.26145261452615,-23.888516472977216]]],[[[-44.49824498244982,-2.9401627961592],[-44.48024480244803,-2.7179543540747773],[-44.5990459904599,-3.0373789895711383],[-44.49824498244982,-2.9401627961592]]],[[[-38.74538745387454,-13.097519004252533],[-38.60138601386012,-12.993358797025465],[-38.66978669786698,-12.880518572529468],[-38.74538745387454,-13.097519004252533]]],[[[-49.739897398973994,0.2679715864346264],[-50.27270272702725,0.23151551390515124],[-50.34110341103411,0.044027140896417905],[-49.916299162991635,-0.023676993801174717],[-49.739897398973994,0.2679715864346264]]],[[[-50.29790297902977,1.9380069089753533],[-50.34110341103411,2.1411193130681454],[-50.49230492304923,2.1289672888916584],[-50.45630456304562,1.9102308537148076],[-50.29790297902977,1.9380069089753533]]],[[[-50.65430654306542,-0.13130920793581424],[-50.84150841508415,-0.04971704560794876],[-51.039510395103946,-0.2250533944401809],[-50.92790927909277,-0.3274775982134628],[-50.65430654306542,-0.13130920793581424]]],[[[-49.44469444694445,-0.11221316994418373],[-49.37269372693726,0.000627054551813444],[-49.50229502295022,0.08395522033346481],[-49.82989829898298,-0.09311713195255322],[-49.44469444694445,-0.11221316994418373]]],[[[-50.427504275042736,0.13950733085457045],[-50.37350373503733,0.590868228838545],[-50.62550625506253,0.05444316161913321],[-50.445504455044556,-0.008052962717115975],[-50.427504275042736,0.13950733085457045]]],[[[-50.15390153901538,0.3929638351071105],[-50.06030060300603,0.6377403220907354],[-50.27990279902798,0.516220080325823],[-50.26190261902619,0.35997976948520716],[-50.15390153901538,0.3929638351071105]]],[[[-51.83151831518316,-1.433311798274218],[-51.27711277112772,-1.0218789797272905],[-51.16191161911618,-0.6659982717014543],[-51.255512555125534,-0.5410060230289702],[-51.54711547115471,-0.6503742406173956],[-51.93951939519394,-1.4524078362658486],[-51.83151831518316,-1.433311798274218]]]]},"properties":{"name":"Brazil","iso_a3":"BRA"},"id":"076"},
{"type":"Feature","geometry":{"type":"Polygon","coordinates":[[[25.259652596525967,-17.79340834673971],[24.528845288452885,-18.052072861353608],[24.359643596435973,-17.97742471284087],[23.600036000360006,-18.460033672992964],[23.21843218432184,-17.99999275774006],[20.975609756097555,-18.31941739323642],[20.97920979209792,-21.961552639276377],[19.978399783997844,-21.999744715259638],[19.981999819998208,-24.777350241314906],[20.432004320043205,-25.147118976971015],[20.792007920079215,-25.916168506997565],[20.684006840068406,-26.822362309873085],[21.695616956169573,-26.841458347864716],[22.59922599225993,-26.13316893872063],[23.056430564305657,-25.312039305080546],[23.387633876338782,-25.29120726363513],[23.89523895238952,-25.600215878408775],[24.748447484474866,-25.81721631013184],[25.443254432544336,-25.71479210635856],[25.911259112591125,-24.74783818260056],[26.397263972639735,-24.61416591665916],[26.836468364683668,-24.24092517409548],[27.084870848708505,-23.577771854749784],[27.75807758077582,-23.197587098370974],[28.21168211682118,-22.69414609677345],[29.363693636936375,-22.194177102083515],[29.043290432904342,-22.01884075325127],[29.02529025290255,-21.796632311166846],[28.013680136801383,-21.55359182763702],[27.668076680766802,-21.06403885366977],[27.70047700477005,-20.531085793357917],[27.279272792727937,-20.479005689744383],[27.178471784717857,-20.10055693681936],[26.16686166861669,-19.538091817793173],[25.259652596525967,-17.79340834673971]]]},"properties":{"name":"Botswana","iso_a3":"BWA"},"id":"072"},
{"type":"Feature","geometry":{"type":"Polygon","coordinates":[[[19.193591935919358,43.5326496616529],[19.4959949599496,43.64201787924131],[19.243992439924398,43.96491452164523],[19.58239582395825,44.04303467706555],[19.117991179911797,44.360723309108096],[19.348393483934842,44.88152434524346],[19.006390063900653,44.869372321066976],[18.664386643866436,45.07769273552111],[17.811178111781118,45.07769273552111],[16.91836918369185,45.27733313270633],[16.291962919629214,45.00825259736973],[15.787957879578812,45.178380935840636],[15.737557375573772,44.76521211383991],[16.299162991629913,44.124626839393414],[17.274772747727496,43.44584948896366],[17.584375843758437,42.93893648045858],[17.667176671766725,42.89727239756775],[18.437584375843755,42.56048772753354],[18.45918459184591,42.99796059788724],[18.85158851588517,43.346897292097935],[19.02799027990281,43.293081185030616],[18.973989739897405,43.543065682375584],[19.193591935919358,43.5326496616529]]]},"properties":{"name":"Bosnia and Herz.","iso_a3":"BIH"},"id":"070"},
{"type":"Feature","geometry":{"type":"Polygon","coordinates":[[[-69.51129511295113,-17.505231773411467],[-69.31329313293132,-17.942704643765182],[-69.09369093690937,-18.050336857899822],[-68.96768967689677,-18.968682684951844],[-68.46368463684637,-19.432195607112305],[-68.69768697686976,-19.72037218044055],[-68.56088560885608,-19.966884670877945],[-68.75528755287553,-20.090140916096644],[-68.75888758887588,-20.41650956540815],[-68.48528485284852,-20.628301986769856],[-68.55728557285572,-20.902590532467812],[-68.19728197281972,-21.300135323384467],[-67.88047880478804,-22.822610352353507],[-67.19647196471965,-22.82087434889972],[-66.71046710467104,-22.216745146982703],[-66.36486364863649,-22.11432094320942],[-66.22086220862208,-21.801840321528204],[-65.77085770857708,-22.100432915579148],[-64.60444604446045,-22.228897171159204],[-64.32364323643236,-22.827818362714865],[-63.85923859238592,-22.00668872907478],[-62.83322833228331,-21.999744715259638],[-62.64962649626496,-22.234105181520547],[-62.27522275222752,-21.065774857123557],[-62.27522275222752,-20.56233385552605],[-61.75681756817568,-19.645724031927813],[-60.007200072000714,-19.29678733771712],[-59.08919089190891,-19.286371316994405],[-58.17838178381784,-19.817588373852473],[-58.160381603816035,-20.16478906460938],[-57.86157861578616,-19.979036695054432],[-58.13158131581315,-19.744676228793523],[-57.71757717577175,-19.04333083346458],[-57.494374943749435,-18.215257186009353],[-57.832778327783274,-17.51217578722661],[-58.39438394383943,-17.234415234621082],[-58.47718477184772,-16.701462174309228],[-58.34398343983439,-16.284821345400943],[-60.17640176401764,-16.269197314316884],[-60.24120241202412,-15.479315742844918],[-60.58320583205831,-15.099130986466108],[-60.27360273602736,-15.088714965743392],[-60.50760507605075,-13.79018438231256],[-61.076410764107635,-13.48985578480783],[-61.78921789217891,-13.526311857337305],[-62.11682116821167,-13.160015128588768],[-62.76482764827648,-12.996830803933022],[-63.06723067230672,-12.668726151167746],[-64.42084420844208,-12.439573695268194],[-64.99324993249932,-11.976060773107719],[-65.38925389253892,-11.246939322518216],[-65.39645396453965,-9.712312269372688],[-66.57366573665736,-9.899800642381408],[-68.6220862208622,-11.10979504966923],[-69.57969579695796,-10.951818735374843],[-68.68688686886868,-12.50206981960443],[-68.97848978489785,-12.880518572529468],[-69.07569075690756,-13.68255216817792],[-68.87048870488705,-14.17036913869137],[-69.36009360093601,-14.795330382053805],[-69.17289172891728,-15.236275259315079],[-69.42129421294213,-15.640764064046877],[-69.2160921609216,-16.149413076005743],[-68.84168841688417,-16.338637452468262],[-69.62649626496264,-17.199695165545393],[-69.51129511295113,-17.505231773411467]]]},"properties":{"name":"Bolivia","iso_a3":"BOL"},"id":"068"},
{"type":"Feature","geometry":{"type":"Polygon","coordinates":[[[91.63351633516334,27.759322280566565],[91.64071640716406,27.922506605222324],[91.27351273512738,28.078746916062926],[91.02151021510218,27.9693786984745],[90.3519035190352,28.08048291951671],[90.34830348303484,28.243667244172457],[89.9810998109981,28.31137137887005],[89.48069480694807,28.059650878071295],[88.89028890288904,27.31664139985152],[88.73908739087392,27.176025120094963],[88.85788857888582,26.960760691825683],[89.61029610296106,26.71945621174963],[90.34470344703448,26.88958455022052],[90.74070740707407,26.771536315363164],[91.99711997119971,26.85486448114483],[92.08352083520839,27.290601348044746],[91.59391593915939,27.55794587992756],[91.63351633516334,27.759322280566565]]]},"properties":{"name":"Bhutan","iso_a3":"BTN"},"id":"064"},
{"type":"Feature","geometry":{"type":"Polygon","coordinates":[[[1.621816218162195,6.217255422554246],[2.705427054270558,6.370023726487275],[2.77382773827739,9.04867705567682],[3.043830438304383,9.083397124752508],[3.8358383583835973,10.607608157175335],[3.4866348663486804,11.395753725193515],[3.5946359463594604,11.696082322698246],[2.8062280622806384,12.383539690396915],[2.367023670236705,12.222091369194956],[2.388623886238861,11.897458723337252],[1.9818198181981757,11.418321770092717],[1.427414274142734,11.447833828807049],[0.9018090180901766,10.993000923915503],[0.7650076500765124,10.387135718544698],[1.3302133021330178,9.996534941443173],[1.384213842138422,9.361157677358037],[1.600216002160039,9.050413059130605],[1.5318153181531784,6.9932489663959245],[1.7766177661776794,6.295375577974539],[1.621816218162195,6.217255422554246]]]},"properties":{"name":"Benin","iso_a3":"BEN"},"id":"204"},
{"type":"Feature","geometry":{"type":"MultiPolygon","coordinates":[[[[-89.16029160291603,17.81549449728874],[-89.23589235892359,15.893738673949258],[-88.89388893888939,15.890266667041686],[-88.31428314283143,16.633276145261462],[-88.08388083880838,18.226927315835667],[-88.35028350283503,18.358863578323295],[-88.29628296282962,18.47170380281929],[-88.5230852308523,18.445663751012532],[-88.80748807488075,17.96479079431421],[-89.13509135091351,17.969998804675555],[-89.16029160291603,17.81549449728874]]],[[[-87.85347853478534,17.423157716733428],[-87.82467824678247,17.54641396195214],[-87.9290792907929,17.282541436976885],[-87.85347853478534,17.423157716733428]]]]},"properties":{"name":"Belize","iso_a3":"BLZ"},"id":"084"},
{"type":"Feature","geometry":{"type":"Polygon","coordinates":[[[4.224642246422462,51.386329286574124],[3.9006390063900653,51.207520930834335],[3.349833498334988,51.37764926930521],[2.5254252542525535,51.09641670979212],[2.7594275942759623,50.750952022489],[3.1086310863108793,50.77872807774955],[3.688236882368841,50.30653513832016],[4.174241742417422,50.245775017437694],[4.149041490414902,49.97148647173972],[4.5450454504545235,49.96107045101704],[4.81864818648188,50.15376683438711],[4.86904869048692,49.78747010563856],[5.790657906579071,49.53748560829359],[5.743857438574395,49.919406368126204],[6.118261182611832,50.120782768765196],[6.341463414634148,50.45235942843806],[5.9922599225992315,50.750952022489],[5.63945639456395,50.84296020553958],[5.797857978579799,51.153704823767015],[5.031050310503105,51.46965745235579],[4.224642246422462,51.386329286574124]]]},"properties":{"name":"Belgium","iso_a3":"BEL"},"id":"056"},
{"type":"Feature","geometry":{"type":"Polygon","coordinates":[[[31.76491764917651,52.10156270953337],[31.257312573125745,53.016436529677804],[31.41931419314193,53.19524488541762],[32.14292142921431,53.091084678190555],[32.70812708127082,53.41918933095582],[32.44892448924489,53.69347787665379],[31.754117541175418,53.80979010805734],[31.826118261182614,54.03026254668799],[30.80010800108002,54.78368804563047],[30.908109081090828,55.570097610194864],[30.234902349023486,55.844386155892835],[29.482494824948247,55.68467383814465],[29.374493744937467,55.93813034239719],[28.146881468814684,56.14297874994378],[27.578075780757814,55.79925006609443],[27.052470524705257,55.83049812826255],[26.59526595265953,55.66731380360682],[26.458464584645867,55.3426811577491],[26.775267752677536,55.27324101959772],[25.78165781657816,54.83403214579022],[25.54765547655478,54.33232714764648],[25.74925749257494,54.15699079881426],[25.461254612546128,54.29239906820945],[24.31644316443166,53.89311827383901],[23.4848348483485,53.939990367091184],[23.916839168391704,52.76992403924041],[23.17523175231753,52.2873150790883],[23.65403654036541,52.040802588650905],[23.60363603636037,51.518265549061766],[24.363243632436337,51.86720224327246],[25.266852668526695,51.93837838487761],[27.142471424714245,51.752626015322676],[27.70047700477005,51.478337469624705],[28.182881828818296,51.60853772865855],[28.73008730087301,51.43320137982633],[29.10089100891011,51.62763376665018],[29.345693456934583,51.38285727966655],[30.159301593015925,51.478337469624705],[30.544505445054455,51.264809044809226],[30.756907569075707,51.894978298533005],[31.080910809108104,52.077258661180366],[31.76491764917651,52.10156270953337]]]},"properties":{"name":"Belarus","iso_a3":"BLR"},"id":"112"},
{"type":"Feature","geometry":null,"properties":{"name":"Barbados","iso_a3":"BRB"},"id":"052"},
{"type":"Feature","geometry":{"type":"MultiPolygon","coordinates":[[[[89.05229052290525,22.093007007413846],[89.16749167491673,21.783998392640186],[89.3546935469355,21.72150226830395],[89.48429484294843,22.27528737006122],[89.56709567095675,21.76663835810234],[89.98469984699847,22.466247749977512],[89.91629916299166,22.115575052313034],[90.20790207902081,22.157239135203866],[90.07110071100715,21.88642259641348],[90.22950229502294,21.82913448243859],[90.6147061470615,22.362087542750444],[90.43470434704346,22.75268831985197],[90.58950589505895,23.266545342172194],[90.26910269102694,23.4557697186347],[90.55710557105573,23.42104964955901],[90.6039060390604,23.591177988029898],[90.63270632706326,23.09468100024752],[90.9459094590946,22.596448009011354],[91.47871478714791,22.884624582339583],[91.86391863918641,22.349935518573957],[92.05472054720548,21.174661180361824],[92.3247232472325,20.791004417075442],[92.1807218072181,21.292709415219164],[92.33192331923323,21.44026970879085],[92.6307263072631,21.306597442849437],[92.57312573125733,21.978430779464063],[92.24552245522455,23.68318617108048],[91.9287192871929,23.68665817798805],[91.61911619116194,22.980104772297736],[91.43551435514354,23.200577210928373],[91.3167131671317,23.10509702097022],[91.16551165511657,23.580761967307183],[91.36711367113674,24.09288298617362],[91.87831878318786,24.195307189946917],[92.22752227522278,24.8810285541918],[92.46872468724689,24.94352467852805],[92.05112051120511,25.169205127520044],[90.43830438304383,25.157053103343543],[89.83349833498335,25.292461372738742],[89.67149671496713,26.214279206698336],[89.54909549095493,26.005958792244186],[89.3690936909369,26.005958792244186],[89.01989019890198,26.410447596975985],[88.82908829088291,26.252471282681597],[88.41868418684186,26.571895918177944],[88.44028440284404,26.368783514085152],[88.0838808388084,25.887910557386846],[88.95148951489517,25.25947730711684],[88.4546845468455,25.188301165511675],[88.02268022680227,24.62757204993926],[88.72468724687246,24.27516334882101],[88.56628566285661,23.67450615381155],[88.72468724687246,23.254393317995692],[88.92988929889299,23.1866891832981],[89.05229052290525,22.093007007413846]]],[[[91.15111151111512,22.17459916974171],[91.0791107911079,22.520063857044832],[91.04311043110431,22.105159031590333],[91.15111151111512,22.17459916974171]]],[[[90.77670776707765,22.089535000506274],[90.8667086670867,22.485343787969143],[90.59670596705968,22.86379254089418],[90.67950679506794,22.327367473674755],[90.51390513905142,22.065230952153286],[90.77670776707765,22.089535000506274]]]]},"properties":{"name":"Bangladesh","iso_a3":"BGD"},"id":"050"},
{"type":"Feature","geometry":{"type":"Polygon","coordinates":[[[50.60750607506077,25.882702547025488],[50.585905859058585,26.240319258505096],[50.47070470704708,26.22816723432861],[50.60750607506077,25.882702547025488]]]},"properties":{"name":"Bahrain","iso_a3":"BHR"},"id":"048"},
{"type":"Feature","geometry":{"type":"MultiPolygon","coordinates":[[[[-77.65817658176582,24.249123297014236],[-78.00018000180002,24.219611238299905],[-77.76977769777697,23.752626309231857],[-77.57537575375754,23.738738281601584],[-77.5609756097561,24.13628307251824],[-77.75537755377553,24.1640591277788],[-77.65817658176582,24.249123297014236]]],[[[-77.22617226172261,25.903534588470905],[-77.06777067770678,26.530231835287125],[-77.53217532175321,26.903472577850792],[-77.94257942579425,26.903472577850792],[-77.51057510575106,26.8461844638759],[-77.23697236972369,26.561479897455243],[-77.24777247772478,26.156991092723445],[-77.40257402574025,26.025054830235817],[-77.22617226172261,25.903534588470905]]],[[[-73.02853028530285,21.19202121489967],[-73.05733057330573,21.31354145666458],[-73.23373233732337,21.153829138916407],[-73.52173521735217,21.190285211445882],[-73.68013680136801,20.975020783176603],[-73.16533165331653,20.97849279008416],[-73.02853028530285,21.19202121489967]]],[[[-77.74457744577445,24.707428208813354],[-78.21258212582126,25.191773172419246],[-78.36738367383674,24.54424388415761],[-78.04338043380433,24.287315372997497],[-77.74457744577445,24.46265172182973],[-77.74457744577445,24.707428208813354]]],[[[-78.49338493384934,26.729872232472346],[-78.59778597785977,26.79757636716994],[-78.79938799387993,26.58231193890066],[-78.98658986589865,26.6899441530353],[-78.74538745387453,26.50071977657278],[-77.9209792097921,26.691680156489085],[-78.49338493384934,26.729872232472346]]],[[[-74.05814058140581,22.723176261137624],[-74.30654306543065,22.839488492541193],[-74.27414274142741,22.711024236961137],[-74.05814058140581,22.723176261137624]]],[[[-74.20574205742057,22.214527249178758],[-73.83493834938349,22.539159895036462],[-73.84933849338493,22.731856278406553],[-74.20574205742057,22.214527249178758]]],[[[-76.65016650166501,25.486893759562605],[-76.77976779767798,25.426133638680156],[-76.16056160561605,25.118861027360296],[-76.31896318963189,24.818532429855566],[-76.16776167761677,24.650140094838463],[-76.12816128161282,25.1396930688057],[-76.65016650166501,25.486893759562605]]],[[[-74.83934839348393,22.8950406030623],[-75.31455314553145,23.66756213999642],[-75.1309513095131,23.268281345625965],[-75.22455224552245,23.165857141852683],[-74.83934839348393,22.8950406030623]]],[[[-75.30735307353073,24.200515200308274],[-75.7249572495725,24.69006817427551],[-75.40815408154081,24.26648333155208],[-75.50175501755017,24.13975507942581],[-75.30735307353073,24.200515200308274]]],[[[-73.03933039330393,22.429791677448037],[-73.16173161731616,22.381183580742075],[-72.74772747727476,22.327367473674755],[-73.03933039330393,22.429791677448037]]]]},"properties":{"name":"Bahamas","iso_a3":"BHS"},"id":"044"},
{"type":"Feature","geometry":{"type":"MultiPolygon","coordinates":[[[[44.81864818648188,39.650945938990645],[45.4810548105481,39.00688865763658],[46.11466114661147,38.87842440205654],[45.78345783457834,39.545049728309806],[45.17145171451716,39.57108978011658],[45.031050310503105,39.76552216694043],[44.76824768247684,39.70302604260419],[44.81864818648188,39.650945938990645]]],[[[48.868688686886884,38.43574352134149],[48.85428854288543,38.838496322619505],[49.36189361893619,39.34888133803216],[49.55269552695529,40.194315020025215],[50.36630366303663,40.27937918926065],[49.455494554945545,40.80018022539602],[48.57348573485734,41.845254304574325],[47.79227792277925,41.19946101976646],[47.3170731707317,41.282789185548125],[46.748267482674834,41.81227023895241],[46.431464314643165,41.8903903943727],[46.18306183061833,41.65776593156559],[46.67266672666727,41.2862611924557],[46.53586535865358,41.08835679872425],[45.27945279452794,41.44944551711143],[45.00225002250022,41.29146920281704],[45.18945189451895,41.14738091615294],[45.07065070650708,41.07620477454776],[45.58905589055891,40.847052318648196],[45.45585455854558,40.53283569351319],[45.96345963459635,40.23424309946225],[45.88425884258842,40.02418668155434],[45.57825578255785,39.977314588302164],[46.481864818648205,39.55546574903252],[46.489064890648905,38.906200457317084],[47.997479974799745,39.68393000461256],[48.32148321483217,39.399225438191905],[48.105481054810554,39.24124912389752],[48.292682926829286,39.019040681813095],[47.997479974799745,38.854120353703564],[48.59148591485916,38.41143947298849],[48.868688686886884,38.43574352134149]]]]},"properties":{"name":"Azerbaijan","iso_a3":"AZE"},"id":"031"},
{"type":"Feature","geometry":{"type":"Polygon","coordinates":[[[9.52749527495277,47.27026509765099],[9.581495814958146,47.056736672835484],[10.452704527045285,46.86577629291921],[10.99270992709927,46.7772401167762],[11.24471244712447,46.97514451050762],[12.169921699216985,47.08277672464226],[12.389523895238966,46.70259196826345],[13.69993699937001,46.52031160561609],[14.549545495454964,46.40052736730493],[14.891548915489153,46.605375774851524],[15.957159571595724,46.678287919910474],[16.093960939609417,46.86404028946541],[16.453964539645398,47.006392572675736],[16.443164431644334,47.39872935323106],[16.677166771667714,47.53587362608002],[16.42156421564215,47.674753902382804],[17.065970659706608,47.70773796800469],[17.148771487714896,48.00633056205564],[16.864368643686447,48.38651531843445],[16.954369543695435,48.598307739796155],[16.543965439654414,48.796212133527604],[16.057960579605805,48.75454805063677],[15.067950679506794,48.997588534166596],[14.689946899468993,48.600043743249955],[14.049140491404927,48.60177974670373],[13.815138151381518,48.76670007481326],[13.72513725137253,48.542755629275064],[13.487534875348757,48.582683708712096],[13.375933759337613,48.362211270081474],[12.760327603276039,48.107018762375134],[13.015930159301604,47.47858551210513],[12.209522095220962,47.71815398872741],[11.04311043110431,47.39352134286969],[10.438304383043828,47.55149765716408],[10.182701827018263,47.27894511491991],[9.970299702997039,47.5046255639119],[9.523895238952406,47.52372160190353],[9.52749527495277,47.27026509765099]]]},"properties":{"name":"Austria","iso_a3":"AUT"},"id":"040"},
{"type":"Feature","geometry":{"type":"MultiPolygon","coordinates":[[[[143.1788317883179,-11.955228731662302],[142.8728287282873,-11.821556465720889],[142.77922779227794,-11.115003060030588],[142.4552245522455,-10.707042248391218],[142.16722167221673,-10.946610725013485],[141.9620196201962,-12.054180928528027],[141.8720187201872,-11.976060773107719],[141.68841688416887,-12.351037519125185],[141.92961929619298,-12.73990229277291],[141.61281612816128,-12.943014696865703],[141.47241472414726,-13.797128396127704],[141.62721627216274,-15.057466903575275],[141.29241292412928,-16.463629701140746],[140.8316083160832,-17.41495959381467],[140.03600036000358,-17.703136167142915],[139.24759247592476,-17.32815942112545],[139.00999009990102,-16.899366568040662],[138.2467824678247,-16.718822208847072],[137.70317703177034,-16.23274124178741],[136.78516785167852,-15.894220568299417],[136.70596705967063,-15.685900153845282],[136.2919629196292,-15.569587922441713],[135.45315453154535,-14.923794637633861],[135.40635406354062,-14.75887430952433],[135.98955989559897,-13.811016423757977],[135.92835928359284,-13.304103415252897],[136.29556295562958,-13.13744708368958],[136.46116461164615,-13.225983259832589],[136.5367653676537,-12.785038382571315],[136.94716947169474,-12.3493015156714],[136.8967689676897,-12.243405304990532],[136.44316443164433,-11.95175672475473],[136.2487624876249,-12.172229163385367],[136.259562595626,-12.434365684906837],[136.08316083160832,-12.42221366073035],[135.93915939159393,-12.15139712193995],[135.70515705157055,-12.210421239368628],[135.9211592115921,-11.82502847262846],[135.02835028350285,-12.193061204830784],[134.72954729547297,-11.984740790376648],[134.41634416344164,-12.05244492507424],[133.18513185131854,-11.705244234317334],[132.9619296192962,-11.40665164026639],[132.68112681126814,-11.505603837132114],[132.3355233552336,-11.224371277619014],[132.15552155521556,-11.311171450308237],[131.96111961119612,-11.180971191274395],[131.8207182071821,-11.302491433039322],[132.67392673926742,-11.649692123796228],[132.71352713527136,-12.123621066679405],[132.41112411124112,-12.29548540860408],[132.25272252722527,-12.186117191015654],[131.4391143911439,-12.27638937061245],[131.29151291512915,-12.0680689561583],[130.87390873908743,-12.366661550209244],[130.8667086670867,-12.557621930125535],[130.62190621906223,-12.430893677999265],[130.61830618306186,-12.646158106268544],[130.16830168301686,-12.95690272449599],[130.25830258302585,-13.30236741179911],[129.8370983709837,-13.573183950589495],[129.37989379893799,-14.392577580775793],[129.8478984789848,-14.828314447675709],[129.63549635496355,-14.850882492574911],[129.63549635496355,-15.13905906590314],[129.2682926829268,-14.871714534020327],[129.21429214292147,-15.159891107348557],[129.05949059490598,-14.883866558196814],[128.5770857708577,-14.774498340608389],[128.2170821708217,-14.994970779239026],[128.25308253082534,-15.298771383651328],[128.06948069480694,-15.330019445819445],[128.1810818108181,-14.712002216272154],[127.45747457474573,-14.031488862388613],[126.90306903069029,-13.743312289060384],[126.56826568265683,-14.161689121422455],[126.40266402664025,-14.019336838212126],[126.25866258662586,-14.163425124876241],[126.05346053460534,-13.977672755321294],[126.02106021060212,-14.495001784549089],[125.89145891458918,-14.618258029767787],[125.81945819458196,-14.468961732742315],[125.6610566105661,-14.529721853624778],[125.62865628656289,-14.257169311380608],[125.57825578255785,-14.482849760372588],[125.17865178651789,-14.715474223179726],[125.3550535505355,-15.119963027911524],[125.03825038250386,-15.003650796507955],[124.84024840248401,-15.159891107348557],[125.06345063450635,-15.442859670315443],[124.69264692646925,-15.27446733529834],[124.44064440644405,-15.49320377047519],[124.38304383043834,-15.758812298904232],[124.50544505445055,-15.972340723719725],[124.64944649446494,-15.869916519946443],[124.40464404644047,-16.298709373031215],[124.7718477184772,-16.402869580258297],[124.04464044640446,-16.265725307409312],[123.85743857438575,-16.38203753881288],[123.60543605436055,-16.22406122451848],[123.49023490234902,-16.491405756401306],[123.87543875438757,-16.918462606032293],[123.83223832238326,-17.121575010125085],[123.59463594635946,-17.029566827074504],[123.56223562235624,-17.52085580449554],[122.97182971829722,-16.437589649333987],[122.33102331023309,-17.05907888578885],[122.14382143821439,-17.42884762144496],[122.34542345423455,-18.11109697878227],[121.83421834218342,-18.47739370753081],[120.99900999009992,-19.60405994903698],[119.58419584195843,-20.03806081248311],[119.10539105391052,-19.994660726138505],[118.75258752587524,-20.26200525802132],[117.40617406174061,-20.722046173274222],[116.70776707767078,-20.65434203857663],[114.709747097471,-21.82267236297362],[114.1409414094141,-22.482353675411744],[114.12294122941228,-21.827880373334978],[114.0221402214022,-21.881696480402297],[113.68373683736837,-22.638593986252346],[113.7557375573756,-23.41805953700161],[113.48933489334894,-23.869420434985585],[113.41733417334177,-24.435357560919343],[114.21294212942132,-25.85193637920753],[114.21654216542169,-26.28940924956124],[113.99333993339934,-26.320657311729356],[113.85293852938531,-26.015120703863275],[113.72333723337232,-26.129696931813058],[113.71253712537128,-25.831104337762113],[113.44973449734499,-25.59847987495499],[113.83493834938349,-26.501201670922946],[113.58293582935829,-26.558489784897837],[113.35613356133564,-26.08108883510709],[113.32373323733236,-26.244273159762834],[113.18333183331833,-26.18177703542659],[114.02934029340292,-27.346635352916017],[114.16614166141665,-28.080964813866878],[114.85734857348575,-29.143398927583014],[115.07695076950773,-30.5599777458712],[115.69975699756998,-31.695324004646288],[115.68175681756821,-33.19349498526234],[115.35775357753579,-33.63964787288497],[114.99414994149942,-33.51465562421248],[115.00855008550087,-34.25592909897848],[116.51696516965171,-34.98852255647555],[117.58257582575828,-35.097890774063984],[118.13698136981372,-34.98678655302177],[118.89658896588969,-34.479873544516686],[119.45099450994513,-34.368769323474474],[119.85419854198545,-33.974696539465384],[121.4058140581406,-33.8271362458937],[122.15102151021512,-33.99205657400323],[123.50823508235084,-33.915672422036714],[124.24264242642425,-33.01468662952254],[125.91665916659167,-32.29771720310952],[127.32067320673207,-32.26473313748762],[129.18909189091892,-31.6606039355706],[131.1439114391144,-31.495683607461068],[132.21312213122133,-32.007804626327506],[132.75672756727568,-31.955724522713965],[133.6639366393664,-32.207445023512726],[134.2327423274233,-32.547701700454496],[134.17514175141753,-32.97996656044685],[134.7907479074791,-33.32890325465754],[135.449554495545,-34.58056174483619],[135.1219512195122,-34.58576975519754],[135.64755647556478,-34.93991445976959],[135.9679596795968,-34.981578542660415],[135.89235892358926,-34.660417903710275],[136.43236432364324,-34.03024864998649],[137.23877238772388,-33.62923185216226],[137.78957789577896,-32.82372624960624],[137.78237782377823,-32.578949762622614],[137.99117991179912,-33.09454278839662],[137.8507785077851,-33.200438999077484],[137.93357933579335,-33.57888775200251],[137.49437494374945,-34.16044890902033],[137.389973899739,-34.91387440796282],[137.0155701557016,-34.9156104114166],[136.88236882368824,-35.24024305727431],[137.69237692376925,-35.14302686386238],[138.08838088380884,-34.169128926289254],[138.49158491584916,-34.762842107483564],[138.18558185581855,-35.61348379983799],[139.28359283592835,-35.375651326669505],[139.29079290792907,-35.6117477963842],[138.97038970389707,-35.58049973421608],[139.72999729997304,-36.372117309141835],[139.78399783997838,-37.24532704639545],[140.38880388803886,-37.896328341564654],[141.42561425614258,-38.363313270632695],[141.72441724417246,-38.271305087582114],[142.4552245522455,-38.3858813155319],[143.5388353883539,-38.82161818243181],[144.66564665646655,-38.21054496669966],[144.39564395643959,-38.13763282164071],[144.89244892448926,-37.899800348472226],[145.1192511925119,-38.090760728388524],[144.7160471604716,-38.3407452257335],[144.96084960849612,-38.50045754348167],[145.47565475654756,-38.24352903232156],[145.39645396453966,-38.53517761255737],[145.79245792457925,-38.66711387504499],[145.93645936459365,-38.90147434130591],[146.159661596616,-38.86501826877643],[146.4008640086401,-39.146250828289524],[146.4656646566466,-38.84071422042344],[146.21726217262176,-38.72787399592745],[146.85806858068582,-38.663641868137425],[147.87687876878772,-37.934520417547915],[149.48249482494828,-37.77133609289217],[149.93249932499327,-37.52829560936233],[150.19530195301957,-35.83395623846862],[150.80370803708036,-35.01282660482854],[151.29331293312936,-33.580623755456294],[151.81171811718116,-32.90184640502654],[152.47052470524704,-32.43833348286607],[152.9457294572946,-31.434923486578604],[153.0321303213032,-30.563449752778766],[153.61533615336157,-28.672941991607402],[153.11853118531184,-27.19386704898298],[153.16533165331657,-25.964776603703527],[152.45612456124564,-24.80165428966788],[151.83331833318334,-24.122876939238125],[151.15291152911533,-23.784356265750148],[150.84330843308436,-23.457987616438658],[150.67410674106742,-22.41812154762171],[150.54090540905412,-22.558737827378266],[150.07650076500767,-22.16466504336917],[149.97569975699759,-22.550057810109337],[149.70569705697056,-22.44068959252091],[149.20529205292053,-21.124798974552235],[148.68328683286836,-20.579693890063893],[148.88488884888852,-20.48074169319817],[148.7588875888759,-20.28978131328188],[147.74367743677436,-19.770716280600297],[147.419674196742,-19.378379500044986],[147.13887138871388,-19.394003531129044],[146.38286382863828,-18.97736270222076],[146.33246332463324,-18.55377785949733],[146.03366033660336,-18.272545299984245],[146.1272612726127,-17.63543203244531],[145.91125911259115,-16.91325459567095],[145.42525425254252,-16.406341587165855],[145.28845288452885,-14.942890675625492],[144.47484474844748,-14.231129259573834],[143.960039600396,-14.463753722380957],[143.75483754837552,-14.349177494431189],[143.40203402034024,-12.639214092453415],[143.11043110431103,-12.304165425872995],[143.1788317883179,-11.955228731662302]]],[[[153.0789307893079,-25.751248178888034],[153.3489334893349,-25.06379081118935],[153.25533255332556,-24.72874214460893],[153.03933039330394,-25.19399107022319],[153.0789307893079,-25.751248178888034]]],[[[139.5067950679507,-16.572997918729172],[139.69759697596976,-16.51570980475428],[139.58959589595895,-16.395925566443154],[139.29439294392944,-16.467101708048318],[139.14679146791468,-16.71361419848573],[139.5067950679507,-16.572997918729172]]],[[[136.71316713167136,-13.804072409942833],[136.6555665556656,-13.675608154362777],[136.4251642516425,-13.864832530825296],[136.33516335163353,-14.212033221582203],[136.89316893168933,-14.293625383910083],[136.9507695076951,-14.184257166321657],[136.74556745567457,-14.073152945279446],[136.88956889568897,-13.786712375404989],[136.71316713167136,-13.804072409942833]]],[[[130.459904599046,-11.67920418251056],[130.29430294302944,-11.33721150211501],[130.04230042300424,-11.7868363966452],[130.60750607506077,-11.816348455359545],[130.459904599046,-11.67920418251056]]],[[[130.61830618306186,-11.375403578098272],[130.38430384303842,-11.19138721199711],[130.51030510305105,-11.61844406162811],[130.94950949509496,-11.92571667294797],[131.53991539915398,-11.436163698980721],[131.26991269912702,-11.189651208543324],[130.61830618306186,-11.375403578098272]]],[[[137.59517595175953,-35.73847604851048],[137.33237332373324,-35.59265175839258],[136.54036540365405,-35.88950834898973],[137.44757447574477,-36.075260718544676],[138.12438124381242,-35.853052276460254],[137.59517595175953,-35.73847604851048]]],[[[151.1457114571146,-23.49097168206056],[151.03411034110343,-23.530899761497608],[151.23931239312395,-23.77567624848122],[151.1457114571146,-23.49097168206056]]],[[[146.27846278462783,-18.230881217093412],[146.09846098460986,-18.251713258538828],[146.30006300063002,-18.484337721345952],[146.27846278462783,-18.230881217093412]]],[[[136.3387633876339,-11.602820030544038],[136.47916479164792,-11.465675757695067],[136.18036180361804,-11.677468179056774],[136.3387633876339,-11.602820030544038]]],[[[137.0947709477095,-15.777908336895862],[137.00837008370087,-15.595627974248487],[136.94356943569437,-15.711940205652041],[137.0947709477095,-15.777908336895862]]],[[[139.45999459994601,-17.114630996309955],[139.5715957159572,-17.09379895486454],[139.49239492394923,-16.98963874763747],[139.45999459994601,-17.114630996309955]]],[[[136.2379623796238,-13.82490445138825],[136.21636216362162,-13.665192133640076],[136.12276122761227,-13.816224434119334],[136.2379623796238,-13.82490445138825]]],[[[132.59472594725946,-11.302491433039322],[132.58032580325806,-10.969178769912688],[132.48312483124835,-11.03688290461028],[132.59472594725946,-11.302491433039322]]],[[[125.20025200252002,-14.580065953784526],[125.16065160651607,-14.456809708565828],[125.09225092250921,-14.592217977961013],[125.20025200252002,-14.580065953784526]]],[[[115.44775447754478,-20.78801430451803],[115.43335433354332,-20.668230066206903],[115.31815318153184,-20.850510428854278],[115.44775447754478,-20.78801430451803]]],[[[145.04365043650438,-40.78677409211591],[144.71964719647195,-40.67219786416613],[144.76644766447663,-41.39090329403293],[145.23445234452345,-42.196408896588956],[145.51525515255156,-42.35438521088335],[145.46845468454688,-42.493265487186115],[145.19845198451986,-42.231128965664645],[145.48645486454865,-42.927266350632244],[145.8716587165872,-43.291827075927],[146.20646206462067,-43.316131124279984],[145.9940599405994,-43.37689124516244],[146.04446044460445,-43.54701958363333],[146.87246872468728,-43.61298771487714],[146.99846998469985,-43.1564188065318],[147.24327243272432,-43.21544292396048],[147.29727297272973,-42.790122077783266],[147.4520745207452,-43.033162561313105],[147.57447574475748,-42.84567418830437],[147.80127801278013,-42.927266350632244],[147.70047700477005,-43.121698737456114],[147.94527945279452,-43.18245885833858],[147.9236792367924,-42.5731216460602],[148.21528215282154,-41.97072844759697],[148.34128341283412,-42.215504934580586],[148.21528215282154,-40.85447822681351],[147.97047970479707,-40.779830078300776],[147.45567455674558,-41.00203852038519],[146.99126991269912,-40.99162249966249],[146.84726847268473,-41.16869485194851],[146.31806318063184,-41.16348684158716],[145.04365043650438,-40.78677409211591]]],[[[143.92763927639277,-40.11667675895508],[144.14004140041402,-39.953492434299335],[143.9996399964,-39.58025169173566],[143.92763927639277,-40.11667675895508]]],[[[147.99927999279993,-39.75732404402168],[147.7688776887769,-39.87016426851768],[148.10728107281074,-40.26250104907298],[148.2980829808298,-39.98647649992124],[147.99927999279993,-39.75732404402168]]],[[[147.3548735487355,-43.39772328660786],[147.28287282872827,-43.27967505175051],[147.10647106471066,-43.43070735222976],[147.3548735487355,-43.39772328660786]]],[[[148.32688326883272,-40.30763713887138],[148.0208802088021,-40.40485333228332],[148.40248402484025,-40.48644549461119],[148.32688326883272,-40.30763713887138]]]]},"properties":{"name":"Australia","iso_a3":"AUS"},"id":"036"},
{"type":"Feature","geometry":null,"properties":{"name":"Indian Ocean Ter.","iso_a3":"Xundefined"}},
{"type":"Feature","geometry":{"type":"Polygon","coordinates":[[[73.70893708937089,-53.13670266233912],[73.2517325173252,-52.97525434113715],[73.46413464134642,-53.183574755591295],[73.70893708937089,-53.13670266233912]]]},"properties":{"name":"Heard I. and McDonald Is.","iso_a3":"HMD"},"id":"334"},
{"type":"Feature","geometry":null,"properties":{"name":"Norfolk Island","iso_a3":"NFK"},"id":"574"},
{"type":"Feature","geometry":null,"properties":{"name":"Ashmore and Cartier Is.","iso_a3":"AUS"},"id":"036"},
{"type":"Feature","geometry":{"type":"Polygon","coordinates":[[[44.76824768247684,39.70302604260419],[45.031050310503105,39.76552216694043],[45.17145171451716,39.57108978011658],[45.78345783457834,39.545049728309806],[46.11466114661147,38.87842440205654],[46.489064890648905,38.906200457317084],[46.481864818648205,39.55546574903252],[45.57825578255785,39.977314588302164],[45.88425884258842,40.02418668155434],[45.96345963459635,40.23424309946225],[45.45585455854558,40.53283569351319],[45.58905589055891,40.847052318648196],[45.07065070650708,41.07620477454776],[45.18945189451895,41.14738091615294],[45.00225002250022,41.29146920281704],[43.439834398344004,41.10745283671588],[43.724237242372425,40.720324066521925],[43.56943569435694,40.482491593353444],[43.666636666366685,40.12661088532761],[44.28944289442896,40.0398107126384],[44.76824768247684,39.70302604260419]]]},"properties":{"name":"Armenia","iso_a3":"ARM"},"id":"051"},
{"type":"Feature","geometry":{"type":"MultiPolygon","coordinates":[[[[-57.60957609576096,-30.188473006761306],[-55.88875888758888,-28.370877390648893],[-55.68715687156872,-28.3812934113716],[-55.726757267572665,-28.204221059085583],[-54.830348303483035,-27.54974775700881],[-53.836738367383674,-27.12095490392403],[-53.66753667536675,-26.287673246107452],[-53.890738907389064,-25.669656016560154],[-54.15354153541534,-25.523831726442253],[-54.61434614346143,-25.575911830055787],[-54.754747547475475,-26.53244973309107],[-55.136351363513626,-26.93173052746151],[-55.42795427954279,-27.00985068288182],[-55.71595715957159,-27.414339487613617],[-56.162361623616235,-27.322331304563036],[-56.43596435964359,-27.55321976391638],[-58.60318603186032,-27.313651287294114],[-58.109981099810994,-26.180041031972806],[-57.569975699756995,-25.534247747164954],[-57.645576455764555,-25.327663336164605],[-59.89199891998919,-24.093364880523794],[-61.03321033210332,-23.754844207035816],[-61.80001800018,-23.181963067286915],[-62.64962649626496,-22.234105181520547],[-62.83322833228331,-21.999744715259638],[-63.85923859238592,-22.00668872907478],[-64.32364323643236,-22.827818362714865],[-64.60444604446045,-22.228897171159204],[-65.77085770857708,-22.100432915579148],[-66.22086220862208,-21.801840321528204],[-66.36486364863649,-22.11432094320942],[-66.71046710467104,-22.216745146982703],[-67.19647196471965,-22.82087434889972],[-67.00927009270092,-23.001418708093325],[-67.35487354873548,-24.034340763095116],[-68.25128251282513,-24.39195747457474],[-68.56088560885608,-24.74783818260056],[-68.38448384483844,-25.09156686644991],[-68.59328593285933,-25.419671519215186],[-68.41328413284133,-26.15400098016604],[-68.59328593285933,-26.469953608754828],[-68.31968319683196,-26.973394610352344],[-68.84528845288453,-27.153938969545933],[-69.17289172891728,-27.92472450302627],[-69.65529655296552,-28.41427747699351],[-70.02610026100261,-29.323943286776604],[-69.84249842498424,-30.174584979131033],[-70.15210152101521,-30.360337348685974],[-70.31050310503105,-31.02349066803167],[-70.51930519305192,-31.148482916704154],[-70.5841058410584,-31.568595752520018],[-70.25290252902529,-31.95746052616775],[-70.36450364503645,-32.08418877829402],[-70.02250022500225,-32.884486370488695],[-70.08370083700837,-33.20217500253126],[-69.82089820898209,-33.283767164859135],[-69.85329853298532,-34.22468103681036],[-70.05130051300513,-34.301065188776874],[-70.55530555305553,-35.24718707108945],[-70.40410404104041,-36.061372690914396],[-71.05571055710557,-36.523149609621086],[-71.19251192511925,-36.844310248571226],[-71.16731167311673,-37.76265607562325],[-70.85770857708577,-38.60461775070875],[-71.40131401314012,-38.93445840692781],[-71.93051930519304,-40.69129390215776],[-71.75051750517505,-42.047112599563484],[-72.10692106921069,-42.25196100711006],[-72.14652146521465,-42.989762474968494],[-71.75051750517505,-43.238010968859676],[-71.90531905319052,-43.34737918644811],[-71.67851678516784,-43.928940343465925],[-71.81891818918189,-44.38377324835747],[-71.14931149311492,-44.49487746939968],[-71.26091260912608,-44.7622220012825],[-72.06372063720637,-44.77263802200521],[-72.0421204212042,-44.90457428449284],[-71.59571595715957,-44.979222433005575],[-71.35091350913508,-45.33163113412383],[-71.74691746917469,-45.578143624561235],[-71.63171631716317,-45.953120370578695],[-71.87651876518765,-46.15970478157906],[-71.70011700117001,-46.65099375900008],[-72.51732517325173,-47.87661219737196],[-72.35532355323552,-48.366165171339205],[-73.13653136531364,-49.300135029475285],[-73.55413554135541,-49.46331935413103],[-73.50013500135,-50.12473667002294],[-73.15453154531545,-50.73754588920888],[-72.3409234092341,-50.681993778687776],[-72.40932409324093,-51.54131548831113],[-71.91971919719197,-51.98920437938754],[-69.96129961299613,-52.00830041737917],[-68.44208442084421,-52.35723711158986],[-68.9640896408964,-51.67672375770632],[-69.46449464494644,-51.58471557465574],[-69.05769057690577,-51.54652349867248],[-69.20169201692016,-50.99447440036899],[-69.36009360093601,-51.027458465990904],[-69.04329043290433,-50.4997134160404],[-68.42048420484204,-50.15772073564485],[-68.97848978489785,-50.00321642825802],[-68.66168661686616,-49.93551229356043],[-68.66888668886689,-49.75323193091305],[-68.25848258482584,-50.103904628577524],[-67.82647826478265,-49.91988826247636],[-67.46647466474664,-48.95119833526459],[-65.81045810458104,-47.94084432516199],[-66.22446224462244,-47.826268097212214],[-65.8140581405814,-47.63877972420348],[-65.73845738457385,-47.345395140513894],[-65.99765997659976,-47.09367463971514],[-66.77526775267752,-47.00513846357212],[-67.5060750607506,-46.44267334454594],[-67.59967599675997,-46.05207256744441],[-66.94086940869408,-45.256982985611096],[-66.18846188461885,-44.965334405375295],[-65.63765637656377,-45.00699848826612],[-65.64845648456485,-44.661533800963],[-65.28845288452884,-44.361205203458276],[-65.25245252452524,-43.57132363198631],[-64.320043200432,-42.96893043352308],[-65.02565025650256,-42.75887401561515],[-64.97164971649715,-42.66686583256457],[-64.48924489244892,-42.514097528631524],[-64.03564035640356,-42.88039425738006],[-63.6180361803618,-42.69637789127891],[-63.79443794437944,-42.1130807308073],[-64.230042300423,-42.21897694148816],[-64.10044100441004,-42.3943132903204],[-64.42084420844208,-42.43424136975744],[-64.9860498604986,-42.10266471008459],[-65.13365133651337,-40.88051827862028],[-64.87084870848707,-40.73642999195616],[-63.62163621636216,-41.160014834679586],[-62.39402394023939,-40.89093429934299],[-62.246422464224636,-40.673933867619915],[-62.40122401224012,-40.19653291782917],[-62.052020520205204,-39.3736672807353],[-62.29682296822968,-39.243467021701456],[-62.33642336423364,-38.8007861409864],[-61.60201602016019,-38.99869053471784],[-59.82719827198271,-38.83897821696966],[-58.17838178381784,-38.436225415691645],[-57.54837548375484,-38.085552718027174],[-56.67356673566735,-36.85125426238636],[-56.69876698766987,-36.425933416209155],[-57.335973359733586,-36.02665262183871],[-57.15957159571596,-35.50585158570335],[-57.30357303573035,-35.18816295366078],[-58.46638466384664,-34.45730549961748],[-58.54558545585455,-33.66395192123795],[-58.42318423184231,-33.11190282293447],[-58.17118171181711,-32.95913451900143],[-58.19998199982,-32.471317548487974],[-57.872378723787236,-30.59122580803932],[-57.60957609576096,-30.188473006761306]]],[[[-68.65448654486545,-54.85361007813202],[-66.51246512465124,-55.03241843387183],[-65.4720547205472,-54.914370199014485],[-65.18045180451804,-54.67827372929978],[-66.23526235262352,-54.53418544263567],[-67.29367293672937,-54.04984047902978],[-68.16128161281613,-53.30683100081],[-68.48888488884889,-53.2616949110116],[-68.43128431284312,-53.05511050001124],[-68.24048240482405,-53.08115055181801],[-68.62928629286293,-52.652357698733226],[-68.65448654486545,-54.85361007813202]]],[[[-64.55044550445504,-54.71646580528304],[-64.63684636846368,-54.90221817483799],[-63.816038160381595,-54.725145822551966],[-64.55044550445504,-54.71646580528304]]]]},"properties":{"name":"Argentina","iso_a3":"ARG"},"id":"032"},
{"type":"Feature","geometry":null,"properties":{"name":"Antigua and Barb.","iso_a3":"ATG"},"id":"028"},
{"type":"Feature","geometry":{"type":"MultiPolygon","coordinates":[[[[13.073530735307372,-4.634502167052901],[12.799927999279987,-4.431389762960123],[12.018720187201865,-5.00427090270901],[12.213122131221326,-5.7594324051052865],[12.504725047250474,-5.695200277315266],[12.45072450724507,-5.071975037406617],[13.073530735307372,-4.634502167052901]]],[[[23.967239672396744,-10.87196257650075],[23.834038340383415,-11.014314859711078],[22.224822248222495,-11.121947073845732],[22.275222752227535,-10.259153357314815],[21.814418144181445,-9.46927178584285],[21.904419044190462,-8.693278242001156],[21.782017820178197,-7.31489149969623],[20.608406084060846,-7.278435427166755],[20.590405904059054,-6.919082712233362],[19.8739987399874,-6.986786846930954],[19.528395283952847,-7.144763161225356],[19.341193411934114,-7.965892794865439],[17.580775807758073,-8.099565060806839],[16.98316983169832,-7.257603385721339],[16.69876698766987,-6.163921209837085],[16.43236432364324,-5.900048684861829],[13.069930699307008,-5.86532861578614],[12.281522815228158,-6.123993130400038],[12.825128251282507,-6.955538784762837],[13.379533795337949,-8.370381599597238],[13.357933579335793,-8.688070231639799],[12.997929979299812,-9.047422946573207],[13.83313833138331,-10.92925069047564],[13.786337863378634,-11.812876448451973],[13.59913599135993,-12.28680539133515],[12.983529835298356,-12.776358365302386],[12.55152551525515,-13.437775681194296],[12.015120151201529,-15.514035811920607],[11.752317523175236,-15.831724443963182],[11.741517415174172,-17.25003926570514],[12.547925479254786,-17.21184718972188],[13.102331023310228,-16.96707070273827],[14.016740167401679,-17.40975158345333],[18.397983979839807,-17.399335562730613],[18.955989559895613,-17.80382436746241],[20.74520745207454,-18.01908879573169],[23.380433804338054,-17.640640042806666],[22.149221492214934,-16.59730196708216],[22.041220412204126,-16.26225330050174],[21.980019800198022,-13.000302810840594],[23.96363963639638,-12.988150786664107],[23.967239672396744,-10.87196257650075]]]]},"properties":{"name":"Angola","iso_a3":"AGO"},"id":"024"},
{"type":"Feature","geometry":{"type":"Polygon","coordinates":[[[1.7046170461704548,42.50319961355865],[1.427414274142734,42.59520779660923],[1.4490144901449185,42.43723148231484],[1.7046170461704548,42.50319961355865]]]},"properties":{"name":"Andorra","iso_a3":"AND"},"id":"020"},
{"type":"Feature","geometry":{"type":"Polygon","coordinates":[[[8.577085770857707,36.93757254072543],[7.911079110791121,36.85598037839755],[7.205472054720559,37.09207684811224],[7.237872378723807,36.968820602893544],[6.928269282692838,36.92021250618758],[6.485464854648541,37.08513283429711],[5.2938529385293975,36.64765996394341],[4.757447574475748,36.895908457834594],[3.778237782377829,36.895908457834594],[2.5938259382593856,36.60078787069122],[1.2582125821258217,36.519195708363355],[0.31140311403115106,36.16157899688373],[-0.04860048600485811,35.83347434411846],[-0.4266042660426592,35.86125039937902],[-1.6722167221672066,35.18247304894926],[-2.2194221942219485,35.104352893528954],[-1.794617946179443,34.75194419241069],[-1.6794167941679348,33.31800533958466],[-1.44901449014489,32.785052279272804],[-1.0638106381063608,32.46909965068403],[-1.2258122581225734,32.108010932296835],[-2.8854288542885342,32.06808285285979],[-3.0186301863018628,31.83372238659888],[-3.825038250382505,31.66185804467422],[-3.6666366663666565,30.963984656252833],[-4.969849698496972,30.46575166501667],[-5.448654486544854,29.957102653057802],[-6.478264782647813,29.819958380208817],[-6.597065970659713,29.578653900132764],[-7.140671406714063,29.620317983023597],[-7.684276842768412,29.349501444233212],[-8.677886778867787,28.689820131795088],[-8.685086850868515,27.656898076793283],[-8.685086850868515,27.285393337683388],[-4.822248222482216,24.995604782141584],[-1.9494194941949274,23.12419305896185],[1.1466114661146776,21.101749035302873],[1.1646116461164695,20.8170444688822],[1.686616866168663,20.377835595074714],[3.1302313023130353,19.850090545124218],[3.2562325623256356,19.41088167131673],[3.119431194311943,19.10360905999687],[3.357033570335716,18.9872968285933],[4.228242282422826,19.143537139433903],[5.837458374583747,19.478585806014323],[7.48267482674828,20.872596579403307],[11.968319683196825,23.518265842970948],[11.507515075150764,24.315091428258043],[10.254702547025488,24.591115977409785],[9.999099990999923,25.33238945217579],[9.448294482944846,26.06671891312665],[9.491494914949158,26.334063445009463],[9.883898838988387,26.63092003560662],[9.747097470974722,27.330529427481792],[9.916299162991635,27.78536233237334],[9.80469804698049,29.177637102308537],[9.311493114931153,30.11507896735219],[9.520295202952042,30.229655195301973],[9.045090450904524,32.07155485976736],[8.332283322833234,32.543747799196765],[8.112681126811282,33.0558688180632],[7.7310773107731166,33.26766123942491],[7.500675006750072,33.83186236190488],[7.515075150751528,34.08011085579608],[8.245882458824582,34.734584157872845],[8.393483934839367,35.203305090394664],[8.206282062820634,36.519195708363355],[8.577085770857707,36.93757254072543]]]},"properties":{"name":"Algeria","iso_a3":"DZA"},"id":"012"},
{"type":"Feature","geometry":{"type":"Polygon","coordinates":[[[19.341193411934114,41.8695583529273],[19.578795787957887,41.787966190599434],[19.33759337593378,40.663035952547034],[19.459994599946015,40.40610744138692],[19.323193231932322,40.40784344484072],[19.852398523985244,40.04328271954597],[20,39.70997005641934],[20.248402484024837,39.67872199425122],[20.30960309603097,39.979050591755936],[20.658806588065886,40.11793086805869],[21.02961029610296,40.62310787311],[20.96480964809649,40.85052432555577],[20.489604896048974,41.27237316482541],[20.565205652056534,41.87303035983487],[20.48600486004861,42.223703057499336],[20.064800648006496,42.546599699903254],[19.787597875978776,42.475423558298104],[19.654396543965447,42.62819186223115],[19.27999279992801,42.17335895733959],[19.341193411934114,41.8695583529273]]]},"properties":{"name":"Albania","iso_a3":"ALB"},"id":"008"},
{"type":"Feature","geometry":{"type":"Polygon","coordinates":[[[66.52326523265234,37.349005359272354],[65.76365763657637,37.56947779790299],[65.55485554855551,37.25178916586043],[64.8168481684817,37.13200492754929],[64.5108451084511,36.34038735262354],[64.01044010440106,36.01228269985826],[63.12843128431285,35.845626368294944],[63.05643056430566,35.4463455739245],[62.68922689226892,35.25538519400821],[62.30762307623078,35.17032102477276],[61.98361983619836,35.44287356701693],[61.26361263612637,35.619945919302964],[61.080010800108,34.85610439963776],[60.72720727207272,34.51758372614978],[60.88920889208893,34.319679332418346],[60.64440644406446,34.307527308241845],[60.48600486004861,34.09399888342635],[60.51120511205113,33.639165978534805],[60.918009180091815,33.50549371259339],[60.56160561605617,33.05934082497076],[60.8280082800828,32.24862721205339],[60.8208082080821,31.4952017131109],[61.65961659616596,31.382361488614904],[61.81081810818108,30.91364055609307],[60.842408424084255,29.858150456192078],[62.476824768247695,29.40852556166189],[63.56763567635676,29.498797741258684],[64.10044100441004,29.39116552712403],[66.23166231662319,29.86509447000722],[66.3468634686347,30.80253633505086],[66.82926829268294,31.26431325375755],[67.45207452074521,31.234801195043218],[67.73647736477366,31.344169412631643],[67.57807578075781,31.50735373728739],[68.16128161281614,31.80247432443076],[68.59688596885971,31.80247432443076],[68.87048870488707,31.63408198941366],[69.28089280892809,31.936146590372175],[69.24129241292414,32.434379581608326],[69.50049500495007,33.01941274553373],[70.28530285302853,33.36834943974442],[69.88929889298893,34.00719871073713],[71.05211052110522,34.04886279362795],[70.96570965709657,34.52973575032627],[71.62091620916209,35.18247304894926],[71.23211232112322,36.121650917446686],[72.25092250922509,36.734460136632634],[74.04014040140402,36.826468319683215],[74.54054540545405,37.022636709960864],[74.37134371343714,37.15804497935606],[74.88974889748897,37.23095712441501],[74.34974349743499,37.41844549742375],[73.65493654936552,37.23963714168393],[73.71973719737198,37.41844549742375],[73.38133381333813,37.46184558376835],[72.65772657726578,37.02958072377601],[71.66411664116643,36.69626806064937],[71.43371433714339,37.126796917187946],[71.58131581315814,37.90973447484477],[71.2789127891279,37.91841449211368],[71.25731257312574,38.30727926576142],[70.87930879308794,38.456575562786895],[70.21330213302133,37.92362250247504],[70.18810188101881,37.58162982207949],[69.49329493294934,37.55385376681893],[69.30249302493027,37.11638089646523],[68.91008910089101,37.333381328188295],[68.06768067680679,36.94972456490191],[67.75807758077582,37.171933006986336],[66.52326523265234,37.349005359272354]]]},"properties":{"name":"Afghanistan","iso_a3":"AFG"},"id":"004"},
{"type":"Feature","geometry":{"type":"Polygon","coordinates":[[[77.04977049770497,35.10956090389031],[77.79857798577984,35.49668967408425],[76.76536765367655,35.66161000219378],[77.04977049770497,35.10956090389031]]]},"properties":{"name":"Siachen Glacier","iso_a3":"Xundefined"}},
{"type":"Feature","geometry":{"type":"MultiPolygon","coordinates":[[[[-45.718657186571875,-60.52166135473854],[-45.93825938259383,-60.62061355160426],[-45.1750517505175,-60.733453776100255],[-45.718657186571875,-60.52166135473854]]],[[[-45.22185221852217,-78.81045774035864],[-43.94743947439474,-78.59692931554315],[-44.0950409504095,-78.16813646245836],[-45.99225992259923,-77.82614378206281],[-47.69147691476914,-77.84003180969309],[-49.08109081090811,-78.04661622069345],[-50.143101431014315,-78.5570012361061],[-50.33750337503375,-79.4788190700657],[-52.295922959229586,-80.1419723894114],[-53.39393393933939,-80.10898832378948],[-54.20034200342003,-80.86414982618575],[-49.772297722977214,-80.78429366731167],[-43.52623526235263,-80.19058048611736],[-42.9430294302943,-79.5795072703852],[-43.54423544235442,-78.90246592340922],[-45.22185221852217,-78.81045774035864]]],[[[-59.73359733597336,-80.3433487900504],[-59.70479704797047,-79.87462785752857],[-60.57960579605796,-79.74095559158715],[-61.68481684816848,-80.02045214764647],[-61.63441634416344,-80.3433487900504],[-66.77166771667716,-80.29300468989064],[-64.26964269642696,-80.7478375947822],[-63.14283142831428,-80.59506929084915],[-62.671226712267114,-80.83463776747142],[-60.58320583205831,-80.94747799196742],[-59.73359733597336,-80.3433487900504]]],[[[-70.05130051300513,-69.18952659948474],[-70.41850418504184,-68.78850980166051],[-71.86931869318693,-68.94127810559355],[-72.13932139321393,-69.114878450972],[-71.72891728917288,-70.05405631946944],[-70.32850328503285,-70.15995253015029],[-69.61929619296193,-70.39778500331877],[-70.32850328503285,-70.3613289307893],[-71.18891188911888,-70.65992152484024],[-69.87489874898749,-70.87518595310952],[-69.87129871298713,-71.1251704504545],[-70.37890378903789,-70.94636209471469],[-71.7181171811718,-71.14426648844614],[-72.71172711727117,-71.07309034684096],[-72.99612996129962,-71.18593057133695],[-72.21132211322113,-71.33522686836243],[-73.47493474934748,-71.32481084763972],[-73.47853478534785,-71.57826735189226],[-74.18774187741877,-71.38383496506839],[-74.39294392943928,-71.63902747277473],[-74.86454864548645,-71.54354728281658],[-75.33615336153362,-71.64597148658986],[-75.35415354153541,-71.87859594939698],[-73.99693996939969,-72.17024452963278],[-73.53613536135362,-72.02268423606111],[-73.77733777337772,-71.84908389068265],[-72.92772927729277,-71.9219960357416],[-72.33732337323373,-71.63208345895958],[-70.82170821708216,-71.90637200465754],[-71.89091890918908,-72.15288449509495],[-71.4121141211412,-72.28482075758257],[-70.2061020610206,-72.22753264360767],[-70.8721087210872,-72.36641291991045],[-72.85572855728557,-72.3039167955742],[-73.05733057330573,-72.44800508223832],[-72.36612366123661,-72.67021352432273],[-69.20889208892089,-72.53480525492755],[-68.24048240482405,-71.82130783542209],[-68.460084600846,-70.68248956973945],[-70.05130051300513,-69.18952659948474]]],[[[-98.09198091980919,-71.91331601847267],[-98.6139861398614,-71.76401972144721],[-99.83439834398344,-72.0452522809603],[-100.21960219602195,-71.83345985959859],[-102.31482314823148,-72.08170835348977],[-98.40878408784087,-72.54695727910403],[-96.05076050760508,-72.57646933781837],[-95.57555575555756,-72.40981300625506],[-95.6079560795608,-72.0678203258595],[-96.97956979569796,-72.22232463324633],[-96.29916299162991,-72.0452522809603],[-96.38196381963819,-71.83693186650616],[-96.8679686796868,-71.85081989413644],[-97.34677346773468,-72.18934056762441],[-97.58437584375844,-71.88206795630455],[-98.16758167581675,-72.1233724363806],[-98.09198091980919,-71.91331601847267]]],[[[-120.55620556205562,-73.75521568293807],[-123.11223112231121,-73.68230353787912],[-123.34623346233462,-73.84375185908108],[-122.62622626226262,-73.965272100846],[-122.86022860228601,-74.34198485031725],[-121.00261002610026,-74.32636081923319],[-120.27180271802717,-73.98957614919898],[-120.55620556205562,-73.75521568293807]]],[[[-126.33066330663306,-73.28649475041625],[-127.26667266672666,-73.3038547849541],[-127.21267212672126,-73.72396762076995],[-126.58266582665826,-73.67015151370263],[-125.08865088650887,-74.18227253256907],[-123.93663936639366,-74.25692068108181],[-124.12744127441275,-73.83333583835838],[-125.79785797857978,-73.80208777619026],[-125.26505265052651,-73.66667950679506],[-126.33066330663306,-73.28649475041625]]],[[[-159.05139051390515,-79.80692372283097],[-159.9621996219962,-79.32431476267887],[-162.16182161821618,-78.7930977058208],[-163.25623256232564,-78.72192156421563],[-164.22464224642246,-79.32084275577131],[-160.80820808208082,-79.81213173319233],[-159.05139051390515,-79.80692372283097]]],[[[167.08307083070832,-77.32096677701152],[166.5070650706507,-77.18903051452389],[166.73026730267304,-77.8504478304158],[167.3926739267393,-77.6490714297768],[168.51948519485194,-77.6820554953987],[169.35109351093513,-77.5240791811043],[167.08307083070832,-77.32096677701152]]],[[[-31.120511205112052,-79.79824370556204],[-31.682116821168194,-79.6350593809063],[-31.59571595715957,-79.88851588515885],[-30.42210422104222,-80.01003612692377],[-29.615696156961576,-79.90934792660426],[-30.778507785077835,-79.6472114050828],[-31.120511205112052,-79.79824370556204]]],[[[-33.93573935739357,-79.32084275577131],[-35.5341553415534,-79.08995429641796],[-36.567365673656724,-79.20800253127531],[-33.93573935739357,-79.32084275577131]]],[[[-70.33570335703357,-79.6801954707047],[-67.0380703807038,-78.31569675603005],[-71.45531455314553,-79.12814637240122],[-71.68571685716857,-79.5673552462087],[-70.33570335703357,-79.6801954707047]]],[[[-57.847178471784716,-64.05442838319007],[-57.92637926379264,-63.80617988929889],[-58.42318423184231,-64.06831641082036],[-58.01998019980199,-64.2419167561988],[-58.21438214382144,-64.37038101177886],[-57.29637296372964,-64.36690900487129],[-57.47997479974799,-63.96242020013949],[-57.847178471784716,-64.05442838319007]]],[[[-55.52875528755287,-63.17427463212131],[-56.38556385563855,-63.23329874954999],[-56.46116461164611,-63.41731511565115],[-55.07515075150751,-63.32357092914678],[-55.52875528755287,-63.17427463212131]]],[[[-57.97677976779768,-61.91220012121995],[-59.002790027900275,-62.20905671181711],[-57.63837638376383,-62.01983233535459],[-57.97677976779768,-61.91220012121995]]],[[[-63.17883178831788,-64.46933320864457],[-63.484834848348484,-64.26101279419044],[-64.27324273242732,-64.69674966109035],[-63.740437404374035,-64.83389393393934],[-62.836828368283676,-64.57175741241787],[-63.276032760327595,-64.57349341587165],[-63.17883178831788,-64.46933320864457]]],[[[-62.32562325623256,-64.42419711884618],[-62.05922059220592,-64.13775654897174],[-62.45162451624516,-64.01276430029924],[-62.78282782827827,-64.47974922936729],[-62.32562325623256,-64.42419711884618]]],[[[-67.98847988479885,-67.47435518714562],[-68.23688236882369,-67.37193098337232],[-67.68607686076861,-67.14798653783413],[-67.830078300783,-66.62371349479119],[-68.41688416884169,-66.85286595069076],[-69.11889118891189,-67.57851539437269],[-68.57888578885789,-67.7330197017595],[-67.98847988479885,-67.47435518714562]]],[[[-73.70533705337053,-70.63561747648725],[-74.40014400144001,-70.57659335905859],[-74.5909459094591,-70.79185778732787],[-74.95454954549545,-70.59048138668886],[-75.21015210152102,-70.77276174933624],[-76.37656376563766,-70.89428199110115],[-76.41976419764197,-71.09045038137882],[-74.20574205742057,-70.92379404981548],[-73.70533705337053,-70.63561747648725]]],[[[-74.98694986949869,-69.72768767015795],[-75.80415804158041,-70.03843228838538],[-74.85014850148501,-70.17904856814192],[-74.43974439744397,-69.94989611224237],[-74.98694986949869,-69.72768767015795]]],[[[-74.35334353343534,-73.09900637740752],[-74.33534335343353,-72.91846201821393],[-75.37575375753757,-72.82124582480199],[-75.73215732157321,-72.87853393877688],[-75.27495274952749,-73.05039828070156],[-76.01656016560165,-73.08511834977725],[-76.05256052560526,-73.25524668824812],[-74.57294572945729,-73.61112739627396],[-74.35334353343534,-73.09900637740752]]],[[[-91.16191161911618,-73.18233454318917],[-90.76230762307623,-72.68062954504545],[-91.30231302313022,-72.54695727910403],[-91.66951669516695,-72.62334143107056],[-91.51111511115111,-73.19622257081946],[-91.16191161911618,-73.18233454318917]]],[[[167.64107641076413,-78.1420964106516],[167.49707497074974,-77.99280011362613],[166.86346863468634,-78.19591251771892],[166.1110611106111,-78.09001630703807],[166.1218612186122,-78.27403267313923],[167.64107641076413,-78.1420964106516]]],[[[100.98280982809831,-65.67759161247862],[101.22041220412206,-65.47274320493204],[100.54360543605435,-65.40851107714201],[100.29160291602915,-65.65155156067185],[100.98280982809831,-65.67759161247862]]],[[[26.858068580685824,-70.38042496878093],[26.30006300063002,-70.07315235746107],[26.004860048600506,-70.3734809549658],[26.858068580685824,-70.38042496878093]]],[[[-5.895058950589487,-70.5522893107056],[-5.970659706597047,-70.42208905167176],[-6.438664386643865,-70.45333711383988],[-5.895058950589487,-70.5522893107056]]],[[[-3.2814328143281273,-70.53319327271397],[-2.737827378273778,-70.5071532209072],[-2.80622806228061,-70.28841678573035],[-3.2886328863288554,-70.34396889625145],[-3.2814328143281273,-70.53319327271397]]],[[[-66.1740617406174,-80.07774026162136],[-65.580055800558,-79.7704676503015],[-67.68967689676896,-79.52916317022544],[-66.1740617406174,-80.07774026162136]]],[[[-67.26127261272612,-79.45277901825892],[-67.06687066870668,-79.26876265215776],[-68.03168031680316,-79.22709856926694],[-68.550085500855,-79.43715498717486],[-67.26127261272612,-79.45277901825892]]],[[[-55.16515165151651,-61.22127074661371],[-54.671946719467186,-61.11711053938664],[-55.38835388353883,-61.07197444958824],[-55.16515165151651,-61.22127074661371]]],[[[-55.87075870758707,-63.5353633505085],[-55.76275762757628,-63.42252312601251],[-56.20916209162091,-63.43641115364278],[-55.87075870758707,-63.5353633505085]]],[[[-57.23877238772387,-64.56654940205651],[-56.89316893168932,-64.3321889357956],[-57.44757447574476,-64.46065319137566],[-57.23877238772387,-64.56654940205651]]],[[[-56.061560615606155,-63.078794442163165],[-56.61236612366123,-63.045810376541255],[-56.35316353163532,-63.16906662175996],[-56.061560615606155,-63.078794442163165]]],[[[-57.37557375573755,-63.807915892752675],[-57.68157681576815,-63.813123903114025],[-57.105571055710556,-63.84089995837458],[-57.37557375573755,-63.807915892752675]]],[[[-61.9980199801998,-69.72247965979659],[-61.81441814418143,-69.37701497249347],[-62.44082440824408,-69.14612651314013],[-61.9980199801998,-69.72247965979659]]],[[[-60.62640626406264,-62.55972940948159],[-60.799207992079914,-62.474665240246146],[-61.14841148411483,-62.63437755799433],[-60.3780037800378,-62.61701752345648],[-60.21960219602195,-62.74548177903654],[-59.84879848798488,-62.615281520002696],[-60.62640626406264,-62.55972940948159]]],[[[-71.98451984519845,-69.69817561144362],[-72.46332463324633,-69.4516631210062],[-72.93852938529385,-69.46902315554405],[-72.77652776527765,-69.64435950437628],[-71.98451984519845,-69.69817561144362]]],[[[-95.02835028350283,-72.66500551396138],[-94.42714427144271,-72.61292541034786],[-94.56754567545676,-72.46883712368373],[-95.02835028350283,-72.66500551396138]]],[[[-104.53964539645396,-73.16671051210511],[-104.97164971649717,-72.94103006311312],[-105.05445054450544,-73.12678243266807],[-104.53964539645396,-73.16671051210511]]],[[[-119.54819548195482,-74.11109639096391],[-118.87858878588786,-73.87847192815677],[-119.2169921699217,-73.77778372783727],[-119.80379803798039,-73.81423980036675],[-119.54819548195482,-74.11109639096391]]],[[[-127.36747367473674,-74.62321740983035],[-127.23067230672306,-74.4253130160989],[-128.04428044280442,-74.31247279160291],[-127.36747367473674,-74.62321740983035]]],[[[-161.99261992619927,-83.11921831265187],[-162.41022410224102,-82.89874587402123],[-163.79623796237962,-82.84319376350012],[-161.99261992619927,-83.11921831265187]]],[[[-160.4662046620466,-81.5897992698677],[-162.4570245702457,-81.31377472071595],[-163.86823868238682,-81.32419074143866],[-160.4662046620466,-81.5897992698677]]],[[[96.61236612366127,-66.03520832395823],[96.30636306363067,-66.18624062443749],[96.93276932769328,-66.20012865206776],[96.61236612366127,-66.03520832395823]]],[[[85.82305823058232,-66.95355415101025],[85.8050580505805,-66.77474579527045],[85.3406534065341,-66.72266569165691],[85.82305823058232,-66.95355415101025]]],[[[48.54468544685449,-66.78342581253936],[48.78228782287823,-66.73134570892583],[48.299882998829986,-66.72440169511069],[48.54468544685449,-66.78342581253936]]],[[[16.223562235622353,-70.00718422621725],[16.57276572765727,-69.72247965979659],[15.597155971559715,-69.82837587047744],[16.223562235622353,-70.00718422621725]]],[[[3.036630366303683,-70.597425400504],[3.072630726307267,-70.38216097223471],[2.5830258302583218,-70.53492927616776],[3.036630366303683,-70.597425400504]]],[[[1.297812978129798,-70.25543272010844],[1.31581315813159,-70.02280825730132],[0.948609486094881,-70.09398439890649],[1.1574115741157414,-70.37868896532714],[1.297812978129798,-70.25543272010844]]],[[[-2.532625326253253,-70.76755373897488],[-3.5730357303573044,-70.70332161118486],[-2.784627846278454,-71.16683453334532],[-2.093420934209348,-70.8213698460422],[-2.532625326253253,-70.76755373897488]]],[[[4.527045270452703,-70.47937716564665],[4.25704257042571,-70.24154469247817],[4.13104131041311,-70.4168810413104],[4.527045270452703,-70.47937716564665]]],[[[-20.608406084060846,-73.8871519454257],[-20.57960579605796,-73.61980741354287],[-22.034020340203398,-74.10588838060255],[-21.166411664116623,-74.13192843240932],[-20.489604896048945,-74.4930171507965],[-20.608406084060846,-73.8871519454257]]],[[[-60.74160741607416,-70.71026562499999],[-60.55440554405544,-70.50888922436098],[-60.94320943209432,-70.53319327271397],[-60.74160741607416,-70.71026562499999]]],[[[-60.65160651606516,-63.866940010181345],[-60.71640716407164,-63.669035616449904],[-60.97200972009719,-63.8495799756435],[-60.65160651606516,-63.866940010181345]]],[[[-63.31563315633156,-64.86166998919988],[-63.21843218432184,-64.72973372671225],[-63.55683556835568,-64.90680607899829],[-63.31563315633156,-64.86166998919988]]],[[[-65.84645846458464,-65.84251194058815],[-65.8320583205832,-65.52655931199936],[-66.18126181261812,-65.82688790950408],[-65.84645846458464,-65.84251194058815]]],[[[-66.59526595265952,-66.20012865206776],[-66.63126631266313,-66.06645638612636],[-66.85086850868508,-66.30602486274861],[-66.59526595265952,-66.20012865206776]]],[[[-67.34767347673477,-67.76600376738142],[-67.24687246872469,-67.5993474358181],[-67.74367743677436,-67.66184356015435],[-67.34767347673477,-67.76600376738142]]],[[[-71.69651696516965,-70.26584874083116],[-71.55251552515524,-70.4394490862096],[-71.35451354513545,-70.29709680299928],[-71.69651696516965,-70.26584874083116]]],[[[-116.74016740167401,-74.16491249803123],[-116.38016380163802,-73.86631990398028],[-117.37737377373773,-74.08332033570335],[-116.74016740167401,-74.16491249803123]]],[[[-131.06831068310683,-74.5832893303933],[-130.98190981909818,-74.4148969953762],[-132.16272162721629,-74.4253130160989],[-131.06831068310683,-74.5832893303933]]],[[[-146.6060660606606,-76.96161406207811],[-146.24606246062461,-76.8834939066578],[-147.08487084870848,-76.83662181340563],[-147.07767077670775,-76.99286212424624],[-146.6060660606606,-76.96161406207811]]],[[[-149.3348933489335,-76.7168375750945],[-148.9820898208982,-76.84530183067454],[-148.31968319683196,-76.7723896856156],[-149.3348933489335,-76.7168375750945]]],[[[-149.23049230492305,-77.12132637982629],[-149.87129871298714,-76.87481388938889],[-150.78930789307893,-76.98244610352353],[-149.23049230492305,-77.12132637982629]]]]},"properties":{"name":"Antarctica","iso_a3":"ATA"},"id":"010"},
{"type":"Feature","geometry":null,"properties":{"name":"Sint Maarten","iso_a3":"SXM"},"id":"534"}
]}