{"type":"FeatureCollection", "features": [
{"type":"Feature","geometry":{"type":"MultiPolygon","coordinates":[[[[93.787727,6.85264],[93.78611,6.848061],[93.790916,6.851042],[93.787727,6.85264]]],[[[93.719582,7.207501],[93.721527,7.213122],[93.708527,7.230901],[93.71167,7.209441],[93.719582,7.207501]]],[[[93.848053,7.24028],[93.847778,7.24361],[93.83139,7.236111],[93.806946,7.233611],[93.81028,7.22028],[93.806595,7.216666],[93.81163,7.213368],[93.803337,7.211945],[93.80278,7.20194],[93.793228,7.212846],[93.777084,7.211945],[93.773056,7.20695],[93.760559,7.214446],[93.75222,7.207777],[93.754448,7.203055],[93.732224,7.186943],[93.713333,7.192153],[93.686386,7.19],[93.673332,7.17583],[93.678337,7.155279],[93.675827,7.139929],[93.667503,7.139161],[93.663956,7.13007],[93.655563,7.125281],[93.658333,7.111944],[93.667778,7.1175],[93.674446,7.112778],[93.657272,7.099621],[93.660553,7.086112],[93.67028,7.081666],[93.662224,7.069723],[93.668335,7.066667],[93.665276,7.042501],[93.672501,7.03722],[93.669441,7.029722],[93.674156,7.022221],[93.663589,7.005882],[93.671577,7.003038],[93.679169,7.016945],[93.69458,7.014723],[93.705276,7.00221],[93.704636,6.990719],[93.723907,6.990762],[93.73333,6.977778],[93.735275,6.960276],[93.745277,6.961945],[93.75222,6.938889],[93.750778,6.92939],[93.743057,6.929171],[93.742226,6.924444],[93.751877,6.907581],[93.765831,6.914723],[93.767876,6.895649],[93.779999,6.891112],[93.779373,6.881181],[93.77195,6.877216],[93.773056,6.866109],[93.782219,6.85444],[93.788887,6.856669],[93.794441,6.8489],[93.786125,6.832374],[93.804169,6.811944],[93.811111,6.818056],[93.815552,6.81611],[93.808319,6.806389],[93.811943,6.793056],[93.807716,6.784366],[93.812767,6.778889],[93.804268,6.766267],[93.828316,6.754256],[93.834908,6.755576],[93.847282,6.779801],[93.850906,6.816051],[93.868767,6.814343],[93.882568,6.792778],[93.902138,6.812967],[93.910355,6.834803],[93.896667,6.84139],[93.893333,6.848888],[93.893333,6.86639],[93.901947,6.876666],[93.897301,6.901671],[93.903053,6.907223],[93.908943,6.904775],[93.916481,6.912918],[93.909447,6.927778],[93.917503,6.934167],[93.918053,6.946944],[93.927223,6.954722],[93.939255,6.950139],[93.945358,6.954515],[93.928337,6.974168],[93.928047,6.98583],[93.914635,6.994375],[93.915596,7.00404],[93.927277,7.011261],[93.942566,6.993],[93.947662,6.998179],[93.946198,7.007872],[93.938332,7.011666],[93.92868,7.027151],[93.916115,7.025277],[93.91243,7.038891],[93.916664,7.048404],[93.901665,7.077499],[93.893143,7.078776],[93.887779,7.08639],[93.885483,7.102552],[93.891045,7.12222],[93.884171,7.132704],[93.887589,7.149591],[93.879997,7.172779],[93.882301,7.204101],[93.877708,7.203403],[93.868401,7.217361],[93.848053,7.216112],[93.842499,7.227501],[93.848053,7.24028]]],[[[93.768608,7.402219],[93.762497,7.398333],[93.766113,7.393889],[93.772224,7.395277],[93.768608,7.402219]]],[[[93.689445,7.409722],[93.683075,7.406137],[93.690834,7.396667],[93.695,7.399445],[93.689445,7.409722]]],[[[93.713058,7.443611],[93.705002,7.444171],[93.709442,7.424167],[93.703331,7.402221],[93.714447,7.393333],[93.698891,7.393891],[93.68499,7.387781],[93.679726,7.376112],[93.672775,7.373055],[93.663055,7.380834],[93.650558,7.369167],[93.638893,7.373889],[93.632774,7.370833],[93.635834,7.321112],[93.621109,7.309445],[93.629234,7.302849],[93.634445,7.286389],[93.629723,7.264167],[93.648331,7.2425],[93.669167,7.258333],[93.679733,7.284721],[93.698334,7.293611],[93.707626,7.304296],[93.723343,7.30833],[93.739166,7.341941],[93.755745,7.359843],[93.756462,7.374368],[93.72139,7.402219],[93.720345,7.429441],[93.713058,7.443611]]],[[[93.647781,7.476669],[93.64389,7.471391],[93.651947,7.470279],[93.647781,7.476669]]],[[[93.543602,7.525001],[93.539719,7.52],[93.542503,7.509999],[93.550278,7.517778],[93.543602,7.525001]]],[[[93.379997,8.024722],[93.359444,8.009445],[93.352501,8.008057],[93.346947,8.016389],[93.326668,8.0025],[93.323608,7.975278],[93.310555,7.960555],[93.319168,7.939999],[93.317223,7.933611],[93.330833,7.923332],[93.333885,7.935833],[93.34417,7.932777],[93.34861,7.939441],[93.343056,7.939168],[93.349442,7.945],[93.358055,7.941665],[93.345001,7.930279],[93.351547,7.931788],[93.342636,7.918831],[93.344437,7.902501],[93.356392,7.88889],[93.378052,7.881945],[93.397499,7.901945],[93.423332,7.906945],[93.443336,7.89694],[93.453056,7.875833],[93.461113,7.87222],[93.474442,7.893888],[93.464996,7.930001],[93.435837,7.956389],[93.432777,7.964999],[93.42083,7.959172],[93.412216,7.962221],[93.402496,7.97611],[93.403893,7.998329],[93.409157,8.007489],[93.379997,8.024722]]],[[[93.547287,8.028052],[93.543335,8.025278],[93.552223,8.007781],[93.551178,7.996996],[93.532501,8.025],[93.528374,8.018247],[93.530281,8.005835],[93.519165,7.993612],[93.512497,7.99889],[93.507767,7.99667],[93.5075,7.985555],[93.577499,7.928333],[93.582497,7.990833],[93.56472,8.023334],[93.547287,8.028052]]],[[[93.578613,8.125279],[93.561386,8.118055],[93.570557,8.106112],[93.575142,8.10979],[93.569168,8.095277],[93.581459,8.080693],[93.581314,8.073055],[93.573326,8.071941],[93.571945,8.065833],[93.592781,8.03779],[93.601112,8.044167],[93.601112,8.05028],[93.590553,8.069721],[93.587776,8.111666],[93.578613,8.125279]]],[[[93.526489,8.231271],[93.521294,8.233206],[93.492775,8.22111],[93.488335,8.196667],[93.47596,8.184252],[93.45417,8.173889],[93.455559,8.145833],[93.464722,8.139444],[93.458611,8.134722],[93.459167,8.123055],[93.468307,8.11831],[93.464165,8.115279],[93.46611,8.108332],[93.476311,8.092932],[93.479088,8.090507],[93.481529,8.096391],[93.489174,8.091949],[93.480553,8.08611],[93.485001,8.052222],[93.493126,8.052017],[93.491669,8.061667],[93.511543,8.073721],[93.514442,8.08389],[93.529861,8.07868],[93.523613,8.073333],[93.529999,8.066111],[93.523888,8.063333],[93.525276,8.052778],[93.517776,8.046946],[93.511108,8.068333],[93.509163,8.058334],[93.503609,8.055832],[93.508888,8.050278],[93.505348,8.040835],[93.503609,8.047782],[93.499725,8.039445],[93.485558,8.044999],[93.486115,8.015277],[93.491943,8],[93.501663,7.9975],[93.506668,8.001666],[93.506943,8.014445],[93.511948,8.016667],[93.506386,8.023334],[93.5084,8.033815],[93.520065,8.037081],[93.525002,8.031944],[93.530296,8.04863],[93.542221,8.037223],[93.550278,8.036111],[93.54528,8.048892],[93.55278,8.066111],[93.548332,8.086944],[93.531944,8.099445],[93.523888,8.122221],[93.503052,8.14818],[93.511948,8.15775],[93.510765,8.168262],[93.534157,8.183521],[93.525002,8.171389],[93.544998,8.197223],[93.544167,8.225001],[93.526489,8.231271]]],[[[93.235283,8.26556],[93.222984,8.258497],[93.220123,8.245062],[93.239998,8.221388],[93.250282,8.22534],[93.251389,8.233889],[93.235283,8.26556]]],[[[93.126274,8.355864],[93.112778,8.347219],[93.105003,8.349442],[93.095001,8.339723],[93.093887,8.323888],[93.084724,8.305833],[93.085281,8.273888],[93.104446,8.24105],[93.121666,8.222223],[93.160843,8.201111],[93.171753,8.201462],[93.188057,8.1925],[93.198769,8.194285],[93.20472,8.215],[93.194656,8.22457],[93.154297,8.24304],[93.126663,8.275832],[93.133606,8.30111],[93.131424,8.310247],[93.143402,8.346504],[93.131111,8.349166],[93.126274,8.355864]]],[[[93.652496,8.394445],[93.643677,8.393889],[93.653336,8.387777],[93.656944,8.391111],[93.652496,8.394445]]],[[[93.043892,8.473333],[93.035843,8.46],[93.035278,8.448611],[93.042778,8.440833],[93.05722,8.439167],[93.060547,8.442781],[93.056946,8.46],[93.043892,8.473333]]],[[[93.615997,8.573626],[93.611389,8.572501],[93.610283,8.544811],[93.621536,8.526927],[93.628052,8.4875],[93.618538,8.479861],[93.622498,8.461666],[93.615555,8.456388],[93.620499,8.451982],[93.616943,8.443333],[93.620438,8.437779],[93.616386,8.434864],[93.622856,8.42162],[93.627777,8.437779],[93.62278,8.449165],[93.626663,8.46722],[93.633331,8.470562],[93.640274,8.464723],[93.642342,8.468841],[93.631859,8.505952],[93.637268,8.51054],[93.636108,8.52194],[93.621948,8.531668],[93.615997,8.573626]]],[[[92.859169,8.820131],[92.863266,8.828819],[92.859444,8.837293],[92.851944,8.822221],[92.859169,8.820131]]],[[[92.787781,9.244166],[92.774719,9.256946],[92.77861,9.243332],[92.772781,9.238334],[92.775276,9.231943],[92.765831,9.215],[92.746117,9.21278],[92.728058,9.219723],[92.721107,9.213888],[92.71833,9.152778],[92.732224,9.124165],[92.763611,9.123612],[92.768913,9.127621],[92.784157,9.117501],[92.78968,9.117023],[92.782516,9.120193],[92.803322,9.120765],[92.811111,9.123892],[92.816826,9.135511],[92.830132,9.138278],[92.83152,9.167551],[92.826019,9.189296],[92.856865,9.201959],[92.824303,9.195842],[92.816673,9.216671],[92.787781,9.244166]]],[[[92.515831,10.897641],[92.506943,10.889723],[92.512566,10.877432],[92.509453,10.868611],[92.502708,10.872429],[92.508911,10.869664],[92.511108,10.87812],[92.499512,10.890694],[92.4925,10.889171],[92.479446,10.87139],[92.470146,10.871513],[92.456947,10.861391],[92.457413,10.83999],[92.44722,10.837501],[92.433578,10.822042],[92.426666,10.8225],[92.41861,10.795834],[92.397499,10.781108],[92.397224,10.760348],[92.39473,10.779139],[92.387077,10.78297],[92.38472,10.790833],[92.376114,10.781667],[92.381477,10.762171],[92.377708,10.74007],[92.3825,10.719722],[92.380554,10.666944],[92.394722,10.66639],[92.399719,10.661112],[92.420563,10.61472],[92.412781,10.60556],[92.409721,10.583334],[92.381599,10.539652],[92.385277,10.532222],[92.401657,10.53139],[92.419937,10.5479],[92.434723,10.548333],[92.451942,10.544723],[92.483063,10.517791],[92.500839,10.510905],[92.515556,10.512499],[92.531357,10.51844],[92.546387,10.5525],[92.568886,10.5775],[92.564453,10.58632],[92.544167,10.593889],[92.54007,10.612291],[92.552498,10.637502],[92.566948,10.650833],[92.582909,10.657028],[92.578514,10.659446],[92.578056,10.674723],[92.596916,10.67888],[92.598267,10.702373],[92.583054,10.742222],[92.587502,10.787501],[92.570557,10.802781],[92.560234,10.801769],[92.56472,10.80722],[92.556664,10.844097],[92.558891,10.862223],[92.53167,10.885001],[92.533302,10.873874],[92.530136,10.866747],[92.536934,10.865653],[92.530563,10.865279],[92.528488,10.869279],[92.531967,10.874191],[92.528404,10.883214],[92.530067,10.88632],[92.515831,10.897641]]],[[[92.608887,10.93861],[92.609093,10.930417],[92.620003,10.928612],[92.608887,10.93861]]],[[[92.226738,10.98229],[92.214722,10.977499],[92.22084,10.972499],[92.227921,10.976111],[92.226738,10.98229]]],[[[92.663353,10.9818],[92.669792,10.987484],[92.663544,10.99281],[92.658463,10.986967],[92.663353,10.9818]]],[[[92.731941,11.149731],[92.726944,11.145556],[92.729446,11.142153],[92.735001,11.145834],[92.731941,11.149731]]],[[[92.676941,11.183611],[92.674164,11.188889],[92.677498,11.176942],[92.681114,11.18111],[92.676941,11.183611]]],[[[92.705978,11.289166],[92.69278,11.28111],[92.696663,11.261391],[92.688332,11.242221],[92.706108,11.26472],[92.705978,11.289166]]],[[[92.700546,11.31139],[92.698334,11.308056],[92.711113,11.302221],[92.710556,11.308329],[92.700546,11.31139]]],[[[92.723053,11.316388],[92.72274,11.33306],[92.712288,11.309998],[92.723053,11.316388]]],[[[92.548332,11.393029],[92.550369,11.397175],[92.54628,11.396366],[92.548332,11.393029]]],[[[92.641457,11.51014],[92.636673,11.51687],[92.631989,11.514491],[92.613632,11.47418],[92.611069,11.458632],[92.623589,11.440781],[92.619713,11.430411],[92.625252,11.42039],[92.622948,11.405332],[92.61425,11.40037],[92.587418,11.40099],[92.592262,11.380211],[92.581078,11.36825],[92.589462,11.35352],[92.599831,11.346655],[92.637436,11.34622],[92.652481,11.35713],[92.664337,11.352189],[92.666328,11.36038],[92.690613,11.369909],[92.692879,11.387812],[92.678963,11.392113],[92.67543,11.399012],[92.664703,11.3948],[92.659973,11.406656],[92.64949,11.407515],[92.671898,11.415741],[92.671944,11.426138],[92.68351,11.426491],[92.681236,11.431293],[92.685791,11.436611],[92.668777,11.489416],[92.646217,11.50039],[92.646019,11.510785],[92.641457,11.51014]]],[[[92.604652,11.534582],[92.602432,11.537916],[92.600761,11.530971],[92.606316,11.5219],[92.604652,11.534582]]],[[[92.560356,11.537991],[92.558868,11.541341],[92.553009,11.53849],[92.552406,11.53233],[92.561493,11.51675],[92.565956,11.51687],[92.569122,11.526399],[92.560356,11.537991]]],[[[92.610001,11.558889],[92.607147,11.563194],[92.610001,11.55506],[92.601883,11.555142],[92.610207,11.531872],[92.616318,11.53542],[92.620277,11.55609],[92.61882,11.559859],[92.610001,11.558889]]],[[[92.597183,11.54167],[92.592133,11.577217],[92.583046,11.536111],[92.586464,11.540892],[92.587601,11.533492],[92.595566,11.532843],[92.597183,11.54167]]],[[[92.611023,11.58826],[92.601158,11.58562],[92.600555,11.568673],[92.605789,11.57061],[92.615105,11.562916],[92.619263,11.576449],[92.611023,11.58826]]],[[[92.218933,11.592323],[92.215363,11.593951],[92.207237,11.58464],[92.214989,11.57345],[92.208046,11.549991],[92.214897,11.529036],[92.250313,11.5258],[92.261108,11.517502],[92.269829,11.522507],[92.274727,11.535869],[92.26889,11.555661],[92.270317,11.58452],[92.262581,11.589764],[92.241501,11.59207],[92.231537,11.587312],[92.218933,11.592323]]],[[[92.539757,11.60332],[92.535591,11.60492],[92.531952,11.595065],[92.535278,11.564482],[92.530182,11.554127],[92.538429,11.561867],[92.55397,11.562221],[92.565399,11.574008],[92.562393,11.58457],[92.569397,11.588422],[92.546471,11.591685],[92.548073,11.59968],[92.539757,11.60332]]],[[[92.69957,11.664451],[92.692833,11.660702],[92.700752,11.659437],[92.69957,11.664451]]],[[[92.762253,11.6697],[92.76593,11.680831],[92.759811,11.67669],[92.762253,11.6697]]],[[[93.082977,11.77968],[93.084076,11.789731],[93.077576,11.781004],[93.082977,11.77968]]],[[[93.020836,11.843331],[93.012329,11.84902],[93.016113,11.828611],[93.030479,11.826391],[93.049988,11.812221],[93.062126,11.81742],[93.07222,11.835562],[93.063316,11.84476],[93.035553,11.836111],[93.020836,11.843331]]],[[[92.596947,11.90529],[92.601677,11.918611],[92.595558,11.915001],[92.596947,11.90529]]],[[[92.565659,11.949772],[92.563133,11.94692],[92.569099,11.944031],[92.565659,11.949772]]],[[[92.732437,11.954223],[92.733543,11.9592],[92.723679,11.953539],[92.725616,11.941642],[92.731659,11.944211],[92.732437,11.954223]]],[[[92.750137,11.96834],[92.736153,11.953199],[92.745758,11.944792],[92.761246,11.948762],[92.767197,11.956443],[92.765778,11.96483],[92.750137,11.96834]]],[[[92.596107,11.976109],[92.588608,11.97528],[92.595558,11.96583],[92.598877,11.92778],[92.609444,11.942777],[92.596107,11.976109]]],[[[92.969536,12.03368],[92.964996,12.049723],[92.961807,12.030688],[92.95031,12.012801],[92.931137,12.005711],[92.925423,11.99633],[92.934547,11.984734],[92.959991,11.980939],[92.97438,11.948391],[92.984879,11.944944],[92.99028,11.951071],[92.996986,11.947142],[93.000267,11.950141],[92.994682,11.940049],[93.017082,11.910527],[93.024597,11.88953],[93.042099,11.882291],[93.051613,11.89115],[93.053818,11.90371],[93.037193,11.94791],[93.028099,11.95172],[93.008331,11.998055],[93.009163,12.019445],[92.99778,12.0342],[92.98246,12.04354],[92.974594,12.042161],[92.969536,12.03368]]],[[[92.991364,12.108928],[92.974358,12.102396],[92.966164,12.109402],[92.959732,12.107185],[92.960693,12.09353],[92.97084,12.087896],[92.960396,12.080918],[92.964111,12.068581],[92.975243,12.065381],[92.973183,12.059861],[92.97982,12.051362],[92.993347,12.04367],[93.001389,12.050833],[92.998131,12.0656],[93.004997,12.103055],[92.991364,12.108928]]],[[[92.948631,12.115841],[92.951668,12.08389],[92.957817,12.098481],[92.948631,12.115841]]],[[[93.120529,12.14835],[93.109093,12.143081],[93.115562,12.129951],[93.123611,12.140501],[93.118362,12.14387],[93.120529,12.14835]]],[[[93.027779,12.156941],[93.027496,12.16667],[93.006683,12.146051],[93.001976,12.132121],[93.004288,12.113461],[92.992599,12.142691],[92.984985,12.148141],[92.963303,12.150785],[92.95565,12.142892],[92.967033,12.118521],[93.006981,12.107502],[93.007019,12.075776],[93.026665,12.06861],[93.045525,12.04537],[93.053337,12.06056],[93.053612,12.075559],[93.034447,12.100281],[93.035004,12.125557],[93.02639,12.138331],[93.027779,12.156941]]],[[[92.758957,12.181311],[92.759232,12.16688],[92.763412,12.176881],[92.758957,12.181311]]],[[[92.731377,12.187581],[92.725952,12.18468],[92.7304,12.182351],[92.731377,12.187581]]],[[[93.068604,12.211334],[93.044121,12.159596],[93.037529,12.159742],[93.042976,12.155881],[93.037186,12.133532],[93.049362,12.12031],[93.056572,12.123234],[93.050201,12.114968],[93.074646,12.08363],[93.090118,12.098574],[93.093025,12.121201],[93.087669,12.123061],[93.088303,12.12926],[93.095001,12.142422],[93.083817,12.155541],[93.089737,12.17304],[93.086617,12.193051],[93.076019,12.209712],[93.068604,12.211334]]],[[[92.93898,12.223861],[92.927567,12.222119],[92.925598,12.21406],[92.933167,12.195855],[92.934509,12.210379],[92.941406,12.216731],[92.93898,12.223861]]],[[[92.700867,12.235609],[92.696342,12.239493],[92.688843,12.234201],[92.686241,12.211991],[92.684273,12.208221],[92.68042,12.214145],[92.678337,12.203888],[92.674149,12.21798],[92.654755,12.181797],[92.665543,12.216292],[92.662239,12.21592],[92.645477,12.17761],[92.631668,12.123244],[92.635696,12.120196],[92.623611,12.102781],[92.61953,12.070785],[92.625557,12.060834],[92.622223,12.048611],[92.627777,12.04333],[92.61969,12.041172],[92.62278,12.027777],[92.61673,12.02504],[92.61306,12.0066],[92.616959,11.991409],[92.612061,11.9841],[92.611496,11.940361],[92.605995,11.918842],[92.611549,11.913859],[92.610626,11.870638],[92.604027,11.86708],[92.603851,11.858367],[92.601387,11.897495],[92.593781,11.898828],[92.592163,11.88741],[92.586983,11.887312],[92.580147,11.924441],[92.573433,11.926951],[92.561989,11.946173],[92.554977,11.925829],[92.54348,11.923739],[92.534477,11.911781],[92.538002,11.904342],[92.526581,11.895442],[92.52494,11.8717],[92.513519,11.848001],[92.522308,11.825882],[92.536674,11.838566],[92.542633,11.828661],[92.546326,11.835154],[92.540871,11.819262],[92.549042,11.816109],[92.552292,11.784705],[92.559227,11.773401],[92.552895,11.763414],[92.552414,11.720785],[92.561333,11.69524],[92.565109,11.692011],[92.572113,11.698748],[92.574142,11.714902],[92.587929,11.717952],[92.599663,11.690841],[92.591835,11.667968],[92.608109,11.63451],[92.631577,11.628719],[92.632042,11.650861],[92.637756,11.64584],[92.634445,11.634756],[92.642868,11.639012],[92.644516,11.635859],[92.644356,11.624831],[92.635498,11.615409],[92.629883,11.61681],[92.627853,11.625799],[92.624443,11.617569],[92.608231,11.619721],[92.607986,11.593634],[92.620232,11.577981],[92.617859,11.56282],[92.630997,11.57141],[92.632942,11.579041],[92.647392,11.572133],[92.642227,11.559992],[92.650993,11.55113],[92.644135,11.541337],[92.64724,11.521581],[92.667641,11.503891],[92.678368,11.511359],[92.699509,11.506202],[92.711281,11.477318],[92.717758,11.50186],[92.727997,11.51693],[92.723717,11.52934],[92.734833,11.552641],[92.730537,11.55983],[92.743965,11.58434],[92.741699,11.593821],[92.752853,11.609622],[92.75248,11.63289],[92.746376,11.640411],[92.757881,11.651111],[92.756523,11.66542],[92.748268,11.668403],[92.74855,11.67641],[92.73719,11.67772],[92.7332,11.672921],[92.721176,11.685905],[92.715378,11.676829],[92.71627,11.666302],[92.729965,11.659642],[92.711006,11.65247],[92.711807,11.64375],[92.702423,11.65412],[92.695099,11.652946],[92.700272,11.641343],[92.692642,11.635303],[92.694847,11.623454],[92.687683,11.640593],[92.684853,11.630852],[92.682335,11.637421],[92.674072,11.624806],[92.666275,11.653281],[92.68351,11.650703],[92.685646,11.662222],[92.692764,11.667979],[92.708199,11.670119],[92.701111,11.67561],[92.702507,11.69547],[92.706825,11.699183],[92.695992,11.70019],[92.705261,11.702811],[92.701897,11.70713],[92.712311,11.695026],[92.718491,11.705738],[92.722527,11.69743],[92.731071,11.698151],[92.740707,11.690137],[92.74501,11.691737],[92.743774,11.713054],[92.755707,11.702367],[92.776176,11.83347],[92.785866,11.854059],[92.78791,11.883134],[92.779228,11.89352],[92.788551,11.901219],[92.783287,11.90488],[92.788177,11.919801],[92.783997,11.936261],[92.764053,11.939723],[92.746643,11.932113],[92.733307,11.90536],[92.731743,11.857451],[92.718193,11.824522],[92.710182,11.814516],[92.692467,11.808762],[92.693031,11.81314],[92.679947,11.818801],[92.696289,11.812926],[92.706589,11.816109],[92.724197,11.850267],[92.725281,11.927391],[92.720642,11.93434],[92.714424,11.932956],[92.718903,11.961188],[92.733009,11.96927],[92.730499,11.975191],[92.723969,11.974642],[92.728081,11.994791],[92.738907,11.996861],[92.734589,11.977092],[92.744324,11.982347],[92.748444,11.977568],[92.75721,11.987382],[92.751434,11.992291],[92.743675,11.988483],[92.74305,11.99359],[92.768753,11.99904],[92.766113,12.01139],[92.752724,12.002488],[92.746277,12.01753],[92.740547,12.013421],[92.736816,12.016161],[92.740227,12.019021],[92.733673,12.022317],[92.740547,12.02584],[92.741173,12.030291],[92.73629,12.030581],[92.739288,12.040611],[92.749939,12.031971],[92.753334,12.034166],[92.753677,12.027381],[92.761948,12.020555],[92.764969,12.025895],[92.77861,12.024167],[92.776657,12.040281],[92.783333,12.046667],[92.778297,12.05055],[92.76709,12.046459],[92.760323,12.055104],[92.75222,12.054742],[92.757736,12.065666],[92.742363,12.07439],[92.736115,12.064166],[92.741112,12.074721],[92.735809,12.085079],[92.736214,12.106604],[92.755005,12.152084],[92.7575,12.175832],[92.735558,12.182223],[92.720512,12.180019],[92.713799,12.165672],[92.713013,12.175561],[92.70417,12.165031],[92.705612,12.180309],[92.712448,12.190592],[92.706787,12.198261],[92.709717,12.21569],[92.700867,12.235609]]],[[[92.730614,12.242454],[92.722282,12.23328],[92.722824,12.190499],[92.730087,12.19301],[92.732895,12.185525],[92.748146,12.180509],[92.76368,12.18218],[92.76786,12.201365],[92.762558,12.209411],[92.761467,12.229374],[92.746979,12.230242],[92.74511,12.226637],[92.739807,12.234402],[92.738129,12.228031],[92.744553,12.223555],[92.744766,12.210211],[92.743919,12.22049],[92.738724,12.223528],[92.732864,12.210797],[92.730614,12.242454]]],[[[92.866463,12.235621],[92.866219,12.250581],[92.861656,12.242499],[92.866463,12.235621]]],[[[92.901672,12.25585],[92.887749,12.251996],[92.884636,12.239548],[92.879997,12.239721],[92.878609,12.248056],[92.870842,12.244692],[92.879173,12.208324],[92.882423,12.223879],[92.89167,12.233891],[92.90094,12.227858],[92.90892,12.231345],[92.913437,12.2232],[92.914238,12.23191],[92.901672,12.25585]]],[[[93.077774,12.261945],[93.070686,12.257261],[93.063332,12.229166],[93.082779,12.22222],[93.093506,12.224022],[93.091393,12.214999],[93.100189,12.203943],[93.105705,12.260755],[93.099678,12.258588],[93.092781,12.238891],[93.08667,12.237219],[93.083611,12.258611],[93.077774,12.261945]]],[[[93.029663,12.280171],[93.022301,12.27459],[93.027496,12.27402],[93.029663,12.280171]]],[[[92.750084,12.287695],[92.741173,12.278831],[92.739517,12.282104],[92.735352,12.248491],[92.742859,12.25524],[92.750084,12.287695]]],[[[92.737061,12.285181],[92.738174,12.292403],[92.735619,12.28188],[92.737061,12.285181]]],[[[92.766739,12.270321],[92.763466,12.294081],[92.753304,12.277103],[92.763016,12.26648],[92.766739,12.270321]]],[[[92.711418,12.29607],[92.70446,12.297502],[92.701553,12.26669],[92.710358,12.230511],[92.723862,12.29138],[92.722786,12.295521],[92.711418,12.29607]]],[[[92.941399,12.280802],[92.933273,12.288941],[92.934448,12.310561],[92.929337,12.304289],[92.927299,12.281039],[92.920219,12.28227],[92.912666,12.29303],[92.901466,12.288221],[92.901459,12.271472],[92.913986,12.27283],[92.912033,12.264042],[92.916977,12.267451],[92.921906,12.262907],[92.921707,12.23119],[92.928413,12.237303],[92.927811,12.25299],[92.942413,12.275091],[92.941399,12.280802]]],[[[92.776573,12.310281],[92.771286,12.312852],[92.767609,12.29773],[92.774811,12.301331],[92.781723,12.28508],[92.765282,12.264213],[92.750648,12.274074],[92.742493,12.246016],[92.751122,12.232731],[92.769829,12.236494],[92.764191,12.211282],[92.769676,12.200691],[92.767738,12.18659],[92.739235,12.095297],[92.741676,12.078101],[92.756256,12.074349],[92.764679,12.06332],[92.781914,12.079846],[92.792473,12.080783],[92.794647,12.09521],[92.788651,12.10267],[92.798157,12.108311],[92.8125,12.106943],[92.802261,12.130792],[92.815201,12.133181],[92.826103,12.153752],[92.818779,12.157647],[92.822342,12.165],[92.836197,12.167297],[92.85083,12.158101],[92.85511,12.189462],[92.847076,12.189621],[92.846519,12.19742],[92.854111,12.203702],[92.880203,12.194672],[92.881317,12.20093],[92.874031,12.205311],[92.871887,12.226671],[92.858887,12.245831],[92.86515,12.251434],[92.87825,12.25144],[92.889313,12.265942],[92.883141,12.26344],[92.879723,12.27861],[92.886948,12.285833],[92.869156,12.290831],[92.873367,12.30098],[92.867233,12.30111],[92.866379,12.305611],[92.830772,12.300278],[92.810455,12.312615],[92.795738,12.30389],[92.776573,12.310281]]],[[[93.072563,12.319044],[93.063011,12.315922],[93.072632,12.315427],[93.072563,12.319044]]],[[[93.839699,12.32082],[93.85083,12.287291],[93.81871,12.30036],[93.815491,12.270811],[93.851662,12.26834],[93.832008,12.241241],[93.861679,12.23377],[93.862312,12.265963],[93.868118,12.233784],[93.880699,12.236642],[93.872437,12.267779],[93.877792,12.282222],[93.839699,12.32082]]],[[[92.911736,12.337952],[92.918884,12.35071],[92.915581,12.355291],[92.909447,12.348178],[92.911736,12.337952]]],[[[92.852905,12.408831],[92.84449,12.40407],[92.8451,12.394511],[92.859993,12.388471],[92.867279,12.377805],[92.87339,12.384102],[92.880417,12.38294],[92.884186,12.37442],[92.884407,12.38833],[92.894112,12.398351],[92.888237,12.40793],[92.880547,12.398381],[92.87368,12.405435],[92.852905,12.408831]]],[[[92.865875,12.421003],[92.859505,12.417375],[92.862267,12.412648],[92.868393,12.413799],[92.865875,12.421003]]],[[[92.831734,12.426822],[92.829437,12.422221],[92.834167,12.4175],[92.846107,12.41472],[92.831734,12.426822]]],[[[92.95536,12.41469],[92.960747,12.42243],[92.956253,12.43549],[92.949242,12.428579],[92.949051,12.414631],[92.93998,12.421945],[92.930832,12.415675],[92.924522,12.39155],[92.92778,12.38732],[92.919159,12.375863],[92.9189,12.365021],[92.932587,12.359923],[92.942604,12.383425],[92.943672,12.402909],[92.95536,12.41469]]],[[[92.679459,12.541128],[92.671837,12.541062],[92.668663,12.534839],[92.678116,12.52222],[92.684326,12.538311],[92.679459,12.541128]]],[[[92.724998,12.761666],[92.717216,12.7875],[92.715279,12.778333],[92.720001,12.776941],[92.724998,12.761666]]],[[[92.710968,12.82903],[92.701706,12.81384],[92.700577,12.800609],[92.694542,12.797143],[92.709442,12.77352],[92.712776,12.739396],[92.70797,12.719791],[92.718033,12.7189],[92.718887,12.749842],[92.723343,12.742535],[92.725502,12.7487],[92.712288,12.777055],[92.715263,12.826858],[92.710968,12.82903]]],[[[92.728615,12.864446],[92.720001,12.863334],[92.708054,12.837222],[92.711113,12.833611],[92.718613,12.835291],[92.728615,12.864446]]],[[[92.765472,12.854721],[92.765327,12.872357],[92.761353,12.868288],[92.765472,12.854721]]],[[[92.785553,12.893334],[92.78167,12.885277],[92.785835,12.881945],[92.791649,12.891289],[92.785553,12.893334]]],[[[92.755081,12.912811],[92.75399,12.893642],[92.749809,12.897012],[92.748405,12.892805],[92.75341,12.889484],[92.757591,12.904771],[92.755081,12.912811]]],[[[92.794983,12.911259],[92.79213,12.916424],[92.77462,12.91182],[92.774742,12.904818],[92.780693,12.901671],[92.788368,12.90496],[92.782852,12.896073],[92.793602,12.89221],[92.80027,12.89807],[92.794983,12.911259]]],[[[92.935318,12.91809],[92.931686,12.917253],[92.93528,12.913037],[92.935318,12.91809]]],[[[92.898888,12.915831],[92.897781,12.927411],[92.896057,12.89936],[92.872856,12.892712],[92.873543,12.881161],[92.843872,12.875092],[92.840286,12.877348],[92.842247,12.891039],[92.830101,12.884901],[92.824348,12.895342],[92.810959,12.897452],[92.791908,12.889854],[92.793236,12.86322],[92.782593,12.860127],[92.781448,12.848129],[92.780281,12.86223],[92.76944,12.861291],[92.768898,12.850003],[92.775276,12.841666],[92.774437,12.83056],[92.78363,12.82421],[92.785912,12.811011],[92.782219,12.807499],[92.780052,12.825071],[92.774467,12.82911],[92.773247,12.832041],[92.77417,12.841431],[92.760834,12.859445],[92.758453,12.847943],[92.744713,12.83946],[92.74292,12.8247],[92.740746,12.836362],[92.738609,12.811121],[92.732063,12.83494],[92.724022,12.82738],[92.721176,12.787741],[92.731064,12.743631],[92.745827,12.722779],[92.739517,12.713731],[92.742775,12.699445],[92.730537,12.698171],[92.728111,12.693139],[92.735786,12.68467],[92.733055,12.674158],[92.768501,12.67185],[92.784058,12.692688],[92.786057,12.705681],[92.77887,12.712961],[92.787216,12.707689],[92.788589,12.67404],[92.78038,12.65276],[92.780266,12.631238],[92.786247,12.62572],[92.785431,12.619247],[92.776459,12.637437],[92.777069,12.667082],[92.753326,12.670781],[92.734322,12.656801],[92.736061,12.640031],[92.724701,12.6267],[92.719963,12.642709],[92.71505,12.642962],[92.70417,12.607501],[92.70208,12.612904],[92.691048,12.608321],[92.686668,12.615571],[92.684456,12.60748],[92.686699,12.601231],[92.707497,12.596946],[92.704826,12.56535],[92.708893,12.556742],[92.700493,12.543951],[92.694687,12.519061],[92.708618,12.493081],[92.699707,12.467035],[92.706596,12.45135],[92.69812,12.421418],[92.697777,12.39],[92.705559,12.37055],[92.700012,12.36557],[92.699509,12.327791],[92.708809,12.328391],[92.70726,12.31731],[92.720436,12.30031],[92.732498,12.301944],[92.736397,12.308312],[92.736511,12.300581],[92.755539,12.296262],[92.763931,12.312341],[92.765411,12.302919],[92.771149,12.319561],[92.795097,12.306144],[92.810226,12.314741],[92.832069,12.302675],[92.857391,12.314344],[92.872017,12.317677],[92.878128,12.313175],[92.885757,12.323222],[92.895119,12.320345],[92.896797,12.326292],[92.889534,12.325056],[92.887726,12.331666],[92.879982,12.333407],[92.881828,12.344313],[92.896111,12.33583],[92.889977,12.35038],[92.879189,12.35791],[92.872757,12.353514],[92.868889,12.361944],[92.859802,12.36255],[92.859688,12.371692],[92.838333,12.395833],[92.841377,12.40639],[92.833885,12.409166],[92.828888,12.421671],[92.830269,12.427501],[92.805092,12.438669],[92.797913,12.436442],[92.794197,12.438181],[92.79818,12.464521],[92.7911,12.469171],[92.800278,12.46389],[92.796204,12.438252],[92.804398,12.440401],[92.818428,12.43378],[92.819557,12.437541],[92.846489,12.423419],[92.86528,12.425562],[92.875771,12.413799],[92.885597,12.42316],[92.899017,12.415629],[92.888298,12.4343],[92.849007,12.458614],[92.841667,12.473057],[92.84333,12.478331],[92.836418,12.485277],[92.837593,12.490572],[92.829239,12.496185],[92.833977,12.494971],[92.83886,12.491641],[92.837929,12.485512],[92.84417,12.481391],[92.844437,12.46944],[92.853897,12.458049],[92.869186,12.446261],[92.88559,12.45416],[92.878693,12.444447],[92.908989,12.421072],[92.906403,12.408199],[92.914131,12.405838],[92.923576,12.43595],[92.915321,12.443711],[92.940697,12.448891],[92.944153,12.46056],[92.957939,12.46771],[92.958923,12.472911],[92.952896,12.476291],[92.930832,12.46639],[92.935257,12.470292],[92.93248,12.481091],[92.938972,12.482242],[92.947449,12.499121],[92.959053,12.486688],[92.968216,12.49712],[92.966309,12.514129],[92.975433,12.54133],[92.957542,12.593044],[92.958069,12.642522],[92.965065,12.704576],[92.972191,12.711612],[92.980515,12.709729],[92.977303,12.717747],[92.965836,12.72298],[92.968338,12.740595],[92.962479,12.752862],[92.949516,12.761242],[92.949348,12.77008],[92.939301,12.76774],[92.934196,12.773821],[92.93454,12.78156],[92.949066,12.79287],[92.954147,12.807041],[92.944313,12.82638],[92.948273,12.83608],[92.93972,12.84056],[92.941002,12.855822],[92.929527,12.85924],[92.92778,12.884169],[92.920341,12.887654],[92.905296,12.884493],[92.909904,12.903396],[92.921936,12.911551],[92.910118,12.908761],[92.898888,12.915831]]],[[[92.7742,12.931133],[92.769516,12.923095],[92.773399,12.918126],[92.7742,12.931133]]],[[[92.877022,12.932061],[92.860039,12.933109],[92.865036,12.916734],[92.873314,12.916364],[92.875633,12.92665],[92.880928,12.920551],[92.886086,12.922985],[92.884613,12.92926],[92.877022,12.932061]]],[[[92.765617,12.932524],[92.762306,12.9347],[92.763168,12.925556],[92.765617,12.932524]]],[[[92.695656,12.991959],[92.684273,12.986913],[92.669823,12.961701],[92.668716,12.951073],[92.680397,12.948051],[92.67012,12.918037],[92.636597,12.91329],[92.670593,12.911865],[92.664543,12.8806],[92.629883,12.882731],[92.663177,12.878681],[92.648216,12.861711],[92.665733,12.810861],[92.665932,12.80091],[92.66066,12.795643],[92.667915,12.790011],[92.667892,12.78283],[92.675362,12.807281],[92.689011,12.81673],[92.683411,12.829491],[92.675972,12.824269],[92.6754,12.835888],[92.688713,12.834509],[92.701225,12.841205],[92.703438,12.852845],[92.719292,12.874784],[92.709488,12.883912],[92.718185,12.881147],[92.721748,12.89198],[92.720093,12.917541],[92.715668,12.92253],[92.72155,12.926972],[92.721817,12.945],[92.714485,12.944696],[92.720413,12.975795],[92.710922,12.988048],[92.695656,12.991959]]],[[[93.006737,12.9969],[92.985878,12.993351],[92.988914,12.984456],[92.972206,12.96914],[92.965027,12.9775],[92.96862,12.98307],[92.959183,12.988082],[92.95253,12.979713],[92.963097,12.969721],[92.960602,12.96501],[92.954742,12.968055],[92.95472,12.960042],[92.972847,12.954761],[92.974243,12.94533],[92.960037,12.949451],[92.952477,12.940576],[92.970581,12.943862],[92.971413,12.9378],[92.980606,12.933355],[92.980293,12.948582],[92.987892,12.955807],[92.979729,12.960249],[92.979462,12.96697],[93.006737,12.9969]]],[[[92.926392,13.024168],[92.921669,13.027778],[92.916107,13.015001],[92.921387,13.00056],[92.941978,12.995621],[92.940277,13.024446],[92.926392,13.024168]]],[[[92.71917,13.098891],[92.696106,13.094723],[92.701111,13.070831],[92.706673,13.071111],[92.70417,13.079589],[92.720833,13.09514],[92.71917,13.098891]]],[[[93.074509,13.303334],[93.071037,13.29979],[93.077919,13.29889],[93.074509,13.303334]]],[[[93.018677,13.329631],[93.015762,13.31589],[93.00943,13.310969],[93.02256,13.303512],[93.019897,13.316711],[93.025017,13.327851],[93.018677,13.329631]]],[[[92.813057,13.419723],[92.814453,13.40306],[92.818886,13.41583],[92.813057,13.419723]]],[[[93.09449,13.417631],[93.087059,13.415634],[93.089157,13.410071],[93.09449,13.417631]]],[[[93.072052,13.426082],[93.072968,13.430966],[93.067627,13.42416],[93.06897,13.4133],[93.072052,13.426082]]],[[[93.099022,13.435761],[93.098892,13.430556],[93.104248,13.429929],[93.099022,13.435761]]],[[[92.84333,13.440832],[92.842674,13.444513],[92.821396,13.435832],[92.82222,13.420555],[92.831947,13.418611],[92.841667,13.425833],[92.846107,13.431666],[92.84333,13.440832]]],[[[94.273331,13.464444],[94.262779,13.463954],[94.249443,13.44625],[94.255753,13.430262],[94.262703,13.429988],[94.275002,13.440557],[94.277573,13.461452],[94.273331,13.464444]]],[[[92.874443,13.51221],[92.866943,13.50958],[92.871391,13.501945],[92.874443,13.51221]]],[[[92.918892,13.51557],[92.915001,13.506941],[92.921387,13.51278],[92.918892,13.51557]]],[[[92.910004,13.537222],[92.905563,13.531111],[92.912498,13.533611],[92.910004,13.537222]]],[[[92.875,13.540834],[92.875557,13.534721],[92.878609,13.53778],[92.875,13.540834]]],[[[93.057343,13.566251],[93.052078,13.563056],[93.054443,13.559721],[93.057343,13.566251]]],[[[93.029442,13.573334],[93.02639,13.578611],[93.016113,13.570561],[93.014442,13.54387],[93.010262,13.542031],[93.002777,13.560831],[92.988609,13.573891],[92.980843,13.552781],[92.991943,13.536112],[92.988052,13.52751],[92.976387,13.527781],[92.964996,13.544166],[92.951393,13.543061],[92.944443,13.536668],[92.917221,13.536112],[92.914719,13.525281],[92.92778,13.520278],[92.923332,13.5125],[92.929718,13.502221],[92.923058,13.495559],[92.917503,13.500562],[92.903419,13.496701],[92.898613,13.476111],[92.87278,13.472501],[92.873055,13.448055],[92.880836,13.443328],[92.884453,13.43056],[92.875259,13.423331],[92.870827,13.42528],[92.868477,13.418469],[92.874527,13.408001],[92.871948,13.411944],[92.8675,13.402222],[92.849716,13.41139],[92.843056,13.401943],[92.847221,13.390281],[92.859169,13.385278],[92.864029,13.389714],[92.866669,13.385281],[92.850563,13.37084],[92.844719,13.377222],[92.839165,13.373612],[92.834724,13.338055],[92.826393,13.327222],[92.83139,13.315555],[92.821945,13.309445],[92.839149,13.306391],[92.841942,13.301666],[92.836113,13.295831],[92.837776,13.286391],[92.824165,13.288055],[92.822502,13.27833],[92.827499,13.265831],[92.833046,13.26917],[92.838608,13.259721],[92.847504,13.262499],[92.854439,13.257221],[92.849998,13.239446],[92.84417,13.236941],[92.832222,13.24306],[92.827499,13.235831],[92.829437,13.22361],[92.824463,13.21722],[92.831673,13.213331],[92.818336,13.201667],[92.823891,13.19111],[92.818886,13.183889],[92.835556,13.173891],[92.815277,13.174445],[92.809723,13.153611],[92.821945,13.145001],[92.829437,13.148891],[92.847504,13.140278],[92.840553,13.13722],[92.842224,13.127499],[92.835281,13.13028],[92.831673,13.125281],[92.824463,13.133612],[92.810547,13.127501],[92.816391,13.114991],[92.825279,13.114166],[92.820831,13.108332],[92.82222,13.096391],[92.812767,13.103611],[92.808891,13.10056],[92.805557,13.08611],[92.81028,13.07528],[92.803329,13.077221],[92.800835,13.090835],[92.796806,13.088751],[92.792503,13.055],[92.795563,13.041111],[92.78833,13.018331],[92.790833,13.012223],[92.804443,13.011945],[92.806114,13.006944],[92.825066,13.012708],[92.818886,13.00056],[92.808907,12.998019],[92.81826,12.986781],[92.806389,12.983054],[92.799309,12.991455],[92.794136,12.985611],[92.797142,12.965364],[92.792793,12.96746],[92.791733,12.956721],[92.80027,12.9475],[92.801514,12.938171],[92.793617,12.92996],[92.794197,12.914382],[92.802887,12.89879],[92.824066,12.896939],[92.831001,12.886182],[92.843117,12.891552],[92.842438,12.876523],[92.872932,12.88323],[92.869781,12.890852],[92.876411,12.90782],[92.858925,12.903369],[92.854439,12.92743],[92.858391,12.935008],[92.868378,12.934251],[92.877007,12.944861],[92.872917,12.950661],[92.882301,12.982724],[92.887947,12.982539],[92.897209,12.994997],[92.898331,12.987082],[92.906639,12.98529],[92.907829,12.951853],[92.912346,12.94652],[92.919716,12.960001],[92.927551,12.957571],[92.938179,12.970391],[92.93734,12.980679],[92.93087,12.9814],[92.933098,12.989345],[92.919807,12.986509],[92.915367,13.001041],[92.908653,12.999722],[92.902077,13.022431],[92.91581,13.05474],[92.904999,13.058056],[92.897499,13.05778],[92.888184,13.04555],[92.89431,13.056531],[92.897217,13.05889],[92.910973,13.06155],[92.913673,13.070031],[92.921829,13.05693],[92.934357,13.060743],[92.937096,13.084439],[92.942825,13.05526],[92.935822,13.051631],[92.935089,13.0423],[92.960236,13.014805],[92.974998,13.01308],[92.968697,13.018142],[92.965622,13.034752],[92.982712,13.024029],[92.990486,13.02662],[92.994949,13.03526],[93.003311,13.02822],[93.012352,13.04785],[93.020767,13.049999],[93.027779,13.062778],[93.027237,13.077499],[93.035034,13.082217],[93.030968,13.127991],[93.037346,13.139581],[93.036942,13.17111],[93.032219,13.178891],[93.046127,13.21012],[93.043327,13.223061],[93.056389,13.233889],[93.057503,13.256391],[93.066391,13.27222],[93.046112,13.259172],[93.040283,13.270282],[93.047226,13.280832],[93.032501,13.27639],[93.025253,13.28349],[93.013046,13.276671],[93.010818,13.282223],[93.01667,13.290831],[93.01255,13.29518],[93.021667,13.296944],[93.013878,13.29889],[93.013542,13.306391],[93.006767,13.30931],[93.007782,13.32056],[92.999535,13.310712],[92.978027,13.324152],[92.959442,13.32778],[92.950783,13.343222],[92.969803,13.36031],[92.971443,13.348801],[92.976173,13.34917],[92.979721,13.334711],[92.987259,13.329162],[92.98983,13.342041],[93.003891,13.353334],[93.032021,13.345138],[93.041389,13.352778],[93.034607,13.360632],[93.041664,13.366945],[93.039436,13.36111],[93.04583,13.347221],[93.040558,13.321944],[93.059448,13.329444],[93.065346,13.303264],[93.075546,13.328332],[93.090591,13.335933],[93.08802,13.343139],[93.078888,13.341672],[93.078888,13.347499],[93.071663,13.348056],[93.055275,13.382222],[93.048409,13.373728],[93.028641,13.373108],[93.048889,13.374721],[93.052559,13.391131],[93.067322,13.39532],[93.070831,13.40611],[93.059723,13.399167],[93.061386,13.421111],[93.04528,13.403888],[93.044998,13.410556],[93.036392,13.416667],[93.040421,13.42654],[93.032776,13.424723],[93.021667,13.43056],[93.034721,13.435278],[93.0336,13.45695],[93.01889,13.465],[93.034447,13.467232],[93.044998,13.525279],[93.029442,13.573334]]],[[[92.896942,13.601671],[92.881386,13.582777],[92.885559,13.574166],[92.90361,13.596388],[92.896942,13.601671]]],[[[93.063889,13.654166],[93.056458,13.654171],[93.042778,13.635555],[93.046387,13.621388],[93.055832,13.643379],[93.066948,13.65],[93.063889,13.654166]]],[[[93.015831,13.676112],[93.006386,13.667502],[93.002907,13.670562],[92.982216,13.66556],[92.976669,13.655],[92.985001,13.643331],[93.001114,13.649444],[93.014717,13.64389],[93.017776,13.633055],[93.028473,13.627161],[93.032219,13.63333],[93.025002,13.661391],[93.015831,13.676112]]],[[[93.224426,14.015831],[93.219437,14.011111],[93.21833,13.976801],[93.222496,13.971741],[93.231071,13.97485],[93.232361,13.982221],[93.224426,14.015831]]],[[[93.366249,14.156381],[93.353333,14.145831],[93.363892,14.097499],[93.352501,14.076668],[93.361115,14.069167],[93.36367,14.059073],[93.378052,14.120833],[93.369446,14.140554],[93.378609,14.147221],[93.368332,14.148331],[93.366249,14.156381]]],[[[93.370277,14.193335],[93.359726,14.18722],[93.367226,14.178889],[93.370277,14.193335]]],[[[93.641388,14.902499],[93.625267,14.897781],[93.613419,14.874343],[93.611389,14.83611],[93.622498,14.865281],[93.636139,14.873891],[93.641388,14.902499]]]]},"properties":{"name":"Andaman and Nicobar","type":"Union Territory"}},
{"type":"Feature","geometry":{"type":"MultiPolygon","coordinates":[[[[80.232361,13.494583],[80.229309,13.492639],[80.233749,13.490693],[80.232361,13.494583]]],[[[80.192642,13.520696],[80.18792,13.517083],[80.197083,13.512921],[80.192642,13.520696]]],[[[80.149025,13.618473],[80.139862,13.60764],[80.120415,13.604028],[80.126526,13.588472],[80.130417,13.594583],[80.124863,13.601532],[80.157639,13.591809],[80.126808,13.585421],[80.140137,13.566251],[80.137642,13.553194],[80.143753,13.544861],[80.15403,13.555689],[80.167641,13.590973],[80.162086,13.595417],[80.161247,13.607084],[80.146805,13.610416],[80.149025,13.618473]]],[[[80.106529,13.65292],[80.100975,13.637084],[80.108192,13.646805],[80.106529,13.65292]]],[[[80.102638,13.677641],[80.104027,13.668192],[80.106247,13.67681],[80.102638,13.677641]]],[[[80.782913,15.83764],[80.791519,15.824031],[80.79097,15.831249],[80.782913,15.83764]]],[[[80.773483,15.86181],[80.771797,15.855971],[80.780418,15.843472],[80.773483,15.86181]]],[[[81.541809,16.355421],[81.513191,16.35014],[81.546249,16.348751],[81.541809,16.355421]]],[[[82.332077,16.724861],[82.327362,16.723475],[82.329308,16.714861],[82.310417,16.70125],[82.259026,16.689861],[82.265976,16.67153],[82.256531,16.652361],[82.267639,16.643192],[82.284302,16.642084],[82.297081,16.613468],[82.310143,16.60264],[82.319313,16.61986],[82.30986,16.649584],[82.314308,16.64764],[82.317352,16.628752],[82.318466,16.651251],[82.326805,16.668753],[82.362923,16.71208],[82.368187,16.72403],[82.358467,16.727921],[82.364861,16.717918],[82.358749,16.71236],[82.339584,16.717361],[82.342361,16.71097],[82.347923,16.71236],[82.352913,16.706812],[82.33625,16.691528],[82.334862,16.698195],[82.344856,16.705139],[82.332077,16.724861]]],[[[82.299515,16.714333],[82.31208,16.725691],[82.311539,16.732931],[82.342918,16.737917],[82.342636,16.764311],[82.354584,16.818195],[82.348198,16.808472],[82.365417,16.899586],[82.357918,16.963753],[82.346252,16.981531],[82.325691,16.990419],[82.340416,16.965691],[82.357635,16.950972],[82.363472,16.909033],[82.354858,16.851805],[82.325691,16.855421],[82.311806,16.840694],[82.313194,16.851805],[82.304031,16.862921],[82.28653,16.877083],[82.282356,16.865129],[82.282082,16.877361],[82.270691,16.875694],[82.265976,16.884863],[82.256248,16.886528],[82.255966,16.900141],[82.249313,16.907642],[82.249031,16.929581],[82.252914,16.93597],[82.27153,16.940416],[82.270416,16.96125],[82.275406,16.971251],[82.283752,16.972639],[82.27597,16.980696],[82.285698,16.983191],[82.278473,16.993193],[82.300697,17.03764],[82.35125,17.090691],[82.35125,17.097919],[82.355972,17.094584],[82.365692,17.104584],[82.368462,17.11875],[82.367363,17.10598],[82.477081,17.204309],[82.595703,17.286251],[82.608475,17.289307],[82.608475,17.296249],[82.613472,17.292648],[82.738747,17.360971],[82.869308,17.415422],[82.871803,17.429312],[82.879585,17.435972],[82.873466,17.429029],[82.874306,17.420416],[82.945419,17.45125],[82.954025,17.459862],[82.98764,17.47097],[82.995415,17.475414],[82.994026,17.47958],[83.005142,17.487921],[83.004585,17.494862],[83.013474,17.503471],[83.08847,17.533468],[83.09153,17.53931],[83.162361,17.561251],[83.172363,17.573473],[83.213753,17.591249],[83.21653,17.59903],[83.238472,17.612637],[83.232643,17.616529],[83.235413,17.62903],[83.259857,17.643751],[83.261803,17.650972],[83.282356,17.659861],[83.294861,17.674311],[83.298187,17.686531],[83.282082,17.687916],[83.272087,17.704584],[83.263466,17.704309],[83.263748,17.71125],[83.272362,17.712084],[83.284027,17.688751],[83.298752,17.690414],[83.301247,17.695972],[83.305969,17.68819],[83.30764,17.697639],[83.302643,17.697639],[83.306526,17.702084],[83.342636,17.723471],[83.343193,17.738474],[83.354576,17.75736],[83.385139,17.777639],[83.391251,17.793751],[83.409851,17.810141],[83.41597,17.83375],[83.410423,17.844313],[83.419296,17.857363],[83.444031,17.872639],[83.454582,17.88764],[83.451805,17.900694],[83.458748,17.905701],[83.457916,17.921247],[83.460136,17.904581],[83.529587,17.949306],[83.558472,17.982916],[83.559586,17.999584],[83.572639,18.017639],[83.584862,18.02125],[83.711525,18.109583],[83.784576,18.147367],[83.856529,18.172916],[83.892082,18.19792],[83.950691,18.216806],[84.076248,18.277914],[84.12458,18.309305],[84.12986,18.31514],[84.123466,18.328751],[84.124313,18.342911],[84.129028,18.344307],[84.125687,18.35153],[84.133194,18.346806],[84.137085,18.349306],[84.150696,18.373751],[84.195969,18.42042],[84.285698,18.501251],[84.355972,18.556528],[84.355698,18.563194],[84.339302,18.550968],[84.344017,18.561251],[84.354858,18.564306],[84.361526,18.58625],[84.377907,18.606253],[84.43486,18.657639],[84.440697,18.665701],[84.440971,18.680149],[84.465973,18.713194],[84.502083,18.750973],[84.553749,18.79236],[84.55764,18.817921],[84.576248,18.836805],[84.576248,18.84931],[84.585976,18.868195],[84.582916,18.876251],[84.589859,18.873194],[84.611809,18.89986],[84.669304,18.951529],[84.682922,18.967642],[84.667915,18.957361],[84.664848,18.965981],[84.687637,18.972361],[84.746246,19.048471],[84.760696,19.070972],[84.722641,19.089581],[84.698326,19.11031],[84.693916,19.121552],[84.705223,19.14901],[84.692139,19.151701],[84.673332,19.156891],[84.663269,19.14748],[84.664513,19.128151],[84.653427,19.12291],[84.640373,19.122238],[84.609398,19.117451],[84.591682,19.12112],[84.60556,19.09263],[84.616783,19.09],[84.624443,19.074421],[84.634743,19.07869],[84.654167,19.081013],[84.6632,19.064451],[84.630058,19.049591],[84.623291,19.05566],[84.612358,19.04974],[84.607567,19.045408],[84.590118,19.01338],[84.575317,19.027191],[84.578117,19.062128],[84.568527,19.06064],[84.559723,19.059561],[84.509918,19.03746],[84.49778,19.024879],[84.477829,19.007891],[84.473061,18.982641],[84.452187,18.988331],[84.422188,19.008532],[84.41465,19.01236],[84.420036,19.000841],[84.425552,18.989151],[84.434723,18.97683],[84.434547,18.96316],[84.417137,18.933302],[84.420326,18.904871],[84.406151,18.90612],[84.412086,18.89394],[84.393967,18.88587],[84.374069,18.89403],[84.364906,18.893221],[84.379036,18.885469],[84.386223,18.87171],[84.374069,18.876499],[84.351448,18.8832],[84.359627,18.871901],[84.371567,18.86722],[84.362411,18.851061],[84.354118,18.8515],[84.344383,18.862762],[84.334427,18.86385],[84.335983,18.841421],[84.345169,18.82678],[84.340759,18.818251],[84.329529,18.804531],[84.326958,18.789673],[84.312492,18.77919],[84.304321,18.78072],[84.278549,18.78968],[84.268188,18.78031],[84.25219,18.772482],[84.23069,18.785641],[84.221458,18.78648],[84.179817,18.76897],[84.158188,18.76919],[84.15493,18.776011],[84.140427,18.767691],[84.127937,18.761269],[84.118927,18.753031],[84.100723,18.75268],[84.085579,18.74518],[84.077881,18.74888],[84.060463,18.762671],[84.049202,18.770651],[84.047607,18.779873],[84.034286,18.790121],[84.027061,18.8022],[84.019661,18.797623],[84.007393,18.804211],[83.982323,18.800011],[83.955612,18.803061],[83.943687,18.796288],[83.935722,18.803129],[83.922653,18.808533],[83.901978,18.816921],[83.89064,18.80687],[83.884636,18.81782],[83.870178,18.81843],[83.85907,18.843012],[83.837097,18.86471],[83.842323,18.888241],[83.837723,18.908609],[83.818451,18.90712],[83.818901,18.9261],[83.816063,18.94866],[83.80809,18.968403],[83.788948,18.998331],[83.785973,19.008789],[83.782639,19.009571],[83.778877,19.01001],[83.77565,19.008961],[83.773201,19.00659],[83.771568,19.00367],[83.77021,19.000591],[83.767479,18.998428],[83.764053,18.997311],[83.760567,18.996469],[83.75779,18.994558],[83.754692,18.99337],[83.751282,18.99328],[83.741081,18.983891],[83.745972,18.963221],[83.750366,18.94437],[83.765251,18.93642],[83.780067,18.907721],[83.7705,18.90159],[83.756149,18.916691],[83.741402,18.93029],[83.730026,18.960159],[83.716896,18.982538],[83.705742,18.985241],[83.704361,18.99531],[83.714783,19.002131],[83.721283,19.013418],[83.697021,19.016479],[83.676376,19.05245],[83.659698,19.06974],[83.657486,19.087772],[83.647789,19.105942],[83.646271,19.114498],[83.649437,19.12188],[83.629837,19.126991],[83.62851,19.14974],[83.620239,19.148628],[83.61409,19.13382],[83.600517,19.127701],[83.594299,19.11058],[83.604416,19.088181],[83.587631,19.083071],[83.581787,19.062773],[83.56736,19.052259],[83.556427,19.05584],[83.560677,19.066221],[83.546432,19.07383],[83.551483,19.050381],[83.542778,19.03684],[83.533096,19.019382],[83.515297,19.00491],[83.492928,19.01803],[83.499313,19.027081],[83.513672,19.02478],[83.509796,19.040081],[83.50618,19.05431],[83.500366,19.06208],[83.492493,19.054951],[83.47699,19.075331],[83.470276,19.07032],[83.459396,19.069672],[83.457367,19.059801],[83.462799,19.043951],[83.477966,19.021191],[83.474602,19.000313],[83.458481,19.002098],[83.448517,18.999632],[83.450226,18.982422],[83.458313,18.972471],[83.462242,18.963591],[83.451202,18.94446],[83.44001,18.95022],[83.414841,18.977873],[83.410576,18.992611],[83.40464,18.99321],[83.396057,18.995831],[83.38472,18.997272],[83.362328,18.99473],[83.346336,19.00989],[83.33271,18.99984],[83.330757,18.992571],[83.325378,18.98881],[83.305267,18.989681],[83.309143,18.98035],[83.319809,18.96133],[83.32692,18.95734],[83.327042,18.947901],[83.332458,18.943371],[83.321198,18.936029],[83.319916,18.925817],[83.334541,18.915821],[83.339577,18.926201],[83.339729,18.932753],[83.344803,18.94525],[83.349037,18.956091],[83.360229,18.953899],[83.363899,18.937931],[83.379662,18.92152],[83.371002,18.917089],[83.35524,18.933031],[83.346611,18.92687],[83.356499,18.90481],[83.36631,18.900461],[83.380997,18.901821],[83.374443,18.891941],[83.378906,18.88028],[83.38781,18.871031],[83.404327,18.86598],[83.410736,18.856762],[83.399857,18.853651],[83.398712,18.833529],[83.383133,18.826071],[83.362267,18.832109],[83.353493,18.82749],[83.360229,18.80447],[83.35247,18.80019],[83.340736,18.80352],[83.337616,18.7957],[83.333336,18.792671],[83.323021,18.798281],[83.304222,18.79887],[83.279503,18.7896],[83.26915,18.77076],[83.269913,18.759809],[83.255417,18.75882],[83.229317,18.764141],[83.221031,18.765871],[83.217331,18.758951],[83.223007,18.74798],[83.214462,18.7372],[83.209183,18.724541],[83.203323,18.71958],[83.206337,18.728031],[83.201889,18.736132],[83.191818,18.741781],[83.177017,18.75441],[83.156227,18.757311],[83.144913,18.766901],[83.115807,18.762081],[83.116501,18.747971],[83.095467,18.723091],[83.089607,18.71627],[83.077881,18.705339],[83.069878,18.691881],[83.05146,18.663231],[83.022606,18.64436],[83.009483,18.633541],[83.01461,18.626261],[83.020302,18.605412],[83.015869,18.58478],[83.037819,18.588713],[83.041107,18.596731],[83.052086,18.59306],[83.051132,18.583071],[83.041718,18.57732],[83.031143,18.571791],[83.045097,18.53933],[83.057358,18.534691],[83.089333,18.53791],[83.073158,18.51474],[83.060356,18.494421],[83.043846,18.472111],[83.026726,18.456921],[83.015411,18.444429],[83.032341,18.43619],[83.038193,18.42671],[83.037437,18.418949],[83.058258,18.42906],[83.062088,18.420881],[83.060356,18.41338],[83.059036,18.39901],[83.066498,18.39226],[83.053391,18.375299],[83.031883,18.37326],[83.017181,18.384501],[82.997116,18.374861],[82.987617,18.369501],[82.978432,18.360989],[82.959793,18.357241],[82.948166,18.35206],[82.927612,18.360989],[82.911667,18.35738],[82.898521,18.359301],[82.890953,18.39222],[82.884613,18.41276],[82.87001,18.4062],[82.848633,18.415009],[82.836983,18.41427],[82.830147,18.426121],[82.818359,18.43853],[82.787109,18.426741],[82.778458,18.409479],[82.787392,18.39982],[82.786758,18.384581],[82.777908,18.37092],[82.767052,18.331079],[82.754463,18.329821],[82.746429,18.319851],[82.734329,18.313251],[82.710907,18.31282],[82.701691,18.30484],[82.693741,18.297331],[82.6754,18.29237],[82.658836,18.28661],[82.649109,18.26384],[82.645309,18.24045],[82.628868,18.228661],[82.616409,18.238121],[82.611816,18.246511],[82.598267,18.254473],[82.58725,18.265779],[82.580742,18.2701],[82.588402,18.278339],[82.587578,18.284781],[82.587837,18.30204],[82.579781,18.301041],[82.583252,18.311411],[82.589668,18.319483],[82.602142,18.317261],[82.59758,18.333618],[82.599152,18.342421],[82.608658,18.351231],[82.597618,18.356218],[82.600876,18.366051],[82.593643,18.370491],[82.565216,18.383989],[82.549446,18.383511],[82.532303,18.39345],[82.540573,18.403431],[82.535912,18.408319],[82.54512,18.41725],[82.551071,18.433901],[82.547729,18.44179],[82.539009,18.438089],[82.530151,18.434311],[82.526703,18.447309],[82.520439,18.450533],[82.516762,18.457211],[82.527512,18.46822],[82.527527,18.47772],[82.519791,18.48489],[82.523216,18.493511],[82.523132,18.503929],[82.507408,18.50808],[82.499153,18.501751],[82.481453,18.51506],[82.481918,18.532711],[82.474007,18.536833],[82.437126,18.497301],[82.420326,18.469881],[82.382271,18.4317],[82.371742,18.42017],[82.36129,18.40991],[82.374908,18.392811],[82.384438,18.37241],[82.378799,18.361658],[82.369476,18.350363],[82.35022,18.328911],[82.334442,18.317133],[82.348747,18.30615],[82.36525,18.316429],[82.380493,18.319311],[82.393013,18.30644],[82.38224,18.28429],[82.343651,18.27165],[82.331802,18.246792],[82.330223,18.23134],[82.326736,18.21623],[82.306099,18.19566],[82.310303,18.174603],[82.333023,18.16342],[82.358978,18.149139],[82.361763,18.129198],[82.338257,18.13796],[82.330307,18.118999],[82.334663,18.089888],[82.343628,18.074991],[82.336929,18.049101],[82.324913,18.04269],[82.319649,18.048571],[82.312996,18.045191],[82.309616,18.038429],[82.306343,18.044991],[82.292809,18.054333],[82.287773,18.06056],[82.278946,18.05493],[82.264603,18.039011],[82.266243,18.02569],[82.270523,17.997742],[82.261078,17.982401],[82.238319,17.9839],[82.222977,17.99288],[82.196922,18.00869],[82.177406,18.010571],[82.173149,18.025593],[82.147308,18.040421],[82.130417,18.040901],[82.119316,18.051201],[82.107979,18.05402],[82.080063,18.06045],[82.064407,18.058371],[82.065468,18.0513],[82.050858,18.04446],[82.029861,18.056532],[82.006638,18.049198],[82.002113,18.02824],[81.988861,18.020342],[81.973053,18.005671],[81.951767,17.9921],[81.913696,17.979891],[81.885078,17.965839],[81.839699,17.950069],[81.801041,17.936081],[81.786011,17.91361],[81.762222,17.896589],[81.703171,17.86113],[81.688286,17.8848],[81.668053,17.878429],[81.652702,17.868191],[81.646141,17.84687],[81.631439,17.830441],[81.611153,17.815363],[81.574867,17.827341],[81.55394,17.816368],[81.496323,17.806471],[81.478706,17.804708],[81.470123,17.823181],[81.437569,17.81529],[81.419418,17.820599],[81.409256,17.804838],[81.384972,17.806593],[81.367607,17.808088],[81.344528,17.811581],[81.315056,17.81234],[81.254036,17.81213],[81.213493,17.83305],[81.183792,17.84927],[81.121246,17.828329],[81.089088,17.810871],[81.076477,17.790501],[81.065811,17.784241],[81.045227,17.783991],[81.012573,17.816669],[81.001869,17.864731],[80.991966,17.919371],[80.980583,17.939859],[80.978058,17.949621],[80.973137,17.986353],[80.969917,18.003059],[80.963898,18.024441],[80.962273,18.03153],[80.952438,18.07188],[80.948357,18.09127],[80.947548,18.116838],[80.972633,18.143551],[80.973679,18.16815],[80.94986,18.164228],[80.935822,18.152531],[80.900726,18.13467],[80.862022,18.132669],[80.858383,18.13912],[80.855263,18.14679],[80.851677,18.16836],[80.848938,18.19319],[80.848778,18.19919],[80.861267,18.1987],[80.867493,18.207258],[80.8591,18.226002],[80.82959,18.234119],[80.817192,18.22521],[80.818748,18.19202],[80.810852,18.178473],[80.786919,18.164181],[80.745071,18.164831],[80.732262,18.20545],[80.769379,18.236401],[80.788277,18.249781],[80.784897,18.258091],[80.773407,18.264931],[80.761566,18.282103],[80.752907,18.291271],[80.745277,18.30509],[80.734787,18.33868],[80.722763,18.361311],[80.724243,18.371983],[80.716263,18.38294],[80.724007,18.395248],[80.72654,18.408991],[80.717346,18.409081],[80.692627,18.42885],[80.694969,18.440771],[80.6828,18.447161],[80.674149,18.45632],[80.669823,18.46121],[80.65078,18.472281],[80.636818,18.49395],[80.633507,18.503151],[80.635643,18.511589],[80.632683,18.518841],[80.613846,18.526051],[80.600983,18.545031],[80.567947,18.561451],[80.540436,18.582951],[80.52932,18.589809],[80.521797,18.60076],[80.513832,18.613138],[80.488388,18.62672],[80.480057,18.62764],[80.463013,18.62269],[80.417557,18.61072],[80.402092,18.60718],[80.385582,18.596491],[80.366951,18.60465],[80.357491,18.598341],[80.348526,18.58849],[80.336678,18.590521],[80.315002,18.636288],[80.29631,18.68564],[80.270912,18.713501],[80.22998,18.697531],[80.214363,18.70113],[80.194107,18.688532],[80.188957,18.675581],[80.167397,18.680071],[80.158081,18.69594],[80.142273,18.686253],[80.121292,18.68121],[80.110817,18.676189],[80.086952,18.697571],[80.078903,18.70134],[80.065491,18.713263],[80.046356,18.720921],[80.018707,18.751011],[80.012352,18.76676],[79.981537,18.774281],[79.931992,18.78443],[79.894012,18.830839],[79.925507,18.837542],[79.940948,18.87739],[79.940941,18.93766],[79.931343,18.974791],[79.933067,19.02969],[79.902939,19.047979],[79.871033,19.035542],[79.861099,19.05995],[79.863106,19.115822],[79.92231,19.157129],[79.943207,19.170601],[79.922508,19.203409],[79.9319,19.259321],[79.961777,19.297491],[79.957153,19.33457],[79.967247,19.37458],[79.973053,19.40102],[79.94577,19.440781],[79.940208,19.46451],[79.923546,19.477581],[79.902237,19.49649],[79.863792,19.513597],[79.823158,19.54431],[79.816597,19.56901],[79.793297,19.58009],[79.77755,19.597679],[79.740326,19.60314],[79.705116,19.581221],[79.678017,19.576563],[79.639717,19.575001],[79.610909,19.549179],[79.60244,19.514521],[79.591347,19.501732],[79.565598,19.5109],[79.545197,19.534],[79.534996,19.548071],[79.514816,19.540762],[79.513397,19.518061],[79.470421,19.497452],[79.441261,19.53351],[79.413612,19.53348],[79.380707,19.555851],[79.340889,19.573771],[79.314262,19.565521],[79.293236,19.596722],[79.243866,19.612553],[79.243782,19.593342],[79.239769,19.559481],[79.238358,19.532761],[79.223427,19.51701],[79.206848,19.491671],[79.222939,19.467791],[79.177788,19.460691],[79.140266,19.50111],[79.104736,19.512741],[79.096611,19.530479],[79.060112,19.538721],[79.018356,19.53997],[78.995567,19.56102],[78.978477,19.550922],[78.954552,19.55183],[78.964706,19.57028],[78.98053,19.585081],[78.965622,19.604511],[78.968002,19.63937],[78.954193,19.66341],[78.915909,19.66773],[78.877937,19.656801],[78.863213,19.679493],[78.861671,19.7059],[78.853577,19.738001],[78.838303,19.762081],[78.80761,19.75799],[78.784866,19.778749],[78.752243,19.77729],[78.731842,19.77285],[78.709183,19.772711],[78.686371,19.78994],[78.619339,19.80871],[78.595276,19.81735],[78.573708,19.813803],[78.519211,19.819901],[78.50367,19.792419],[78.484291,19.80719],[78.444588,19.819231],[78.397659,19.836403],[78.385971,19.8557],[78.384148,19.879223],[78.346687,19.881401],[78.322968,19.894972],[78.335106,19.91011],[78.310196,19.912741],[78.294212,19.855551],[78.338997,19.83918],[78.339211,19.813511],[78.366997,19.79454],[78.360802,19.753981],[78.344299,19.724333],[78.322693,19.70365],[78.304947,19.688431],[78.269722,19.66313],[78.292427,19.644161],[78.308891,19.611401],[78.312042,19.578562],[78.299911,19.56678],[78.285347,19.560341],[78.291451,19.543112],[78.298706,19.513561],[78.310013,19.486431],[78.308891,19.456409],[78.28199,19.45299],[78.261833,19.4401],[78.23362,19.43289],[78.205482,19.414351],[78.187569,19.39562],[78.184456,19.368219],[78.182251,19.345448],[78.195061,19.324961],[78.183151,19.278961],[78.183319,19.241541],[78.139267,19.239441],[78.095123,19.249851],[78.057556,19.23975],[78.047623,19.25563],[78.032883,19.274111],[78.011612,19.301111],[77.948921,19.34128],[77.926323,19.331909],[77.905777,19.315781],[77.888046,19.31241],[77.860878,19.30213],[77.861923,19.2841],[77.900673,19.277128],[77.891876,19.257099],[77.86808,19.246111],[77.852676,19.204592],[77.858391,19.180773],[77.853859,19.169432],[77.848747,19.15943],[77.831093,19.135653],[77.845192,19.11421],[77.848137,19.09008],[77.833809,19.086533],[77.822372,19.096399],[77.80265,19.101961],[77.801308,19.08441],[77.793533,19.071211],[77.79718,19.05131],[77.783096,19.054831],[77.761688,19.06204],[77.757393,19.028551],[77.768433,18.99938],[77.787132,18.984282],[77.815201,18.95924],[77.830498,18.950201],[77.844307,18.930321],[77.856636,18.906071],[77.882607,18.896379],[77.8992,18.867928],[77.924599,18.854141],[77.944138,18.842291],[77.928749,18.82172],[77.837463,18.807461],[77.810387,18.74025],[77.786507,18.694321],[77.768799,18.70162],[77.749908,18.69783],[77.732857,18.676001],[77.729759,18.64559],[77.742989,18.621401],[77.735382,18.563181],[77.712357,18.55444],[77.662079,18.533251],[77.649467,18.54133],[77.648811,18.55262],[77.629066,18.55064],[77.613297,18.542391],[77.59819,18.53504],[77.600403,18.524971],[77.587067,18.50985],[77.602837,18.491381],[77.593117,18.473511],[77.570633,18.46686],[77.546516,18.465719],[77.549797,18.45797],[77.583282,18.447191],[77.57412,18.439342],[77.546448,18.440559],[77.52594,18.427351],[77.544136,18.42041],[77.541557,18.38522],[77.519501,18.349253],[77.55336,18.331223],[77.555031,18.298311],[77.570656,18.29047],[77.583817,18.283081],[77.59903,18.272911],[77.572533,18.240561],[77.584961,18.216742],[77.564316,18.18998],[77.577538,18.16827],[77.597771,18.15184],[77.600563,18.0994],[77.577446,18.07687],[77.556709,18.06217],[77.548073,18.047991],[77.58725,18.01333],[77.606667,18.018011],[77.622292,18.00466],[77.628799,17.992519],[77.642288,17.995901],[77.64978,17.985863],[77.647423,17.97044],[77.644257,17.96269],[77.64399,17.946371],[77.631821,17.953531],[77.62899,17.95384],[77.62001,17.94446],[77.618668,17.921808],[77.604446,17.905491],[77.583076,17.89838],[77.597778,17.877069],[77.581276,17.87575],[77.567436,17.86614],[77.563469,17.842001],[77.549736,17.818029],[77.526001,17.826818],[77.51088,17.801441],[77.509346,17.780081],[77.534492,17.774691],[77.565956,17.764111],[77.55188,17.734381],[77.533989,17.725203],[77.509468,17.719961],[77.491737,17.71286],[77.471558,17.70401],[77.450348,17.691299],[77.449097,17.666111],[77.447533,17.64712],[77.448822,17.622789],[77.441307,17.60663],[77.439926,17.58147],[77.469116,17.56818],[77.489998,17.566271],[77.496819,17.543371],[77.513901,17.557249],[77.536697,17.571329],[77.552811,17.550001],[77.585388,17.558361],[77.591858,17.555059],[77.599251,17.534],[77.616577,17.52935],[77.645317,17.518791],[77.661209,17.514811],[77.68203,17.506668],[77.687996,17.498543],[77.684013,17.472851],[77.648972,17.491552],[77.644226,17.4949],[77.634033,17.472231],[77.610947,17.46994],[77.610611,17.444233],[77.590416,17.448103],[77.572563,17.42952],[77.53347,17.44095],[77.510689,17.41254],[77.535507,17.4041],[77.526588,17.37883],[77.520813,17.362051],[77.492378,17.355511],[77.472412,17.363178],[77.451599,17.370491],[77.45298,17.348808],[77.452507,17.32793],[77.447983,17.313452],[77.434021,17.28826],[77.454506,17.27589],[77.437363,17.26137],[77.420021,17.24161],[77.405457,17.23741],[77.39225,17.228559],[77.381287,17.216322],[77.399017,17.211531],[77.391487,17.192369],[77.37075,17.190071],[77.363548,17.169481],[77.366867,17.151331],[77.398903,17.13192],[77.423523,17.114058],[77.448418,17.1115],[77.460312,17.09284],[77.476921,17.076233],[77.478058,17.060989],[77.491867,17.038841],[77.498199,17.0152],[77.483231,16.998678],[77.47998,16.97517],[77.469177,16.95384],[77.464302,16.9398],[77.4646,16.924898],[77.46537,16.91408],[77.453918,16.906273],[77.45224,16.881599],[77.460396,16.84411],[77.462723,16.80452],[77.471626,16.785181],[77.444542,16.780043],[77.43721,16.76313],[77.427841,16.729483],[77.427551,16.72114],[77.423416,16.714531],[77.433258,16.70911],[77.466797,16.711941],[77.467506,16.6968],[77.446426,16.67416],[77.416847,16.654751],[77.432938,16.637638],[77.448517,16.63883],[77.469391,16.646912],[77.462471,16.62921],[77.453827,16.613798],[77.464676,16.597441],[77.458778,16.592051],[77.464172,16.584209],[77.44326,16.58206],[77.41729,16.56391],[77.391441,16.565201],[77.394806,16.558241],[77.400436,16.55023],[77.415321,16.51783],[77.393517,16.51486],[77.379082,16.510721],[77.36731,16.493771],[77.35817,16.48315],[77.34362,16.48488],[77.324409,16.48093],[77.296646,16.49147],[77.292,16.473639],[77.244522,16.472219],[77.252457,16.453291],[77.269257,16.42308],[77.28466,16.403],[77.332733,16.3883],[77.373199,16.379921],[77.411743,16.36268],[77.435196,16.372671],[77.461311,16.375441],[77.510147,16.37018],[77.554527,16.34156],[77.591606,16.337511],[77.592278,16.29011],[77.574341,16.28894],[77.549507,16.29067],[77.533783,16.26263],[77.519333,16.270882],[77.500206,16.260681],[77.488907,16.241831],[77.502228,16.224781],[77.508781,16.214943],[77.493698,16.206171],[77.488373,16.17868],[77.488098,16.14739],[77.490227,16.116159],[77.509399,16.103531],[77.492889,16.083771],[77.499527,16.05426],[77.495667,16.04771],[77.498817,16.01716],[77.501686,16.005541],[77.505493,15.978762],[77.514877,15.963152],[77.509453,15.92086],[77.46698,15.927581],[77.426422,15.942279],[77.407631,15.935652],[77.385597,15.934451],[77.359871,15.94155],[77.314789,15.94519],[77.282448,15.947362],[77.248917,15.957741],[77.227119,15.95161],[77.187828,15.95071],[77.157127,15.944481],[77.129936,15.930391],[77.090057,15.91787],[77.058212,15.887161],[77.033188,15.853081],[77.024422,15.82949],[77.038368,15.82551],[77.052261,15.824339],[77.067238,15.79605],[77.056602,15.772281],[77.048508,15.76076],[77.046692,15.751331],[77.047089,15.725012],[77.076256,15.710371],[77.077927,15.693361],[77.110466,15.671263],[77.120926,15.637201],[77.100563,15.639161],[77.081436,15.652841],[77.032661,15.632009],[77.028397,15.60685],[77.023712,15.576382],[77.026596,15.49999],[76.990852,15.501071],[76.970139,15.494951],[76.988983,15.473151],[77.002037,15.455381],[77.023842,15.438561],[77.031006,15.41834],[77.033257,15.39626],[77.04229,15.3748],[77.057846,15.34319],[77.061577,15.32186],[77.109688,15.327282],[77.115417,15.28985],[77.147911,15.28567],[77.144913,15.26928],[77.157669,15.26038],[77.157936,15.25135],[77.13266,15.23461],[77.14138,15.218132],[77.155777,15.19434],[77.164482,15.16847],[77.159286,15.152121],[77.145493,15.150701],[77.135361,15.13601],[77.147713,15.10733],[77.125526,15.06821],[77.116066,15.040102],[77.101677,15.027341],[77.082069,15.02229],[77.068588,15.00111],[77.041008,15.005482],[77.046883,15.029212],[77.009293,15.029581],[76.995651,15.023681],[76.966797,15.013169],[76.931671,15.026311],[76.876701,15.028679],[76.860573,15.05671],[76.829437,15.074291],[76.796936,15.09076],[76.776367,15.073293],[76.77256,15.06512],[76.775017,15.04396],[76.784576,15.01667],[76.768059,14.99564],[76.76236,14.989462],[76.758636,14.979461],[76.772087,14.96864],[76.820282,14.95917],[76.83255,14.953481],[76.864456,14.96402],[76.863487,14.915643],[76.860306,14.89119],[76.843262,14.881472],[76.851677,14.862521],[76.84436,14.833252],[76.842987,14.824302],[76.849602,14.81181],[76.837212,14.804141],[76.831367,14.784112],[76.817352,14.78544],[76.78035,14.779262],[76.788139,14.751841],[76.785538,14.707091],[76.769508,14.656311],[76.76091,14.596281],[76.776283,14.59033],[76.786171,14.55306],[76.805092,14.524871],[76.827583,14.523059],[76.843933,14.50915],[76.863808,14.474671],[76.88549,14.475941],[76.945412,14.482151],[76.973396,14.478281],[76.958588,14.445391],[76.944321,14.425232],[76.941566,14.399542],[76.913101,14.413552],[76.892326,14.392871],[76.878616,14.351393],[76.898972,14.319241],[76.923149,14.30965],[76.946701,14.300449],[76.943756,14.281681],[76.925827,14.2644],[76.937843,14.240121],[76.961571,14.235902],[76.982483,14.238152],[76.99456,14.23556],[77.02459,14.236681],[77.049629,14.239542],[77.067619,14.21786],[77.095222,14.20948],[77.110466,14.23198],[77.115517,14.25682],[77.111923,14.287531],[77.130928,14.31381],[77.135536,14.334012],[77.152153,14.337741],[77.171883,14.330231],[77.196358,14.3143],[77.231956,14.31107],[77.257851,14.325702],[77.281143,14.331111],[77.279587,14.27609],[77.307487,14.27384],[77.353409,14.270679],[77.359238,14.243601],[77.376617,14.216712],[77.383789,14.191821],[77.415703,14.211962],[77.406181,14.236711],[77.38987,14.26139],[77.381203,14.282991],[77.378822,14.31708],[77.409286,14.327102],[77.427528,14.30485],[77.443626,14.277551],[77.479126,14.283741],[77.492142,14.271281],[77.498787,14.24954],[77.492851,14.22006],[77.501083,14.193221],[77.510353,14.17202],[77.500443,14.150961],[77.453926,14.162981],[77.409721,14.16972],[77.389557,14.153541],[77.376686,14.129601],[77.347733,14.124341],[77.344536,14.096011],[77.358932,14.108722],[77.38974,14.11857],[77.395447,14.103441],[77.372383,14.071852],[77.350121,14.053382],[77.331261,14.039842],[77.350098,14.016451],[77.383362,14.007359],[77.372696,13.975511],[77.410187,13.976922],[77.430641,13.96878],[77.428703,13.943341],[77.40844,13.921611],[77.427406,13.90922],[77.408508,13.88881],[77.391861,13.87989],[77.348343,13.896541],[77.342613,13.912242],[77.362007,13.945469],[77.346939,13.960589],[77.345673,13.98558],[77.329773,13.993352],[77.316483,14.02146],[77.298027,14.023031],[77.278511,14.006901],[77.271507,14.028102],[77.242569,14.006311],[77.20768,14.004871],[77.16169,14.006249],[77.158363,13.99352],[77.1446,13.99352],[77.134346,13.998131],[77.127831,14.01865],[77.110153,14.042041],[77.090759,14.03826],[77.069031,14.04719],[77.034859,14.05144],[77.020241,14.061441],[77.014709,14.088699],[77.020271,14.122321],[77.014938,14.132181],[77.021339,14.168399],[77.00605,14.174851],[76.978188,14.17292],[76.958496,14.175509],[76.944046,14.18832],[76.941536,14.17803],[76.922966,14.1634],[76.891426,14.158999],[76.883682,14.131032],[76.912506,14.122109],[76.926979,14.12721],[76.946587,14.102971],[76.946297,14.08526],[76.968086,14.07974],[76.975006,14.06527],[76.94973,14.047841],[76.933716,14.040671],[76.942329,14.01548],[76.964203,14.00224],[76.977348,13.993871],[76.991333,13.975812],[76.994331,13.95338],[77.008102,13.94737],[77.035843,13.925591],[77.017281,13.893371],[77.007118,13.854172],[76.989929,13.83951],[76.97654,13.821361],[76.968826,13.810242],[76.985779,13.793],[76.98436,13.77657],[76.990128,13.75309],[76.992592,13.742551],[77.011421,13.732721],[77.019867,13.76986],[77.047348,13.75608],[77.071487,13.73875],[77.08036,13.753423],[77.095268,13.76088],[77.134109,13.753031],[77.158157,13.754931],[77.171341,13.77205],[77.158493,13.787101],[77.154099,13.800562],[77.156197,13.81134],[77.157913,13.825471],[77.140457,13.83789],[77.130157,13.849939],[77.162491,13.85698],[77.161713,13.882431],[77.159561,13.908461],[77.181618,13.91077],[77.179207,13.883281],[77.175133,13.861401],[77.196892,13.85953],[77.204941,13.881161],[77.21151,13.861419],[77.221893,13.888831],[77.240097,13.89408],[77.23925,13.87359],[77.253036,13.856121],[77.275146,13.842801],[77.289703,13.850022],[77.310883,13.851131],[77.327248,13.824792],[77.346977,13.839581],[77.367538,13.843209],[77.381111,13.831251],[77.403931,13.831422],[77.426247,13.82973],[77.412758,13.81175],[77.408661,13.799252],[77.419258,13.79971],[77.420059,13.788961],[77.440567,13.802292],[77.457451,13.79705],[77.4524,13.780401],[77.46212,13.749051],[77.458099,13.73033],[77.453407,13.7041],[77.449753,13.675791],[77.485138,13.68669],[77.479721,13.703211],[77.50679,13.700471],[77.512329,13.68568],[77.52784,13.707031],[77.52269,13.731071],[77.529503,13.745851],[77.545143,13.728181],[77.56662,13.729389],[77.586899,13.73679],[77.615646,13.728361],[77.63356,13.73284],[77.612648,13.74687],[77.649086,13.77584],[77.670227,13.777499],[77.663712,13.75226],[77.684677,13.758621],[77.707367,13.73418],[77.713463,13.74615],[77.712753,13.77471],[77.718498,13.792722],[77.741028,13.803792],[77.769211,13.808541],[77.780266,13.820021],[77.776039,13.835911],[77.80278,13.84067],[77.827721,13.86062],[77.825043,13.879901],[77.811081,13.894702],[77.806351,13.91755],[77.818291,13.934881],[77.846001,13.928321],[77.886986,13.931182],[77.889687,13.911351],[77.905937,13.899451],[77.929733,13.90881],[77.946022,13.928431],[77.954269,13.93705],[77.966431,13.950552],[77.973511,13.92423],[77.974663,13.905332],[77.949516,13.884471],[77.945717,13.839802],[77.94458,13.819971],[77.981239,13.8488],[77.991493,13.862411],[78.015587,13.854382],[78.042923,13.863781],[78.048317,13.88453],[78.067963,13.87452],[78.088379,13.854919],[78.113533,13.840891],[78.109001,13.798363],[78.111008,13.761751],[78.095322,13.75028],[78.093277,13.727621],[78.105507,13.714632],[78.107216,13.698352],[78.085152,13.680632],[78.065376,13.68006],[78.058342,13.66697],[78.079987,13.65039],[78.086349,13.633501],[78.107361,13.647092],[78.129089,13.64827],[78.158997,13.645171],[78.185837,13.62118],[78.193741,13.594902],[78.181053,13.573701],[78.183273,13.55638],[78.2024,13.567969],[78.218407,13.578002],[78.236557,13.584491],[78.265396,13.578221],[78.312477,13.583502],[78.361397,13.578873],[78.390762,13.5781],[78.386009,13.543952],[78.374191,13.50551],[78.368286,13.48977],[78.363579,13.459241],[78.364166,13.437911],[78.365311,13.424391],[78.371277,13.39718],[78.364449,13.370491],[78.356407,13.34672],[78.364021,13.348302],[78.383667,13.342351],[78.397377,13.332332],[78.38839,13.318452],[78.375389,13.326402],[78.367912,13.328489],[78.379143,13.316879],[78.402061,13.30738],[78.420776,13.319092],[78.42907,13.317112],[78.437859,13.29876],[78.447906,13.302819],[78.4664,13.310122],[78.472557,13.291132],[78.50116,13.277211],[78.511971,13.259951],[78.522293,13.258112],[78.528763,13.275862],[78.543617,13.273232],[78.55323,13.28462],[78.560097,13.293349],[78.567169,13.271771],[78.572151,13.248601],[78.559891,13.233372],[78.557198,13.212021],[78.565887,13.20089],[78.553261,13.189241],[78.546883,13.17862],[78.559402,13.179801],[78.565681,13.171751],[78.561256,13.155701],[78.53878,13.151571],[78.536697,13.13693],[78.512917,13.120231],[78.511139,13.10633],[78.527962,13.09736],[78.506813,13.084191],[78.498573,13.069791],[78.487923,13.049721],[78.477386,13.043221],[78.464722,13.0349],[78.451576,13.031532],[78.450363,13.014871],[78.457596,12.97066],[78.425652,12.969771],[78.422821,12.957731],[78.420578,12.94765],[78.423286,12.9338],[78.425949,12.91713],[78.442902,12.904112],[78.458336,12.879721],[78.452118,12.855721],[78.438492,12.879741],[78.435829,12.90067],[78.42466,12.893411],[78.402916,12.891321],[78.385086,12.896251],[78.368683,12.90178],[78.340767,12.92492],[78.338272,12.915751],[78.327187,12.889231],[78.313477,12.888621],[78.309967,12.876482],[78.321419,12.871659],[78.322716,12.867851],[78.304092,12.865761],[78.275688,12.84916],[78.258148,12.85563],[78.244659,12.851101],[78.240219,12.803142],[78.225121,12.754931],[78.219276,12.747029],[78.220329,12.70329],[78.203247,12.69901],[78.194733,12.69527],[78.189461,12.683551],[78.196838,12.678591],[78.228081,12.673851],[78.232658,12.693761],[78.267227,12.68743],[78.288857,12.656561],[78.308769,12.65],[78.338837,12.631901],[78.36834,12.61184],[78.39753,12.61359],[78.407112,12.61752],[78.424896,12.614901],[78.451401,12.615751],[78.460083,12.62046],[78.462929,12.63537],[78.47406,12.65918],[78.494057,12.674701],[78.486313,12.690511],[78.493011,12.6937],[78.494926,12.70373],[78.503891,12.693301],[78.510513,12.70177],[78.491463,12.71707],[78.484352,12.734781],[78.497101,12.724119],[78.503563,12.713371],[78.510941,12.721722],[78.51619,12.706401],[78.526413,12.70123],[78.520859,12.697182],[78.524368,12.67969],[78.539787,12.684221],[78.544678,12.68444],[78.545097,12.692601],[78.552246,12.697091],[78.548248,12.71498],[78.550888,12.72623],[78.545547,12.743911],[78.554062,12.74607],[78.566849,12.75215],[78.58007,12.767241],[78.58252,12.785321],[78.588196,12.80478],[78.593796,12.833001],[78.599007,12.84947],[78.605972,12.873699],[78.619652,12.902072],[78.627701,12.917921],[78.646713,12.91902],[78.637917,12.95441],[78.620499,12.982521],[78.641716,13.001611],[78.651108,13.017932],[78.693756,13.004392],[78.702446,13.056151],[78.739517,13.045491],[78.777527,13.05316],[78.794182,13.069759],[78.813423,13.074648],[78.858353,13.07107],[78.870323,13.086921],[78.880409,13.069602],[78.88192,13.019762],[78.922997,13.021761],[78.92746,13.023461],[78.904396,13.031051],[78.900917,13.052101],[78.912041,13.063282],[78.936638,13.069971],[78.955093,13.06493],[78.964653,13.0728],[78.981743,13.0762],[79.000366,13.057881],[79.025887,13.04958],[79.053268,13.037991],[79.069069,13.014151],[79.11927,13.02257],[79.152702,13.007293],[79.173103,13.019281],[79.176971,13.03338],[79.174736,13.04968],[79.180656,13.06704],[79.188919,13.084619],[79.207443,13.091441],[79.218277,13.11031],[79.214661,13.12767],[79.233047,13.1277],[79.24424,13.141151],[79.25267,13.141299],[79.26741,13.141201],[79.273849,13.120901],[79.288101,13.11828],[79.307938,13.096911],[79.312393,13.11377],[79.33532,13.12751],[79.350098,13.12545],[79.346863,13.140151],[79.347771,13.163019],[79.364937,13.160371],[79.369003,13.176261],[79.392563,13.184462],[79.420593,13.184462],[79.423157,13.198911],[79.445503,13.216771],[79.436096,13.229832],[79.417,13.212201],[79.409683,13.22815],[79.4123,13.25751],[79.418373,13.27459],[79.405426,13.285411],[79.374603,13.30304],[79.428879,13.323562],[79.487228,13.316551],[79.522713,13.315931],[79.539223,13.28976],[79.548729,13.267121],[79.570961,13.247379],[79.586449,13.253481],[79.601143,13.26773],[79.615196,13.26045],[79.629562,13.26086],[79.638481,13.27619],[79.665901,13.273279],[79.68161,13.265551],[79.671112,13.235842],[79.684563,13.23385],[79.695747,13.223761],[79.692436,13.207531],[79.711426,13.21048],[79.722832,13.221851],[79.733681,13.210232],[79.744377,13.194911],[79.777336,13.217192],[79.783257,13.228162],[79.745583,13.248211],[79.721291,13.27224],[79.746147,13.280001],[79.754059,13.30279],[79.7798,13.28207],[79.795006,13.298571],[79.824043,13.30232],[79.839058,13.303341],[79.858856,13.313741],[79.874962,13.317401],[79.891792,13.324619],[79.906288,13.339051],[79.925507,13.33594],[79.953583,13.374111],[79.935577,13.390591],[79.944267,13.410782],[79.963226,13.417911],[79.962189,13.444139],[79.987473,13.46191],[79.995377,13.459451],[80.018852,13.486372],[80.037193,13.492822],[80.025642,13.503971],[80.008423,13.508302],[79.990173,13.510091],[79.989677,13.52676],[80.014496,13.52849],[80.034096,13.521801],[80.059509,13.532549],[80.069443,13.537591],[80.076279,13.52612],[80.087669,13.52661],[80.093773,13.51356],[80.099426,13.50631],[80.106911,13.503942],[80.128616,13.498551],[80.130699,13.497079],[80.13546,13.492181],[80.144577,13.485611],[80.150658,13.479981],[80.156502,13.478889],[80.164597,13.477861],[80.175697,13.478951],[80.194061,13.47623],[80.211777,13.48231],[80.230331,13.47685],[80.242241,13.468711],[80.245857,13.46575],[80.250587,13.460581],[80.253609,13.45574],[80.259888,13.447362],[80.264946,13.42829],[80.267998,13.414342],[80.279999,13.402051],[80.278946,13.39906],[80.274933,13.398871],[80.27597,13.389142],[80.282143,13.385531],[80.301796,13.377919],[80.307602,13.373511],[80.31498,13.374592],[80.315262,13.379731],[80.312782,13.40593],[80.31205,13.42246],[80.312996,13.427916],[80.304039,13.425421],[80.302635,13.415972],[80.301529,13.425152],[80.290138,13.434861],[80.277641,13.435417],[80.268471,13.417362],[80.275406,13.437361],[80.280693,13.438191],[80.26236,13.47264],[80.24736,13.47264],[80.236526,13.487641],[80.234306,13.484031],[80.214027,13.486251],[80.177086,13.494862],[80.160141,13.490141],[80.129028,13.51681],[80.125137,13.515973],[80.12542,13.50625],[80.116531,13.507082],[80.119026,13.515141],[80.099861,13.529028],[80.096527,13.540971],[80.073471,13.557916],[80.050957,13.588192],[80.075691,13.60986],[80.070969,13.617361],[80.074028,13.63875],[80.094017,13.646531],[80.091248,13.650971],[80.080971,13.650695],[80.079308,13.655971],[80.095703,13.66875],[80.089027,13.653881],[80.097359,13.661252],[80.097359,13.653195],[80.10347,13.65431],[80.100693,13.677917],[80.107635,13.691528],[80.100418,13.702083],[80.106529,13.70903],[80.111526,13.69264],[80.106796,13.674031],[80.120972,13.67069],[80.12236,13.678193],[80.125969,13.66958],[80.119858,13.663192],[80.120697,13.645973],[80.112358,13.642082],[80.119858,13.650139],[80.114861,13.65542],[80.118187,13.65875],[80.109581,13.657922],[80.108749,13.64208],[80.126236,13.611531],[80.138474,13.612916],[80.147636,13.659584],[80.139862,13.69125],[80.142914,13.699029],[80.136528,13.713752],[80.130974,13.712916],[80.130142,13.72236],[80.136528,13.726251],[80.147087,13.72347],[80.139862,13.714306],[80.135971,13.717601],[80.143753,13.702081],[80.154587,13.702922],[80.166252,13.687079],[80.170975,13.689584],[80.189308,13.665972],[80.19014,13.64236],[80.218193,13.623473],[80.226517,13.60764],[80.240417,13.597361],[80.25042,13.571805],[80.263748,13.562082],[80.270416,13.528472],[80.26458,13.523472],[80.271805,13.523472],[80.274864,13.514305],[80.275406,13.52486],[80.277359,13.522084],[80.287636,13.459312],[80.305969,13.434305],[80.315407,13.434581],[80.308746,13.464861],[80.301247,13.47264],[80.236252,13.63986],[80.234306,13.69736],[80.252357,13.782922],[80.244583,13.819584],[80.234863,13.83319],[80.219589,13.87792],[80.15625,14.017641],[80.17292,13.96014],[80.169586,13.963741],[80.150696,14.03042],[80.149857,14.019031],[80.12986,14.12125],[80.129028,14.11264],[80.125137,14.11875],[80.12236,14.114584],[80.125969,14.134031],[80.126236,14.12264],[80.129601,14.127641],[80.127083,14.19403],[80.13903,14.273471],[80.169586,14.35903],[80.18264,14.531531],[80.172638,14.535139],[80.184303,14.538193],[80.198753,14.587641],[80.192917,14.60014],[80.172081,14.60958],[80.135696,14.71847],[80.140137,14.703195],[80.134308,14.692641],[80.129601,14.692641],[80.137917,14.704032],[80.136803,14.710416],[80.116531,14.739584],[80.114586,14.731249],[80.093201,14.810142],[80.081528,14.807917],[80.059303,14.81986],[80.068748,14.819311],[80.081802,14.809861],[80.089027,14.812651],[80.084297,14.82264],[80.088196,14.82264],[80.084587,14.880695],[80.069031,14.926528],[80.055138,14.996805],[80.04792,15.07735],[80.054031,15.118472],[80.081253,15.185971],[80.077362,15.181805],[80.060692,15.190691],[80.046249,15.209583],[80.07708,15.18931],[80.083748,15.19542],[80.087906,15.215682],[80.082916,15.262361],[80.099304,15.309585],[80.079865,15.315973],[80.097923,15.314031],[80.099297,15.325142],[80.104858,15.327084],[80.111237,15.348752],[80.128197,15.377362],[80.201248,15.46653],[80.211525,15.495694],[80.200417,15.498194],[80.20903,15.505422],[80.212639,15.502361],[80.225136,15.532361],[80.237083,15.599584],[80.269859,15.672083],[80.339302,15.747083],[80.430969,15.8057],[80.532082,15.847638],[80.529861,15.852083],[80.53653,15.854583],[80.545143,15.852361],[80.610138,15.871531],[80.687637,15.882641],[80.733749,15.875695],[80.769302,15.863193],[80.774017,15.865981],[80.804863,15.843194],[80.811531,15.833195],[80.810692,15.815694],[80.795143,15.816811],[80.793747,15.810416],[80.810692,15.764584],[80.813469,15.739582],[80.802635,15.744583],[80.791809,15.76125],[80.793472,15.771251],[80.789024,15.772361],[80.782639,15.792084],[80.780983,15.778471],[80.79847,15.74208],[80.823196,15.712351],[80.852638,15.71014],[80.93264,15.724029],[80.93792,15.71819],[80.966248,15.73153],[81.001526,15.752642],[81.005974,15.766807],[81.012085,15.770139],[80.99514,15.802639],[80.993195,15.81736],[81.004585,15.840416],[81.006813,15.831812],[81.019585,15.855973],[81.088196,15.930141],[81.128456,15.963471],[81.131248,15.972642],[81.145973,15.974306],[81.139305,15.995974],[81.140976,16.018194],[81.189308,16.10347],[81.201813,16.142361],[81.18264,16.142916],[81.202362,16.145416],[81.205406,16.176531],[81.231247,16.23542],[81.262642,16.27125],[81.265137,16.28097],[81.268753,16.278751],[81.327919,16.317638],[81.392639,16.342083],[81.387642,16.353201],[81.377907,16.35931],[81.365417,16.35125],[81.370972,16.345968],[81.346802,16.330694],[81.365135,16.359859],[81.382919,16.361811],[81.396248,16.34458],[81.401253,16.345419],[81.402084,16.351805],[81.407639,16.343748],[81.54097,16.358749],[81.559593,16.35153],[81.563187,16.345139],[81.683746,16.33292],[81.719582,16.319031],[81.720413,16.310421],[81.854042,16.37459],[81.94458,16.395418],[82.020973,16.431528],[82.032639,16.44486],[82.109024,16.480694],[82.11264,16.488472],[82.118752,16.485416],[82.224297,16.53792],[82.310417,16.568201],[82.306526,16.574581],[82.307083,16.56921],[82.292358,16.563751],[82.273483,16.559858],[82.267914,16.564585],[82.277641,16.570972],[82.289024,16.570694],[82.299309,16.59181],[82.294029,16.60264],[82.266525,16.595972],[82.259865,16.586805],[82.265976,16.597368],[82.286804,16.601252],[82.292358,16.607641],[82.278748,16.635695],[82.256813,16.64208],[82.254303,16.656803],[82.261528,16.66847],[82.257919,16.689859],[82.253448,16.68972],[82.215439,16.709761],[82.179077,16.716301],[82.188751,16.727213],[82.211136,16.74822],[82.219788,16.744869],[82.214783,16.725201],[82.244949,16.71896],[82.28508,16.734509],[82.297737,16.740379],[82.299515,16.714333]]]]},"properties":{"name":"Andhra Pradesh","type":"State"}},
{"type":"Feature","geometry":{"type":"Polygon","coordinates":[[[96.157776,29.383101],[96.092819,29.45643],[96.06945,29.462273],[96.034721,29.442989],[96.002487,29.412071],[95.935379,29.384251],[95.889313,29.391361],[95.85894,29.36751],[95.826813,29.355711],[95.803497,29.340075],[95.791023,29.337898],[95.777626,29.3564],[95.715172,29.2983],[95.697342,29.294588],[95.673233,29.271099],[95.642883,29.256029],[95.593033,29.25423],[95.5858,29.217993],[95.545029,29.21559],[95.541557,29.19698],[95.546562,29.14575],[95.527786,29.134743],[95.49633,29.14031],[95.482986,29.071131],[95.447426,29.036013],[95.421547,29.04121],[95.399963,29.0354],[95.286186,29.06222],[95.266556,29.05765],[95.24971,29.07658],[95.247856,29.093773],[95.216713,29.108471],[95.145927,29.11561],[95.108887,29.129021],[95.092117,29.144358],[95.054337,29.15008],[94.986687,29.173538],[95.010406,29.151859],[95.022797,29.130621],[94.970978,29.15624],[94.9188,29.1623],[94.881157,29.181789],[94.846588,29.182991],[94.82029,29.170959],[94.792923,29.169741],[94.797897,29.20999],[94.782768,29.233191],[94.715866,29.300133],[94.641457,29.34692],[94.623703,29.336771],[94.61071,29.301163],[94.573891,29.275171],[94.572083,29.25057],[94.557899,29.22891],[94.514008,29.217201],[94.431183,29.226822],[94.372276,29.190229],[94.363701,29.157221],[94.356926,29.15259],[94.297577,29.150551],[94.224716,29.09001],[94.179459,29.028551],[94.155136,28.954762],[94.058113,28.88756],[93.998001,28.83112],[93.985573,28.80677],[94.001633,28.784281],[93.990356,28.765631],[93.965111,28.74299],[93.960289,28.71306],[93.934563,28.677099],[93.904129,28.676661],[93.849663,28.706991],[93.818787,28.694891],[93.775177,28.668518],[93.74733,28.68321],[93.725029,28.688219],[93.606987,28.655878],[93.524467,28.66128],[93.518433,28.67383],[93.50087,28.682093],[93.485565,28.681103],[93.475502,28.66231],[93.462563,28.65703],[93.44133,28.67256],[93.429802,28.66231],[93.395393,28.650356],[93.361771,28.640829],[93.336906,28.64016],[93.31958,28.60701],[93.299873,28.59955],[93.305267,28.566259],[93.26963,28.501141],[93.236389,28.483242],[93.181068,28.432741],[93.216057,28.41367],[93.22226,28.377941],[93.218979,28.333731],[93.179787,28.317211],[93.129066,28.32649],[93.110687,28.314791],[93.021912,28.299931],[93.025658,28.28664],[93.02034,28.252298],[92.994659,28.230261],[92.985962,28.25131],[92.955521,28.258329],[92.927719,28.244139],[92.905327,28.21524],[92.8526,28.185232],[92.821266,28.17392],[92.819321,28.197411],[92.799637,28.20223],[92.736557,28.15155],[92.684906,28.123425],[92.662933,28.062771],[92.702469,28.04084],[92.739487,27.98941],[92.713852,27.94928],[92.674156,27.906],[92.631592,27.887291],[92.585747,27.856871],[92.560692,27.821041],[92.534477,27.824331],[92.501328,27.841501],[92.454933,27.803263],[92.413857,27.82304],[92.382957,27.815571],[92.369629,27.793303],[92.328926,27.783548],[92.284691,27.80756],[92.26738,27.853939],[92.246277,27.86352],[92.210396,27.85899],[92.170883,27.842913],[92.119957,27.8106],[92.067627,27.76787],[92.037773,27.7572],[91.994972,27.768419],[91.955589,27.750669],[91.945061,27.728691],[91.915009,27.718161],[91.90226,27.72707],[91.875778,27.726009],[91.860527,27.736933],[91.851196,27.76506],[91.833488,27.779888],[91.82795,27.80755],[91.758133,27.801298],[91.709572,27.81329],[91.661957,27.85824],[91.564407,27.85273],[91.543892,27.855555],[91.560486,27.821409],[91.578011,27.813917],[91.615105,27.811245],[91.629578,27.7941],[91.636414,27.753107],[91.614532,27.69599],[91.596375,27.692564],[91.557739,27.633467],[91.571068,27.61286],[91.562004,27.584209],[91.591446,27.5438],[91.609253,27.541628],[91.628189,27.508081],[91.660423,27.486231],[91.690086,27.50275],[91.733276,27.47023],[91.756592,27.473312],[91.771156,27.464975],[91.80941,27.472601],[91.828201,27.469006],[91.849136,27.482552],[91.922737,27.47135],[91.949402,27.46085],[92.018761,27.479746],[92.019188,27.44762],[92.038757,27.43651],[92.042076,27.41284],[92.054474,27.400118],[92.046379,27.368361],[92.077988,27.310289],[92.11734,27.292826],[92.119026,27.27589],[92.095039,27.273041],[92.072739,27.276848],[92.039597,27.266672],[92.066048,27.23946],[92.066734,27.214928],[92.056236,27.18959],[92.041008,27.18132],[92.023376,27.162334],[92.030579,27.147152],[92.03096,27.130381],[92.022491,27.108156],[92.027954,27.080206],[92.044907,27.05197],[92.070618,27.045408],[92.079803,27.020609],[92.103287,27.00775],[92.113602,26.91954],[92.108177,26.894129],[92.124191,26.889761],[92.194847,26.891001],[92.26123,26.90877],[92.27639,26.90247],[92.300537,26.90814],[92.320053,26.928381],[92.364433,26.932699],[92.411888,26.944191],[92.446167,26.96064],[92.483757,26.964741],[92.515442,26.96442],[92.585213,26.961863],[92.644203,27.00251],[92.65049,27.024778],[92.682388,27.03174],[92.727509,27.0284],[92.824417,27.01848],[92.883377,27.00234],[92.899773,26.996262],[92.91777,26.964241],[92.986687,26.93383],[92.997437,26.930349],[93.060173,26.921181],[93.091873,26.915541],[93.222389,26.949141],[93.374237,26.960381],[93.447868,26.954151],[93.480293,26.94018],[93.525841,26.948631],[93.584221,26.952648],[93.640167,26.964781],[93.696556,26.992378],[93.705681,27.003681],[93.718933,27.01922],[93.746429,27.03241],[93.770073,27.05558],[93.7724,27.062302],[93.777946,27.052771],[93.781166,27.06082],[93.78511,27.058359],[93.791191,27.054569],[93.798058,27.070942],[93.802132,27.061762],[93.810188,27.06814],[93.818787,27.064932],[93.825493,27.072123],[93.82901,27.072123],[93.836746,27.078213],[93.836212,27.086479],[93.826637,27.09938],[93.821953,27.12203],[93.813156,27.12376],[93.814232,27.130821],[93.805809,27.13475],[93.798431,27.134399],[93.801437,27.137911],[93.807297,27.150141],[93.82666,27.169371],[93.839882,27.173458],[93.867447,27.198841],[93.892982,27.23097],[93.933907,27.268341],[93.972672,27.30834],[93.990181,27.32465],[94.000687,27.330139],[94.025833,27.3477],[94.048317,27.358749],[94.063148,27.368912],[94.086349,27.40456],[94.106522,27.418051],[94.135857,27.44586],[94.160202,27.466471],[94.164223,27.480989],[94.186897,27.49081],[94.210655,27.497904],[94.221672,27.50703],[94.262512,27.52743],[94.2565,27.557428],[94.226479,27.57563],[94.225311,27.59524],[94.213509,27.604422],[94.22596,27.61799],[94.247269,27.635811],[94.255989,27.636553],[94.266708,27.632561],[94.257103,27.61912],[94.272453,27.60347],[94.287659,27.591791],[94.298019,27.604271],[94.312408,27.589651],[94.329056,27.58839],[94.362198,27.580231],[94.420929,27.601341],[94.43605,27.584421],[94.453468,27.57094],[94.469307,27.564013],[94.536591,27.596991],[94.573532,27.60697],[94.591469,27.62281],[94.60408,27.6231],[94.624977,27.630119],[94.639793,27.63096],[94.664642,27.64786],[94.68251,27.64959],[94.683876,27.66334],[94.713066,27.660261],[94.72554,27.67034],[94.742668,27.663422],[94.76432,27.674561],[94.776451,27.683378],[94.795349,27.698078],[94.818031,27.69684],[94.848793,27.710682],[94.866028,27.73624],[94.930031,27.756731],[95.01915,27.772499],[95.048866,27.786461],[95.236542,27.848351],[95.316559,27.87113],[95.52623,27.8979],[95.544342,27.905783],[95.580536,27.943562],[95.606743,27.957769],[95.977463,27.9685],[95.951553,27.939171],[95.957542,27.93288],[95.952492,27.922819],[95.938332,27.903271],[95.923927,27.896],[95.923752,27.890331],[95.918663,27.88278],[95.914093,27.874651],[95.907227,27.868641],[95.895027,27.867222],[95.876572,27.84177],[95.852097,27.83411],[95.834976,27.815771],[95.811317,27.79372],[95.800949,27.776861],[95.780533,27.758221],[95.771881,27.73451],[95.758713,27.726681],[95.770523,27.716],[95.772667,27.699951],[95.793129,27.69227],[95.785492,27.68326],[95.777847,27.66626],[95.794853,27.6528],[95.79734,27.639561],[95.785042,27.627399],[95.796066,27.618191],[95.816826,27.605438],[95.820259,27.595572],[95.827728,27.581751],[95.839897,27.56661],[95.862358,27.552601],[95.881332,27.55323],[95.880806,27.522511],[95.887108,27.511271],[95.880463,27.501101],[95.881256,27.487421],[95.866066,27.469023],[95.863792,27.45203],[95.852913,27.444759],[95.855736,27.42767],[95.867332,27.41715],[95.863243,27.424858],[95.882591,27.44408],[95.88942,27.431629],[95.894257,27.414383],[95.900101,27.411331],[95.911171,27.43996],[95.943001,27.44639],[95.953506,27.440771],[95.957291,27.43288],[95.967033,27.436661],[95.973297,27.43675],[95.980232,27.43022],[95.979523,27.42185],[95.990936,27.414572],[96.000069,27.39757],[96.010567,27.381283],[96.018356,27.367901],[96.002113,27.364128],[95.993683,27.35144],[95.970016,27.336981],[95.978043,27.332691],[95.967857,27.32457],[95.963219,27.317068],[95.912292,27.29314],[95.904533,27.28624],[95.898109,27.264311],[95.882431,27.266941],[95.86544,27.276682],[95.861923,27.29003],[95.837936,27.287071],[95.806503,27.288012],[95.790802,27.28546],[95.739929,27.26989],[95.725487,27.25923],[95.701881,27.25564],[95.679398,27.256163],[95.634132,27.239811],[95.599167,27.22961],[95.5783,27.247141],[95.556137,27.25437],[95.529716,27.26907],[95.516182,27.268631],[95.506279,27.25462],[95.480553,27.23234],[95.470673,27.223211],[95.4589,27.20957],[95.468643,27.1905],[95.46801,27.172291],[95.4599,27.160419],[95.465851,27.1548],[95.457787,27.135641],[95.447136,27.13833],[95.429192,27.13405],[95.396149,27.11447],[95.376976,27.10218],[95.368301,27.107363],[95.371269,27.111401],[95.335106,27.095921],[95.309677,27.081131],[95.277832,27.056768],[95.270973,27.045071],[95.259949,27.038973],[95.24823,27.030252],[95.234718,27.043579],[95.229469,27.040171],[95.219696,27.036791],[95.203796,27.043001],[95.195518,27.04295],[95.197617,27.01569],[95.196266,26.99781],[95.207756,26.984701],[95.206558,26.978821],[95.213669,26.968121],[95.208511,26.96073],[95.212196,26.94335],[95.225563,26.934429],[95.233963,26.920601],[95.232086,26.914831],[95.231323,26.89835],[95.217827,26.886869],[95.206429,26.877871],[95.193047,26.85117],[95.197708,26.85154],[95.206413,26.846281],[95.200562,26.83289],[95.206841,26.811691],[95.22747,26.792341],[95.241722,26.78693],[95.234673,26.78035],[95.233177,26.771931],[95.2201,26.759821],[95.220978,26.747431],[95.228203,26.723848],[95.233696,26.6971],[95.237633,26.686291],[95.250786,26.69239],[95.272026,26.662821],[95.308411,26.657721],[95.324417,26.669083],[95.365433,26.67757],[95.428856,26.700041],[95.46566,26.75041],[95.48349,26.75499],[95.530243,26.826792],[95.554756,26.839569],[95.568512,26.82991],[95.592262,26.82303],[95.617981,26.829851],[95.62812,26.843849],[95.636757,26.87929],[95.646446,26.882879],[95.668198,26.90834],[95.692276,26.89992],[95.711418,26.88443],[95.72113,26.883631],[95.745079,26.9009],[95.757248,26.920401],[95.756737,26.94022],[95.771729,26.978642],[95.804863,27.011999],[95.900688,27.03178],[95.945969,27.05971],[95.989586,27.125191],[96.016937,27.154791],[96.029793,27.18779],[96.068977,27.21319],[96.114502,27.233311],[96.181168,27.254261],[96.234329,27.28488],[96.267433,27.27784],[96.290428,27.294071],[96.320396,27.298019],[96.347717,27.288391],[96.373703,27.298931],[96.401733,27.298561],[96.466667,27.31105],[96.486031,27.305231],[96.505386,27.3076],[96.522331,27.29397],[96.561829,27.325253],[96.596321,27.342609],[96.602516,27.360651],[96.610771,27.367308],[96.630371,27.37183],[96.676193,27.370899],[96.699097,27.365561],[96.712547,27.38073],[96.740692,27.36446],[96.785316,27.35881],[96.805847,27.35043],[96.817101,27.32954],[96.851776,27.300411],[96.861717,27.272511],[96.885101,27.26796],[96.890007,27.23687],[96.8741,27.22669],[96.863579,27.2122],[96.875633,27.19356],[96.902733,27.180779],[96.973511,27.171053],[97.020996,27.145451],[97.063019,27.111082],[97.084282,27.11195],[97.108559,27.12126],[97.130989,27.103741],[97.146935,27.104033],[97.155907,27.126381],[97.171738,27.13681],[97.155998,27.16218],[97.125687,27.192389],[97.116699,27.209221],[97.095146,27.22143],[97.089371,27.25082],[97.068512,27.267521],[97.040329,27.307859],[97.003342,27.329941],[96.997467,27.355101],[96.969009,27.386271],[96.965523,27.415359],[96.917557,27.45886],[96.910812,27.4746],[96.913857,27.488413],[96.936386,27.523251],[96.91581,27.558283],[96.910118,27.589922],[96.899101,27.600458],[96.900581,27.624269],[96.919449,27.631451],[96.938873,27.66074],[96.958656,27.67428],[96.982559,27.67977],[97.015747,27.740631],[97.067543,27.759722],[97.091423,27.748461],[97.101196,27.767231],[97.09964,27.784405],[97.163971,27.826771],[97.241241,27.895451],[97.280746,27.91955],[97.308708,27.92996],[97.335579,27.893169],[97.364799,27.88513],[97.389023,27.896379],[97.378563,27.918011],[97.387657,27.930731],[97.378067,27.986151],[97.38884,28.006201],[97.415161,28.02408],[97.398567,28.034111],[97.377068,28.039091],[97.37352,28.070238],[97.318863,28.06706],[97.308113,28.085728],[97.340027,28.12455],[97.327057,28.15431],[97.363571,28.196468],[97.387192,28.19451],[97.400566,28.2005],[97.377007,28.223419],[97.306328,28.263968],[97.268127,28.278261],[97.234192,28.28079],[97.214027,28.299051],[97.183037,28.296322],[97.169373,28.302252],[97.151993,28.33403],[97.125938,28.35622],[97.092567,28.369692],[97.041351,28.349211],[97.02269,28.32626],[96.986992,28.322191],[96.925903,28.34503],[96.91996,28.36335],[96.898666,28.3859],[96.826477,28.367203],[96.782578,28.37039],[96.751053,28.421713],[96.716873,28.432949],[96.660088,28.466351],[96.598663,28.46623],[96.510262,28.418308],[96.479988,28.42461],[96.453827,28.415649],[96.431999,28.391731],[96.428726,28.372511],[96.412712,28.346731],[96.380013,28.364092],[96.361847,28.393751],[96.315323,28.38842],[96.304642,28.40472],[96.263771,28.41338],[96.366959,28.47953],[96.371712,28.496771],[96.352997,28.5149],[96.331139,28.5266],[96.334816,28.53853],[96.367973,28.563532],[96.394218,28.562698],[96.4067,28.571501],[96.400917,28.594311],[96.422501,28.58503],[96.495163,28.643761],[96.47274,28.68821],[96.498413,28.69257],[96.527206,28.710218],[96.572327,28.71471],[96.609436,28.753382],[96.615997,28.77858],[96.603836,28.80442],[96.575859,28.83049],[96.537453,28.884121],[96.538727,28.920982],[96.521217,28.96521],[96.487526,28.96534],[96.481384,28.981613],[96.484253,29.005342],[96.5252,29.079281],[96.477158,29.060141],[96.449799,29.042311],[96.368736,29.03495],[96.341393,29.027901],[96.293701,28.99873],[96.248299,28.942841],[96.204651,28.919161],[96.166527,28.90593],[96.155342,28.928329],[96.15406,28.94651],[96.180443,28.96854],[96.180229,28.999411],[96.136711,29.06447],[96.15554,29.085661],[96.17981,29.0921],[96.205032,29.114441],[96.217499,29.1381],[96.260201,29.16016],[96.290581,29.162148],[96.358498,29.181629],[96.369354,29.213799],[96.387711,29.233711],[96.392807,29.2565],[96.369026,29.286301],[96.350746,29.271891],[96.312607,29.2591],[96.282799,29.235331],[96.250839,29.233238],[96.203239,29.293619],[96.183083,29.309252],[96.180321,29.355501],[96.157776,29.383101]]]},"properties":{"name":"Arunachal Pradesh","type":"State"}},
{"type":"Feature","geometry":{"type":"MultiPolygon","coordinates":[[[[89.871452,25.537298],[89.858566,25.53652],[89.863007,25.504681],[89.85511,25.476049],[89.868713,25.47636],[89.880043,25.4956],[89.870323,25.52149],[89.871452,25.537298]]],[[[93.465591,25.299051],[93.463127,25.31986],[93.461937,25.33659],[93.453743,25.34812],[93.478218,25.379883],[93.467186,25.403061],[93.465149,25.423403],[93.443596,25.450609],[93.42202,25.4548],[93.39592,25.464121],[93.391037,25.478043],[93.3871,25.490311],[93.371819,25.501131],[93.350166,25.53367],[93.344582,25.536079],[93.331741,25.54681],[93.345467,25.561121],[93.360703,25.560438],[93.365158,25.569761],[93.375992,25.571041],[93.382698,25.57618],[93.38311,25.5828],[93.390053,25.594721],[93.409248,25.60041],[93.407639,25.609421],[93.416779,25.614889],[93.42247,25.622261],[93.434181,25.629869],[93.441521,25.634781],[93.46196,25.63339],[93.457138,25.640591],[93.468529,25.643761],[93.483353,25.645769],[93.499916,25.656521],[93.510193,25.671021],[93.516838,25.68807],[93.528557,25.693769],[93.545929,25.71019],[93.546196,25.721519],[93.549881,25.732441],[93.561943,25.74095],[93.57325,25.760799],[93.58712,25.765551],[93.593712,25.76429],[93.605568,25.76746],[93.611412,25.776491],[93.621132,25.785231],[93.627533,25.79863],[93.633347,25.805241],[93.640297,25.813431],[93.648491,25.823971],[93.672562,25.828121],[93.682503,25.8407],[93.693771,25.84725],[93.703636,25.849701],[93.706436,25.853291],[93.687683,25.909441],[93.712509,25.92267],[93.73645,25.930538],[93.752022,25.939602],[93.762787,25.954929],[93.769547,25.957991],[93.780281,25.960609],[93.789421,25.952581],[93.793266,25.936741],[93.798332,25.909693],[93.795143,25.898041],[93.787453,25.878929],[93.791817,25.869692],[93.781471,25.85927],[93.783806,25.84996],[93.782593,25.838221],[93.788757,25.826019],[93.795761,25.81435],[93.81884,25.826229],[93.832741,25.856251],[93.868729,25.85541],[93.88855,25.852461],[93.898613,25.86375],[93.915901,25.887663],[93.940193,25.900961],[93.960754,25.905855],[93.979393,25.91968],[93.970848,25.95326],[93.958046,25.981571],[93.955986,26.00457],[93.962662,26.02216],[93.972633,26.044962],[93.991119,26.072639],[93.986427,26.088301],[93.992172,26.09783],[94.002167,26.11138],[93.994957,26.115702],[93.996483,26.12237],[93.998306,26.13098],[93.993202,26.13739],[94.003098,26.139021],[94.002907,26.151339],[94.003899,26.16938],[94.013,26.186281],[94.031097,26.19939],[94.041786,26.233891],[94.052856,26.255791],[94.076019,26.269239],[94.080063,26.288811],[94.104477,26.322041],[94.118408,26.32272],[94.11937,26.3337],[94.138771,26.341553],[94.142242,26.33604],[94.154533,26.339981],[94.175507,26.344219],[94.175339,26.355131],[94.164467,26.360121],[94.175491,26.374451],[94.176941,26.399561],[94.176521,26.42807],[94.201118,26.4699],[94.223618,26.50057],[94.244827,26.51692],[94.262573,26.543949],[94.289787,26.56411],[94.284836,26.555363],[94.287071,26.514961],[94.292427,26.49003],[94.310982,26.466061],[94.324303,26.470701],[94.329323,26.483841],[94.343407,26.49004],[94.351822,26.499203],[94.353722,26.50481],[94.358749,26.509142],[94.377617,26.513121],[94.378273,26.525261],[94.396561,26.529732],[94.402481,26.538801],[94.406746,26.54825],[94.404793,26.555231],[94.411957,26.558451],[94.409309,26.568991],[94.406006,26.601931],[94.409882,26.61644],[94.45681,26.636641],[94.464462,26.640369],[94.458572,26.65535],[94.467941,26.669821],[94.498268,26.673712],[94.509949,26.68343],[94.520096,26.70145],[94.540871,26.709633],[94.554672,26.708441],[94.564728,26.706001],[94.566086,26.689928],[94.571503,26.696222],[94.588982,26.70244],[94.595016,26.71236],[94.603722,26.716171],[94.603188,26.72381],[94.595177,26.729891],[94.610062,26.740103],[94.617401,26.730551],[94.622719,26.71953],[94.640289,26.72397],[94.658539,26.7248],[94.691483,26.73576],[94.719696,26.758039],[94.737732,26.76885],[94.745796,26.782141],[94.756371,26.772268],[94.76236,26.77993],[94.773087,26.794962],[94.79496,26.803732],[94.801613,26.81381],[94.809181,26.82328],[94.815407,26.836809],[94.821732,26.84931],[94.83226,26.862711],[94.84584,26.876791],[94.859009,26.89328],[94.869637,26.915009],[94.89447,26.93733],[94.913857,26.94257],[94.928162,26.952101],[94.941223,26.939272],[94.964172,26.940641],[94.970673,26.928362],[94.985672,26.918249],[94.991188,26.92292],[95.005791,26.92487],[95.028557,26.93251],[95.065338,26.948191],[95.11322,26.972321],[95.126381,26.98691],[95.149483,26.99984],[95.198456,27.04443],[95.207687,27.034781],[95.222633,27.040892],[95.232147,27.042921],[95.237877,27.043221],[95.252197,27.031919],[95.262627,27.04101],[95.277626,27.04977],[95.287918,27.06632],[95.313179,27.08674],[95.348602,27.104761],[95.370667,27.110149],[95.373657,27.108],[95.385468,27.105091],[95.406311,27.11832],[95.440987,27.132811],[95.450752,27.13884],[95.461067,27.140221],[95.465073,27.15761],[95.45871,27.163288],[95.463669,27.182121],[95.465813,27.19743],[95.459709,27.21343],[95.4739,27.22365],[95.487228,27.246031],[95.510643,27.25898],[95.520462,27.263741],[95.534813,27.27062],[95.563263,27.252502],[95.577881,27.242151],[95.607353,27.231373],[95.637001,27.23691],[95.684418,27.25741],[95.715492,27.2591],[95.73188,27.266541],[95.757011,27.274351],[95.800758,27.2887],[95.808487,27.28544],[95.850227,27.29315],[95.860641,27.283421],[95.872383,27.266911],[95.887657,27.263321],[95.901161,27.276388],[95.90239,27.28783],[95.918747,27.299223],[95.965569,27.321663],[95.969032,27.328409],[95.984207,27.334341],[95.974213,27.339361],[95.994873,27.360241],[96.003143,27.36446],[96.020912,27.37126],[95.991226,27.419399],[95.978073,27.425331],[95.977829,27.432291],[95.971779,27.43037],[95.963577,27.43548],[95.952972,27.433281],[95.953072,27.443451],[95.933273,27.446688],[95.907967,27.43264],[95.893059,27.40604],[95.894379,27.418289],[95.890373,27.439671],[95.875771,27.435358],[95.864227,27.421318],[95.857956,27.420681],[95.849342,27.430321],[95.855171,27.447371],[95.859459,27.46261],[95.876259,27.471109],[95.879158,27.49267],[95.886047,27.503563],[95.881798,27.515091],[95.879921,27.529791],[95.873619,27.55117],[95.852097,27.565651],[95.836288,27.571178],[95.821243,27.58172],[95.824196,27.60301],[95.809608,27.60527],[95.794296,27.62237],[95.787346,27.632299],[95.799591,27.642969],[95.786232,27.655661],[95.778473,27.67235],[95.794533,27.684191],[95.778763,27.694391],[95.773361,27.705351],[95.770393,27.72003],[95.758217,27.73111],[95.784798,27.73978],[95.788826,27.765053],[95.806366,27.783581],[95.823128,27.80925],[95.843369,27.82147],[95.866333,27.838461],[95.892097,27.85704],[95.897636,27.86747],[95.906181,27.87723],[95.912918,27.878139],[95.922623,27.886181],[95.927353,27.88726],[95.925011,27.900942],[95.939316,27.909821],[95.955299,27.926821],[95.95755,27.93708],[95.952316,27.941841],[95.956886,27.96913],[95.596947,27.95113],[95.571213,27.942381],[95.5438,27.91346],[95.543533,27.902323],[95.515953,27.881788],[95.308472,27.867821],[95.194862,27.83445],[95.038757,27.777731],[94.997879,27.77655],[94.883942,27.74206],[94.860718,27.733381],[94.839386,27.703541],[94.800217,27.69709],[94.79406,27.69322],[94.772163,27.683969],[94.75956,27.66844],[94.73703,27.665649],[94.720703,27.669991],[94.698082,27.667101],[94.686508,27.657143],[94.675743,27.650652],[94.648422,27.642071],[94.634453,27.628771],[94.614067,27.62574],[94.600609,27.621931],[94.586296,27.62011],[94.569473,27.606352],[94.551712,27.60405],[94.483109,27.577202],[94.45974,27.557711],[94.449608,27.575041],[94.430588,27.59646],[94.403183,27.587191],[94.384377,27.58646],[94.372307,27.579269],[94.355698,27.577381],[94.323738,27.58717],[94.308357,27.595581],[94.292892,27.600361],[94.276031,27.593349],[94.261887,27.6101],[94.262222,27.624519],[94.262787,27.636021],[94.252228,27.64093],[94.245071,27.63587],[94.217438,27.609001],[94.222923,27.60074],[94.221443,27.587912],[94.234146,27.571461],[94.255737,27.55076],[94.259727,27.523491],[94.215401,27.503139],[94.195229,27.497459],[94.174713,27.484072],[94.157211,27.478048],[94.154457,27.460461],[94.123337,27.43498],[94.099922,27.413919],[94.072449,27.383013],[94.060928,27.36356],[94.041641,27.353291],[94.009789,27.33889],[93.997803,27.32786],[93.985672,27.32058],[93.95652,27.29476],[93.890976,27.230181],[93.85746,27.191101],[93.836998,27.172079],[93.817017,27.158241],[93.806808,27.147209],[93.798241,27.137161],[93.800247,27.132629],[93.81385,27.128618],[93.814957,27.122608],[93.825493,27.119341],[93.831322,27.09244],[93.834366,27.08285],[93.835022,27.074991],[93.828247,27.068951],[93.824577,27.07217],[93.815712,27.065451],[93.808548,27.062571],[93.799423,27.066872],[93.797096,27.070883],[93.787422,27.05423],[93.783211,27.06719],[93.779137,27.05829],[93.775436,27.056219],[93.77179,27.055519],[93.768196,27.055519],[93.742577,27.029713],[93.705566,27.008329],[93.700951,26.997103],[93.675781,26.971071],[93.624496,26.964211],[93.570793,26.954123],[93.489357,26.93853],[93.468109,26.93889],[93.436661,26.956091],[93.347939,26.963242],[93.18428,26.93874],[93.076363,26.919941],[93.038208,26.917881],[92.995796,26.930321],[92.982719,26.93594],[92.961617,26.945881],[92.926407,26.960661],[92.914948,26.969761],[92.890289,26.999821],[92.872437,27.0077],[92.785271,27.03068],[92.713676,27.026091],[92.658928,27.038521],[92.639099,27.018539],[92.645309,26.995611],[92.553612,26.95907],[92.50502,26.96677],[92.466293,26.96306],[92.442169,26.955023],[92.399757,26.926271],[92.35305,26.93557],[92.302856,26.92421],[92.290077,26.90546],[92.267868,26.905083],[92.254562,26.91223],[92.17717,26.892481],[92.147926,26.890888],[92.120369,26.890301],[92.09864,26.881878],[92.082466,26.86212],[92.060898,26.850161],[91.994171,26.855251],[91.972801,26.86692],[91.953979,26.887741],[91.909317,26.910351],[91.883461,26.916201],[91.866241,26.91428],[91.801971,26.85206],[91.757896,26.828814],[91.709518,26.81196],[91.612167,26.816792],[91.590767,26.80477],[91.510948,26.792833],[91.467773,26.797998],[91.411377,26.833632],[91.401749,26.834684],[91.38475,26.80933],[91.359642,26.789478],[91.327454,26.780455],[91.289566,26.788879],[91.249123,26.806295],[91.129738,26.808479],[91.096596,26.819803],[91.057556,26.78231],[91.030899,26.780888],[90.987381,26.787531],[90.699867,26.768015],[90.679382,26.780243],[90.656906,26.776201],[90.630318,26.79167],[90.559937,26.801018],[90.422096,26.898148],[90.364021,26.89805],[90.311699,26.850851],[90.301506,26.84823],[90.244316,26.857931],[90.214821,26.853701],[90.191879,26.82729],[90.182564,26.804111],[90.187134,26.781731],[90.160858,26.760492],[90.114334,26.745083],[90.050591,26.729872],[89.997475,26.731785],[89.939857,26.72298],[89.881241,26.728186],[89.862389,26.737003],[89.859726,26.70862],[89.871429,26.683531],[89.868286,26.660761],[89.876373,26.6495],[89.861267,26.635559],[89.859001,26.61721],[89.877228,26.61305],[89.872543,26.59757],[89.877548,26.584242],[89.861526,26.57456],[89.862267,26.537291],[89.8535,26.517233],[89.852692,26.48778],[89.869431,26.457281],[89.849808,26.414209],[89.83329,26.412291],[89.827972,26.393478],[89.850327,26.398281],[89.855072,26.38203],[89.840927,26.37776],[89.827873,26.381121],[89.82341,26.355249],[89.815567,26.35146],[89.811546,26.36071],[89.820419,26.370621],[89.780891,26.352171],[89.781036,26.33584],[89.768532,26.323803],[89.751663,26.322161],[89.75914,26.292591],[89.748886,26.2894],[89.731796,26.2929],[89.719803,26.298632],[89.717827,26.3057],[89.717056,26.293053],[89.737457,26.271101],[89.732277,26.26034],[89.711426,26.263269],[89.708946,26.270821],[89.700996,26.25919],[89.71537,26.256491],[89.715027,26.248972],[89.728767,26.238201],[89.712807,26.22897],[89.705559,26.21706],[89.697227,26.21723],[89.703079,26.213291],[89.731277,26.214911],[89.725662,26.206079],[89.71727,26.20561],[89.716133,26.191328],[89.708221,26.186838],[89.697578,26.190861],[89.702538,26.17712],[89.733757,26.17337],[89.725098,26.17161],[89.719749,26.164721],[89.722672,26.154961],[89.750923,26.155611],[89.770599,26.12421],[89.760605,26.112333],[89.762817,26.107161],[89.789261,26.102713],[89.785889,26.083351],[89.794533,26.087231],[89.798508,26.08387],[89.795792,26.07686],[89.803802,26.05929],[89.788292,26.054359],[89.792221,26.04838],[89.777931,26.035706],[89.790176,26.03961],[89.793671,26.034151],[89.799713,26.0411],[89.804687,26.0375],[89.791367,26.01799],[89.799316,26.019171],[89.809731,26.041401],[89.814819,26.040751],[89.823639,26.01293],[89.820366,25.987692],[89.834763,25.980061],[89.839226,25.983231],[89.835831,26.00119],[89.8414,26.009863],[89.853127,25.987547],[89.874367,25.977659],[89.874298,25.97056],[89.844017,25.966101],[89.851303,25.94775],[89.831367,25.950621],[89.828346,25.945341],[89.847313,25.93598],[89.878853,25.943192],[89.890358,25.940229],[89.881477,25.919338],[89.839813,25.87158],[89.839729,25.856241],[89.830513,25.853291],[89.81694,25.812962],[89.830063,25.807451],[89.843567,25.76824],[89.844208,25.75498],[89.830353,25.735029],[89.831802,25.725],[89.836319,25.71456],[89.855659,25.707109],[89.852921,25.687431],[89.875137,25.65597],[89.886116,25.62509],[89.886383,25.608089],[89.870102,25.544222],[89.88636,25.557871],[89.926056,25.56353],[89.949379,25.568251],[89.972809,25.57461],[89.989502,25.58881],[90.005821,25.588369],[90.01844,25.608391],[89.999336,25.621851],[89.982307,25.628431],[89.941849,25.673651],[89.93235,25.68996],[89.918503,25.702688],[89.904877,25.714781],[89.895416,25.74412],[89.916138,25.739191],[89.93351,25.744551],[89.94352,25.760542],[89.955246,25.77446],[89.950813,25.791981],[89.945618,25.816101],[89.950569,25.824871],[89.973549,25.82814],[89.994713,25.83876],[89.999832,25.843691],[90.000267,25.8486],[90.020767,25.86161],[90.018723,25.87137],[90.004738,25.878681],[90.027916,25.89431],[90.052193,25.898689],[90.063309,25.915548],[90.077972,25.917681],[90.096123,25.93952],[90.10537,25.941931],[90.113777,25.957439],[90.12323,25.957163],[90.14003,25.958139],[90.154488,25.960211],[90.168488,25.95738],[90.180527,25.947001],[90.189453,25.953239],[90.211121,25.955641],[90.277817,25.963173],[90.329056,25.982698],[90.339317,25.996861],[90.36499,26.010321],[90.393951,26.014101],[90.400192,26.009281],[90.41394,26.00132],[90.428627,25.98904],[90.457916,26.001341],[90.470901,26.0126],[90.489586,26.00964],[90.500137,26.001362],[90.524063,25.9699],[90.534798,25.945641],[90.526161,25.92828],[90.512543,25.89624],[90.533607,25.9088],[90.572739,25.944],[90.582458,25.959791],[90.601936,25.95178],[90.607567,25.91958],[90.610748,25.90745],[90.626717,25.90136],[90.627327,25.91699],[90.670189,25.934259],[90.713097,25.952183],[90.725403,25.948771],[90.743553,25.956673],[90.74379,25.94943],[90.744133,25.932791],[90.75264,25.93396],[90.74234,25.912951],[90.758949,25.92164],[90.769051,25.90851],[90.781677,25.921249],[90.808693,25.947189],[90.823883,25.945101],[90.836197,25.94726],[90.841042,25.943171],[90.869606,25.9424],[90.875237,25.94912],[90.88298,25.95175],[90.901192,25.92959],[90.919113,25.913311],[90.918343,25.943161],[90.937492,25.944761],[90.95385,25.936703],[90.966896,25.905331],[90.967453,25.88718],[90.984802,25.889933],[91.013733,25.884319],[91.02829,25.888571],[91.02652,25.866621],[91.013107,25.857191],[91.001587,25.8258],[91.012703,25.821091],[91.041969,25.839401],[91.078537,25.852619],[91.067513,25.836309],[91.049881,25.828899],[91.066536,25.82576],[91.126343,25.8382],[91.145393,25.84734],[91.16819,25.845631],[91.185471,25.84997],[91.19812,25.854832],[91.194519,25.83061],[91.188156,25.815571],[91.184746,25.795031],[91.181183,25.77335],[91.189178,25.76347],[91.191986,25.729582],[91.221443,25.726049],[91.255371,25.747829],[91.276466,25.751671],[91.296898,25.77825],[91.336426,25.838409],[91.363701,25.84049],[91.382118,25.846939],[91.40509,25.84988],[91.424301,25.853559],[91.444397,25.841021],[91.468727,25.85903],[91.48304,25.8629],[91.512756,25.866558],[91.525406,25.87289],[91.532059,25.888151],[91.522217,25.885933],[91.51355,25.870951],[91.49369,25.865528],[91.475937,25.878038],[91.488533,25.89485],[91.503258,25.89216],[91.52478,25.92079],[91.521698,25.92485],[91.505577,25.91308],[91.516289,25.93833],[91.518501,25.958151],[91.53241,25.96224],[91.548943,25.975098],[91.565369,26.001841],[91.568596,26.01195],[91.57003,26.027481],[91.588127,26.030149],[91.601868,26.022631],[91.626106,26.02397],[91.632103,26.01396],[91.624718,25.985903],[91.632141,25.970791],[91.630119,25.944639],[91.611153,25.93992],[91.647919,25.91374],[91.661942,25.90988],[91.675987,25.911833],[91.692322,25.929102],[91.708168,25.94437],[91.721626,25.965078],[91.722763,26.019798],[91.72641,26.046911],[91.731262,26.05921],[91.780426,26.088301],[91.801788,26.10494],[91.815559,26.111441],[91.853836,26.10479],[91.875237,26.08456],[91.883232,26.030001],[91.907463,26.027111],[91.919533,26.001591],[91.925827,25.999741],[91.941292,26.014002],[91.957817,26.01889],[91.987396,26.038721],[92.027893,26.0399],[92.063217,26.034718],[92.108887,26.049711],[92.127022,26.0459],[92.178307,26.07951],[92.180443,26.068501],[92.210426,26.0711],[92.241173,26.06254],[92.268646,26.067949],[92.273689,26.06502],[92.295982,26.07889],[92.301582,26.07649],[92.221687,25.998602],[92.167397,25.967699],[92.165329,25.953951],[92.156097,25.943001],[92.160172,25.925961],[92.174316,25.909189],[92.197182,25.91803],[92.2006,25.908241],[92.225479,25.907049],[92.1791,25.86791],[92.178307,25.84808],[92.153687,25.79549],[92.16423,25.728731],[92.153717,25.7227],[92.151062,25.71183],[92.164352,25.684851],[92.160698,25.67186],[92.170952,25.66688],[92.228996,25.716209],[92.234756,25.70882],[92.270523,25.710932],[92.311501,25.72608],[92.333542,25.725231],[92.386948,25.752491],[92.384956,25.744751],[92.416397,25.740499],[92.412773,25.732981],[92.432007,25.73196],[92.436447,25.715601],[92.431526,25.70425],[92.434341,25.687531],[92.459877,25.68297],[92.474663,25.673311],[92.493263,25.636131],[92.510551,25.617201],[92.540436,25.617771],[92.557617,25.611988],[92.560959,25.574251],[92.572502,25.560421],[92.587479,25.552988],[92.630569,25.570669],[92.640633,25.58737],[92.653458,25.59218],[92.660721,25.581841],[92.637627,25.528528],[92.567833,25.48077],[92.56913,25.46479],[92.601387,25.46414],[92.60701,25.418539],[92.614777,25.417431],[92.628647,25.42503],[92.629303,25.434641],[92.641632,25.419533],[92.653656,25.423941],[92.663689,25.40937],[92.673767,25.417141],[92.718102,25.374983],[92.725433,25.38043],[92.736107,25.37381],[92.760567,25.335279],[92.772453,25.339611],[92.788017,25.31761],[92.792221,25.285181],[92.779472,25.273762],[92.77224,25.233259],[92.803093,25.22151],[92.798431,25.213449],[92.779572,25.20311],[92.747139,25.207769],[92.693939,25.181351],[92.679428,25.18309],[92.666908,25.177061],[92.660812,25.162252],[92.638008,25.14522],[92.629967,25.125031],[92.553169,25.130711],[92.524666,25.14003],[92.542946,25.0996],[92.526512,25.10585],[92.484299,25.108061],[92.480179,25.08584],[92.460152,25.049591],[92.463257,25.037128],[92.44178,25.03985],[92.425903,25.03182],[92.430649,25.032261],[92.432198,25.02508],[92.423637,24.996099],[92.428551,24.97291],[92.435158,24.966379],[92.460548,24.976151],[92.471031,24.9641],[92.464706,24.954781],[92.455383,24.95833],[92.456413,24.948481],[92.473419,24.942699],[92.48114,24.94874],[92.493462,24.935921],[92.492752,24.9212],[92.501869,24.91173],[92.495163,24.898401],[92.500076,24.882481],[92.494133,24.87674],[92.461037,24.87265],[92.449181,24.877247],[92.447006,24.862921],[92.433212,24.859541],[92.428947,24.851971],[92.425926,24.860142],[92.387512,24.851139],[92.388832,24.861551],[92.347977,24.89397],[92.343422,24.87746],[92.338928,24.888613],[92.319656,24.89464],[92.299469,24.91774],[92.283096,24.904779],[92.279083,24.91003],[92.261803,24.905951],[92.255058,24.913931],[92.241386,24.901279],[92.25013,24.884781],[92.250023,24.874571],[92.24028,24.86808],[92.24411,24.849373],[92.262726,24.832651],[92.277779,24.830408],[92.282036,24.805828],[92.293106,24.783602],[92.286659,24.769411],[92.294273,24.762501],[92.285339,24.748741],[92.293259,24.73922],[92.293678,24.72858],[92.265221,24.691299],[92.250648,24.653551],[92.252167,24.642061],[92.233833,24.56179],[92.230995,24.504091],[92.235016,24.498171],[92.236603,24.492823],[92.230293,24.48004],[92.231087,24.460381],[92.235939,24.453781],[92.2565,24.4363],[92.259338,24.413511],[92.262627,24.404819],[92.270432,24.390951],[92.268257,24.374809],[92.264076,24.36216],[92.259583,24.25042],[92.314072,24.252602],[92.406837,24.25194],[92.422531,24.248171],[92.420181,24.21789],[92.418976,24.194361],[92.434196,24.181381],[92.438141,24.16913],[92.437431,24.15135],[92.443886,24.153099],[92.463066,24.13637],[92.466827,24.13504],[92.47332,24.142031],[92.480873,24.141321],[92.480629,24.15011],[92.483559,24.153931],[92.483963,24.15814],[92.485863,24.162201],[92.500137,24.160521],[92.504883,24.167311],[92.512833,24.162579],[92.513733,24.16926],[92.515129,24.175488],[92.525398,24.17293],[92.531517,24.17742],[92.531479,24.18346],[92.53727,24.201931],[92.542236,24.214178],[92.547783,24.23189],[92.548828,24.243231],[92.56456,24.25009],[92.5914,24.245981],[92.605957,24.249201],[92.613083,24.255838],[92.616821,24.275311],[92.619057,24.28787],[92.618309,24.299709],[92.619438,24.311508],[92.624283,24.332651],[92.635902,24.335741],[92.636543,24.334238],[92.639839,24.329731],[92.645943,24.329231],[92.64978,24.329222],[92.652039,24.332861],[92.657593,24.341551],[92.660721,24.34515],[92.684021,24.34989],[92.691673,24.356421],[92.694206,24.36496],[92.696877,24.374001],[92.704109,24.376221],[92.70742,24.39241],[92.715088,24.40877],[92.715118,24.41452],[92.730537,24.452751],[92.750778,24.491491],[92.753647,24.507042],[92.765198,24.520849],[92.802849,24.42728],[92.800049,24.421461],[92.807159,24.419863],[92.809441,24.415232],[92.816452,24.412251],[92.824791,24.404181],[92.831673,24.399342],[92.825417,24.38843],[92.828987,24.377769],[92.844276,24.379869],[92.851646,24.39237],[92.8629,24.3995],[92.878197,24.39889],[92.890778,24.40229],[92.896362,24.3943],[92.905876,24.39537],[92.911537,24.412901],[92.92366,24.402611],[92.935707,24.39554],[92.940552,24.401051],[92.953888,24.404621],[92.960327,24.395882],[92.980263,24.409691],[93.000496,24.403271],[93.015991,24.402531],[93.03933,24.417568],[93.037903,24.461151],[93.045723,24.481819],[93.040016,24.510811],[93.052826,24.52467],[93.052681,24.54472],[93.072693,24.56109],[93.078453,24.574911],[93.10675,24.58396],[93.075386,24.6],[93.086731,24.613821],[93.079353,24.626341],[93.089302,24.63389],[93.089127,24.65271],[93.103302,24.67156],[93.101822,24.680351],[93.091797,24.677811],[93.093193,24.687853],[93.078697,24.71417],[93.094437,24.720509],[93.107246,24.741899],[93.101471,24.749411],[93.101326,24.778311],[93.109787,24.80974],[93.122673,24.81983],[93.121277,24.808531],[93.137062,24.81109],[93.152931,24.793539],[93.174423,24.803671],[93.178757,24.796141],[93.181587,24.804939],[93.193077,24.806231],[93.198776,24.815041],[93.193001,24.826321],[93.198647,24.85273],[93.214287,24.86195],[93.234833,24.889891],[93.233383,24.898691],[93.243378,24.903742],[93.238991,24.91503],[93.250458,24.915062],[93.244507,24.93008],[93.248497,24.9401],[93.240036,24.93758],[93.24408,24.94384],[93.25412,24.942619],[93.24939,24.952593],[93.259506,24.951361],[93.253258,24.98637],[93.255676,25.002201],[93.263321,25.004238],[93.247467,25.003281],[93.255608,25.028681],[93.269463,25.046591],[93.284492,25.05155],[93.296982,25.04767],[93.302406,25.051941],[93.308792,25.070593],[93.322342,25.088381],[93.335777,25.09584],[93.349213,25.125408],[93.349152,25.166731],[93.394592,25.250299],[93.423317,25.27791],[93.444817,25.292311],[93.465591,25.299051]]]]},"properties":{"name":"Assam","type":"State"}},
{"type":"Feature","geometry":{"type":"Polygon","coordinates":[[[88.106148,26.535624],[88.105515,26.518215],[88.092918,26.506716],[88.108322,26.489107],[88.10289,26.47946],[88.106247,26.467903],[88.094429,26.462677],[88.099014,26.443048],[88.071075,26.407629],[88.066483,26.410364],[88.057404,26.401302],[88.049919,26.400816],[88.029694,26.381533],[88.033897,26.378181],[88.031044,26.368345],[88.010185,26.360779],[87.996269,26.369354],[87.993286,26.392471],[87.934998,26.417696],[87.928535,26.427389],[87.919121,26.430716],[87.928162,26.440065],[87.901199,26.448391],[87.90892,26.464315],[87.890633,26.48642],[87.861229,26.460398],[87.865128,26.452631],[87.844307,26.437429],[87.817856,26.459614],[87.788979,26.467653],[87.790184,26.461695],[87.776421,26.450115],[87.775429,26.435717],[87.779709,26.436167],[87.773071,26.427141],[87.775558,26.419188],[87.756317,26.407915],[87.743279,26.417475],[87.736122,26.407522],[87.715904,26.425276],[87.694519,26.435316],[87.680237,26.435095],[87.680817,26.415443],[87.654388,26.393213],[87.630386,26.393469],[87.589653,26.381813],[87.590553,26.390251],[87.555321,26.405415],[87.518929,26.43062],[87.464714,26.438913],[87.430199,26.422045],[87.414337,26.42153],[87.378639,26.40674],[87.364082,26.39657],[87.355614,26.356148],[87.343414,26.347515],[87.314919,26.371115],[87.274826,26.372341],[87.2668,26.386234],[87.268646,26.40527],[87.258705,26.41086],[87.231239,26.412817],[87.22612,26.405516],[87.203819,26.413296],[87.173447,26.403032],[87.14151,26.414589],[87.093918,26.450016],[87.07428,26.585466],[87.04731,26.586956],[87.022583,26.539732],[86.996368,26.523935],[86.949249,26.520597],[86.932045,26.490286],[86.895576,26.487289],[86.897247,26.467924],[86.87532,26.453735],[86.863106,26.455944],[86.845367,26.439928],[86.7677,26.458458],[86.74572,26.426916],[86.733521,26.422045],[86.697609,26.448765],[86.634132,26.466269],[86.62822,26.480616],[86.572777,26.496895],[86.547234,26.534637],[86.530586,26.542519],[86.518166,26.538849],[86.488327,26.549427],[86.432655,26.572666],[86.39724,26.595284],[86.341324,26.608231],[86.346565,26.615904],[86.324791,26.619356],[86.295212,26.61293],[86.255119,26.615616],[86.233696,26.592798],[86.21756,26.590822],[86.208015,26.596115],[86.199417,26.5933],[86.19455,26.614422],[86.17392,26.616816],[86.139114,26.607967],[86.140739,26.628714],[86.120018,26.63043],[86.090019,26.643015],[86.072014,26.656799],[86.0504,26.661295],[86.020599,26.660675],[86.012817,26.654015],[85.980629,26.657608],[85.955696,26.643625],[85.957146,26.628939],[85.949669,26.616003],[85.931084,26.616285],[85.860893,26.568577],[85.855247,26.569593],[85.850693,26.576534],[85.855621,26.604702],[85.833534,26.610941],[85.819862,26.60252],[85.803833,26.623493],[85.771767,26.629583],[85.737869,26.65077],[85.725937,26.674845],[85.735725,26.76964],[85.736717,26.795616],[85.731018,26.807816],[85.704811,26.832607],[85.653954,26.850416],[85.63855,26.867815],[85.626221,26.873415],[85.602119,26.853817],[85.587837,26.851297],[85.577629,26.860703],[85.567924,26.840734],[85.535294,26.827686],[85.522118,26.814116],[85.50209,26.813135],[85.498207,26.800158],[85.481628,26.801939],[85.455635,26.781893],[85.435936,26.789358],[85.431114,26.786215],[85.409637,26.791138],[85.399124,26.778009],[85.386139,26.774019],[85.37706,26.760593],[85.359306,26.760941],[85.327988,26.744535],[85.234177,26.763205],[85.216148,26.757923],[85.201546,26.768888],[85.191414,26.793715],[85.181717,26.798098],[85.179115,26.811914],[85.196007,26.841719],[85.197746,26.866573],[85.101685,26.870798],[85.088882,26.867069],[85.086548,26.855148],[85.079918,26.858383],[85.068138,26.850712],[85.065269,26.857998],[85.046135,26.850666],[85.025864,26.855101],[85.030975,26.858994],[85.030106,26.8703],[85.039673,26.877758],[85.044319,26.874903],[85.054337,26.882355],[85.050606,26.884966],[85.057419,26.881115],[85.061668,26.887077],[85.025131,26.891428],[84.995056,26.902487],[85.001793,26.911894],[84.972939,26.916779],[84.972321,26.928715],[84.980019,26.936415],[84.964485,26.960276],[84.931564,26.9685],[84.89241,26.971087],[84.890915,26.976315],[84.857483,26.987988],[84.85997,26.997433],[84.853416,26.998516],[84.857033,27.007725],[84.831886,27.019304],[84.814384,27.020241],[84.80912,27.013716],[84.81237,27.011425],[84.79583,26.995808],[84.784729,27.013702],[84.773094,27.016636],[84.758934,27.002651],[84.644852,27.047197],[84.649704,27.076347],[84.676422,27.095484],[84.676888,27.108543],[84.672104,27.109911],[84.685715,27.143215],[84.682518,27.151815],[84.68882,27.158518],[84.679199,27.162788],[84.69162,27.218016],[84.624474,27.336079],[84.478104,27.362288],[84.471725,27.354996],[84.443314,27.370016],[84.412468,27.36825],[84.349113,27.374916],[84.299744,27.388647],[84.293411,27.385042],[84.277626,27.400826],[84.280319,27.415215],[84.274765,27.428661],[84.264122,27.43524],[84.25692,27.449215],[84.233757,27.456127],[84.222404,27.441427],[84.210579,27.442461],[84.201714,27.471916],[84.193253,27.469046],[84.150993,27.485704],[84.147514,27.496016],[84.152969,27.516628],[84.14801,27.518637],[84.132019,27.511709],[84.11972,27.513521],[84.111,27.521217],[84.099831,27.516788],[84.100792,27.502321],[84.093575,27.488686],[84.072311,27.480904],[84.063904,27.455763],[84.053543,27.442629],[84.028976,27.438932],[84.029404,27.433773],[83.998917,27.445616],[83.979614,27.439116],[83.968216,27.446413],[83.94532,27.443327],[83.93322,27.449415],[83.874481,27.430895],[83.873505,27.412264],[83.888275,27.390619],[83.908409,27.384296],[83.87352,27.351616],[83.856407,27.348211],[83.849342,27.335609],[83.828491,27.324671],[83.836258,27.319481],[83.84742,27.31686],[83.854637,27.31123],[83.887947,27.326469],[83.908043,27.330391],[83.925346,27.309521],[83.918831,27.29266],[83.898041,27.27899],[83.897957,27.25943],[83.911758,27.246502],[83.954483,27.235041],[83.961533,27.227951],[83.963287,27.221081],[83.964577,27.21101],[83.985123,27.181763],[83.968307,27.1656],[83.950912,27.140881],[83.952477,27.128983],[83.941437,27.119831],[83.938568,27.107321],[83.940826,27.089621],[83.954941,27.086121],[83.997513,27.09848],[84.011627,27.104881],[84.018929,27.093441],[84.016891,27.083761],[83.991096,27.071293],[84.012177,27.053791],[84.035637,27.046511],[84.035957,27.029013],[84.039932,27.005873],[84.044327,26.997681],[84.039017,26.98802],[84.043457,26.980391],[84.046661,26.961941],[84.03862,26.95776],[84.031693,26.949331],[84.028809,26.9412],[84.038666,26.93829],[84.045219,26.930422],[84.044083,26.9098],[84.047379,26.906219],[84.052002,26.891701],[84.071556,26.88187],[84.087891,26.882353],[84.092621,26.877831],[84.101067,26.893831],[84.106407,26.89509],[84.140839,26.887581],[84.137527,26.876301],[84.131653,26.85569],[84.168922,26.834518],[84.175331,26.84594],[84.180809,26.85738],[84.196556,26.861181],[84.221962,26.87018],[84.241096,26.862431],[84.25042,26.83782],[84.242836,26.821819],[84.252296,26.80868],[84.241127,26.775431],[84.233208,26.74511],[84.247383,26.72929],[84.255287,26.73896],[84.271301,26.744541],[84.298027,26.753271],[84.31102,26.733603],[84.325661,26.684258],[84.350121,26.6814],[84.402237,26.671223],[84.414398,26.627171],[84.383438,26.62151],[84.31076,26.614573],[84.297028,26.6157],[84.2892,26.606991],[84.277412,26.600739],[84.262917,26.603022],[84.240097,26.610041],[84.223053,26.613091],[84.206818,26.620951],[84.184677,26.625851],[84.167252,26.62417],[84.152031,26.6385],[84.129066,26.6385],[84.121468,26.634621],[84.104317,26.632662],[84.094933,26.63648],[84.081779,26.64286],[84.080597,26.633921],[84.07962,26.623701],[84.084763,26.610559],[84.079147,26.594351],[84.054749,26.56769],[84.048782,26.550331],[84.030823,26.535551],[84.000687,26.525011],[83.990303,26.530142],[83.970543,26.52944],[83.965416,26.51174],[83.945656,26.510201],[83.945847,26.518421],[83.930489,26.52478],[83.900841,26.513712],[83.907463,26.50038],[83.901543,26.46731],[83.908119,26.449501],[83.946266,26.438108],[83.983467,26.4349],[84.001701,26.44359],[84.016113,26.441971],[84.020523,26.428841],[84.030563,26.41301],[84.040871,26.408491],[84.045097,26.404072],[84.061813,26.394279],[84.072006,26.38447],[84.080559,26.386221],[84.089706,26.38752],[84.115196,26.387569],[84.171356,26.37398],[84.167206,26.33811],[84.179443,26.311781],[84.170967,26.28664],[84.170998,26.2705],[84.163651,26.26137],[84.155708,26.252541],[84.153473,26.24527],[84.125946,26.26145],[84.112343,26.256573],[84.110458,26.241831],[84.092293,26.240221],[84.079521,26.23184],[84.079369,26.22121],[84.058357,26.226749],[84.046806,26.23019],[84.031326,26.239071],[84.018387,26.238781],[84.010483,26.238791],[84.008202,26.225311],[84.020477,26.22365],[84.01902,26.20929],[84.02359,26.20092],[84.00901,26.199558],[84.003021,26.17823],[84.022896,26.165348],[84.027313,26.15303],[84.033623,26.13748],[84.041878,26.120501],[84.045143,26.106319],[84.069237,26.099121],[84.10717,26.081713],[84.136673,26.04701],[84.166008,26.002701],[84.17244,25.998791],[84.194748,25.991301],[84.223442,25.991171],[84.244553,25.976818],[84.275368,25.96129],[84.296333,25.946989],[84.31385,25.947969],[84.351387,25.959341],[84.408302,25.931351],[84.421516,25.902208],[84.427689,25.89119],[84.478676,25.888361],[84.528641,25.877741],[84.539909,25.860361],[84.526253,25.85541],[84.54425,25.829981],[84.571419,25.82984],[84.610893,25.800659],[84.621117,25.79236],[84.61467,25.772423],[84.600533,25.76063],[84.62233,25.747318],[84.6306,25.72834],[84.59552,25.739111],[84.558609,25.700981],[84.531387,25.692833],[84.527946,25.71537],[84.505768,25.682261],[84.489342,25.69109],[84.462761,25.695883],[84.458656,25.703211],[84.448776,25.714491],[84.424171,25.71172],[84.401878,25.699501],[84.39547,25.7244],[84.381172,25.734251],[84.380013,25.74869],[84.367577,25.741701],[84.366173,25.73844],[84.331291,25.744572],[84.323189,25.723131],[84.318588,25.67194],[84.298767,25.671791],[84.287773,25.676323],[84.292801,25.66853],[84.272919,25.66169],[84.233223,25.66396],[84.199509,25.67235],[84.173981,25.71574],[84.148232,25.730961],[84.144531,25.72061],[84.126549,25.718519],[84.136696,25.727541],[84.107872,25.72364],[84.069649,25.69561],[84.079697,25.652731],[84.028221,25.62274],[83.99157,25.601023],[83.939667,25.565432],[83.917053,25.558491],[83.896263,25.528273],[83.882477,25.52146],[83.86821,25.511633],[83.864433,25.49062],[83.85112,25.473721],[83.829353,25.461491],[83.814743,25.468321],[83.806717,25.458509],[83.810371,25.45425],[83.821503,25.45158],[83.837517,25.44623],[83.838371,25.43689],[83.820648,25.437611],[83.796707,25.432793],[83.803192,25.426929],[83.79937,25.41098],[83.770683,25.4002],[83.762253,25.391142],[83.749718,25.39677],[83.758057,25.401211],[83.748093,25.404341],[83.737846,25.40089],[83.729446,25.406219],[83.718063,25.399811],[83.704002,25.386148],[83.696281,25.396351],[83.689407,25.385851],[83.676819,25.376751],[83.686287,25.36945],[83.669083,25.364462],[83.657913,25.369211],[83.656166,25.363661],[83.650597,25.36157],[83.643517,25.354441],[83.642502,25.34112],[83.629967,25.343241],[83.628357,25.33625],[83.620056,25.328581],[83.607216,25.33231],[83.583893,25.32489],[83.577881,25.316648],[83.564171,25.308149],[83.560883,25.31608],[83.547478,25.315851],[83.53315,25.312872],[83.545311,25.309851],[83.528793,25.301441],[83.520027,25.303322],[83.516907,25.29847],[83.508072,25.2862],[83.496887,25.283001],[83.49128,25.286591],[83.482063,25.28289],[83.470047,25.26923],[83.463257,25.256409],[83.453552,25.25128],[83.43322,25.253561],[83.428726,25.24449],[83.418549,25.252069],[83.409271,25.249281],[83.402336,25.237551],[83.395973,25.222521],[83.3899,25.214121],[83.385353,25.20603],[83.377708,25.20966],[83.366623,25.200331],[83.349609,25.19894],[83.341217,25.185551],[83.338013,25.179911],[83.346733,25.1696],[83.350807,25.153391],[83.353996,25.140171],[83.357361,25.124191],[83.342888,25.11248],[83.338028,25.08806],[83.332222,25.08246],[83.331238,25.05983],[83.332108,25.050501],[83.326241,25.055389],[83.321457,25.052431],[83.316498,25.038382],[83.319656,25.015541],[83.342087,25.011461],[83.346199,24.99596],[83.340523,24.974819],[83.346298,24.96295],[83.357903,24.95163],[83.357353,24.919241],[83.355988,24.90984],[83.351387,24.903061],[83.356178,24.889219],[83.356232,24.88431],[83.364243,24.87858],[83.353996,24.870611],[83.378647,24.84614],[83.382507,24.84026],[83.390388,24.83308],[83.394928,24.82021],[83.39006,24.80442],[83.388496,24.79154],[83.394096,24.77947],[83.419418,24.769871],[83.441467,24.74403],[83.462433,24.73513],[83.475327,24.73802],[83.483322,24.73107],[83.479973,24.709938],[83.485893,24.702711],[83.494987,24.702681],[83.509171,24.68475],[83.513191,24.678921],[83.497047,24.65922],[83.50251,24.64871],[83.52169,24.644531],[83.520683,24.630011],[83.541718,24.624559],[83.525558,24.613689],[83.519997,24.591011],[83.525146,24.580198],[83.517937,24.554941],[83.493416,24.54207],[83.498169,24.52706],[83.535042,24.525579],[83.571213,24.51701],[83.682457,24.515581],[83.71669,24.50495],[83.799011,24.529881],[83.928459,24.547911],[84.001968,24.635401],[84.038239,24.61941],[84.047859,24.606508],[84.052933,24.587961],[84.062653,24.583719],[84.084297,24.5387],[84.086586,24.514631],[84.100922,24.487902],[84.139961,24.504801],[84.146057,24.5403],[84.164406,24.533712],[84.153641,24.517641],[84.17926,24.51042],[84.186417,24.522499],[84.172882,24.547131],[84.188301,24.555321],[84.206207,24.54533],[84.22068,24.550331],[84.241089,24.543221],[84.248528,24.53159],[84.262741,24.537111],[84.271896,24.554022],[84.292976,24.56599],[84.319107,24.52231],[84.325653,24.49671],[84.294189,24.480761],[84.293213,24.450823],[84.330658,24.428431],[84.315056,24.423452],[84.327789,24.422161],[84.331627,24.40465],[84.346962,24.392071],[84.399788,24.37464],[84.418167,24.34236],[84.446663,24.339701],[84.465111,24.30839],[84.496887,24.292721],[84.514191,24.323608],[84.527962,24.36483],[84.541679,24.376711],[84.565781,24.38394],[84.561218,24.40184],[84.580063,24.410419],[84.5942,24.404011],[84.660118,24.395981],[84.674011,24.441141],[84.694077,24.4618],[84.717506,24.468828],[84.74202,24.496458],[84.783676,24.51771],[84.801643,24.521118],[84.827927,24.486],[84.832733,24.461161],[84.841988,24.455471],[84.857033,24.457582],[84.867447,24.466921],[84.880173,24.462801],[84.877899,24.42263],[84.898178,24.39382],[84.898033,24.372129],[84.925339,24.37804],[84.968567,24.37595],[85.014603,24.419121],[85.035736,24.423113],[85.053291,24.415131],[85.064613,24.43059],[85.075676,24.421751],[85.071007,24.399693],[85.089417,24.3792],[85.098671,24.393921],[85.118988,24.40914],[85.164391,24.427691],[85.161331,24.443291],[85.14991,24.455853],[85.152893,24.464149],[85.215782,24.472549],[85.235329,24.479851],[85.25444,24.497931],[85.281036,24.49975],[85.279808,24.513882],[85.288048,24.5284],[85.318558,24.52463],[85.37027,24.529581],[85.406616,24.545662],[85.433273,24.536079],[85.494461,24.550619],[85.502419,24.531429],[85.518303,24.524549],[85.540352,24.550348],[85.536461,24.563801],[85.556259,24.55682],[85.568291,24.565201],[85.562218,24.58099],[85.565201,24.596661],[85.581963,24.6001],[85.621986,24.583858],[85.664703,24.58193],[85.673523,24.595631],[85.672127,24.6194],[85.660698,24.650602],[85.660797,24.66758],[85.650467,24.679241],[85.679657,24.693768],[85.704773,24.728729],[85.704781,24.768831],[85.72831,24.800661],[85.735008,24.821383],[85.758278,24.815088],[85.777237,24.79895],[85.810661,24.794498],[85.822578,24.80895],[85.853813,24.80764],[85.889679,24.791651],[85.904572,24.76128],[85.927673,24.740499],[85.960648,24.731701],[85.999977,24.751381],[86.013977,24.768999],[86.050583,24.779541],[86.053001,24.761749],[86.03907,24.74132],[86.060417,24.747681],[86.105537,24.73597],[86.129097,24.690031],[86.121857,24.630051],[86.125587,24.61182],[86.14463,24.60306],[86.165657,24.583681],[86.21656,24.6028],[86.238747,24.5968],[86.276886,24.5742],[86.280403,24.584181],[86.322861,24.584091],[86.309822,24.563101],[86.309731,24.506363],[86.285576,24.476803],[86.300903,24.4568],[86.303757,24.444839],[86.3535,24.44206],[86.373268,24.415852],[86.430702,24.376131],[86.452209,24.368629],[86.465683,24.385],[86.465683,24.41379],[86.488197,24.433861],[86.488777,24.47427],[86.505722,24.5177],[86.551338,24.543421],[86.558319,24.55929],[86.578239,24.567871],[86.589767,24.59269],[86.602921,24.605068],[86.655937,24.563198],[86.681519,24.565069],[86.735077,24.580841],[86.744598,24.60288],[86.777122,24.619761],[86.786476,24.60458],[86.794296,24.6007],[86.787361,24.610929],[86.791847,24.615311],[86.797493,24.60574],[86.807617,24.576851],[86.800339,24.568701],[86.804993,24.564121],[86.818253,24.56934],[86.831528,24.56805],[86.854637,24.550461],[86.879097,24.563051],[86.907158,24.543381],[86.898079,24.58654],[86.933441,24.635721],[86.948616,24.642761],[86.945503,24.62656],[86.965561,24.631868],[87.012917,24.609093],[87.021446,24.619621],[87.030113,24.60952],[87.050468,24.60677],[87.045807,24.630898],[87.082352,24.726999],[87.074547,24.74472],[87.081612,24.748341],[87.082542,24.77297],[87.09568,24.7976],[87.093956,24.804411],[87.077606,24.81422],[87.08036,24.824362],[87.091217,24.823561],[87.106049,24.84733],[87.144516,24.859221],[87.158226,24.889551],[87.146507,24.912863],[87.152687,24.92395],[87.152031,24.97444],[87.143883,25.01079],[87.149048,25.026239],[87.173256,25.056471],[87.211357,25.0896],[87.227089,25.08757],[87.250557,25.10585],[87.285606,25.090919],[87.30172,25.1439],[87.315033,25.165041],[87.310646,25.169821],[87.323456,25.223091],[87.368462,25.2069],[87.377136,25.222618],[87.391777,25.227518],[87.466858,25.19565],[87.487556,25.261999],[87.49559,25.265301],[87.487579,25.277611],[87.490067,25.305201],[87.52552,25.280981],[87.539749,25.281618],[87.544121,25.322901],[87.567108,25.333891],[87.578918,25.346783],[87.580467,25.332321],[87.589256,25.32189],[87.613617,25.315538],[87.625977,25.318611],[87.651787,25.307249],[87.684097,25.30805],[87.68824,25.30477],[87.694786,25.29541],[87.691307,25.281391],[87.705917,25.27457],[87.707787,25.256409],[87.762833,25.249289],[87.783676,25.24299],[87.787537,25.228621],[87.810043,25.211733],[87.832306,25.200781],[87.830246,25.23966],[87.841583,25.25358],[87.849251,25.253428],[87.856522,25.277773],[87.853302,25.28937],[87.820351,25.31282],[87.797287,25.322081],[87.781593,25.3384],[87.788826,25.37225],[87.765701,25.377991],[87.759102,25.405041],[87.771271,25.411558],[87.765862,25.424292],[87.792603,25.44562],[87.806801,25.434778],[87.820923,25.439772],[87.82769,25.458832],[87.864288,25.46789],[87.860863,25.486052],[87.879219,25.51597],[87.900513,25.507231],[87.9161,25.53191],[87.926048,25.536213],[87.964088,25.533081],[87.986038,25.52483],[87.986633,25.50263],[88.004242,25.49404],[88.007477,25.510391],[88.009949,25.500971],[88.028687,25.48897],[88.034508,25.492731],[88.042137,25.48539],[88.061676,25.48559],[88.072853,25.503901],[88.06385,25.50617],[88.066879,25.51642],[88.055977,25.52993],[88.035713,25.53673],[88.027046,25.55327],[88.033928,25.565901],[88.026497,25.585901],[88.038589,25.595041],[88.031311,25.598263],[88.041397,25.605499],[88.039429,25.6273],[88.054298,25.63286],[88.035553,25.636831],[88.046143,25.644411],[88.04863,25.690571],[88.039856,25.698139],[88.030167,25.698811],[88.016159,25.691719],[88.017517,25.702499],[87.987709,25.72002],[87.979668,25.71846],[87.938629,25.748541],[87.929199,25.772091],[87.897743,25.771811],[87.901886,25.803989],[87.896729,25.81106],[87.9076,25.809393],[87.897957,25.82765],[87.890968,25.826509],[87.88765,25.83287],[87.895309,25.833179],[87.910912,25.851749],[87.899452,25.859831],[87.878746,25.858459],[87.867661,25.86445],[87.822838,25.871468],[87.81459,25.898842],[87.817261,25.909189],[87.803558,25.913948],[87.803581,25.920721],[87.817871,25.93302],[87.829933,25.935452],[87.824806,25.943661],[87.831261,25.9641],[87.826042,25.988312],[87.841652,26.032301],[87.849152,26.04497],[87.877693,26.057911],[87.895729,26.07987],[87.916527,26.079699],[87.931129,26.068951],[87.936943,26.07975],[87.968132,26.081362],[87.969482,26.091648],[87.957657,26.09709],[87.954948,26.105682],[87.975632,26.12163],[87.95713,26.12886],[87.968773,26.139351],[87.964058,26.151979],[87.982109,26.15918],[87.999107,26.14039],[88.015091,26.142908],[88.017517,26.15556],[88.040466,26.176811],[88.05233,26.171673],[88.074829,26.18128],[88.113907,26.22398],[88.135826,26.22821],[88.137413,26.243771],[88.144447,26.2528],[88.167061,26.2572],[88.189369,26.275101],[88.211159,26.280001],[88.25631,26.330118],[88.265266,26.336491],[88.272438,26.33054],[88.289139,26.351139],[88.267593,26.381161],[88.23761,26.375378],[88.230446,26.393961],[88.263153,26.41501],[88.26561,26.42338],[88.224602,26.45575],[88.22596,26.472021],[88.193756,26.472021],[88.183403,26.4884],[88.18634,26.500071],[88.225822,26.52664],[88.231201,26.551983],[88.21389,26.55077],[88.216896,26.541561],[88.20742,26.535221],[88.196686,26.54356],[88.182426,26.542931],[88.17868,26.53087],[88.168266,26.537361],[88.15744,26.518742],[88.137657,26.514193],[88.106148,26.535624]]]},"properties":{"name":"Bihar","type":"State"}},
{"type":"Feature","geometry":{"type":"Polygon","coordinates":[[[76.819809,30.685829],[76.828293,30.70595],[76.824806,30.73082],[76.811989,30.76664],[76.791367,30.769501],[76.80217,30.78183],[76.788727,30.780972],[76.769302,30.776979],[76.777328,30.78546],[76.759338,30.79904],[76.742989,30.791483],[76.731232,30.777018],[76.718323,30.769093],[76.692932,30.757391],[76.692673,30.744713],[76.709923,30.735481],[76.717957,30.720631],[76.715202,30.713301],[76.726906,30.70755],[76.726303,30.69591],[76.732887,30.697161],[76.770691,30.67794],[76.802933,30.675482],[76.819809,30.685829]]]},"properties":{"name":"Chandigarh","type":"Union Territory"}},
{"type":"Feature","geometry":{"type":"Polygon","coordinates":[[[83.327599,24.099649],[83.314911,24.106981],[83.311073,24.09276],[83.284172,24.06465],[83.276802,24.04567],[83.276077,24.023281],[83.236977,24.009958],[83.233521,23.99831],[83.216026,23.989403],[83.211212,23.960358],[83.189568,23.921101],[83.138786,23.904371],[83.127411,23.89002],[83.043457,23.879391],[83.020523,23.882698],[82.95359,23.87277],[82.933083,23.8794],[82.922516,23.892691],[82.890343,23.90456],[82.865692,23.922663],[82.8489,23.946833],[82.807777,23.963058],[82.753777,23.935881],[82.7481,23.922281],[82.706673,23.92462],[82.689003,23.919531],[82.677086,23.909821],[82.654739,23.90629],[82.657959,23.865582],[82.652023,23.856501],[82.64064,23.85803],[82.631256,23.846331],[82.585983,23.822861],[82.529106,23.8216],[82.543991,23.80282],[82.540268,23.791201],[82.516197,23.784231],[82.491753,23.785707],[82.482689,23.79752],[82.460022,23.811399],[82.402969,23.802778],[82.307159,23.811163],[82.295113,23.80855],[82.271217,23.818691],[82.24855,23.819799],[82.226143,23.806932],[82.200966,23.834539],[82.206871,23.844042],[82.172493,23.83791],[82.165253,23.820751],[82.072021,23.81978],[82.042343,23.824961],[82.031006,23.8319],[82.032516,23.845079],[81.992149,23.86264],[81.940048,23.857771],[81.931648,23.86791],[81.909836,23.8641],[81.898071,23.848289],[81.852936,23.82432],[81.805641,23.810438],[81.787483,23.81193],[81.726852,23.84096],[81.721413,23.849072],[81.723007,23.85898],[81.702972,23.87285],[81.697388,23.885962],[81.664917,23.922079],[81.614449,23.908279],[81.59758,23.886242],[81.614853,23.87277],[81.598343,23.86422],[81.598442,23.85368],[81.605827,23.838209],[81.630539,23.830811],[81.643623,23.798891],[81.638168,23.77479],[81.674088,23.753971],[81.672096,23.740021],[81.68689,23.72262],[81.67321,23.693432],[81.646408,23.66321],[81.618492,23.661381],[81.602676,23.600033],[81.580246,23.59679],[81.569733,23.58865],[81.575508,23.55871],[81.606651,23.54497],[81.605217,23.510889],[81.617218,23.494869],[81.631096,23.491741],[81.64399,23.50012],[81.662033,23.532438],[81.687447,23.52445],[81.710342,23.541241],[81.729233,23.5651],[81.747963,23.56538],[81.756386,23.552521],[81.801277,23.54776],[81.811508,23.53067],[81.812576,23.51763],[81.834106,23.512161],[81.862236,23.51387],[81.903923,23.535089],[81.916359,23.532091],[81.947029,23.475481],[81.968216,23.450361],[81.975891,23.415571],[81.987396,23.419519],[81.999527,23.412811],[82.018417,23.42112],[82.01429,23.393511],[82.020393,23.3843],[82.029419,23.38755],[82.045738,23.377871],[82.053963,23.39049],[82.098763,23.394691],[82.107887,23.358471],[82.118446,23.354481],[82.137833,23.361841],[82.158081,23.333321],[82.184288,23.326891],[82.189987,23.311531],[82.189461,23.28459],[82.153717,23.24597],[82.142929,23.22238],[82.136986,23.182798],[82.140106,23.163721],[82.153763,23.158041],[82.132767,23.13162],[82.129242,23.114031],[82.115883,23.1038],[82.061371,23.11594],[82.03952,23.091511],[82.016167,23.07933],[82.00219,23.078409],[81.979973,23.085543],[81.937866,23.069601],[81.923943,23.058298],[81.919418,23.03668],[81.937012,23.0033],[81.940247,22.95709],[81.923447,22.95118],[81.88028,22.919861],[81.860008,22.915001],[81.856346,22.89086],[81.785927,22.877081],[81.761597,22.82933],[81.778152,22.758039],[81.748337,22.71954],[81.765976,22.676121],[81.748932,22.64607],[81.736938,22.66905],[81.719627,22.670021],[81.707016,22.649641],[81.678596,22.64888],[81.641388,22.60754],[81.645653,22.565891],[81.623573,22.564278],[81.621361,22.547783],[81.608963,22.53644],[81.563057,22.551008],[81.562782,22.53418],[81.542221,22.529921],[81.519066,22.539982],[81.514717,22.52869],[81.502937,22.526791],[81.476372,22.492161],[81.439087,22.49102],[81.439079,22.479471],[81.450287,22.472563],[81.435959,22.469488],[81.424438,22.479239],[81.420647,22.4594],[81.396553,22.44132],[81.383057,22.462603],[81.373253,22.510752],[81.322937,22.52433],[81.314148,22.499611],[81.297783,22.48658],[81.275467,22.499441],[81.260452,22.493561],[81.240387,22.459181],[81.218391,22.451651],[81.194191,22.46208],[81.192642,22.482479],[81.170662,22.488001],[81.148079,22.455851],[81.109993,22.44112],[81.104652,22.410803],[81.1147,22.31259],[81.072586,22.241741],[81.054527,22.243872],[81.036316,22.237719],[81.015793,22.214109],[81.025757,22.197691],[81.013283,22.17749],[81.017616,22.153849],[81.005173,22.132723],[80.973427,22.12369],[80.972267,22.111891],[80.980209,22.112808],[81.003952,22.094452],[81.004272,22.070021],[80.987762,22.048479],[80.97364,22.051771],[80.96209,22.06193],[80.957527,22.097151],[80.938919,22.119011],[80.910843,22.11916],[80.894753,22.076509],[80.877357,22.050713],[80.869507,22.0165],[80.843361,21.95841],[80.821686,21.958199],[80.819588,21.953569],[80.82222,21.948351],[80.833389,21.94664],[80.836563,21.935659],[80.824532,21.90843],[80.824562,21.894709],[80.825439,21.88665],[80.834061,21.8825],[80.839676,21.87158],[80.840416,21.85276],[80.832893,21.84907],[80.837097,21.83176],[80.831703,21.80481],[80.813553,21.7675],[80.811203,21.747492],[80.78846,21.74128],[80.776833,21.744308],[80.766418,21.755131],[80.742973,21.757961],[80.719917,21.71364],[80.723747,21.693602],[80.707352,21.671581],[80.712357,21.646139],[80.719109,21.64366],[80.72139,21.620501],[80.710838,21.606241],[80.709137,21.589809],[80.718849,21.573561],[80.713837,21.558651],[80.730659,21.538721],[80.72377,21.498711],[80.729111,21.46826],[80.723923,21.453171],[80.697548,21.427198],[80.693268,21.393791],[80.661301,21.33548],[80.657936,21.32937],[80.663559,21.32486],[80.667,21.316181],[80.672737,21.31127],[80.673088,21.30118],[80.668289,21.293991],[80.660896,21.28978],[80.653687,21.286041],[80.648621,21.28017],[80.64341,21.272291],[80.641113,21.261431],[80.63736,21.252691],[80.62767,21.245701],[80.615723,21.240021],[80.610489,21.233292],[80.606087,21.229971],[80.600998,21.226183],[80.592323,21.22484],[80.581551,21.221771],[80.571838,21.21685],[80.566116,21.210279],[80.557793,21.203939],[80.549301,21.200981],[80.541878,21.19919],[80.532341,21.20022],[80.525017,21.202633],[80.516243,21.198299],[80.511551,21.191111],[80.509323,21.183479],[80.502571,21.18331],[80.495499,21.183258],[80.486,21.177191],[80.477097,21.173071],[80.457298,21.17284],[80.454002,21.161741],[80.451576,21.149651],[80.444023,21.13061],[80.438652,21.121401],[80.44619,21.11817],[80.449333,21.114851],[80.445503,21.111259],[80.439507,21.11178],[80.43766,21.10453],[80.435181,21.09901],[80.435509,21.095181],[80.440002,21.08532],[80.442543,21.077431],[80.440971,21.0704],[80.443993,21.06324],[80.447273,21.05666],[80.448502,21.04961],[80.44735,21.040762],[80.446533,21.033621],[80.440857,21.028009],[80.435966,21.022051],[80.423759,21.00959],[80.429489,21.00264],[80.438942,20.97156],[80.448349,20.951012],[80.455559,20.93211],[80.473923,20.927361],[80.500679,20.928911],[80.535248,20.93132],[80.539101,20.921061],[80.548912,20.86809],[80.554787,20.82942],[80.548897,20.808411],[80.545456,20.782278],[80.55201,20.75345],[80.560188,20.711773],[80.577721,20.694071],[80.578339,20.67877],[80.552711,20.67309],[80.525566,20.663191],[80.502037,20.649191],[80.48159,20.629763],[80.484192,20.611959],[80.500099,20.586863],[80.529831,20.59008],[80.567307,20.612408],[80.592468,20.613098],[80.617676,20.606171],[80.612862,20.590578],[80.614243,20.576931],[80.612152,20.559589],[80.610298,20.545059],[80.603317,20.46242],[80.597153,20.44207],[80.599876,20.426922],[80.589752,20.412771],[80.585983,20.39205],[80.598396,20.38068],[80.600899,20.36919],[80.60601,20.356421],[80.616676,20.33761],[80.606712,20.32535],[80.551582,20.311531],[80.53582,20.29468],[80.494476,20.274799],[80.456467,20.268909],[80.422943,20.252609],[80.409027,20.24913],[80.382957,20.24172],[80.409821,20.20529],[80.413406,20.187531],[80.394592,20.181589],[80.390457,20.166271],[80.387627,20.151581],[80.426956,20.130239],[80.444138,20.130342],[80.458656,20.14455],[80.482933,20.13789],[80.503586,20.12879],[80.52359,20.124472],[80.535759,20.11385],[80.535233,20.09218],[80.546158,20.06571],[80.541588,20.037222],[80.535789,19.99992],[80.545547,19.987181],[80.534737,19.970921],[80.526283,19.948627],[80.508751,19.925911],[80.472893,19.93125],[80.4645,19.946251],[80.438553,19.94713],[80.420593,19.93623],[80.405777,19.925451],[80.414749,19.90292],[80.444443,19.893551],[80.468956,19.90336],[80.491661,19.890539],[80.48764,19.865129],[80.468613,19.83753],[80.455116,19.823799],[80.424591,19.808041],[80.39753,19.816231],[80.400146,19.793631],[80.435791,19.791851],[80.452438,19.7929],[80.478088,19.772409],[80.48024,19.795441],[80.462906,19.805759],[80.476028,19.828001],[80.507507,19.829948],[80.542427,19.819271],[80.542442,19.794243],[80.550217,19.764551],[80.578682,19.743921],[80.613136,19.72893],[80.640297,19.71246],[80.66584,19.692211],[80.665382,19.67297],[80.655891,19.61698],[80.683037,19.610609],[80.720993,19.608391],[80.765038,19.574261],[80.809227,19.56451],[80.833527,19.555971],[80.840828,19.533571],[80.86335,19.52195],[80.885536,19.509251],[80.892159,19.48152],[80.875999,19.44795],[80.835083,19.442381],[80.794327,19.428768],[80.795387,19.41876],[80.812737,19.38274],[80.834999,19.370682],[80.839081,19.35515],[80.799347,19.325163],[80.782463,19.321741],[80.763977,19.305271],[80.749237,19.286741],[80.730659,19.284031],[80.700439,19.282263],[80.688606,19.283489],[80.685287,19.312601],[80.67189,19.326448],[80.635307,19.312838],[80.610153,19.30714],[80.598518,19.324673],[80.588623,19.3444],[80.584717,19.373701],[80.570847,19.399422],[80.53154,19.3743],[80.518982,19.35401],[80.500389,19.341299],[80.470497,19.32892],[80.462128,19.30814],[80.437027,19.26107],[80.414467,19.249189],[80.396843,19.24621],[80.379181,19.232611],[80.386116,19.195633],[80.372902,19.175119],[80.344116,19.16181],[80.335548,19.14757],[80.322357,19.12022],[80.32412,19.094931],[80.322113,19.074871],[80.302246,19.05555],[80.290543,19.04001],[80.288116,19.013931],[80.267532,18.983961],[80.264687,18.937321],[80.27047,18.924919],[80.308563,18.886168],[80.321663,18.87483],[80.339638,18.848343],[80.347786,18.815941],[80.318733,18.79598],[80.294159,18.79059],[80.27655,18.764851],[80.262917,18.76429],[80.254562,18.765951],[80.240501,18.756611],[80.247452,18.743551],[80.26754,18.71797],[80.288841,18.695009],[80.307808,18.652281],[80.331467,18.5966],[80.341843,18.586441],[80.355942,18.59371],[80.362518,18.603741],[80.381561,18.593599],[80.393257,18.602961],[80.415993,18.608788],[80.455246,18.624903],[80.483467,18.62812],[80.510712,18.615671],[80.518013,18.603451],[80.528717,18.59285],[80.531998,18.58606],[80.561951,18.569559],[80.595566,18.54908],[80.610817,18.533531],[80.626976,18.518162],[80.634979,18.51531],[80.635338,18.50573],[80.63459,18.498631],[80.648262,18.47908],[80.666107,18.462641],[80.673187,18.458311],[80.682457,18.45002],[80.691917,18.440451],[80.695259,18.43457],[80.713028,18.405731],[80.722481,18.41032],[80.727127,18.4],[80.715942,18.385523],[80.722748,18.375801],[80.722893,18.364229],[80.726387,18.35025],[80.744438,18.31686],[80.751328,18.29747],[80.759491,18.28257],[80.76638,18.278233],[80.781616,18.259583],[80.788116,18.25404],[80.784286,18.243271],[80.733269,18.21879],[80.734558,18.171713],[80.762398,18.16297],[80.797928,18.1663],[80.817917,18.18712],[80.818352,18.21903],[80.824196,18.23358],[80.839622,18.228041],[80.863533,18.21719],[80.865646,18.200993],[80.849159,18.200211],[80.84848,18.19595],[80.852631,18.178501],[80.855507,18.149151],[80.855766,18.142931],[80.861603,18.136473],[80.892929,18.134451],[80.931992,18.14941],[80.944229,18.157091],[80.965569,18.16836],[80.9748,18.15192],[80.949356,18.12318],[80.949837,18.098318],[80.943993,18.08102],[80.965958,18.043468],[80.963211,18.02817],[80.972641,17.993179],[80.97599,17.962919],[80.980133,17.94326],[80.98465,17.922901],[80.997238,17.895161],[81.004349,17.838348],[81.037651,17.78624],[81.061287,17.78359],[81.073601,17.786291],[81.087082,17.803343],[81.109032,17.82312],[81.176376,17.849121],[81.191963,17.847101],[81.227913,17.82629],[81.298126,17.809851],[81.335373,17.811251],[81.361076,17.80961],[81.384132,17.80349],[81.383049,17.816952],[81.38443,17.82579],[81.398056,17.846781],[81.390503,17.87429],[81.399017,17.888491],[81.423126,17.87742],[81.435959,17.875448],[81.442749,17.88516],[81.448181,17.905081],[81.445923,17.917179],[81.445236,17.92617],[81.473259,17.965321],[81.47731,17.97002],[81.473076,17.98329],[81.478943,18.0037],[81.477516,18.038721],[81.494881,18.06266],[81.511879,18.12923],[81.522606,18.15727],[81.505249,18.17779],[81.511139,18.201941],[81.523682,18.248659],[81.548073,18.262131],[81.581787,18.28816],[81.592033,18.29748],[81.606117,18.299419],[81.658669,18.311098],[81.649376,18.33058],[81.658096,18.339291],[81.717506,18.343201],[81.746078,18.351742],[81.760368,18.39983],[81.797569,18.43976],[81.849586,18.48905],[81.857941,18.51306],[81.878677,18.526279],[81.896828,18.528393],[81.897942,18.537731],[81.900803,18.557171],[81.916397,18.559021],[81.929848,18.558001],[81.946259,18.558411],[81.943573,18.566158],[81.948883,18.58954],[81.929718,18.59639],[81.899933,18.61961],[81.887802,18.63163],[81.890007,18.643471],[81.894836,18.65196],[81.915527,18.63582],[81.948326,18.63279],[81.947388,18.65571],[81.955078,18.680229],[81.967682,18.690613],[81.997726,18.700451],[82.033737,18.7188],[82.051758,18.71184],[82.061287,18.71801],[82.078583,18.712082],[82.086746,18.746931],[82.091293,18.75618],[82.129066,18.75765],[82.138977,18.769541],[82.151703,18.7838],[82.158913,18.795071],[82.162796,18.865511],[82.177147,18.8969],[82.213783,18.91214],[82.231216,18.90522],[82.226662,18.99398],[82.194092,19.060221],[82.211227,19.085758],[82.199867,19.092178],[82.196899,19.101151],[82.191017,19.11631],[82.164803,19.114691],[82.166557,19.132141],[82.165878,19.143141],[82.174789,19.145231],[82.164139,19.154638],[82.174713,19.15275],[82.178238,19.16148],[82.173393,19.184311],[82.155708,19.196529],[82.151649,19.22357],[82.151726,19.265463],[82.168533,19.290661],[82.173683,19.316301],[82.17749,19.332371],[82.163147,19.337803],[82.142349,19.348171],[82.141182,19.365782],[82.166367,19.365931],[82.183487,19.41246],[82.170456,19.429491],[82.134102,19.424828],[82.107162,19.452612],[82.092079,19.50984],[82.067146,19.511021],[82.030212,19.51421],[82.042572,19.531569],[82.040421,19.55221],[82.043236,19.567671],[82.034897,19.583273],[82.045059,19.60165],[82.051346,19.624441],[82.046387,19.64403],[82.047668,19.662689],[82.037567,19.703911],[82.042557,19.723131],[82.046593,19.743021],[82.058983,19.77507],[82.052193,19.791342],[82.041077,19.792191],[82.024193,19.792978],[82.002892,19.79851],[81.987419,19.79174],[81.961456,19.824432],[81.939423,19.864841],[81.869247,19.892811],[81.84581,19.914862],[81.846512,19.941441],[81.840263,19.955139],[81.851013,19.989752],[81.855461,20.003521],[81.860168,20.023361],[81.866112,20.035181],[81.876221,20.04439],[81.889458,20.04327],[81.925636,20.090118],[81.941353,20.102251],[81.962646,20.085569],[81.983299,20.05703],[81.995552,20.047531],[82.009956,20.0448],[82.014496,20.030251],[82.024406,20.01004],[82.031029,20.022881],[82.057899,20.04987],[82.083046,20.03274],[82.09523,20.0268],[82.105476,20.017813],[82.12841,20.012581],[82.155579,20.00231],[82.175781,19.985531],[82.193817,19.98131],[82.214256,19.993341],[82.230629,19.998081],[82.258636,19.971741],[82.269463,19.94525],[82.298233,19.883461],[82.325119,19.84049],[82.356247,19.846621],[82.358452,19.85688],[82.377983,19.86869],[82.397003,19.884541],[82.413887,19.896521],[82.432259,19.899481],[82.458351,19.89465],[82.475693,19.90053],[82.497612,19.895088],[82.512413,19.884121],[82.5299,19.88213],[82.547218,19.873301],[82.56675,19.871721],[82.593498,19.86454],[82.589821,19.848188],[82.583496,19.838322],[82.571823,19.827808],[82.571838,19.80761],[82.579277,19.797213],[82.579292,19.78466],[82.581291,19.772692],[82.598282,19.77515],[82.608131,19.78513],[82.627342,19.79615],[82.6418,19.813721],[82.660019,19.823721],[82.690536,19.82576],[82.705887,19.838091],[82.71386,19.862091],[82.706367,19.878519],[82.701477,19.90073],[82.704262,19.918331],[82.710617,19.93947],[82.71093,19.983261],[82.698021,19.992731],[82.681023,19.995451],[82.636253,19.998291],[82.620888,19.99556],[82.598366,19.98564],[82.575943,19.998953],[82.524246,20.010441],[82.48159,20.024561],[82.464096,20.031549],[82.441429,20.035353],[82.417137,20.045349],[82.390862,20.059589],[82.394669,20.089161],[82.387756,20.12694],[82.378929,20.14463],[82.390488,20.167313],[82.413597,20.202271],[82.412773,20.217449],[82.404327,20.239601],[82.405373,20.255873],[82.420822,20.2726],[82.428337,20.289862],[82.416298,20.316959],[82.400299,20.32925],[82.394417,20.340137],[82.402519,20.36133],[82.410606,20.382471],[82.417686,20.405628],[82.429169,20.425753],[82.417717,20.438301],[82.4161,20.466181],[82.397316,20.45192],[82.389603,20.465361],[82.383751,20.48266],[82.380493,20.50985],[82.348793,20.52293],[82.327759,20.549271],[82.326378,20.55658],[82.332352,20.562271],[82.342529,20.57522],[82.338676,20.59432],[82.355827,20.603491],[82.358177,20.61517],[82.367546,20.62957],[82.365807,20.66115],[82.354286,20.675041],[82.3433,20.698853],[82.335129,20.758518],[82.334038,20.84059],[82.346619,20.883848],[82.355919,20.86994],[82.376671,20.86692],[82.402466,20.85796],[82.407372,20.843498],[82.415527,20.826469],[82.439392,20.82719],[82.448372,20.82218],[82.462463,20.827579],[82.463387,20.83967],[82.481926,20.85531],[82.484673,20.879551],[82.493637,20.909349],[82.519241,20.92469],[82.545738,20.93494],[82.604446,21.005873],[82.622307,21.03657],[82.609383,21.071198],[82.625877,21.07682],[82.642998,21.097761],[82.6371,21.11162],[82.647758,21.124962],[82.634087,21.136351],[82.645828,21.151711],[82.691963,21.156851],[82.705536,21.15489],[82.727242,21.159191],[82.757523,21.15856],[82.791763,21.145111],[82.806847,21.156641],[82.84713,21.162682],[82.859497,21.157303],[82.872856,21.151058],[82.895142,21.159821],[82.914421,21.160641],[82.937393,21.161148],[82.95607,21.175489],[82.965149,21.15576],[83.005547,21.14583],[83.015892,21.139721],[83.029083,21.12603],[83.040581,21.118931],[83.059761,21.115911],[83.081566,21.106701],[83.095177,21.104313],[83.134003,21.10523],[83.153397,21.125771],[83.17662,21.130741],[83.192749,21.139441],[83.200073,21.1689],[83.205208,21.18404],[83.207573,21.201391],[83.21521,21.223692],[83.214142,21.25087],[83.231873,21.265341],[83.257301,21.275551],[83.271309,21.2805],[83.272682,21.296131],[83.254211,21.31959],[83.254959,21.331921],[83.270782,21.35924],[83.276146,21.375921],[83.334602,21.355791],[83.387978,21.33894],[83.404449,21.35512],[83.393173,21.365191],[83.393089,21.383211],[83.381409,21.409578],[83.37014,21.4361],[83.350288,21.443981],[83.34198,21.474131],[83.334633,21.49555],[83.345879,21.50824],[83.365776,21.549681],[83.363319,21.56778],[83.377251,21.604679],[83.389816,21.620541],[83.40519,21.631811],[83.424057,21.638481],[83.447578,21.6446],[83.441422,21.625023],[83.452759,21.60519],[83.476563,21.627293],[83.483337,21.637173],[83.466217,21.644121],[83.42865,21.66889],[83.424881,21.689011],[83.440796,21.69339],[83.457626,21.699671],[83.47802,21.727991],[83.477333,21.74589],[83.479027,21.758699],[83.467178,21.78274],[83.485458,21.803221],[83.497719,21.806181],[83.522186,21.794111],[83.538666,21.800619],[83.527657,21.82299],[83.548538,21.835232],[83.573532,21.82966],[83.584473,21.843601],[83.571518,21.87187],[83.576706,21.88616],[83.583199,21.89407],[83.592636,21.900751],[83.587769,21.926121],[83.557716,21.943911],[83.534477,21.97625],[83.544968,21.99939],[83.538857,22.014372],[83.532448,22.034048],[83.543007,22.059391],[83.583511,22.054951],[83.600319,22.06551],[83.5737,22.0888],[83.557266,22.099979],[83.567307,22.113708],[83.605942,22.15761],[83.626282,22.205858],[83.65744,22.224791],[83.679047,22.240631],[83.718987,22.243252],[83.756851,22.25038],[83.771317,22.257339],[83.788628,22.280251],[83.797516,22.28949],[83.815987,22.291203],[83.820107,22.305082],[83.825203,22.31963],[83.84758,22.330839],[83.864143,22.343618],[83.896973,22.339689],[83.919296,22.359781],[83.943237,22.358459],[83.966988,22.357849],[83.992973,22.36924],[84.004211,22.367661],[84.008987,22.391399],[84.014442,22.404093],[84.025993,22.41909],[84.040009,22.432899],[84.041557,22.464109],[84.023827,22.470711],[84.013023,22.485241],[83.990448,22.49439],[83.973846,22.509138],[83.980103,22.522013],[83.994293,22.528811],[84.004898,22.53013],[84.005051,22.569563],[84.020027,22.58279],[84.041931,22.59218],[84.097641,22.633011],[84.132103,22.63578],[84.164833,22.645321],[84.196999,22.66378],[84.209671,22.662998],[84.227753,22.676991],[84.225357,22.735161],[84.260101,22.76494],[84.281448,22.760111],[84.287109,22.776711],[84.311691,22.803301],[84.320312,22.849421],[84.338356,22.859041],[84.357933,22.8606],[84.37146,22.872129],[84.37619,22.909201],[84.389053,22.93874],[84.379227,22.9489],[84.376381,22.966303],[84.361496,22.97455],[84.33181,22.979139],[84.278572,22.961248],[84.271111,22.984159],[84.241508,22.972879],[84.217056,22.976473],[84.201073,22.998821],[84.19825,23.01899],[84.176682,23.020519],[84.170593,22.985189],[84.154587,22.964373],[84.124611,23.030748],[84.124832,23.053478],[84.131706,23.06743],[84.126472,23.08515],[84.087868,23.109489],[84.061462,23.1099],[84.052872,23.12447],[84.035957,23.134951],[84.030266,23.149368],[84.033806,23.167841],[84.050903,23.189581],[84.058029,23.208],[84.05127,23.246601],[84.06797,23.334091],[84.048607,23.35416],[84.038033,23.376169],[84.017151,23.37159],[83.992767,23.355883],[83.970253,23.369398],[83.967781,23.39299],[83.978157,23.420931],[83.969727,23.447668],[83.984627,23.475592],[84.012283,23.50815],[84.022667,23.544241],[84.022339,23.597361],[84.001869,23.62044],[84.007713,23.628521],[83.975456,23.630831],[83.937889,23.622431],[83.935257,23.56304],[83.837631,23.58136],[83.806343,23.58231],[83.743027,23.640461],[83.750946,23.65333],[83.721329,23.67374],[83.72258,23.694139],[83.734718,23.713551],[83.730003,23.743681],[83.712357,23.772331],[83.698593,23.816462],[83.682007,23.825802],[83.666496,23.825918],[83.657593,23.836971],[83.637901,23.847031],[83.571777,23.86306],[83.563698,23.87306],[83.570152,23.89036],[83.542847,23.898241],[83.533737,23.94174],[83.507721,23.97946],[83.516556,24.01062],[83.506706,24.02824],[83.447586,24.04248],[83.429207,24.062021],[83.428589,24.079773],[83.400696,24.081779],[83.361977,24.101961],[83.327599,24.099649]]]},"properties":{"name":"Chhattisgarh","type":"State"}},
{"type":"Feature","geometry":{"type":"Polygon","coordinates":[[[72.990463,20.292089],[72.987793,20.27467],[72.974487,20.27178],[72.950783,20.292021],[72.93811,20.28801],[72.92231,20.274401],[72.943672,20.244881],[72.965347,20.237181],[72.975433,20.2192],[72.975922,20.189598],[72.986687,20.17131],[72.973228,20.1308],[72.989243,20.113213],[73.006653,20.12125],[73.010513,20.140223],[73.01667,20.130491],[73.019547,20.105021],[73.038528,20.078098],[73.059212,20.06793],[73.078232,20.09527],[73.126122,20.078091],[73.144493,20.07786],[73.170227,20.065601],[73.1838,20.052299],[73.198036,20.07781],[73.213936,20.090641],[73.216316,20.122],[73.195976,20.13994],[73.199242,20.16164],[73.22673,20.176361],[73.227783,20.18705],[73.20993,20.197351],[73.19133,20.198603],[73.180176,20.208609],[73.163513,20.201469],[73.142181,20.20439],[73.15007,20.17284],[73.135826,20.172319],[73.122597,20.157751],[73.10334,20.161348],[73.097908,20.173349],[73.089912,20.170431],[73.082443,20.15659],[73.07048,20.197371],[73.06424,20.203161],[73.081879,20.232813],[73.110466,20.23213],[73.12458,20.25672],[73.140953,20.26523],[73.146286,20.280531],[73.152542,20.27668],[73.158203,20.290482],[73.166801,20.283411],[73.175789,20.28417],[73.178017,20.310711],[73.15242,20.317471],[73.129128,20.30578],[73.114403,20.310631],[73.121956,20.332878],[73.107376,20.36071],[73.102531,20.359671],[73.099167,20.339939],[73.088631,20.326483],[73.075256,20.32963],[73.047676,20.31661],[73.044167,20.291113],[73.029793,20.292261],[73.024696,20.312799],[73.017601,20.315493],[73.022171,20.29707],[73.017288,20.290531],[72.990463,20.292089]]]},"properties":{"name":"Dadra and Nagar Haveli","type":"Union Territory"}},
{"type":"Feature","geometry":{"type":"MultiPolygon","coordinates":[[[[72.860138,20.470961],[72.859016,20.46487],[72.838196,20.453472],[72.830139,20.439585],[72.831253,20.410418],[72.821533,20.37108],[72.842537,20.3992],[72.851059,20.40819],[72.872093,20.382151],[72.874458,20.393461],[72.869476,20.403992],[72.852013,20.411961],[72.84491,20.4153],[72.841621,20.417089],[72.837059,20.422331],[72.8386,20.43821],[72.844337,20.4484],[72.862381,20.46228],[72.860138,20.470961]]],[[[70.948547,20.733742],[70.938896,20.736488],[70.920937,20.72891],[70.896896,20.720001],[70.892082,20.707916],[70.899307,20.69875],[70.914017,20.69903],[70.916252,20.708195],[70.92514,20.711811],[70.951813,20.703753],[70.970139,20.707085],[70.977081,20.701811],[70.99736,20.71347],[70.967636,20.728472],[70.962364,20.721806],[70.962639,20.729031],[70.948547,20.733742]]],[[[70.854561,20.752083],[70.852913,20.753191],[70.854416,20.753471],[70.844841,20.764118],[70.863716,20.76366],[70.864479,20.773533],[70.867416,20.79505],[70.893852,20.794701],[70.896179,20.824793],[70.873039,20.83497],[70.837921,20.836639],[70.829018,20.848881],[70.819748,20.85771],[70.846428,20.86058],[70.884346,20.87324],[70.902786,20.8972],[70.889687,20.93585],[70.86911,20.95709],[70.851303,20.963131],[70.838303,20.97006],[70.824989,20.960402],[70.807892,20.964439],[70.789177,20.959908],[70.776787,20.96851],[70.768028,20.96196],[70.755539,20.973841],[70.735512,20.989832],[70.740402,20.97683],[70.717636,20.915951],[70.679031,20.84404],[70.676323,20.818821],[70.684776,20.7918],[70.675217,20.77047],[70.67762,20.764841],[70.674309,20.757641],[70.684303,20.75042],[70.744308,20.71986],[70.764862,20.721531],[70.792923,20.711811],[70.803749,20.700972],[70.810692,20.703753],[70.805969,20.710421],[70.816803,20.718473],[70.815407,20.714861],[70.827919,20.710972],[70.827362,20.69792],[70.80764,20.700138],[70.822357,20.690969],[70.838196,20.69042],[70.834297,20.69931],[70.843483,20.70681],[70.873749,20.704863],[70.868752,20.707361],[70.866943,20.721741],[70.844566,20.726339],[70.854561,20.752083]]]]},"properties":{"name":"Daman and Diu","type":"Union Territory"}},
{"type":"Feature","geometry":{"type":"Polygon","coordinates":[[[77.337738,28.50897],[77.330513,28.524101],[77.310699,28.54369],[77.2938,28.56673],[77.307137,28.59691],[77.327843,28.604881],[77.337532,28.617493],[77.33046,28.631411],[77.311211,28.644642],[77.31543,28.663271],[77.325386,28.682503],[77.320923,28.699671],[77.323486,28.715872],[77.30146,28.71673],[77.284897,28.71246],[77.280693,28.730021],[77.266373,28.739281],[77.251877,28.745501],[77.245857,28.757351],[77.220909,28.777901],[77.224678,28.787628],[77.20845,28.787189],[77.194443,28.802292],[77.217323,28.835279],[77.211472,28.854931],[77.199646,28.864941],[77.18364,28.862301],[77.133812,28.844723],[77.12854,28.865391],[77.070137,28.880011],[77.018806,28.837063],[76.983498,28.839081],[76.970566,28.825102],[76.937363,28.809151],[76.942337,28.78776],[76.93821,28.759621],[76.949196,28.741503],[76.950958,28.709761],[76.94725,28.67716],[76.923103,28.66921],[76.933907,28.63765],[76.893677,28.632751],[76.854813,28.592352],[76.832916,28.582508],[76.87381,28.514391],[76.968468,28.52758],[77.005547,28.514441],[77.000206,28.542],[77.048767,28.515242],[77.072479,28.520281],[77.103523,28.497459],[77.101547,28.476479],[77.108749,28.457352],[77.124077,28.439238],[77.179489,28.412371],[77.215309,28.415741],[77.243187,28.43368],[77.239868,28.453608],[77.225746,28.46401],[77.236732,28.479691],[77.285789,28.496271],[77.30687,28.490681],[77.337738,28.50897]]]},"properties":{"name":"Delhi","type":"Union Territory"}},
{"type":"Feature","geometry":{"type":"MultiPolygon","coordinates":[[[[73.781807,15.355694],[73.760696,15.352081],[73.782082,15.348752],[73.781807,15.355694]]],[[[73.796516,15.37903],[73.792641,15.375139],[73.796249,15.37237],[73.796516,15.37903]]],[[[74.128967,15.65024],[74.112633,15.643081],[74.080551,15.62617],[74.056801,15.622722],[74.027931,15.6046],[74.002388,15.609052],[73.990211,15.62063],[73.975983,15.628942],[73.974228,15.654671],[73.972198,15.676692],[73.957237,15.696739],[73.950821,15.723229],[73.924156,15.742821],[73.908607,15.742331],[73.880241,15.752551],[73.886841,15.76713],[73.879868,15.779212],[73.875931,15.793231],[73.861588,15.79388],[73.856987,15.77823],[73.847168,15.76613],[73.840302,15.756202],[73.820396,15.73991],[73.802841,15.7322],[73.786491,15.72325],[73.748711,15.730571],[73.737038,15.717251],[73.722557,15.72289],[73.706589,15.72173],[73.691856,15.72691],[73.680138,15.724371],[73.679306,15.722361],[73.69014,15.718482],[73.722641,15.63014],[73.73597,15.614305],[73.745972,15.626811],[73.75486,15.617361],[73.744308,15.605141],[73.731247,15.608195],[73.731529,15.59042],[73.741249,15.563191],[73.750969,15.557641],[73.766251,15.506532],[73.76458,15.49458],[73.775139,15.49014],[73.78653,15.492916],[73.789856,15.49986],[73.80542,15.49486],[73.804581,15.465138],[73.800972,15.460694],[73.790138,15.46486],[73.78791,15.46125],[73.803192,15.450141],[73.81208,15.455693],[73.840698,15.44765],[73.849297,15.451812],[73.859306,15.442084],[73.861809,15.429581],[73.884323,15.432651],[73.89653,15.41486],[73.894577,15.40764],[73.876808,15.396805],[73.864861,15.40292],[73.846252,15.399583],[73.839302,15.410972],[73.827362,15.403471],[73.816803,15.410972],[73.810966,15.401251],[73.791527,15.418751],[73.782639,15.410416],[73.79097,15.394031],[73.806252,15.392641],[73.807907,15.377359],[73.83403,15.369583],[73.840973,15.360416],[73.873749,15.369861],[73.894585,15.332362],[73.948196,15.14597],[73.93541,15.13292],[73.940666,15.11958],[73.935143,15.11264],[73.917641,15.10792],[73.925423,15.103751],[73.926247,15.096804],[73.911804,15.084584],[73.925972,15.085694],[73.931526,15.078195],[73.966805,15.065972],[73.971252,15.052083],[73.981529,15.051532],[73.985138,15.046251],[73.989578,15.019861],[74.007362,15.017921],[74.013748,15.00653],[74.016251,15.014031],[74.021248,15.011811],[74.038483,14.98597],[74.05014,14.988195],[74.034569,14.98375],[74.053192,14.958194],[74.042915,14.948193],[74.043747,14.917917],[74.06514,14.907638],[74.080414,14.909861],[74.088196,14.898194],[74.097084,14.895972],[74.103317,14.90148],[74.132042,14.91265],[74.139397,14.920461],[74.175392,14.908919],[74.169662,14.942181],[74.180367,14.95305],[74.204056,14.9321],[74.219269,14.93138],[74.243866,14.95749],[74.256599,14.958422],[74.273911,14.975222],[74.266441,14.992951],[74.289787,15.021611],[74.294991,15.054292],[74.281067,15.10183],[74.290619,15.116631],[74.292587,15.147679],[74.310867,15.162031],[74.316971,15.19107],[74.302132,15.228142],[74.270752,15.238501],[74.259262,15.24999],[74.282959,15.2813],[74.318413,15.28192],[74.340446,15.296801],[74.323647,15.362032],[74.312828,15.374882],[74.286247,15.382601],[74.282516,15.443121],[74.256332,15.48952],[74.282799,15.520541],[74.282928,15.541571],[74.26989,15.561151],[74.254311,15.56583],[74.268547,15.609589],[74.254517,15.629612],[74.255257,15.65421],[74.236839,15.661891],[74.213249,15.64903],[74.21154,15.660979],[74.198112,15.673651],[74.183029,15.67735],[74.173431,15.652052],[74.128967,15.65024]]]]},"properties":{"name":"Goa","type":"State"}},
{"type":"Feature","geometry":{"type":"MultiPolygon","coordinates":[[[[70.866943,20.721741],[70.870697,20.719305],[70.872643,20.72431],[70.857635,20.742083],[70.862358,20.752083],[70.854561,20.752083],[70.844566,20.726339],[70.866943,20.721741]]],[[[72.84597,20.763201],[72.847076,20.753759],[72.857361,20.752359],[72.853752,20.760975],[72.84597,20.763201]]],[[[71.516251,20.914305],[71.50708,20.903194],[71.530418,20.903473],[71.519028,20.90764],[71.516251,20.914305]]],[[[71.686531,20.996529],[71.673752,20.99264],[71.673752,20.985142],[71.686531,20.996529]]],[[[71.703751,20.999582],[71.695419,20.996811],[71.702919,20.995138],[71.703751,20.999582]]],[[[71.710419,20.999582],[71.706253,20.99736],[71.71347,20.99736],[71.710419,20.999582]]],[[[72.647636,21.076248],[72.648193,21.06764],[72.657913,21.065695],[72.647636,21.076248]]],[[[72.672081,21.115141],[72.669861,21.103472],[72.676247,21.09708],[72.672081,21.115141]]],[[[72.70208,21.12236],[72.697639,21.116531],[72.700691,21.11236],[72.70208,21.12236]]],[[[72.676529,21.155701],[72.665413,21.149311],[72.665703,21.13986],[72.675972,21.104582],[72.689026,21.089861],[72.698753,21.108191],[72.696808,21.11875],[72.710136,21.13986],[72.676529,21.155701]]],[[[72.600418,21.387081],[72.587906,21.36763],[72.599297,21.377359],[72.600418,21.387081]]],[[[72.675972,21.44681],[72.66375,21.439583],[72.67292,21.440416],[72.675972,21.44681]]],[[[69.72847,21.612083],[69.724586,21.60903],[69.739586,21.59236],[69.734863,21.609583],[69.72847,21.612083]]],[[[72.353195,21.61347],[72.346527,21.609583],[72.34597,21.602362],[72.357918,21.579861],[72.364861,21.587921],[72.364861,21.597639],[72.353195,21.61347]]],[[[72.595703,21.63903],[72.587906,21.630701],[72.590416,21.620708],[72.599022,21.617361],[72.601517,21.62681],[72.611252,21.634861],[72.595963,21.630421],[72.595703,21.63903]]],[[[72.602364,21.64097],[72.595695,21.640694],[72.598747,21.637083],[72.602364,21.64097]]],[[[72.722641,21.665972],[72.710693,21.660141],[72.716797,21.64459],[72.737923,21.643751],[72.75042,21.652361],[72.745972,21.658751],[72.722641,21.665972]]],[[[72.274307,21.749582],[72.267639,21.73653],[72.287636,21.70764],[72.274307,21.749582]]],[[[72.354858,21.943199],[72.347923,21.92819],[72.36042,21.924583],[72.354858,21.943199]]],[[[72.214027,22.005421],[72.210419,22.003193],[72.214302,22.001251],[72.214027,22.005421]]],[[[72.370697,22.23514],[72.363747,22.214031],[72.375137,22.204031],[72.368187,22.22514],[72.370697,22.23514]]],[[[69.452637,22.358194],[69.437363,22.354305],[69.457359,22.351805],[69.452637,22.358194]]],[[[69.195419,22.374584],[69.189857,22.369583],[69.194862,22.367914],[69.195419,22.374584]]],[[[69.335419,22.38903],[69.322639,22.380138],[69.333473,22.372641],[69.340141,22.380972],[69.335419,22.38903]]],[[[69.483192,22.398748],[69.480423,22.388472],[69.48597,22.38792],[69.488747,22.393751],[69.483192,22.398748]]],[[[69.62764,22.459583],[69.594025,22.445696],[69.588196,22.43708],[69.595703,22.424858],[69.636528,22.40653],[69.657082,22.428194],[69.645691,22.432917],[69.648476,22.438194],[69.642639,22.450972],[69.62764,22.459583]]],[[[69.302086,22.47403],[69.293198,22.459305],[69.301247,22.453194],[69.321526,22.45153],[69.327637,22.460417],[69.324028,22.469864],[69.304863,22.469584],[69.302086,22.47403]]],[[[69.136803,22.477638],[69.092918,22.459862],[69.095695,22.441252],[69.084862,22.432083],[69.084305,22.421528],[69.108192,22.437641],[69.11068,22.463751],[69.123192,22.468195],[69.146248,22.462641],[69.150139,22.47014],[69.136803,22.477638]]],[[[69.324287,22.527639],[69.316803,22.525141],[69.315971,22.519581],[69.33403,22.507917],[69.349304,22.504026],[69.363747,22.512362],[69.35125,22.526251],[69.324287,22.527639]]],[[[69.960419,22.543751],[69.954033,22.53653],[69.963196,22.541811],[69.960419,22.543751]]],[[[69.95208,22.55125],[69.94014,22.548752],[69.938469,22.539028],[69.953751,22.537361],[69.957359,22.545137],[69.95208,22.55125]]],[[[69.918747,22.553196],[69.900406,22.546247],[69.90097,22.527639],[69.895416,22.523203],[69.865692,22.531248],[69.862923,22.526541],[69.897362,22.51181],[69.941528,22.517916],[69.94236,22.528194],[69.937637,22.53153],[69.935143,22.525141],[69.935692,22.53347],[69.929863,22.53153],[69.934303,22.534031],[69.932358,22.544584],[69.918747,22.553196]]],[[[70.024307,22.553196],[70.011803,22.549583],[70.020416,22.548189],[70.024307,22.553196]]],[[[70.023476,22.558472],[70.012917,22.553751],[70.02375,22.554861],[70.023476,22.558472]]],[[[70.009033,22.593201],[69.964859,22.57765],[69.957359,22.562651],[69.957916,22.54958],[69.966248,22.545416],[69.993187,22.54847],[70.027084,22.567917],[70.024582,22.586531],[70.009033,22.593201]]],[[[69.948471,22.606251],[69.953194,22.595415],[69.963753,22.599028],[69.948471,22.606251]]],[[[69.642639,22.764862],[69.631248,22.761263],[69.667084,22.751806],[69.642639,22.764862]]],[[[70.455139,22.995701],[70.432907,22.97958],[70.450966,22.98597],[70.455139,22.995701]]],[[[70.441528,23.049583],[70.422081,23.039583],[70.415413,23.02264],[70.441528,23.049583]]],[[[70.448471,23.052084],[70.414024,23.018192],[70.413483,22.990143],[70.434303,23.013748],[70.448471,23.052084]]],[[[70.45903,23.05764],[70.449593,23.052641],[70.457359,23.054859],[70.449585,23.043753],[70.457359,23.050138],[70.45903,23.05764]]],[[[70.482361,23.065418],[70.464577,23.056261],[70.459587,23.04653],[70.458191,23.049862],[70.446251,23.025694],[70.451805,23.026527],[70.459862,23.043192],[70.482361,23.065418]]],[[[68.609016,23.231253],[68.60347,23.225695],[68.613747,23.221806],[68.609016,23.231253]]],[[[68.705139,23.31181],[68.700417,23.310143],[68.708473,23.306805],[68.705139,23.31181]]],[[[68.558197,23.313751],[68.553467,23.296249],[68.567642,23.28097],[68.564857,23.28347],[68.555138,23.274303],[68.54097,23.285143],[68.538475,23.270971],[68.573196,23.24514],[68.573471,23.25153],[68.58403,23.25375],[68.572365,23.260975],[68.598473,23.268194],[68.599861,23.272917],[68.602364,23.268194],[68.606247,23.273195],[68.614296,23.27125],[68.612083,23.291529],[68.607361,23.295422],[68.612076,23.295691],[68.595695,23.299864],[68.582077,23.310143],[68.588196,23.295416],[68.572357,23.303751],[68.574028,23.294306],[68.563469,23.301811],[68.558197,23.313751]]],[[[68.642639,23.31403],[68.634026,23.313475],[68.633186,23.307919],[68.646248,23.30736],[68.642639,23.31403]]],[[[68.58847,23.319031],[68.582642,23.315697],[68.598473,23.30208],[68.618752,23.299311],[68.609306,23.316807],[68.605141,23.314861],[68.607918,23.30986],[68.58847,23.319031]]],[[[68.505974,23.342361],[68.503471,23.323195],[68.517639,23.31736],[68.537086,23.317921],[68.526253,23.329027],[68.527916,23.336533],[68.505974,23.342361]]],[[[68.631531,23.351805],[68.628746,23.348471],[68.634033,23.34236],[68.631531,23.351805]]],[[[68.573471,23.360418],[68.56958,23.358749],[68.574577,23.35264],[68.573471,23.360418]]],[[[68.589027,23.374311],[68.587364,23.36875],[68.586533,23.372919],[68.568192,23.372641],[68.574028,23.36097],[68.578751,23.360971],[68.577637,23.35236],[68.58403,23.353474],[68.590973,23.34153],[68.607361,23.332361],[68.599861,23.345694],[68.610687,23.33264],[68.616531,23.334028],[68.617638,23.327917],[68.618195,23.353474],[68.607361,23.364305],[68.610695,23.351805],[68.595695,23.358473],[68.597641,23.364582],[68.589027,23.374311]]],[[[68.536247,23.38542],[68.536179,23.380697],[68.542641,23.37986],[68.536247,23.38542]]],[[[68.535141,23.387638],[68.530693,23.382921],[68.535423,23.37125],[68.535141,23.387638]]],[[[68.537361,23.404861],[68.539307,23.401251],[68.527916,23.391809],[68.534027,23.390139],[68.541252,23.401251],[68.542915,23.388195],[68.546249,23.396807],[68.554031,23.377083],[68.560692,23.374861],[68.55542,23.369307],[68.55014,23.370701],[68.556252,23.360695],[68.56736,23.375973],[68.556526,23.37875],[68.554031,23.382917],[68.559029,23.383472],[68.551247,23.401812],[68.537361,23.404861]]],[[[68.523476,23.404581],[68.520683,23.393471],[68.527359,23.38625],[68.523476,23.404581]]],[[[68.414581,23.409861],[68.413475,23.403473],[68.42347,23.400688],[68.414581,23.409861]]],[[[68.506813,23.456541],[68.503197,23.455973],[68.506805,23.450417],[68.502907,23.429312],[68.510414,23.430695],[68.510406,23.438471],[68.515419,23.43347],[68.517082,23.442083],[68.521248,23.437641],[68.513466,23.44792],[68.526253,23.437084],[68.524864,23.443472],[68.506813,23.456541]]],[[[68.407913,23.45792],[68.401527,23.45348],[68.40625,23.45236],[68.407913,23.45792]]],[[[68.499031,23.475973],[68.495407,23.47403],[68.49987,23.455139],[68.499031,23.475973]]],[[[68.472862,23.480419],[68.457359,23.478472],[68.459297,23.468479],[68.444862,23.467083],[68.444862,23.461803],[68.452637,23.46125],[68.432907,23.45014],[68.43486,23.440695],[68.429306,23.44014],[68.424583,23.447639],[68.412636,23.44375],[68.412651,23.432371],[68.421516,23.420141],[68.428749,23.431532],[68.419861,23.43375],[68.418747,23.439859],[68.425972,23.438751],[68.43042,23.43125],[68.438751,23.436251],[68.44014,23.44486],[68.474861,23.459581],[68.471252,23.45348],[68.461525,23.452362],[68.460419,23.444027],[68.467361,23.442083],[68.460136,23.437361],[68.464577,23.42153],[68.458191,23.418194],[68.46653,23.41181],[68.463753,23.407364],[68.483749,23.403194],[68.494583,23.457359],[68.48542,23.47542],[68.472862,23.480419]]],[[[68.498466,23.489031],[68.487083,23.485695],[68.482361,23.478201],[68.488197,23.473751],[68.495972,23.47736],[68.498466,23.489031]]],[[[68.46653,23.497923],[68.459587,23.479841],[68.47097,23.480419],[68.472641,23.49181],[68.46653,23.497923]]],[[[68.480698,23.501251],[68.481247,23.49181],[68.473198,23.49375],[68.474861,23.486811],[68.483749,23.491529],[68.484581,23.48514],[68.475975,23.485971],[68.47403,23.481529],[68.481247,23.477917],[68.486809,23.48625],[68.480698,23.501251]]],[[[68.467918,23.524033],[68.464302,23.515417],[68.469864,23.517918],[68.467918,23.524033]]],[[[68.475136,23.528761],[68.469017,23.524033],[68.471527,23.520691],[68.475136,23.528761]]],[[[68.479309,23.55542],[68.457359,23.542641],[68.454033,23.536249],[68.461807,23.534584],[68.453751,23.52931],[68.475975,23.539028],[68.479309,23.55542]]],[[[68.255142,23.590139],[68.244858,23.587078],[68.253471,23.582081],[68.257919,23.58514],[68.255142,23.590139]]],[[[68.482086,23.596809],[68.479576,23.589861],[68.468193,23.59181],[68.462914,23.580416],[68.46875,23.582914],[68.472916,23.57847],[68.455696,23.572361],[68.453476,23.561527],[68.446808,23.56514],[68.435143,23.55653],[68.430138,23.507917],[68.445969,23.54014],[68.462906,23.553753],[68.468193,23.552917],[68.474586,23.563473],[68.481247,23.561251],[68.485687,23.587641],[68.482086,23.596809]]],[[[68.458473,23.600418],[68.452637,23.595972],[68.457077,23.587078],[68.453476,23.57847],[68.444305,23.578194],[68.44986,23.57374],[68.462082,23.576813],[68.46125,23.582085],[68.467361,23.59181],[68.465141,23.598751],[68.458473,23.600418]]],[[[68.482086,23.606531],[68.479858,23.605972],[68.47876,23.60014],[68.481529,23.598194],[68.486526,23.60404],[68.482086,23.606531]]],[[[68.456253,23.624861],[68.43486,23.616812],[68.440407,23.586809],[68.452637,23.603203],[68.46653,23.600981],[68.466248,23.620701],[68.456253,23.624861]]],[[[68.484581,23.627918],[68.469856,23.616812],[68.468483,23.59264],[68.479858,23.590969],[68.477913,23.603203],[68.479858,23.607082],[68.483192,23.607082],[68.489296,23.60375],[68.490974,23.604305],[68.490974,23.622086],[68.489304,23.625694],[68.483192,23.621531],[68.484581,23.627918]]],[[[68.477913,23.722361],[68.472641,23.714581],[68.481804,23.719584],[68.477913,23.722361]]],[[[68.467361,23.739861],[68.458473,23.73625],[68.459297,23.724861],[68.48764,23.729031],[68.467361,23.739861]]],[[[68.21653,23.77931],[68.217636,23.755693],[68.22403,23.76403],[68.21653,23.77931]]],[[[68.349312,23.80014],[68.340141,23.777639],[68.346527,23.779581],[68.349312,23.80014]]],[[[68.358467,23.80514],[68.350136,23.799591],[68.348747,23.781528],[68.334862,23.758751],[68.337914,23.752083],[68.343193,23.752361],[68.342361,23.744583],[68.351807,23.74375],[68.347359,23.740971],[68.349861,23.731808],[68.339577,23.74264],[68.337639,23.729029],[68.330406,23.722361],[68.333748,23.710695],[68.329582,23.723749],[68.317917,23.71764],[68.297363,23.684032],[68.305969,23.680971],[68.28347,23.67181],[68.269302,23.64986],[68.238197,23.647921],[68.231247,23.642916],[68.280418,23.65181],[68.311531,23.650417],[68.259857,23.64514],[68.258751,23.63986],[68.255959,23.64514],[68.228752,23.641806],[68.222359,23.647081],[68.212082,23.640417],[68.204582,23.64764],[68.186531,23.62431],[68.18708,23.61208],[68.197083,23.597086],[68.203476,23.594864],[68.205414,23.600973],[68.225983,23.60681],[68.22097,23.590139],[68.232918,23.587078],[68.23764,23.595695],[68.250687,23.590969],[68.255692,23.596251],[68.248749,23.59403],[68.241806,23.598471],[68.242081,23.60597],[68.255692,23.600695],[68.26458,23.602922],[68.269028,23.607641],[68.267082,23.62014],[68.277092,23.632643],[68.304031,23.63098],[68.306808,23.63014],[68.314026,23.622641],[68.30542,23.629862],[68.28653,23.62764],[68.277916,23.63125],[68.273476,23.616806],[68.278198,23.609861],[68.282082,23.614031],[68.287918,23.606251],[68.28125,23.606531],[68.292641,23.600695],[68.282639,23.60014],[68.279587,23.588751],[68.279297,23.596531],[68.274857,23.595421],[68.280136,23.582914],[68.294861,23.578751],[68.30764,23.584028],[68.299858,23.587919],[68.303749,23.59597],[68.308472,23.583197],[68.314857,23.583471],[68.315407,23.589581],[68.331802,23.589581],[68.346802,23.59819],[68.35125,23.60486],[68.348198,23.616249],[68.371803,23.635139],[68.38958,23.685694],[68.376526,23.642916],[68.394287,23.661251],[68.418198,23.723473],[68.417358,23.760418],[68.399582,23.750971],[68.418198,23.762638],[68.425697,23.784309],[68.42514,23.796804],[68.397087,23.785141],[68.377083,23.791805],[68.358467,23.80514]]],[[[68.605141,23.809586],[68.593475,23.803473],[68.595139,23.796804],[68.601517,23.795971],[68.607918,23.80625],[68.605141,23.809586]]],[[[68.307907,23.82375],[68.290695,23.816805],[68.297363,23.811531],[68.297638,23.803471],[68.275139,23.794582],[68.267357,23.77125],[68.265419,23.726803],[68.257637,23.715975],[68.274582,23.70125],[68.272636,23.707918],[68.283752,23.710695],[68.294586,23.723188],[68.285141,23.731525],[68.285698,23.735971],[68.293198,23.740417],[68.285698,23.754583],[68.294296,23.742371],[68.292923,23.73764],[68.28653,23.733749],[68.291252,23.72764],[68.324303,23.734308],[68.313751,23.786806],[68.322067,23.804312],[68.307907,23.82375]]],[[[68.496529,23.830973],[68.458191,23.81765],[68.455406,23.80736],[68.447639,23.805971],[68.456528,23.774584],[68.437363,23.739311],[68.476807,23.74069],[68.47847,23.747641],[68.47097,23.752083],[68.464302,23.765692],[68.466248,23.775419],[68.469307,23.758471],[68.487358,23.749584],[68.488747,23.737362],[68.507362,23.749029],[68.490135,23.759583],[68.508469,23.751541],[68.516525,23.754305],[68.522087,23.775141],[68.512642,23.787361],[68.498474,23.793751],[68.512642,23.789577],[68.522636,23.802078],[68.519577,23.818201],[68.496529,23.830973]]],[[[68.707077,23.85125],[68.702637,23.850414],[68.710419,23.84931],[68.707077,23.85125]]],[[[68.533203,23.873751],[68.524025,23.858473],[68.534859,23.8657],[68.533203,23.873751]]],[[[68.395691,23.878197],[68.377907,23.87431],[68.375687,23.857361],[68.344307,23.83931],[68.347084,23.81875],[68.32486,23.797083],[68.330139,23.787361],[68.33847,23.800972],[68.355141,23.810694],[68.369583,23.809303],[68.378754,23.795416],[68.401253,23.79014],[68.390419,23.809029],[68.388748,23.83153],[68.379585,23.838196],[68.38736,23.835421],[68.391541,23.829029],[68.392082,23.809031],[68.401802,23.795692],[68.407639,23.793751],[68.415695,23.801529],[68.406807,23.811251],[68.411247,23.820421],[68.410141,23.809031],[68.417923,23.80514],[68.425697,23.810141],[68.439026,23.839031],[68.428749,23.84597],[68.420975,23.868195],[68.395691,23.878197]]],[[[68.248192,23.880421],[68.215973,23.86681],[68.215973,23.84763],[68.233749,23.84264],[68.251526,23.862362],[68.254585,23.875692],[68.248192,23.880421]]],[[[68.449303,23.938473],[68.428467,23.934031],[68.420692,23.92153],[68.405418,23.91264],[68.354027,23.901251],[68.353203,23.884312],[68.355698,23.884863],[68.354309,23.88764],[68.356247,23.892084],[68.358467,23.89403],[68.367363,23.890694],[68.359863,23.893194],[68.357918,23.892918],[68.356247,23.890694],[68.355141,23.88764],[68.356529,23.885139],[68.354584,23.880419],[68.356529,23.863201],[68.349861,23.846251],[68.372086,23.859306],[68.377357,23.876251],[68.392639,23.880421],[68.417076,23.87236],[68.40847,23.884029],[68.420967,23.894308],[68.429306,23.894861],[68.410698,23.885422],[68.420143,23.87764],[68.420143,23.870422],[68.427086,23.86458],[68.442093,23.870422],[68.443466,23.87793],[68.45182,23.881809],[68.446808,23.899033],[68.450417,23.904583],[68.442917,23.90819],[68.450691,23.905701],[68.45182,23.912922],[68.444862,23.913195],[68.45153,23.916531],[68.444031,23.91931],[68.458748,23.93125],[68.449303,23.938473]]],[[[68.535416,23.945972],[68.525696,23.94014],[68.537636,23.917639],[68.531807,23.923471],[68.51403,23.904028],[68.525406,23.892641],[68.512085,23.903194],[68.486252,23.88987],[68.490692,23.866808],[68.497917,23.867916],[68.502083,23.875141],[68.50042,23.866529],[68.517639,23.856527],[68.522087,23.856251],[68.532082,23.875692],[68.536797,23.87542],[68.537918,23.86764],[68.547081,23.873194],[68.567085,23.903475],[68.58847,23.916811],[68.580971,23.923195],[68.558197,23.923471],[68.558472,23.930696],[68.542915,23.933472],[68.535416,23.945972]]],[[[68.525696,23.94953],[68.51458,23.949306],[68.522919,23.945415],[68.525696,23.94953]]],[[[68.482086,23.99264],[68.46125,23.991529],[68.447914,23.980972],[68.442627,23.964029],[68.449028,23.959583],[68.441528,23.962641],[68.428474,23.938473],[68.448761,23.94014],[68.462082,23.932083],[68.451248,23.919861],[68.454308,23.912083],[68.457916,23.914579],[68.450691,23.893471],[68.453186,23.87986],[68.439308,23.866251],[68.428192,23.861811],[68.431808,23.85264],[68.443466,23.848471],[68.472923,23.86293],[68.479576,23.88875],[68.467636,23.894861],[68.480415,23.890415],[68.487358,23.900972],[68.505142,23.909306],[68.510139,23.923471],[68.512642,23.919849],[68.518471,23.924305],[68.518196,23.935972],[68.505692,23.940416],[68.516525,23.937916],[68.518196,23.94125],[68.50264,23.945971],[68.496246,23.95681],[68.502083,23.97875],[68.482086,23.99264]]],[[[68.430138,23.99542],[68.393753,23.964861],[68.382919,23.96847],[68.37542,23.984583],[68.359863,23.97764],[68.346802,23.961531],[68.34597,23.93264],[68.33403,23.91736],[68.31958,23.91486],[68.292091,23.921808],[68.277916,23.915421],[68.278191,23.902081],[68.261528,23.88681],[68.258469,23.875692],[68.278748,23.870422],[68.293747,23.87487],[68.303749,23.867081],[68.309029,23.878471],[68.317642,23.879301],[68.311531,23.87793],[68.30542,23.865971],[68.293198,23.872923],[68.280418,23.867916],[68.259308,23.871805],[68.249031,23.85376],[68.263474,23.837915],[68.287361,23.839582],[68.277916,23.834583],[68.261253,23.83708],[68.261803,23.82486],[68.257637,23.842918],[68.245407,23.85376],[68.234848,23.83625],[68.212639,23.83375],[68.209297,23.812641],[68.217636,23.782364],[68.224297,23.77347],[68.230972,23.775417],[68.232635,23.782084],[68.234016,23.77486],[68.225136,23.772083],[68.225983,23.762638],[68.219025,23.754583],[68.214043,23.75514],[68.212082,23.763203],[68.192642,23.73097],[68.207642,23.706806],[68.219017,23.69986],[68.229309,23.702921],[68.226807,23.69014],[68.237923,23.68125],[68.256531,23.679861],[68.266808,23.691807],[68.254303,23.71875],[68.261803,23.727362],[68.265976,23.74625],[68.262642,23.762918],[68.269859,23.781811],[68.265976,23.793194],[68.269859,23.78569],[68.274307,23.797361],[68.295692,23.804312],[68.289032,23.81765],[68.303192,23.824301],[68.314308,23.824305],[68.320969,23.807362],[68.337639,23.819305],[68.336533,23.83876],[68.348473,23.865141],[68.342361,23.889862],[68.345139,23.901531],[68.356529,23.91153],[68.376251,23.91514],[68.376251,23.920141],[68.377083,23.91514],[68.387642,23.914583],[68.412636,23.927082],[68.43264,23.95986],[68.436821,23.98764],[68.430138,23.99542]]],[[[74.315521,23.072121],[74.286781,23.0917],[74.271828,23.15601],[74.246033,23.188259],[74.207542,23.192051],[74.194122,23.17856],[74.186607,23.152521],[74.16069,23.15554],[74.145691,23.17523],[74.127022,23.17885],[74.12252,23.19157],[74.138657,23.230921],[74.136108,23.264721],[74.118561,23.27537],[74.106583,23.294123],[74.049683,23.307091],[74.037598,23.30574],[74.032661,23.33235],[73.990776,23.337629],[73.98349,23.35984],[73.962471,23.38139],[73.94371,23.366341],[73.938896,23.341419],[73.90123,23.335913],[73.8368,23.44014],[73.794167,23.43557],[73.760651,23.456812],[73.720306,23.414841],[73.709602,23.44449],[73.681908,23.457081],[73.653206,23.440491],[73.640648,23.473042],[73.657333,23.51618],[73.637131,23.548019],[73.649788,23.57534],[73.650398,23.626881],[73.619019,23.651423],[73.570747,23.653511],[73.532242,23.613541],[73.510246,23.620689],[73.501373,23.635441],[73.500526,23.65073],[73.510941,23.673389],[73.508537,23.703331],[73.479271,23.708973],[73.450821,23.75259],[73.420486,23.779331],[73.400009,23.783978],[73.3759,23.76667],[73.362648,23.78743],[73.370422,23.814381],[73.366066,23.86907],[73.40226,23.918221],[73.42347,23.927601],[73.410812,24.00255],[73.411407,24.034842],[73.396591,24.072531],[73.374756,24.087082],[73.373466,24.128139],[73.335182,24.11511],[73.332497,24.073683],[73.291031,24.027403],[73.245827,24.01071],[73.198936,24.05146],[73.220413,24.0893],[73.21579,24.1017],[73.197601,24.11079],[73.186867,24.1077],[73.138466,24.128071],[73.09095,24.17528],[73.081963,24.19665],[73.101196,24.22327],[73.105759,24.24431],[73.144958,24.307858],[73.180626,24.301491],[73.186127,24.326971],[73.216446,24.35047],[73.210983,24.37542],[73.180176,24.35067],[73.127388,24.36883],[73.10865,24.387463],[73.084427,24.39765],[73.10833,24.426321],[73.098923,24.491491],[73.033203,24.463711],[73.012787,24.482401],[72.998001,24.46804],[72.983246,24.440298],[72.979393,24.40564],[72.96328,24.383739],[72.981277,24.380051],[72.991463,24.363972],[72.929031,24.332651],[72.915573,24.332809],[72.884293,24.360849],[72.83905,24.36478],[72.739288,24.358841],[72.706642,24.391333],[72.697533,24.452631],[72.684608,24.4592],[72.63932,24.46146],[72.582382,24.477461],[72.542137,24.504869],[72.511742,24.44739],[72.510002,24.418343],[72.487442,24.40542],[72.461273,24.426851],[72.446167,24.448261],[72.44249,24.50425],[72.421112,24.508068],[72.386322,24.500511],[72.375237,24.531643],[72.357933,24.552511],[72.340576,24.55751],[72.337013,24.544149],[72.29512,24.538441],[72.285088,24.55743],[72.276711,24.59918],[72.300331,24.600151],[72.314026,24.58539],[72.342216,24.593521],[72.353783,24.618101],[72.309326,24.611971],[72.242027,24.623341],[72.185898,24.60943],[72.161667,24.61581],[72.150726,24.634102],[72.125298,24.631639],[72.10186,24.643339],[72.08548,24.65872],[72.085251,24.697008],[72.040871,24.695471],[72.001091,24.68297],[71.993393,24.65671],[71.944191,24.62678],[71.928009,24.633812],[71.921379,24.652231],[71.925926,24.662083],[71.881332,24.675671],[71.86496,24.66291],[71.867836,24.63002],[71.860931,24.614059],[71.815536,24.618328],[71.812927,24.660879],[71.798988,24.670521],[71.716316,24.654329],[71.66156,24.633261],[71.616592,24.670681],[71.597832,24.663851],[71.583099,24.676531],[71.551422,24.670631],[71.527313,24.67716],[71.451469,24.65884],[71.42897,24.642561],[71.383057,24.621681],[71.372696,24.625761],[71.361969,24.641609],[71.342766,24.64823],[71.317772,24.63592],[71.297737,24.607641],[71.146736,24.65801],[71.10714,24.680651],[71.084961,24.661421],[71.046097,24.638811],[71.020477,24.63051],[70.998627,24.58473],[71.009758,24.528841],[71.007568,24.442242],[71.02858,24.433378],[71.107368,24.433193],[71.124153,24.42771],[71.13369,24.408939],[71.125023,24.392933],[71.086876,24.380409],[71.067841,24.35709],[71.033691,24.3454],[71.016678,24.34598],[70.996338,24.36002],[70.967461,24.347252],[70.887772,24.293558],[70.885765,24.275173],[70.894821,24.264973],[70.882874,24.253633],[70.846169,24.243002],[70.83371,24.232885],[70.791023,24.221992],[70.689835,24.223255],[70.593552,24.240274],[70.572205,24.259199],[70.582848,24.278728],[70.572258,24.293577],[70.587418,24.310146],[70.576813,24.327419],[70.574463,24.346481],[70.593788,24.36212],[70.611496,24.40152],[70.574867,24.420315],[70.370316,24.353451],[70.307121,24.342045],[70.247528,24.321238],[70.119041,24.290699],[70.088348,24.235212],[70.048904,24.183546],[70,24.166355],[69.870308,24.164707],[69.728394,24.174877],[69.681213,24.205091],[69.617477,24.260275],[69.579742,24.27039],[69.528183,24.259041],[69.484192,24.25741],[69.438324,24.272705],[69.382187,24.265995],[69.310272,24.276688],[69.22229,24.247452],[69.17289,24.241383],[69.105476,24.266073],[69.079277,24.265274],[69.013718,24.229074],[68.998352,24.225948],[68.981491,24.228544],[68.957344,24.261375],[68.933601,24.268572],[68.914093,24.24527],[68.904053,24.209169],[68.893173,24.19656],[68.885956,24.196051],[68.872421,24.200661],[68.869629,24.209036],[68.864037,24.205223],[68.840309,24.228188],[68.831726,24.29557],[68.80619,24.303448],[68.772652,24.294136],[68.764122,24.284122],[68.761398,24.100023],[68.749245,23.962046],[68.546524,23.962917],[68.537361,23.94681],[68.543747,23.935419],[68.559303,23.931805],[68.559593,23.923752],[68.58847,23.923752],[68.587364,23.940695],[68.59597,23.941805],[68.609016,23.934031],[68.614296,23.92264],[68.62236,23.927361],[68.619583,23.906807],[68.638191,23.903194],[68.660973,23.922361],[68.662918,23.91736],[68.635971,23.897362],[68.638191,23.894861],[68.613472,23.903194],[68.573471,23.88125],[68.547081,23.83625],[68.51487,23.82403],[68.522919,23.817083],[68.525696,23.802361],[68.530983,23.802078],[68.537086,23.81514],[68.53125,23.800419],[68.520142,23.797361],[68.516808,23.79071],[68.516808,23.78208],[68.526253,23.773472],[68.525139,23.759026],[68.535141,23.75708],[68.564583,23.797915],[68.57486,23.821529],[68.587906,23.83625],[68.600418,23.84042],[68.59903,23.847361],[68.60347,23.849861],[68.603752,23.83876],[68.640137,23.836531],[68.648483,23.842918],[68.644859,23.84597],[68.649857,23.84403],[68.648193,23.847919],[68.656242,23.846251],[68.66597,23.852079],[68.660141,23.858473],[68.727081,23.859306],[68.759033,23.87487],[68.745697,23.865419],[68.746803,23.86014],[68.728752,23.854309],[68.725136,23.847361],[68.737076,23.843203],[68.722084,23.832083],[68.728203,23.83153],[68.742638,23.843752],[68.741806,23.836803],[68.717361,23.825697],[68.688469,23.822083],[68.677353,23.814308],[68.677917,23.80875],[68.66597,23.808201],[68.651253,23.79431],[68.632637,23.758472],[68.603195,23.748472],[68.595413,23.730972],[68.580963,23.729031],[68.57708,23.72014],[68.572639,23.724861],[68.559029,23.719584],[68.545418,23.696529],[68.535698,23.689304],[68.524582,23.69042],[68.526253,23.67625],[68.517365,23.663473],[68.520683,23.65653],[68.520416,23.654583],[68.524025,23.653473],[68.529297,23.66181],[68.539017,23.662361],[68.528473,23.659309],[68.52404,23.651531],[68.519859,23.652361],[68.518753,23.660143],[68.511803,23.660692],[68.510139,23.657639],[68.500694,23.657084],[68.499031,23.644306],[68.488747,23.63236],[68.494858,23.608192],[68.486809,23.59597],[68.48764,23.577923],[68.49736,23.547918],[68.484016,23.549313],[68.498749,23.51486],[68.492081,23.500975],[68.500687,23.498751],[68.504028,23.505701],[68.499031,23.494305],[68.515419,23.492361],[68.512917,23.48764],[68.518753,23.48959],[68.512917,23.484859],[68.502083,23.491251],[68.50042,23.475971],[68.504593,23.471519],[68.511528,23.473751],[68.511803,23.465973],[68.50264,23.46542],[68.52375,23.447083],[68.524857,23.455421],[68.520973,23.459305],[68.518753,23.455139],[68.517357,23.46653],[68.51236,23.467918],[68.515976,23.47542],[68.540695,23.425972],[68.533195,23.433472],[68.535698,23.421249],[68.548752,23.423471],[68.543747,23.420416],[68.552643,23.415138],[68.560417,23.41931],[68.564583,23.401529],[68.56292,23.39097],[68.557907,23.39514],[68.559029,23.38653],[68.570686,23.37513],[68.579582,23.376249],[68.568192,23.387918],[68.571808,23.391533],[68.578476,23.385971],[68.581253,23.389584],[68.602364,23.359306],[68.605423,23.36347],[68.59597,23.381527],[68.605133,23.38126],[68.608749,23.370701],[68.619026,23.365417],[68.612915,23.364582],[68.614586,23.359028],[68.62236,23.35709],[68.622643,23.350693],[68.626259,23.354031],[68.633194,23.352081],[68.636803,23.346807],[68.633751,23.339582],[68.626808,23.346531],[68.624863,23.339581],[68.634308,23.334028],[68.633469,23.329584],[68.637642,23.330971],[68.632919,23.319031],[68.636803,23.316807],[68.644302,23.322922],[68.653473,23.302641],[68.659027,23.30986],[68.659027,23.322916],[68.668747,23.32542],[68.660973,23.320141],[68.658752,23.303751],[68.708473,23.314861],[68.717361,23.304029],[68.713753,23.300417],[68.725136,23.297642],[68.734306,23.30904],[68.74736,23.30625],[68.757919,23.329861],[68.748192,23.304029],[68.735138,23.308472],[68.72403,23.295416],[68.695694,23.306805],[68.657913,23.295139],[68.630142,23.295694],[68.640419,23.266806],[68.655418,23.271805],[68.671516,23.27014],[68.647362,23.257084],[68.640419,23.244581],[68.628197,23.247086],[68.630142,23.243195],[68.603752,23.242359],[68.618752,23.220139],[68.618752,23.22514],[68.624863,23.22625],[68.624031,23.220695],[68.639313,23.222919],[68.628746,23.217642],[68.630692,23.213472],[68.609581,23.220695],[68.60125,23.21847],[68.601517,23.23181],[68.595703,23.240417],[68.584587,23.23292],[68.59153,23.214029],[68.625137,23.18708],[68.63903,23.182083],[68.656517,23.15486],[68.681526,23.141806],[68.655418,23.153749],[68.631248,23.177361],[68.652641,23.15486],[68.715416,23.117083],[68.758469,23.080971],[68.806526,23.061251],[68.813751,23.062071],[68.814308,23.067362],[68.814583,23.059031],[68.823471,23.054581],[68.816528,23.057081],[68.819305,23.054583],[68.903748,23.005701],[68.899857,23.010139],[68.940697,22.980972],[69.044586,22.929583],[69.129028,22.874031],[69.198471,22.83847],[69.223198,22.83597],[69.22847,22.842081],[69.230698,22.834579],[69.266808,22.82431],[69.311531,22.83264],[69.348473,22.820696],[69.355698,22.828753],[69.352081,22.81764],[69.360687,22.822639],[69.389862,22.814032],[69.446251,22.78042],[69.469856,22.773748],[69.494026,22.781528],[69.484581,22.787642],[69.515419,22.790974],[69.544586,22.785694],[69.555138,22.79236],[69.552361,22.786528],[69.56514,22.77236],[69.600693,22.759027],[69.610138,22.767084],[69.641251,22.766531],[69.634583,22.777363],[69.633751,22.79458],[69.642906,22.76597],[69.658752,22.756531],[69.666809,22.777363],[69.662361,22.756805],[69.677086,22.755138],[69.690971,22.744026],[69.706253,22.740139],[69.705139,22.727917],[69.710136,22.72986],[69.707916,22.737921],[69.716248,22.74181],[69.714027,22.750973],[69.720139,22.76236],[69.745972,22.793196],[69.744858,22.803473],[69.75264,22.81986],[69.79792,22.850418],[69.818192,22.852638],[69.853752,22.867916],[69.862076,22.858473],[69.857643,22.867641],[69.865692,22.87265],[69.906525,22.866806],[69.934303,22.885416],[69.93708,22.893194],[69.999863,22.90292],[70.024033,22.901531],[70.032639,22.89542],[70.054581,22.90431],[70.104576,22.90876],[70.13208,22.924582],[70.13903,22.94125],[70.11264,22.949581],[70.099586,22.938473],[70.091248,22.952084],[70.10125,22.941807],[70.109581,22.952362],[70.126526,22.946812],[70.111252,22.959869],[70.11264,22.973473],[70.153748,23.029581],[70.129303,22.99264],[70.134026,22.984861],[70.120415,22.968472],[70.122917,22.96097],[70.132637,22.960699],[70.161797,22.94264],[70.17347,22.950701],[70.197906,22.950142],[70.21875,22.955971],[70.224602,22.962643],[70.200691,22.981527],[70.198196,22.993473],[70.186531,22.99181],[70.188469,22.997084],[70.197914,22.997917],[70.205696,22.98069],[70.227081,22.966249],[70.229858,22.977081],[70.237923,22.979311],[70.279297,22.949032],[70.29097,22.945141],[70.304581,22.95125],[70.310143,22.941807],[70.350677,22.930971],[70.386803,22.948195],[70.393471,22.963194],[70.394302,22.995981],[70.382919,22.997917],[70.393753,23.001528],[70.40097,23.03042],[70.43792,23.062641],[70.476807,23.06986],[70.484581,23.077362],[70.492638,23.07542],[70.47097,23.01125],[70.454308,22.985138],[70.43792,22.975422],[70.442642,22.975142],[70.43042,22.957918],[70.42347,22.932638],[70.413475,22.918472],[70.409576,22.9207],[70.384583,22.909309],[70.353737,22.870701],[70.33876,22.842642],[70.335419,22.822361],[70.323471,22.802917],[70.321533,22.80792],[70.318466,22.80542],[70.319862,22.79653],[70.309029,22.79542],[70.31208,22.78569],[70.300415,22.777916],[70.306808,22.78014],[70.300415,22.769583],[70.30542,22.766809],[70.301796,22.766809],[70.303192,22.757639],[70.292923,22.748753],[70.282639,22.748753],[70.288475,22.745972],[70.275421,22.731251],[70.26458,22.738194],[70.260712,22.730961],[70.252914,22.733473],[70.255692,22.729311],[70.251251,22.724585],[70.258751,22.72653],[70.253471,22.71986],[70.255142,22.706532],[70.249031,22.705139],[70.247643,22.711811],[70.238747,22.701811],[70.239029,22.695972],[70.251808,22.696253],[70.253197,22.692638],[70.238747,22.677084],[70.246803,22.67181],[70.240692,22.66847],[70.242638,22.662916],[70.234016,22.65486],[70.229027,22.657364],[70.235138,22.64987],[70.224861,22.639305],[70.215973,22.64097],[70.214027,22.63431],[70.220413,22.63431],[70.219856,22.62958],[70.210693,22.629305],[70.211525,22.623472],[70.197639,22.617083],[70.195137,22.61125],[70.203178,22.606531],[70.195419,22.605417],[70.19458,22.584305],[70.188202,22.585421],[70.164032,22.55208],[70.085693,22.544861],[70.075417,22.549583],[70.064583,22.547083],[70.039017,22.56292],[70.02375,22.53986],[70.027084,22.550694],[70.019859,22.546806],[70.010406,22.548752],[69.975136,22.542641],[69.984863,22.54236],[69.985695,22.538473],[69.982086,22.534863],[69.984306,22.541529],[69.97097,22.54014],[69.946526,22.528473],[69.944305,22.516525],[69.951248,22.509306],[69.958748,22.50942],[69.957359,22.495974],[69.955414,22.503471],[69.938187,22.51347],[69.912918,22.489031],[69.909576,22.46792],[69.914024,22.456249],[69.899582,22.467642],[69.87014,22.446529],[69.83625,22.455141],[69.843193,22.494862],[69.834305,22.500694],[69.84153,22.492922],[69.835976,22.458195],[69.83403,22.474304],[69.834297,22.45319],[69.829582,22.450138],[69.827637,22.458195],[69.820694,22.452358],[69.805138,22.458469],[69.797081,22.456528],[69.805138,22.45764],[69.828751,22.44486],[69.817642,22.41819],[69.797638,22.399858],[69.77903,22.412638],[69.759026,22.441805],[69.755692,22.426249],[69.744858,22.430695],[69.742638,22.43932],[69.734863,22.44375],[69.740135,22.459305],[69.728203,22.473751],[69.722359,22.46847],[69.725136,22.464581],[69.709587,22.45681],[69.704308,22.447639],[69.69986,22.44792],[69.700966,22.457361],[69.688194,22.444584],[69.674309,22.442362],[69.672081,22.45042],[69.671806,22.439583],[69.697083,22.442921],[69.70208,22.434031],[69.69236,22.421249],[69.699585,22.396526],[69.664856,22.393751],[69.652916,22.358747],[69.642906,22.356251],[69.61792,22.368195],[69.617081,22.34568],[69.606804,22.325972],[69.612358,22.340414],[69.609016,22.34931],[69.607353,22.33847],[69.604576,22.35125],[69.602081,22.347078],[69.594307,22.352083],[69.582916,22.346809],[69.580139,22.337639],[69.572914,22.333195],[69.575691,22.319309],[69.571808,22.334305],[69.579033,22.338751],[69.579865,22.347084],[69.590691,22.354029],[69.591248,22.36097],[69.575691,22.368195],[69.561249,22.356531],[69.55986,22.36681],[69.550423,22.372358],[69.557358,22.37542],[69.555969,22.388472],[69.548752,22.394583],[69.550972,22.40431],[69.536247,22.409861],[69.522919,22.426531],[69.50708,22.42375],[69.498749,22.435415],[69.503471,22.424305],[69.515137,22.416813],[69.516251,22.39514],[69.52375,22.385695],[69.51403,22.372917],[69.492638,22.35903],[69.488472,22.337917],[69.467361,22.330141],[69.454308,22.335703],[69.419304,22.315695],[69.383186,22.322363],[69.364586,22.316526],[69.366531,22.322083],[69.334297,22.330141],[69.330711,22.32431],[69.337639,22.311806],[69.333191,22.303761],[69.323753,22.303473],[69.320137,22.291531],[69.295418,22.28347],[69.292358,22.286251],[69.294861,22.279583],[69.283752,22.272083],[69.249863,22.267084],[69.25042,22.26125],[69.242081,22.264858],[69.231804,22.257917],[69.202362,22.266806],[69.170975,22.292917],[69.15847,22.31069],[69.167641,22.32653],[69.167641,22.34514],[69.176247,22.347639],[69.177917,22.356251],[69.172638,22.35903],[69.18264,22.371248],[69.179581,22.377916],[69.200417,22.39069],[69.198196,22.397636],[69.204025,22.402916],[69.194031,22.407639],[69.194031,22.423191],[69.170692,22.422083],[69.172638,22.417082],[69.166252,22.412638],[69.16153,22.414862],[69.148483,22.402639],[69.132637,22.403194],[69.129028,22.397921],[69.102638,22.410141],[69.092361,22.39514],[69.070137,22.395416],[69.055138,22.410419],[69.043747,22.434584],[69.073753,22.452641],[69.084862,22.471531],[69.079857,22.479031],[69.067917,22.479858],[69.05986,22.467361],[69.006248,22.438473],[68.984863,22.414583],[68.957085,22.367083],[68.954857,22.334579],[68.942917,22.333195],[68.935974,22.310139],[68.957916,22.25736],[68.952637,22.24847],[68.957367,22.237652],[68.968193,22.232641],[68.981247,22.211531],[69.055695,22.127916],[69.087639,22.099861],[69.177078,21.999571],[69.19236,21.984306],[69.201248,21.984583],[69.197365,21.980694],[69.236526,21.938194],[69.325142,21.859859],[69.37236,21.829309],[69.431808,21.767918],[69.471252,21.740419],[69.560143,21.655701],[69.591248,21.635139],[69.587639,21.62097],[69.593193,21.629864],[69.593483,21.634029],[69.589859,21.637362],[69.602081,21.637362],[69.688469,21.550138],[69.705971,21.53875],[69.719307,21.54236],[69.715698,21.554861],[69.724586,21.570694],[69.706802,21.588472],[69.685974,21.595694],[69.667084,21.619862],[69.649307,21.627359],[69.632637,21.64292],[69.660973,21.624861],[69.669029,21.625973],[69.692093,21.614033],[69.701248,21.603201],[69.693748,21.603472],[69.696808,21.59292],[69.702362,21.601805],[69.714302,21.59903],[69.717087,21.603201],[69.691528,21.629591],[69.675697,21.63875],[69.686249,21.636808],[69.705139,21.647362],[69.71347,21.632921],[69.717361,21.63986],[69.72625,21.63265],[69.730698,21.63653],[69.726807,21.641809],[69.73764,21.650419],[69.737083,21.640417],[69.751808,21.618196],[69.755692,21.59375],[69.76403,21.594862],[69.76403,21.578751],[69.74736,21.573471],[69.74958,21.561531],[69.728752,21.558472],[69.729027,21.541805],[69.710976,21.53236],[69.712906,21.528471],[69.775139,21.45986],[69.778198,21.462919],[69.785973,21.453751],[69.795692,21.452923],[69.804863,21.464027],[69.80014,21.45236],[69.787636,21.451532],[69.778198,21.458471],[69.99958,21.206251],[70.028473,21.178751],[70.038193,21.183472],[70.032082,21.174028],[70.099297,21.10486],[70.104858,21.105694],[70.132919,21.07958],[70.136612,21.085695],[70.146248,21.080692],[70.138191,21.077917],[70.142357,21.069031],[70.221252,21.00292],[70.235138,20.996529],[70.239861,20.99931],[70.237923,20.994028],[70.247086,21.000416],[70.239861,20.992361],[70.257919,20.972919],[70.320137,20.927917],[70.343193,20.916241],[70.35125,20.920139],[70.347084,20.915138],[70.350975,20.910418],[70.37236,20.895691],[70.372643,20.902639],[70.394028,20.89403],[70.407356,20.88236],[70.417084,20.887083],[70.418747,20.88208],[70.41153,20.877359],[70.438751,20.852921],[70.469025,20.838194],[70.475136,20.840981],[70.487083,20.834583],[70.488747,20.82819],[70.509583,20.821527],[70.541527,20.801805],[70.553474,20.803196],[70.56292,20.79236],[70.609863,20.776251],[70.613747,20.770416],[70.657356,20.764311],[70.666252,20.75264],[70.662918,20.762083],[70.67762,20.764841],[70.675217,20.77047],[70.684776,20.7918],[70.676323,20.818821],[70.679031,20.84404],[70.717636,20.915951],[70.740402,20.97683],[70.735512,20.989832],[70.755539,20.973841],[70.771027,20.96093],[70.779266,20.96701],[70.793533,20.95945],[70.816612,20.960011],[70.827606,20.965271],[70.846016,20.970551],[70.855049,20.96125],[70.880203,20.955379],[70.892418,20.929981],[70.900238,20.8857],[70.875137,20.86891],[70.84053,20.85778],[70.816963,20.8512],[70.836243,20.847771],[70.84166,20.832392],[70.883339,20.835348],[70.897247,20.816191],[70.882957,20.79282],[70.864853,20.790043],[70.86721,20.76947],[70.848999,20.765638],[70.843582,20.760389],[70.854584,20.753471],[70.862923,20.75486],[70.863472,20.739861],[70.873749,20.727083],[70.919861,20.742916],[70.914024,20.738194],[70.919861,20.737921],[70.917641,20.735416],[70.882919,20.729031],[70.873749,20.718752],[70.873474,20.709862],[70.88781,20.711142],[70.890694,20.708471],[70.89296,20.71302],[70.904877,20.726528],[70.934036,20.73595],[70.962036,20.72921],[70.962914,20.729858],[70.963753,20.73208],[70.962639,20.734585],[70.954865,20.734861],[70.958473,20.739031],[70.971527,20.738758],[70.982635,20.744864],[70.998749,20.742641],[70.984306,20.72625],[70.98764,20.72208],[70.993752,20.73181],[71.010696,20.739584],[71.036247,20.738758],[71.050415,20.73097],[71.073753,20.735416],[71.080971,20.738472],[71.075142,20.74542],[71.085693,20.755972],[71.115417,20.760695],[71.12014,20.754028],[71.154861,20.759306],[71.148468,20.765699],[71.155693,20.778473],[71.203194,20.789028],[71.20903,20.802086],[71.232635,20.804028],[71.238762,20.811531],[71.291252,20.828751],[71.295967,20.835138],[71.322083,20.845972],[71.384583,20.857084],[71.38736,20.860416],[71.381805,20.859861],[71.377907,20.874029],[71.386253,20.875973],[71.388748,20.866253],[71.397087,20.86515],[71.438187,20.86875],[71.448196,20.880974],[71.462639,20.88097],[71.477356,20.890139],[71.482353,20.906252],[71.49514,20.907921],[71.485413,20.910971],[71.488197,20.914583],[71.508186,20.916241],[71.515694,20.922085],[71.506531,20.931805],[71.514862,20.948195],[71.534302,20.943468],[71.545418,20.95042],[71.579857,20.954308],[71.597359,20.967361],[71.611252,20.967083],[71.61264,20.975416],[71.622093,20.967918],[71.635979,20.97319],[71.638191,20.989031],[71.651802,20.997084],[71.677361,20.99708],[71.684593,21.005701],[71.720695,21.021805],[71.727364,21.02125],[71.728752,21.01375],[71.735695,21.020695],[71.738747,21.017361],[71.75264,21.022921],[71.76403,21.02125],[71.764305,21.025694],[71.785423,21.03153],[71.778198,21.039864],[71.791252,21.039591],[71.791809,21.035694],[71.806252,21.038195],[71.797081,21.058201],[71.81958,21.07181],[71.828476,21.069571],[71.869583,21.089581],[71.879585,21.089861],[71.899307,21.10931],[71.925697,21.11097],[71.960136,21.124306],[71.976807,21.12097],[71.97403,21.128469],[71.98597,21.134029],[71.978752,21.135693],[71.991249,21.142361],[71.98597,21.157084],[71.99514,21.16153],[71.99292,21.169312],[71.99736,21.165421],[72.003746,21.16902],[72.003746,21.18014],[72.011528,21.18597],[72.017639,21.188192],[72.02375,21.180973],[72.012085,21.170694],[72.01458,21.16596],[72.006531,21.161249],[72.008469,21.156248],[71.997093,21.147921],[72.007637,21.132921],[72.009865,21.145695],[72.018188,21.154308],[72.042068,21.16264],[72.046806,21.159309],[72.055687,21.17403],[72.06208,21.172359],[72.090141,21.190697],[72.113197,21.196262],[72.114288,21.21126],[72.105408,21.21542],[72.112358,21.222639],[72.096252,21.222918],[72.089584,21.227917],[72.081802,21.246531],[72.082085,21.252083],[72.084862,21.249306],[72.097923,21.263748],[72.097359,21.277082],[72.088753,21.277349],[72.083191,21.29125],[72.075409,21.28875],[72.081253,21.293753],[72.075974,21.302084],[72.082642,21.295416],[72.085693,21.304306],[72.090416,21.289028],[72.101807,21.277916],[72.108749,21.282917],[72.109306,21.302361],[72.121246,21.324862],[72.166527,21.376251],[72.176804,21.396805],[72.200417,21.412359],[72.223747,21.439583],[72.251526,21.494581],[72.268753,21.572922],[72.305695,21.628471],[72.302361,21.64431],[72.285416,21.664862],[72.282921,21.684031],[72.247086,21.751249],[72.240967,21.78764],[72.215416,21.80208],[72.205414,21.822083],[72.194862,21.827084],[72.183197,21.824862],[72.189308,21.827923],[72.195702,21.827641],[72.202637,21.825138],[72.208748,21.820696],[72.218475,21.802082],[72.246529,21.791531],[72.252914,21.760695],[72.26458,21.740417],[72.270981,21.75153],[72.260406,21.783468],[72.25486,21.85681],[72.258186,21.88237],[72.252907,21.897921],[72.220139,21.94792],[72.19014,21.937361],[72.166252,21.955141],[72.147087,21.954861],[72.160973,21.961811],[72.146805,21.983473],[72.164017,21.96014],[72.17347,21.95903],[72.190407,21.94265],[72.22097,21.956251],[72.230698,22.007921],[72.213737,21.99931],[72.201248,22.004028],[72.197639,22.016251],[72.18042,22.018471],[72.180695,22.033472],[72.172638,22.040703],[72.182358,22.034586],[72.185692,22.019861],[72.195969,22.02264],[72.20903,22.010695],[72.216675,22.012102],[72.223473,22.020971],[72.232635,22.017639],[72.232643,22.052919],[72.278191,22.08042],[72.274017,22.097641],[72.265694,22.105694],[72.276253,22.098473],[72.277077,22.090691],[72.300415,22.108473],[72.302361,22.089031],[72.295151,22.081251],[72.304031,22.072081],[72.298187,22.063751],[72.28653,22.074305],[72.241806,22.050694],[72.245415,22.032639],[72.260696,22.01931],[72.251808,21.987362],[72.261253,21.981531],[72.263191,21.946529],[72.269028,21.93486],[72.278198,21.932083],[72.27903,21.954861],[72.271248,21.96764],[72.279861,21.964306],[72.31514,22.099028],[72.311531,22.112083],[72.323196,22.122641],[72.323196,22.131809],[72.314857,22.13625],[72.309593,22.14875],[72.312637,22.180695],[72.299026,22.187363],[72.294304,22.202362],[72.317642,22.180695],[72.316528,22.146528],[72.340126,22.138201],[72.343491,22.124861],[72.349861,22.12653],[72.350693,22.147362],[72.356796,22.150421],[72.353752,22.16069],[72.344025,22.168472],[72.353203,22.16514],[72.351807,22.181526],[72.359581,22.185968],[72.3582,22.192921],[72.363472,22.18792],[72.359016,22.17403],[72.372093,22.171808],[72.375137,22.150694],[72.377357,22.158194],[72.387077,22.159861],[72.386253,22.171808],[72.391525,22.167915],[72.385971,22.189583],[72.36264,22.203751],[72.360138,22.22514],[72.370972,22.24514],[72.356247,22.27014],[72.378746,22.259029],[72.383469,22.246811],[72.375694,22.235971],[72.377357,22.226252],[72.399582,22.199583],[72.410973,22.215139],[72.41153,22.227083],[72.416527,22.227362],[72.41375,22.297638],[72.383186,22.29986],[72.372643,22.31514],[72.379028,22.335974],[72.404305,22.352362],[72.38208,22.375141],[72.362076,22.371531],[72.362923,22.37653],[72.375687,22.384859],[72.393753,22.382641],[72.399025,22.36875],[72.412086,22.358471],[72.405418,22.333469],[72.388748,22.314861],[72.38958,22.30986],[72.434593,22.301531],[72.470695,22.239584],[72.493187,22.247641],[72.492638,22.239029],[72.477638,22.23514],[72.492638,22.237083],[72.490135,22.229584],[72.47876,22.22764],[72.485138,22.222637],[72.47403,22.20125],[72.48542,22.197639],[72.506248,22.229584],[72.524033,22.24486],[72.52597,22.26931],[72.541252,22.280703],[72.553474,22.279583],[72.537086,22.27264],[72.534859,22.263201],[72.540703,22.257641],[72.533203,22.246811],[72.541252,22.248751],[72.54097,22.243462],[72.557358,22.25931],[72.561249,22.258472],[72.559853,22.24597],[72.59597,22.273472],[72.635414,22.284582],[72.656258,22.27903],[72.658752,22.268751],[72.68792,22.238468],[72.755966,22.23097],[72.84375,22.282084],[72.852638,22.281813],[72.864304,22.244305],[72.890137,22.244305],[72.907913,22.25708],[72.91597,22.278194],[72.919304,22.260695],[72.910423,22.243193],[72.899857,22.232361],[72.878471,22.224306],[72.869583,22.223471],[72.81736,22.247641],[72.807907,22.24542],[72.757637,22.174028],[72.742363,22.174583],[72.714859,22.185141],[72.701248,22.184031],[72.648483,22.21681],[72.614861,22.21764],[72.582085,22.200972],[72.567642,22.185972],[72.547638,22.150694],[72.507919,21.997358],[72.502357,21.955141],[72.505142,21.909582],[72.507637,21.897917],[72.516251,21.889305],[72.517082,21.858473],[72.525406,21.857641],[72.524582,21.84903],[72.569862,21.824308],[72.552086,21.79236],[72.542641,21.741251],[72.529861,21.728472],[72.520691,21.707083],[72.517639,21.713472],[72.518471,21.702084],[72.507362,21.70125],[72.520416,21.70014],[72.522087,21.691805],[72.508186,21.689857],[72.521248,21.69014],[72.539307,21.662916],[72.561806,21.658472],[72.56514,21.664305],[72.600418,21.681532],[72.655418,21.677078],[72.669586,21.68292],[72.708191,21.678471],[72.736252,21.689583],[72.746529,21.685972],[72.756813,21.672359],[72.77903,21.663471],[72.799309,21.661806],[72.832359,21.673197],[72.835136,21.667921],[72.78875,21.645414],[72.752357,21.650141],[72.747917,21.642641],[72.720413,21.63903],[72.700966,21.651812],[72.672638,21.627916],[72.657913,21.627359],[72.647919,21.617081],[72.634857,21.62014],[72.605415,21.57736],[72.608749,21.55208],[72.603195,21.559584],[72.597359,21.551811],[72.60125,21.554308],[72.598473,21.544312],[72.602913,21.549864],[72.605141,21.536804],[72.610687,21.54125],[72.607918,21.52986],[72.620697,21.530418],[72.612358,21.524031],[72.621803,21.50626],[72.626251,21.505972],[72.623749,21.49597],[72.628197,21.492359],[72.636803,21.495693],[72.653473,21.523201],[72.670692,21.53653],[72.684029,21.542919],[72.69236,21.534582],[72.706528,21.53236],[72.737076,21.540421],[72.740135,21.549864],[72.732918,21.552641],[72.734581,21.555973],[72.742081,21.550421],[72.736809,21.538197],[72.704033,21.527639],[72.685417,21.52792],[72.674309,21.520695],[72.671249,21.514862],[72.681808,21.515972],[72.671242,21.511801],[72.664581,21.477638],[72.652077,21.465422],[72.656258,21.465422],[72.643196,21.44125],[72.645691,21.43375],[72.669304,21.447083],[72.681252,21.448471],[72.69014,21.463194],[72.696251,21.464582],[72.680138,21.43375],[72.664581,21.427082],[72.62542,21.381531],[72.623466,21.365971],[72.631248,21.365139],[72.63958,21.375975],[72.647636,21.37542],[72.649307,21.367361],[72.643471,21.35931],[72.647636,21.372643],[72.63736,21.372923],[72.635406,21.36236],[72.623466,21.35486],[72.608749,21.32625],[72.594307,21.313751],[72.588753,21.285694],[72.598473,21.280701],[72.589302,21.282364],[72.587357,21.275688],[72.604858,21.276806],[72.596527,21.271528],[72.597359,21.249861],[72.610695,21.229303],[72.621246,21.233473],[72.64653,21.219862],[72.653198,21.226805],[72.646805,21.21744],[72.630417,21.22403],[72.618469,21.222639],[72.623749,21.212082],[72.618469,21.205973],[72.61792,21.163473],[72.627357,21.11875],[72.622917,21.113194],[72.62458,21.092642],[72.634308,21.081806],[72.627357,21.075695],[72.637085,21.080692],[72.651802,21.07708],[72.659027,21.087931],[72.657913,21.12014],[72.666252,21.154583],[72.68264,21.158194],[72.720139,21.143473],[72.707359,21.129583],[72.700691,21.102638],[72.704308,21.07486],[72.750969,21.06208],[72.770142,21.066805],[72.761253,21.05208],[72.738747,21.047359],[72.726524,21.053192],[72.723198,21.047918],[72.75264,20.945417],[72.768196,20.919863],[72.776802,20.91486],[72.770973,20.921528],[72.772087,20.936251],[72.793747,20.945143],[72.788483,20.93903],[72.794029,20.933201],[72.787086,20.93125],[72.785416,20.923197],[72.792076,20.895969],[72.828476,20.809858],[72.850418,20.79903],[72.83847,20.79792],[72.835136,20.78097],[72.846252,20.769032],[72.859024,20.764584],[72.867363,20.747917],[72.880966,20.742081],[72.88958,20.74736],[72.889862,20.739031],[72.87014,20.732632],[72.860138,20.73514],[72.852638,20.744864],[72.850983,20.741528],[72.875137,20.652081],[72.891525,20.633194],[72.886803,20.627371],[72.897636,20.57431],[72.885139,20.546249],[72.891808,20.531252],[72.886253,20.529579],[72.88485,20.499861],[72.867638,20.48847],[72.860138,20.472084],[72.863403,20.46884],[72.851166,20.454851],[72.842163,20.44496],[72.838181,20.43726],[72.839203,20.41848],[72.842766,20.416443],[72.84597,20.414791],[72.862022,20.410469],[72.870102,20.401852],[72.875526,20.38105],[72.87011,20.391241],[72.845078,20.40712],[72.832359,20.370689],[72.821526,20.369862],[72.806526,20.352083],[72.789017,20.349861],[72.776527,20.33375],[72.774307,20.303473],[72.762077,20.30014],[72.755692,20.292084],[72.751251,20.258751],[72.740974,20.244583],[72.748192,20.204309],[72.741066,20.13596],[72.805199,20.12701],[72.801483,20.147118],[72.809128,20.1518],[72.826042,20.14628],[72.834167,20.149731],[72.834641,20.18577],[72.849052,20.190943],[72.846138,20.203569],[72.864388,20.20863],[72.871887,20.222561],[72.910866,20.226061],[72.960823,20.214041],[72.974373,20.214972],[72.969627,20.23394],[72.951469,20.24357],[72.923752,20.2682],[72.930336,20.283979],[72.945976,20.29343],[72.96978,20.27474],[72.984093,20.271681],[72.990463,20.292089],[73.017288,20.290531],[73.022171,20.29707],[73.017601,20.315493],[73.024696,20.312799],[73.029793,20.292261],[73.044167,20.291113],[73.047676,20.31661],[73.075256,20.32963],[73.088631,20.326483],[73.099167,20.339939],[73.102531,20.359671],[73.107376,20.36071],[73.121956,20.332878],[73.114403,20.310631],[73.129128,20.30578],[73.15242,20.317471],[73.178017,20.310711],[73.175789,20.28417],[73.166801,20.283411],[73.158203,20.290482],[73.152542,20.27668],[73.146286,20.280531],[73.140953,20.26523],[73.12458,20.25672],[73.110466,20.23213],[73.081879,20.232813],[73.06424,20.203161],[73.07048,20.197371],[73.082443,20.15659],[73.089912,20.170431],[73.097908,20.173349],[73.10334,20.161348],[73.122597,20.157751],[73.135826,20.172319],[73.15007,20.17284],[73.142181,20.20439],[73.163513,20.201469],[73.180176,20.208609],[73.19133,20.198603],[73.20993,20.197351],[73.227783,20.18705],[73.22673,20.176361],[73.199242,20.16164],[73.195976,20.13994],[73.216316,20.122],[73.230331,20.12816],[73.232643,20.1406],[73.236679,20.129723],[73.261292,20.125591],[73.268463,20.13929],[73.293633,20.153881],[73.290733,20.177351],[73.294876,20.196211],[73.314163,20.20767],[73.354813,20.199621],[73.361786,20.211988],[73.367607,20.2094],[73.374313,20.192659],[73.376328,20.20532],[73.395287,20.209169],[73.398079,20.196001],[73.429916,20.20623],[73.42041,20.257],[73.423141,20.273689],[73.436943,20.282122],[73.414787,20.381571],[73.403107,20.3818],[73.391579,20.37289],[73.395508,20.39802],[73.409523,20.401348],[73.42289,20.41433],[73.449013,20.4667],[73.469833,20.492331],[73.472267,20.51405],[73.493271,20.5422],[73.483727,20.57843],[73.468559,20.58877],[73.4375,20.597471],[73.430786,20.620531],[73.415123,20.628059],[73.403648,20.65237],[73.435516,20.662373],[73.443573,20.677999],[73.454529,20.68605],[73.453697,20.71047],[73.480499,20.71965],[73.497292,20.68602],[73.489189,20.678501],[73.495476,20.662691],[73.507881,20.658649],[73.530403,20.67312],[73.553658,20.655331],[73.602753,20.637861],[73.625946,20.621111],[73.636772,20.57929],[73.647102,20.577499],[73.661858,20.565741],[73.676178,20.564159],[73.692436,20.57535],[73.737663,20.57399],[73.779976,20.59186],[73.792732,20.604311],[73.833908,20.61412],[73.845352,20.66707],[73.825432,20.673618],[73.833626,20.69961],[73.863602,20.6943],[73.881943,20.726879],[73.927567,20.73044],[73.949532,20.74231],[73.940567,20.76886],[73.940193,20.808861],[73.947609,20.829399],[73.933731,20.844971],[73.924438,20.90284],[73.903961,20.925369],[73.895096,20.946522],[73.911232,20.962353],[73.911163,20.97543],[73.853767,20.999111],[73.840782,20.993139],[73.820503,20.995041],[73.81208,21.01066],[73.773926,21.02162],[73.763,21.038641],[73.742188,21.0555],[73.744133,21.081671],[73.739067,21.094839],[73.74337,21.10825],[73.678902,21.109251],[73.645462,21.122959],[73.623596,21.137991],[73.612587,21.152191],[73.588799,21.15419],[73.588303,21.1679],[73.609917,21.17668],[73.613846,21.167971],[73.637451,21.153139],[73.671509,21.14514],[73.68943,21.151161],[73.736687,21.138281],[73.746033,21.14761],[73.740761,21.160398],[73.779663,21.164553],[73.802536,21.178572],[73.81794,21.171438],[73.830482,21.184393],[73.834053,21.197191],[73.818779,21.203859],[73.820137,21.221861],[73.836349,21.24234],[73.832138,21.26745],[73.884323,21.26263],[73.933586,21.28533],[73.950157,21.30805],[73.957008,21.344452],[73.955627,21.390011],[73.977417,21.39497],[74.014069,21.41703],[74.048546,21.41943],[74.055656,21.45224],[74.068916,21.48107],[74.080017,21.457203],[74.103729,21.45389],[74.110977,21.448101],[74.122459,21.450701],[74.123329,21.46171],[74.128922,21.46352],[74.14077,21.46249],[74.143181,21.455931],[74.154503,21.453341],[74.185539,21.467022],[74.200912,21.4597],[74.218689,21.45895],[74.223587,21.460567],[74.223747,21.477261],[74.22905,21.479601],[74.240593,21.475559],[74.244301,21.464911],[74.255638,21.463331],[74.266541,21.47402],[74.307762,21.48012],[74.313408,21.48962],[74.328217,21.497561],[74.332741,21.541161],[74.316658,21.542591],[74.30806,21.567053],[74.304092,21.560431],[74.292618,21.558981],[74.276512,21.5478],[74.270111,21.535631],[74.255836,21.536119],[74.238106,21.550119],[74.22834,21.5389],[74.204216,21.529249],[74.181831,21.561769],[74.163017,21.559601],[74.145828,21.550341],[74.135201,21.556881],[74.073181,21.55953],[74.054298,21.55217],[74.025558,21.55262],[73.983521,21.542042],[73.987541,21.522409],[73.974457,21.52408],[73.966316,21.53907],[73.957283,21.516472],[73.930992,21.522991],[73.910477,21.52017],[73.897072,21.506042],[73.880203,21.507891],[73.860786,21.495823],[73.845032,21.521568],[73.818451,21.602331],[73.789528,21.620911],[73.800133,21.63464],[73.838547,21.63538],[73.891266,21.65151],[73.896362,21.700281],[73.885048,21.71443],[73.846359,21.742001],[73.844963,21.790682],[73.827599,21.811939],[73.810516,21.823338],[73.841522,21.838501],[73.936363,21.86315],[74.056427,21.926411],[74.146019,21.95406],[74.145348,21.964611],[74.145607,21.974001],[74.153847,21.98642],[74.127731,21.993761],[74.105003,21.99894],[74.097702,22.015459],[74.116646,22.024641],[74.13208,22.038731],[74.144043,22.04789],[74.149063,22.05632],[74.163368,22.064091],[74.166023,22.07814],[74.17646,22.084492],[74.17527,22.091511],[74.172142,22.09853],[74.162048,22.102711],[74.154663,22.105501],[74.138,22.098452],[74.129066,22.103338],[74.131348,22.120199],[74.126633,22.13212],[74.133553,22.146193],[74.13504,22.16165],[74.124908,22.172159],[74.122116,22.187601],[74.121246,22.205151],[74.11927,22.216381],[74.101776,22.22056],[74.081596,22.220501],[74.074547,22.234529],[74.089287,22.240191],[74.08535,22.2479],[74.079872,22.258421],[74.061493,22.280842],[74.058327,22.293482],[74.062546,22.306841],[74.066742,22.31739],[74.074059,22.336382],[74.071648,22.34901],[74.077026,22.362381],[74.095276,22.36244],[74.105347,22.372992],[74.11628,22.36109],[74.129143,22.35269],[74.134293,22.332331],[74.163841,22.32679],[74.191063,22.32193],[74.194847,22.343719],[74.19796,22.347933],[74.205338,22.34795],[74.206039,22.363411],[74.211113,22.36273],[74.223557,22.35783],[74.227386,22.36907],[74.225433,22.378201],[74.240196,22.37682],[74.249519,22.38316],[74.256859,22.3902],[74.263451,22.39654],[74.281357,22.393751],[74.294182,22.394468],[74.278206,22.40288],[74.264122,22.424641],[74.246597,22.436541],[74.22364,22.44001],[74.216637,22.43932],[74.204613,22.437172],[74.204933,22.454741],[74.20253,22.4723],[74.185417,22.46944],[74.184303,22.456091],[74.186676,22.444151],[74.171539,22.437792],[74.161072,22.432159],[74.15596,22.44549],[74.15123,22.456718],[74.137283,22.44825],[74.130737,22.42997],[74.1269,22.42013],[74.110519,22.429211],[74.100739,22.445341],[74.10611,22.46221],[74.095177,22.46921],[74.078087,22.465643],[74.080307,22.486031],[74.088898,22.479733],[74.087273,22.49378],[74.085266,22.508518],[74.06189,22.511261],[74.054558,22.501398],[74.04567,22.492943],[74.035919,22.49642],[74.038933,22.514002],[74.040787,22.530161],[74.050041,22.54565],[74.078056,22.551628],[74.100693,22.54117],[74.113518,22.541201],[74.124847,22.530001],[74.133476,22.51878],[74.147888,22.51811],[74.157951,22.526569],[74.162956,22.537121],[74.178871,22.548401],[74.195198,22.55687],[74.190079,22.567402],[74.209557,22.56673],[74.218491,22.581511],[74.227371,22.590658],[74.236656,22.613871],[74.249863,22.62302],[74.258408,22.626551],[74.259148,22.636391],[74.265358,22.644831],[74.273552,22.640633],[74.289917,22.64345],[74.304337,22.639971],[74.317207,22.636461],[74.32653,22.642111],[74.334343,22.641411],[74.352249,22.63932],[74.381088,22.638639],[74.38414,22.660431],[74.394241,22.68574],[74.400803,22.70682],[74.403076,22.730709],[74.417076,22.75111],[74.431076,22.770081],[74.440399,22.79328],[74.439186,22.809441],[74.459473,22.81226],[74.471916,22.832651],[74.474213,22.867781],[74.4636,22.907141],[74.455009,22.918381],[74.428436,22.919781],[74.412437,22.912748],[74.392937,22.902191],[74.36554,22.929571],[74.354179,22.94713],[74.341637,22.964691],[74.35714,22.977221],[74.370796,22.97723],[74.365463,22.989811],[74.350662,23.01553],[74.338867,23.03583],[74.325317,23.04817],[74.315521,23.072121]]]]},"properties":{"name":"Gujarat","type":"State"}},
{"type":"Feature","geometry":{"type":"Polygon","coordinates":[[[76.837151,30.878872],[76.815758,30.896009],[76.813393,30.92732],[76.769859,30.906391],[76.773338,30.871151],[76.806557,30.840252],[76.8321,30.82542],[76.841347,30.799089],[76.828186,30.76379],[76.834381,30.7244],[76.821106,30.696781],[76.818367,30.67296],[76.834793,30.655821],[76.855408,30.673203],[76.861862,30.659719],[76.861946,30.64027],[76.87709,30.63702],[76.910606,30.605829],[76.89856,30.58843],[76.898888,30.566719],[76.90593,30.55839],[76.88504,30.540421],[76.920326,30.518021],[76.912369,30.49366],[76.89386,30.489641],[76.896637,30.47538],[76.890717,30.451061],[76.90168,30.428329],[76.905182,30.40469],[76.925797,30.40159],[76.930267,30.39259],[76.892273,30.359678],[76.876442,30.363338],[76.880226,30.386223],[76.867561,30.40152],[76.839729,30.42075],[76.823143,30.422548],[76.780693,30.415022],[76.766747,30.436001],[76.754387,30.43281],[76.725166,30.42042],[76.70015,30.393612],[76.715721,30.38026],[76.711357,30.365129],[76.738533,30.35965],[76.71096,30.32987],[76.697678,30.324858],[76.674629,30.325951],[76.66243,30.299551],[76.622833,30.291389],[76.609818,30.270611],[76.55793,30.264261],[76.532921,30.232079],[76.547668,30.234442],[76.584,30.256531],[76.61187,30.22563],[76.609413,30.21277],[76.638916,30.20594],[76.641716,30.189251],[76.62764,30.155107],[76.626671,30.10565],[76.602867,30.08132],[76.576767,30.0751],[76.58194,30.085213],[76.559166,30.098049],[76.525543,30.080851],[76.497139,30.08157],[76.490829,30.097151],[76.452087,30.10071],[76.44104,30.13596],[76.426041,30.14756],[76.422432,30.16358],[76.428581,30.179792],[76.398842,30.198999],[76.380997,30.183241],[76.401642,30.157728],[76.386162,30.148241],[76.388451,30.133968],[76.374718,30.12373],[76.348343,30.15052],[76.328697,30.14477],[76.348923,30.127661],[76.322899,30.108221],[76.265511,30.117693],[76.242996,30.127468],[76.207207,30.15851],[76.202362,30.156712],[76.211929,30.135061],[76.194107,30.140779],[76.189621,30.13669],[76.226677,30.110401],[76.253777,30.10603],[76.253586,30.100531],[76.238083,30.090462],[76.199623,30.03978],[76.198906,30.034828],[76.215439,30.02713],[76.195816,30.020061],[76.189987,30.010448],[76.197136,29.985111],[76.194733,29.965679],[76.203873,29.94412],[76.178909,29.946268],[76.171486,29.923231],[76.182709,29.893881],[76.232452,29.881321],[76.237953,29.865459],[76.228523,29.854528],[76.211761,29.853149],[76.209648,29.842743],[76.189362,29.840471],[76.127182,29.805429],[76.110268,29.80332],[76.090561,29.810831],[76.075577,29.797049],[76.069901,29.77602],[76.041481,29.748781],[76.011276,29.752821],[75.964859,29.73138],[75.934013,29.732533],[75.890686,29.75321],[75.863777,29.752331],[75.841248,29.78084],[75.829018,29.812321],[75.783203,29.815321],[75.766983,29.82345],[75.748398,29.81212],[75.709877,29.81226],[75.687431,29.75178],[75.656387,29.77606],[75.625359,29.77323],[75.613228,29.746458],[75.568787,29.74262],[75.544182,29.771761],[75.511711,29.76005],[75.444267,29.80785],[75.443787,29.78618],[75.419769,29.77438],[75.370033,29.71306],[75.333847,29.688051],[75.350449,29.659281],[75.317726,29.6707],[75.307533,29.632561],[75.280563,29.610109],[75.302032,29.59199],[75.303047,29.57905],[75.275032,29.56111],[75.238068,29.55154],[75.211189,29.582399],[75.221237,29.60655],[75.17334,29.630081],[75.168549,29.65423],[75.15892,29.669361],[75.179863,29.678303],[75.19767,29.69647],[75.187248,29.71192],[75.206161,29.73525],[75.221367,29.73307],[75.223282,29.763538],[75.196457,29.805111],[75.200912,29.83],[75.178558,29.836908],[75.151306,29.80184],[75.154861,29.789101],[75.141716,29.777008],[75.124916,29.80562],[75.090179,29.806662],[75.107117,29.82653],[75.085747,29.84481],[75.084686,29.858591],[75.103096,29.87678],[75.089783,29.911711],[75.051758,29.874861],[74.989929,29.856461],[74.931923,29.922779],[74.915733,29.94916],[74.889603,29.945011],[74.889763,29.95903],[74.828987,29.969471],[74.816681,29.98452],[74.794403,29.989611],[74.767372,29.972721],[74.697372,29.971149],[74.648926,29.930929],[74.646973,29.904671],[74.626389,29.90601],[74.552002,29.92923],[74.524643,29.951561],[74.505028,29.907761],[74.533691,29.90262],[74.551796,29.87352],[74.532532,29.839281],[74.480606,29.81525],[74.469116,29.75824],[74.496803,29.741821],[74.531853,29.74935],[74.564026,29.75461],[74.586639,29.768511],[74.6054,29.75288],[74.603477,29.72143],[74.592873,29.70072],[74.585136,29.67503],[74.586037,29.63526],[74.576996,29.620823],[74.570602,29.568541],[74.581787,29.547689],[74.611427,29.5315],[74.604523,29.510441],[74.580421,29.463499],[74.53463,29.465033],[74.529556,29.434999],[74.55217,29.422401],[74.57003,29.406158],[74.579781,29.378731],[74.600037,29.35433],[74.641823,29.3312],[74.650177,29.37237],[74.688683,29.36516],[74.722557,29.360849],[74.775917,29.360151],[74.809547,29.398479],[74.849518,29.40279],[74.86657,29.38846],[74.895309,29.384109],[74.921967,29.366032],[74.946083,29.332809],[74.945847,29.311028],[74.947533,29.288158],[74.968063,29.28244],[74.991043,29.271749],[75.039917,29.287149],[75.050941,29.263712],[75.062706,29.23892],[75.108177,29.22677],[75.147476,29.24585],[75.179993,29.26862],[75.21196,29.234529],[75.249466,29.25646],[75.279373,29.276821],[75.308578,29.288918],[75.325371,29.278311],[75.334541,29.22883],[75.350166,29.247381],[75.379547,29.263931],[75.398689,29.25499],[75.393661,29.23424],[75.392296,29.218071],[75.40065,29.18891],[75.378456,29.17152],[75.361153,29.14262],[75.39621,29.128441],[75.381302,29.10257],[75.382187,29.083599],[75.43026,29.06472],[75.440559,29.041521],[75.458679,29.020151],[75.505119,29.01515],[75.511139,29.003321],[75.508919,28.965738],[75.497566,28.941488],[75.484627,28.901661],[75.497719,28.85619],[75.510498,28.84342],[75.50312,28.80929],[75.505028,28.782791],[75.528923,28.75028],[75.539803,28.67602],[75.539566,28.64887],[75.576996,28.616671],[75.61805,28.602209],[75.625259,28.55851],[75.643517,28.54291],[75.665489,28.533279],[75.690079,28.4991],[75.736549,28.487202],[75.778229,28.457611],[75.776833,28.430471],[75.782562,28.40723],[75.802589,28.414228],[75.828239,28.409073],[75.872131,28.39085],[75.889229,28.39366],[75.904671,28.37606],[75.928406,28.35602],[75.956596,28.335581],[75.954666,28.318531],[75.979332,28.306332],[76.018723,28.280958],[76.02578,28.23592],[76.052277,28.214439],[76.045067,28.20293],[76.069298,28.19425],[76.080429,28.16811],[76.091797,28.14642],[76.074913,28.141951],[76.065407,28.155649],[76.027748,28.172722],[76.006027,28.156563],[75.99572,28.135321],[75.977066,28.127201],[75.947403,28.10969],[75.958969,28.084061],[75.987633,28.070589],[75.98455,28.050741],[76.001923,28.060732],[76.015648,28.088852],[76.035629,28.07398],[76.01667,28.05611],[76.010887,28.047041],[75.980507,28.03871],[75.970833,28.02375],[75.985817,28.01475],[75.979889,28.001451],[75.964523,28.002661],[75.955276,27.994181],[75.973167,27.983961],[75.986473,27.98111],[75.96833,27.962311],[75.953949,27.93944],[75.938507,27.951092],[75.92878,27.926481],[75.955887,27.91955],[75.967247,27.899311],[75.973457,27.877453],[75.975449,27.86463],[75.99662,27.860168],[76.02079,27.857521],[76.038399,27.852501],[76.054787,27.851822],[76.084763,27.85639],[76.095772,27.864799],[76.122139,27.854401],[76.127769,27.8332],[76.162842,27.81484],[76.18042,27.81241],[76.19413,27.831211],[76.213806,27.832588],[76.205948,27.84799],[76.193108,27.863913],[76.190323,27.881578],[76.200127,27.892311],[76.182617,27.905071],[76.166458,27.91507],[76.170372,27.93329],[76.176933,27.955061],[76.179466,27.972841],[76.16098,27.980101],[76.154938,27.998991],[76.174263,28.02191],[76.190681,28.02142],[76.203461,28.030361],[76.204163,28.04225],[76.183182,28.04302],[76.177338,28.059259],[76.203636,28.059521],[76.233368,28.056421],[76.264923,28.068741],[76.290077,28.04911],[76.297157,28.025961],[76.329956,28.024879],[76.345917,28.04579],[76.350487,28.075781],[76.332138,28.07679],[76.324883,28.092159],[76.307167,28.096453],[76.308029,28.11128],[76.339546,28.109699],[76.349342,28.132151],[76.331009,28.138969],[76.311119,28.154671],[76.295906,28.154671],[76.298523,28.162548],[76.276787,28.17276],[76.298027,28.182871],[76.325958,28.177431],[76.353249,28.166191],[76.359833,28.143381],[76.388512,28.139521],[76.412247,28.147478],[76.465179,28.155611],[76.469963,28.1385],[76.483292,28.134848],[76.485741,28.12812],[76.497292,28.115978],[76.477287,28.105989],[76.46093,28.1119],[76.451218,28.09766],[76.458817,28.085001],[76.485901,28.075121],[76.494537,28.061071],[76.471298,28.06111],[76.453728,28.049669],[76.475708,28.04406],[76.496048,28.04364],[76.505226,28.03503],[76.525856,28.045448],[76.53553,28.025711],[76.537743,28.007511],[76.535538,27.993061],[76.533501,27.973728],[76.553436,27.975031],[76.591759,28.003658],[76.603897,28.010792],[76.636879,28.01066],[76.660072,28.019051],[76.659622,28.03367],[76.648041,28.079081],[76.65123,28.09676],[76.67791,28.097811],[76.689499,28.113501],[76.698761,28.115711],[76.709961,28.13236],[76.732956,28.128572],[76.762169,28.150021],[76.791489,28.157242],[76.792259,28.18292],[76.793846,28.199551],[76.805603,28.20038],[76.805809,28.215891],[76.82383,28.214701],[76.850487,28.226669],[76.863632,28.22464],[76.879257,28.210381],[76.899849,28.204769],[76.884048,28.19166],[76.912048,28.17186],[76.937813,28.15535],[76.955826,28.123718],[76.948067,28.078671],[76.938026,28.05961],[76.93074,28.0305],[76.918648,27.99761],[76.922768,27.965771],[76.919098,27.92486],[76.93882,27.919029],[76.926086,27.894421],[76.928299,27.86713],[76.926643,27.834221],[76.907883,27.835918],[76.900383,27.82115],[76.902802,27.801281],[76.895607,27.78614],[76.891403,27.76119],[76.884079,27.730909],[76.895393,27.71851],[76.912201,27.7061],[76.906006,27.695841],[76.888023,27.701679],[76.883118,27.695499],[76.896736,27.685961],[76.893227,27.67688],[76.900528,27.663441],[76.909477,27.656801],[76.923851,27.66073],[76.934196,27.6751],[76.951538,27.66625],[76.970337,27.665451],[76.976082,27.69285],[76.98745,27.72928],[76.993538,27.741701],[77.003372,27.73855],[77.016808,27.747761],[77.031967,27.748411],[77.040283,27.738359],[77.050659,27.728111],[77.065727,27.73241],[77.079216,27.738411],[77.072533,27.7491],[77.067337,27.76376],[77.05423,27.7619],[77.039436,27.7749],[77.024086,27.77701],[77.019753,27.780321],[77.035049,27.816662],[77.046822,27.81809],[77.065292,27.81258],[77.074272,27.804352],[77.093628,27.789701],[77.107483,27.786659],[77.119972,27.789471],[77.125206,27.776932],[77.141426,27.78623],[77.153297,27.797859],[77.15062,27.815559],[77.161087,27.813189],[77.180656,27.808653],[77.169243,27.80057],[77.164009,27.786911],[77.188942,27.798429],[77.193848,27.821939],[77.205711,27.805481],[77.222153,27.797649],[77.227249,27.788658],[77.240883,27.790359],[77.256996,27.80525],[77.267487,27.81196],[77.279343,27.811981],[77.290627,27.81971],[77.304817,27.83123],[77.317192,27.833241],[77.324066,27.84087],[77.332657,27.854891],[77.352646,27.856441],[77.373886,27.863703],[77.403778,27.85824],[77.413696,27.8626],[77.404533,27.87583],[77.407097,27.88913],[77.41423,27.896521],[77.4422,27.878481],[77.469818,27.89473],[77.47245,27.919201],[77.468452,27.931881],[77.484749,27.943913],[77.492256,27.931808],[77.505859,27.93614],[77.519211,27.931881],[77.537338,27.957769],[77.51503,27.965481],[77.513443,27.97744],[77.535217,27.99333],[77.509377,28.017721],[77.497437,28.03064],[77.479111,28.044163],[77.482903,28.060711],[77.470016,28.083731],[77.474792,28.10428],[77.486023,28.097391],[77.493736,28.10227],[77.499397,28.122591],[77.487961,28.138781],[77.495293,28.145811],[77.511597,28.16489],[77.537949,28.190891],[77.505661,28.195471],[77.490616,28.19306],[77.510567,28.206331],[77.523277,28.20717],[77.515579,28.229761],[77.53878,28.25441],[77.511597,28.254551],[77.487076,28.261761],[77.472252,28.28121],[77.494766,28.29261],[77.481857,28.32362],[77.463753,28.338011],[77.49424,28.358261],[77.469536,28.3943],[77.474556,28.413511],[77.451477,28.424858],[77.428299,28.444061],[77.408287,28.455601],[77.400032,28.4667],[77.376007,28.47616],[77.36396,28.492901],[77.337738,28.50897],[77.30687,28.490681],[77.285789,28.496271],[77.236732,28.479691],[77.225746,28.46401],[77.239868,28.453608],[77.243187,28.43368],[77.215309,28.415741],[77.179489,28.412371],[77.124077,28.439238],[77.108749,28.457352],[77.101547,28.476479],[77.103523,28.497459],[77.072479,28.520281],[77.048767,28.515242],[77.000206,28.542],[77.005547,28.514441],[76.968468,28.52758],[76.87381,28.514391],[76.832916,28.582508],[76.854813,28.592352],[76.893677,28.632751],[76.933907,28.63765],[76.923103,28.66921],[76.94725,28.67716],[76.950958,28.709761],[76.949196,28.741503],[76.93821,28.759621],[76.942337,28.78776],[76.937363,28.809151],[76.970566,28.825102],[76.983498,28.839081],[77.018806,28.837063],[77.070137,28.880011],[77.12854,28.865391],[77.133812,28.844723],[77.18364,28.862301],[77.178291,28.880041],[77.199097,28.892681],[77.221191,28.904133],[77.202049,28.91556],[77.204422,28.93998],[77.190956,28.961651],[77.214188,29.00596],[77.203796,29.01672],[77.162636,29.048571],[77.157188,29.077532],[77.131767,29.094648],[77.124413,29.113461],[77.126617,29.15402],[77.139992,29.182081],[77.132629,29.21312],[77.12722,29.228142],[77.142479,29.2516],[77.137619,29.28747],[77.154213,29.316921],[77.150017,29.331692],[77.146446,29.34506],[77.120033,29.349791],[77.116699,29.37258],[77.13105,29.380701],[77.145973,29.392481],[77.129089,29.402491],[77.135773,29.43222],[77.137749,29.44659],[77.117836,29.456461],[77.115448,29.475403],[77.119896,29.49733],[77.09761,29.512012],[77.086227,29.539499],[77.104431,29.54891],[77.101982,29.577],[77.086807,29.59647],[77.093887,29.61297],[77.101601,29.62492],[77.107826,29.639961],[77.129417,29.65859],[77.11998,29.68026],[77.125526,29.696911],[77.142601,29.701639],[77.122559,29.736038],[77.112953,29.7486],[77.118896,29.764221],[77.123497,29.777849],[77.142227,29.787571],[77.151718,29.803471],[77.155647,29.81679],[77.167038,29.84371],[77.180061,29.869141],[77.184967,29.890308],[77.180168,29.906212],[77.189133,29.922043],[77.211128,29.94071],[77.229576,29.961903],[77.235481,29.981173],[77.255127,29.99597],[77.261917,30.00732],[77.267593,30.02211],[77.271767,30.039911],[77.276253,30.05047],[77.291847,30.058491],[77.312912,30.060539],[77.337166,30.068241],[77.3685,30.091558],[77.392456,30.094412],[77.414429,30.10713],[77.406036,30.111309],[77.403267,30.121059],[77.415527,30.133499],[77.410828,30.14588],[77.423546,30.16848],[77.440338,30.169209],[77.455986,30.180962],[77.476776,30.195011],[77.488533,30.21874],[77.505508,30.242241],[77.524681,30.277981],[77.540421,30.29097],[77.563553,30.306082],[77.575012,30.326071],[77.574631,30.346951],[77.590126,30.37726],[77.565346,30.38489],[77.542892,30.39723],[77.514366,30.439423],[77.501152,30.44368],[77.491348,30.417351],[77.453117,30.4048],[77.430412,30.407478],[77.420929,30.416822],[77.442047,30.42989],[77.456772,30.451559],[77.445686,30.46567],[77.417236,30.43384],[77.395462,30.42094],[77.381866,30.439272],[77.33268,30.46423],[77.316772,30.457621],[77.293739,30.459131],[77.26358,30.466671],[77.256592,30.481421],[77.233459,30.487471],[77.211906,30.481871],[77.20031,30.48905],[77.195892,30.51177],[77.174553,30.530519],[77.131058,30.54151],[77.113701,30.562441],[77.115143,30.569841],[77.157486,30.59955],[77.160446,30.642401],[77.152641,30.65876],[77.151772,30.69051],[77.117447,30.717911],[77.099907,30.722281],[77.100563,30.732388],[77.086273,30.739943],[77.038017,30.753139],[77.018051,30.74045],[77.006447,30.74951],[77.005821,30.761751],[76.988602,30.777071],[77.000031,30.789021],[76.995842,30.81671],[76.986526,30.81325],[76.979103,30.798813],[76.953751,30.811211],[76.933701,30.831963],[76.902161,30.897228],[76.869629,30.87816],[76.837151,30.878872]]]},"properties":{"name":"Haryana","type":"State"}},
{"type":"Feature","geometry":{"type":"Polygon","coordinates":[[[77.572922,30.393091],[77.562241,30.410063],[77.574631,30.426519],[77.603752,30.437441],[77.630547,30.436159],[77.637833,30.449488],[77.653206,30.449541],[77.682198,30.457691],[77.704666,30.4734],[77.729279,30.48234],[77.755043,30.498329],[77.788193,30.5061],[77.80056,30.513161],[77.805023,30.52478],[77.809959,30.54402],[77.805862,30.56074],[77.795189,30.56115],[77.778267,30.55736],[77.766533,30.563499],[77.753532,30.57023],[77.731926,30.596189],[77.73159,30.60478],[77.738327,30.608089],[77.75444,30.60075],[77.756607,30.620321],[77.772217,30.61783],[77.77961,30.622681],[77.772316,30.63238],[77.772171,30.64497],[77.774918,30.658451],[77.774231,30.665661],[77.765907,30.665279],[77.73658,30.68285],[77.733582,30.697453],[77.740387,30.707123],[77.734329,30.71669],[77.725212,30.727348],[77.72171,30.736353],[77.709282,30.74415],[77.700737,30.744968],[77.691589,30.74831],[77.693008,30.757851],[77.692657,30.77142],[77.708649,30.78451],[77.718063,30.805099],[77.726563,30.814421],[77.73745,30.8263],[77.744072,30.836243],[77.731461,30.850771],[77.739586,30.860189],[77.740852,30.874331],[77.747749,30.882271],[77.758209,30.88048],[77.762787,30.86816],[77.773598,30.861031],[77.788933,30.86496],[77.783623,30.878651],[77.785439,30.893358],[77.794632,30.903481],[77.797417,30.91675],[77.793373,30.925982],[77.781853,30.92622],[77.767258,30.920481],[77.752197,30.920959],[77.746498,30.933969],[77.736656,30.939602],[77.733276,30.949501],[77.741966,30.967642],[77.770943,30.97566],[77.796593,30.958431],[77.812607,30.952791],[77.818916,30.960091],[77.804626,30.960991],[77.796417,30.96982],[77.803192,30.97971],[77.80648,30.985031],[77.810913,30.99538],[77.810051,31.005211],[77.822708,31.011801],[77.821602,31.029921],[77.810677,31.043591],[77.800606,31.06208],[77.809479,31.059732],[77.82473,31.07443],[77.842827,31.081291],[77.851532,31.11097],[77.878723,31.124672],[77.885757,31.14307],[77.892792,31.157269],[77.914688,31.156578],[77.941238,31.171162],[77.969383,31.165152],[77.992577,31.16703],[78.016548,31.158501],[78.026886,31.180191],[78.039673,31.18751],[78.071106,31.19276],[78.087738,31.1908],[78.10688,31.20249],[78.119156,31.214041],[78.143608,31.224079],[78.153137,31.23068],[78.163086,31.231501],[78.176483,31.23003],[78.192841,31.222912],[78.206818,31.23723],[78.23259,31.23502],[78.253242,31.252871],[78.26902,31.27136],[78.293419,31.266041],[78.298363,31.28821],[78.347488,31.290119],[78.369263,31.287901],[78.38327,31.274321],[78.39135,31.252991],[78.414383,31.25091],[78.431686,31.249599],[78.466568,31.22094],[78.476982,31.205103],[78.537117,31.206711],[78.561897,31.229601],[78.583923,31.234301],[78.610046,31.23105],[78.628319,31.221918],[78.638008,31.208389],[78.650673,31.197851],[78.676086,31.20319],[78.707466,31.194971],[78.749451,31.194351],[78.770889,31.1973],[78.800171,31.202379],[78.798042,31.18895],[78.811707,31.169411],[78.818733,31.147211],[78.837776,31.13069],[78.862251,31.11241],[78.884178,31.104233],[78.899429,31.107599],[78.907791,31.11632],[78.932571,31.106979],[78.952431,31.10841],[78.984863,31.11647],[78.996696,31.11618],[78.989197,31.13736],[78.978088,31.14566],[78.977478,31.17016],[78.968452,31.18347],[78.952843,31.18981],[78.941681,31.200802],[78.935066,31.219191],[78.915649,31.225161],[78.906883,31.25919],[78.885422,31.26646],[78.864197,31.30533],[78.845558,31.324171],[78.82901,31.3302],[78.837753,31.34503],[78.834747,31.370468],[78.811287,31.39082],[78.776436,31.40123],[78.776482,31.406658],[78.789726,31.41547],[78.796936,31.449089],[78.762299,31.474255],[78.751503,31.488941],[78.716583,31.484882],[78.715149,31.50773],[78.706772,31.521103],[78.719162,31.536751],[78.746582,31.54772],[78.76812,31.565741],[78.797287,31.576153],[78.822807,31.60062],[78.830643,31.620451],[78.786743,31.657551],[78.773163,31.688412],[78.749901,31.684721],[78.735153,31.69153],[78.720619,31.731951],[78.711342,31.741262],[78.721832,31.765068],[78.703323,31.770409],[78.691208,31.796928],[78.69297,31.81432],[78.721939,31.83799],[78.729446,31.90659],[78.745407,31.925041],[78.770996,31.99642],[78.731407,32.007648],[78.690117,32.045731],[78.68132,32.063431],[78.657967,32.080879],[78.649002,32.105301],[78.63961,32.112122],[78.597336,32.122032],[78.588783,32.145988],[78.57431,32.158619],[78.59227,32.179962],[78.594307,32.217129],[78.539421,32.249981],[78.4776,32.243923],[78.439209,32.24646],[78.46273,32.276131],[78.46698,32.291901],[78.462883,32.349571],[78.493973,32.377312],[78.501717,32.400059],[78.518761,32.418499],[78.502586,32.42622],[78.478142,32.425861],[78.46199,32.447979],[78.438148,32.45705],[78.437332,32.471062],[78.448349,32.48719],[78.436371,32.507061],[78.425659,32.512032],[78.410759,32.511742],[78.405228,32.514229],[78.400253,32.523682],[78.394386,32.52853],[78.356361,32.512661],[78.278519,32.507931],[78.296623,32.577511],[78.331757,32.584869],[78.388817,32.62323],[78.363152,32.671989],[78.377823,32.719311],[78.370743,32.74585],[78.364281,32.762981],[78.287659,32.737831],[78.298561,32.719742],[78.272743,32.70293],[78.233261,32.683701],[78.201637,32.665199],[78.179512,32.67041],[78.152542,32.67902],[78.130661,32.660061],[78.116158,32.64241],[78.093376,32.662151],[78.072937,32.644402],[78.059013,32.62458],[78.032738,32.633751],[78.036758,32.610859],[78.035797,32.591949],[77.987053,32.5882],[77.974953,32.596371],[77.959473,32.620739],[77.95266,32.6404],[77.932297,32.6562],[77.920212,32.679512],[77.902397,32.69841],[77.908478,32.716389],[77.918472,32.730789],[77.914322,32.741779],[77.917931,32.75692],[77.912277,32.76717],[77.899498,32.775322],[77.880898,32.77541],[77.866966,32.790291],[77.863831,32.811451],[77.852547,32.82518],[77.825089,32.83987],[77.808212,32.83604],[77.767723,32.858471],[77.772743,32.890911],[77.790169,32.90543],[77.759567,32.92741],[77.747459,32.94051],[77.738953,32.947269],[77.727341,32.95755],[77.708328,32.967319],[77.696709,32.973351],[77.679489,32.977779],[77.665207,32.986031],[77.656372,32.965961],[77.643349,32.957851],[77.617256,32.944],[77.583923,32.943802],[77.579666,32.931679],[77.549492,32.913361],[77.527,32.892281],[77.511292,32.885429],[77.48455,32.886539],[77.448349,32.861679],[77.431221,32.87582],[77.410133,32.87822],[77.397331,32.88699],[77.379387,32.880829],[77.35968,32.859581],[77.362671,32.8466],[77.356476,32.825272],[77.33596,32.818909],[77.320656,32.828102],[77.3125,32.84631],[77.288742,32.852619],[77.270096,32.866402],[77.238876,32.865162],[77.227829,32.876972],[77.227463,32.88393],[77.217987,32.897312],[77.181801,32.915451],[77.163727,32.92511],[77.157433,32.913239],[77.14695,32.93438],[77.146111,32.942772],[77.135277,32.960941],[77.135857,32.974449],[77.120071,32.982712],[77.097122,32.977581],[77.071671,32.976231],[77.052376,32.990891],[76.994019,32.99229],[76.980827,33.001461],[76.962128,33.013931],[76.932663,33.02845],[76.914612,33.038822],[76.890747,33.080761],[76.89431,33.095139],[76.877197,33.114239],[76.85257,33.111549],[76.834106,33.12056],[76.82917,33.137722],[76.814957,33.146172],[76.801437,33.161541],[76.798126,33.173302],[76.80661,33.184731],[76.817162,33.212231],[76.817856,33.23114],[76.828346,33.246399],[76.821922,33.248352],[76.809166,33.244301],[76.802757,33.23666],[76.778267,33.255711],[76.756882,33.250542],[76.757568,33.243122],[76.75605,33.219822],[76.742126,33.197491],[76.729866,33.179432],[76.696716,33.18148],[76.669479,33.173321],[76.658737,33.171169],[76.627007,33.162479],[76.598473,33.17651],[76.592537,33.190632],[76.584702,33.199562],[76.576736,33.205799],[76.555893,33.206852],[76.53418,33.199348],[76.498833,33.19669],[76.469063,33.179909],[76.450203,33.182919],[76.421776,33.181808],[76.391678,33.186691],[76.373512,33.173462],[76.358856,33.157501],[76.335587,33.146271],[76.291946,33.120209],[76.22979,33.03083],[76.188301,33.02758],[76.128197,33.010082],[76.107323,33.007889],[76.09124,32.992752],[76.078346,32.966072],[76.054466,32.95097],[76.028076,32.937439],[76.017189,32.917641],[75.997528,32.90937],[75.94577,32.885139],[75.923233,32.89809],[75.880898,32.92477],[75.833893,32.934601],[75.807953,32.92979],[75.801758,32.910271],[75.793808,32.897312],[75.789177,32.884621],[75.795372,32.869259],[75.815811,32.847061],[75.837387,32.836769],[75.885681,32.795479],[75.914047,32.74202],[75.899063,32.700249],[75.905403,32.672249],[75.925438,32.65427],[75.904587,32.615219],[75.87545,32.570862],[75.851387,32.521309],[75.868767,32.488682],[75.915497,32.4487],[75.934631,32.424759],[75.915421,32.410259],[75.86631,32.394562],[75.793716,32.332382],[75.751839,32.284172],[75.652443,32.25544],[75.622543,32.23468],[75.618332,32.197021],[75.64959,32.179691],[75.655479,32.146061],[75.610558,32.099609],[75.609558,32.069469],[75.649361,32.077171],[75.692276,32.059452],[75.723228,32.036171],[75.740036,32.034481],[75.784286,31.994329],[75.868538,31.966909],[75.894547,31.9498],[75.953583,31.839951],[75.970917,31.81921],[75.92675,31.816441],[75.977371,31.705],[76.00473,31.663031],[76.002747,31.64657],[76.031403,31.609461],[76.044029,31.603031],[76.051506,31.581791],[76.104103,31.50231],[76.122612,31.45373],[76.153496,31.414013],[76.135033,31.361759],[76.158066,31.346941],[76.168457,31.314121],[76.206398,31.305262],[76.244141,31.313711],[76.26841,31.306601],[76.29039,31.315632],[76.295967,31.34223],[76.317833,31.352221],[76.336662,31.35302],[76.329582,31.379519],[76.315842,31.402378],[76.346893,31.40571],[76.356773,31.429609],[76.375267,31.422161],[76.390396,31.397331],[76.399246,31.365471],[76.448273,31.30599],[76.428497,31.28923],[76.47245,31.3067],[76.479729,31.289103],[76.498238,31.273291],[76.514267,31.283079],[76.518112,31.26231],[76.53717,31.283951],[76.53495,31.25535],[76.570503,31.280149],[76.584709,31.239641],[76.579353,31.22049],[76.616257,31.229441],[76.634148,31.21534],[76.600662,31.191031],[76.590073,31.157269],[76.593956,31.136499],[76.607277,31.11964],[76.625732,31.110243],[76.604897,31.078379],[76.601517,31.043562],[76.610069,31.00423],[76.662636,30.97113],[76.696159,30.97179],[76.712601,30.963421],[76.726021,30.939331],[76.748627,30.929161],[76.753838,30.917818],[76.810188,30.93038],[76.809799,30.906801],[76.837151,30.878872],[76.869629,30.87816],[76.902161,30.897228],[76.933701,30.831963],[76.953751,30.811211],[76.979103,30.798813],[76.986526,30.81325],[76.995842,30.81671],[77.000031,30.789021],[76.988602,30.777071],[77.005821,30.761751],[77.006447,30.74951],[77.018051,30.74045],[77.038017,30.753139],[77.086273,30.739943],[77.100563,30.732388],[77.099907,30.722281],[77.117447,30.717911],[77.151772,30.69051],[77.152641,30.65876],[77.160446,30.642401],[77.157486,30.59955],[77.115143,30.569841],[77.113701,30.562441],[77.131058,30.54151],[77.174553,30.530519],[77.195892,30.51177],[77.20031,30.48905],[77.211906,30.481871],[77.233459,30.487471],[77.256592,30.481421],[77.26358,30.466671],[77.293739,30.459131],[77.316772,30.457621],[77.33268,30.46423],[77.381866,30.439272],[77.395462,30.42094],[77.417236,30.43384],[77.445686,30.46567],[77.456772,30.451559],[77.442047,30.42989],[77.420929,30.416822],[77.430412,30.407478],[77.453117,30.4048],[77.491348,30.417351],[77.501152,30.44368],[77.514366,30.439423],[77.542892,30.39723],[77.565346,30.38489],[77.572922,30.393091]]]},"properties":{"name":"Himachal Pradesh","type":"Union Territory"}},
{"type":"Feature","geometry":{"type":"Polygon","coordinates":[[[75.856537,32.558422],[75.886292,32.591919],[75.923622,32.6437],[75.914757,32.665932],[75.896576,32.691059],[75.909836,32.72094],[75.900063,32.769859],[75.85524,32.826141],[75.82106,32.842762],[75.805511,32.85614],[75.789833,32.881401],[75.789879,32.893982],[75.800003,32.903919],[75.803322,32.92355],[75.828117,32.934082],[75.867119,32.93021],[75.913567,32.906212],[75.939552,32.88422],[75.987419,32.900581],[76.013512,32.915939],[76.023651,32.93158],[76.0504,32.944271],[76.07,32.962219],[76.08567,32.97501],[76.093689,33.004829],[76.152237,33.0229],[76.229469,33.030262],[76.255241,33.05228],[76.288002,33.113159],[76.355789,33.154602],[76.366158,33.168041],[76.38456,33.182892],[76.407692,33.188419],[76.441811,33.18047],[76.466141,33.179882],[76.495972,33.19603],[76.547478,33.20953],[76.567619,33.20705],[76.586189,33.20422],[76.587997,33.189999],[76.598862,33.18391],[76.612556,33.16597],[76.651108,33.171829],[76.660553,33.171349],[76.693657,33.177601],[76.714188,33.177441],[76.734352,33.193119],[76.750557,33.210129],[76.76236,33.23954],[76.755341,33.249489],[76.763557,33.25433],[76.796936,33.241211],[76.817276,33.248501],[76.827171,33.24675],[76.823196,33.237381],[76.811081,33.215462],[76.803307,33.193851],[76.800423,33.177799],[76.802017,33.166031],[76.809486,33.148552],[76.822968,33.141289],[76.837402,33.126389],[76.844437,33.112301],[76.86869,33.12022],[76.884773,33.097439],[76.89093,33.084599],[76.896942,33.070992],[76.913322,33.044209],[76.924149,33.028969],[76.956779,33.016739],[76.966522,33.00721],[76.99147,32.992859],[77.011238,32.99324],[77.035316,32.99968],[77.065933,32.985531],[77.084183,32.973671],[77.112381,32.984131],[77.136391,32.980461],[77.135536,32.96468],[77.146126,32.95639],[77.148552,32.937912],[77.146187,32.914021],[77.161568,32.92112],[77.173859,32.931129],[77.204536,32.906372],[77.229301,32.886799],[77.224823,32.88002],[77.238029,32.869011],[77.258316,32.876362],[77.281281,32.855652],[77.305161,32.85405],[77.316513,32.82975],[77.327896,32.819881],[77.348396,32.821201],[77.361847,32.842609],[77.358719,32.8564],[77.371246,32.86742],[77.395416,32.887329],[77.403122,32.881451],[77.42572,32.883671],[77.436172,32.865891],[77.473183,32.878792],[77.506233,32.883072],[77.523201,32.889782],[77.544716,32.911732],[77.569649,32.921661],[77.581528,32.939232],[77.593437,32.94154],[77.612961,32.94141],[77.653313,32.9594],[77.663078,32.975929],[77.678001,32.980721],[77.695007,32.977821],[77.70369,32.966129],[77.723137,32.964359],[77.73642,32.947872],[77.747177,32.942211],[77.750992,32.936031],[77.781746,32.91003],[77.786987,32.891689],[77.761429,32.86483],[77.780876,32.854099],[77.798996,32.84584],[77.818817,32.838531],[77.847603,32.828411],[77.861267,32.816162],[77.869003,32.800369],[77.876297,32.78001],[77.890877,32.774509],[77.908928,32.772121],[77.916893,32.76273],[77.914406,32.744541],[77.915627,32.733692],[77.909439,32.72139],[77.905663,32.70359],[77.910973,32.688179],[77.927162,32.662621],[77.94648,32.642731],[77.954247,32.625961],[77.96785,32.607979],[77.982559,32.586529],[78.027443,32.58865],[78.041466,32.605301],[78.03244,32.628391],[78.044098,32.628841],[78.067459,32.625622],[78.088516,32.659832],[78.106987,32.649742],[78.126663,32.649101],[78.144447,32.676601],[78.170479,32.677212],[78.194992,32.667332],[78.224968,32.67556],[78.259117,32.702919],[78.295723,32.712811],[78.294617,32.731609],[78.344742,32.763432],[78.372772,32.760151],[78.374947,32.722649],[78.363678,32.685532],[78.375908,32.629612],[78.340622,32.59306],[78.302368,32.578701],[78.295036,32.522461],[78.31041,32.475929],[78.382431,32.529652],[78.399063,32.526371],[78.405258,32.515121],[78.409172,32.51202],[78.416527,32.515099],[78.405228,32.52523],[78.412239,32.556061],[78.452721,32.579502],[78.47966,32.57312],[78.531082,32.60796],[78.549507,32.61232],[78.603287,32.604382],[78.651627,32.644421],[78.745926,32.696079],[78.764565,32.676094],[78.780327,32.59832],[78.76371,32.56781],[78.775597,32.519661],[78.776672,32.483929],[78.819809,32.437321],[78.856926,32.418941],[78.918861,32.365398],[78.973732,32.343609],[78.993759,32.3643],[79.049049,32.383255],[79.06424,32.385227],[79.09185,32.36903],[79.109123,32.383221],[79.121338,32.417622],[79.121727,32.456112],[79.148857,32.483829],[79.202957,32.51083],[79.257942,32.523335],[79.312218,32.487091],[79.346977,32.526642],[79.430313,32.57674],[79.464149,32.592651],[79.522003,32.594791],[79.549828,32.614391],[79.564293,32.670761],[79.544029,32.739502],[79.526726,32.76759],[79.484421,32.789661],[79.464523,32.816742],[79.454399,32.880352],[79.441856,32.894661],[79.387123,32.933079],[79.365036,32.956921],[79.351219,32.987816],[79.354927,33.030609],[79.4132,33.141914],[79.416832,33.166691],[79.399086,33.187149],[79.180496,33.194611],[79.141441,33.2001],[79.092987,33.220459],[79.067207,33.249832],[79.066597,33.295891],[79.033798,33.31358],[78.972687,33.367321],[78.921257,33.398701],[78.820732,33.486515],[78.763199,33.563049],[78.710983,33.654869],[78.708427,33.676109],[78.762398,33.730659],[78.783989,33.770432],[78.762032,33.816509],[78.72567,33.87112],[78.714928,33.933449],[78.728416,33.977341],[78.768417,34.014469],[78.765953,34.032509],[78.706146,34.05864],[78.724434,34.091404],[78.760666,34.111359],[78.871147,34.15723],[78.942116,34.204792],[78.984993,34.267792],[78.990051,34.317829],[78.976738,34.333931],[78.922546,34.375389],[78.824951,34.414131],[78.763023,34.460461],[78.736115,34.491669],[78.69632,34.507591],[78.660057,34.52972],[78.582077,34.603149],[78.537117,34.614151],[78.459152,34.602787],[78.425117,34.603462],[78.406891,34.621029],[78.398727,34.648354],[78.284363,34.667362],[78.265701,34.67939],[78.231567,34.716801],[78.210396,34.758934],[78.184647,34.881519],[78.094948,35.0569],[78.088318,35.09568],[78.111023,35.107342],[78.125313,35.125992],[78.118439,35.142437],[78.057556,35.18475],[78.042763,35.202332],[78.001511,35.29797],[77.98996,35.36364],[78.019493,35.41526],[78.097328,35.455639],[78.110802,35.47266],[78.103989,35.484459],[78.081947,35.491699],[78.063751,35.491692],[78.009995,35.489189],[77.961723,35.480061],[77.919876,35.434338],[77.899567,35.427895],[77.888626,35.428871],[77.868721,35.45052],[77.84082,35.50111],[77.735512,35.433842],[77.585022,35.323921],[77.280792,35.138287],[77.156822,35.054699],[77.068367,35.02412],[77.018097,35.038464],[77.0103,35.016182],[77.011452,34.966709],[76.988747,34.935219],[76.883507,34.970329],[76.853157,34.963871],[76.81105,34.935455],[76.764191,34.933121],[76.74337,34.91814],[76.74469,34.84473],[76.687195,34.76321],[76.652496,34.756561],[76.570976,34.758423],[76.514091,34.783802],[76.474342,34.794373],[76.436958,34.764381],[76.385933,34.73595],[76.32872,34.733055],[76.289948,34.712322],[76.260048,34.684372],[76.197853,34.65913],[76.139091,34.642479],[76.092957,34.666561],[76.055023,34.676029],[75.983276,34.62941],[75.946251,34.63118],[75.911926,34.601131],[75.84108,34.573101],[75.79303,34.53392],[75.729233,34.516159],[75.64415,34.533539],[75.578888,34.53944],[75.478508,34.539349],[75.394974,34.548809],[75.335197,34.572132],[75.25808,34.617599],[75.259636,34.644081],[75.206718,34.64629],[75.164673,34.66045],[75.018745,34.641499],[74.910507,34.683208],[74.853897,34.6782],[74.772141,34.682709],[74.671303,34.700699],[74.638832,34.73354],[74.565292,34.77187],[74.375542,34.803444],[74.341263,34.789692],[74.315094,34.800259],[74.286797,34.77417],[74.210503,34.740181],[74.148972,34.695271],[74.116768,34.691212],[74.086533,34.69371],[74.049133,34.684959],[74.012894,34.709854],[73.96022,34.696682],[73.941559,34.591957],[73.886688,34.514999],[73.807259,34.441948],[73.76432,34.371071],[73.807396,34.35672],[73.889404,34.357025],[73.91993,34.342312],[73.982033,34.239079],[73.917076,34.142109],[73.885651,34.075119],[73.889809,34.042404],[74.04406,34.02972],[74.087029,34.037762],[74.114983,34.053783],[74.225563,34.033401],[74.248688,34.013821],[74.26358,33.942619],[74.219673,33.867176],[74.17009,33.83989],[74.090012,33.826279],[74.049049,33.80883],[74.028343,33.775959],[73.966461,33.740322],[73.999611,33.624783],[74.014687,33.598366],[74.053902,33.565079],[74.088356,33.573204],[74.12339,33.543209],[74.185646,33.466469],[74.184212,33.391041],[74.169441,33.34581],[74.115799,33.281132],[74.088104,33.262897],[74.024384,33.262455],[74.013107,33.24987],[74.014275,33.19825],[74.033669,33.188099],[74.099869,33.172508],[74.148781,33.133884],[74.216446,33.042992],[74.254967,33.048775],[74.326477,33.029461],[74.3517,33.01313],[74.346359,32.965549],[74.316139,32.930161],[74.347748,32.908211],[74.413895,32.90395],[74.429337,32.879509],[74.443214,32.828823],[74.462021,32.79089],[74.531532,32.74073],[74.567108,32.755211],[74.594139,32.756844],[74.632797,32.77766],[74.638,32.8181],[74.680832,32.8382],[74.69458,32.809521],[74.667526,32.76659],[74.650139,32.71841],[74.676208,32.658001],[74.649246,32.62587],[74.648026,32.571869],[74.686737,32.493069],[74.758026,32.479939],[74.818573,32.496059],[74.856422,32.492672],[74.882919,32.481754],[74.896812,32.467419],[74.933632,32.467571],[74.963867,32.45253],[74.987869,32.449562],[75.030167,32.49176],[75.098183,32.46587],[75.114441,32.448784],[75.12793,32.421169],[75.1604,32.416512],[75.18853,32.42448],[75.195473,32.405312],[75.237152,32.395779],[75.311485,32.344841],[75.325302,32.342842],[75.414993,32.324272],[75.466606,32.338852],[75.467758,32.317562],[75.492126,32.302799],[75.498947,32.27533],[75.5056,32.281342],[75.529213,32.348881],[75.567001,32.371841],[75.648071,32.388809],[75.698227,32.409531],[75.719749,32.430321],[75.745926,32.476349],[75.77887,32.47504],[75.815697,32.499222],[75.856537,32.558422]]]},"properties":{"name":"Jammu and Kashmir","type":"State"}},
{"type":"Feature","geometry":{"type":"Polygon","coordinates":[[[86.722786,22.215248],[86.741066,22.21081],[86.767036,22.211342],[86.774559,22.22337],[86.775887,22.231541],[86.792206,22.223843],[86.778923,22.22172],[86.783569,22.211651],[86.800117,22.213631],[86.801376,22.23863],[86.792831,22.238729],[86.790268,22.2628],[86.798462,22.245449],[86.799606,22.240973],[86.806602,22.24378],[86.809967,22.24955],[86.811867,22.263931],[86.816338,22.2493],[86.822807,22.26133],[86.850693,22.26049],[86.864609,22.253483],[86.885681,22.252121],[86.885628,22.268909],[86.888451,22.28141],[86.885117,22.296709],[86.847191,22.31315],[86.829193,22.324591],[86.828941,22.341501],[86.838226,22.378611],[86.844917,22.392328],[86.83091,22.40637],[86.788979,22.418253],[86.763893,22.42289],[86.757072,22.44245],[86.749001,22.460333],[86.748268,22.478661],[86.769531,22.475941],[86.785507,22.47665],[86.798012,22.48399],[86.792961,22.490601],[86.789627,22.50757],[86.791397,22.516661],[86.78521,22.52931],[86.786171,22.537411],[86.776306,22.547009],[86.764519,22.550631],[86.767418,22.560888],[86.755989,22.57427],[86.683403,22.576761],[86.6614,22.57443],[86.649323,22.582041],[86.638977,22.59375],[86.632393,22.60998],[86.635483,22.6472],[86.622368,22.666311],[86.533699,22.716579],[86.509956,22.716061],[86.506592,22.701521],[86.489937,22.71981],[86.478981,22.722391],[86.466042,22.74645],[86.439827,22.76268],[86.416153,22.776508],[86.421593,22.808821],[86.43322,22.84059],[86.446877,22.85878],[86.449287,22.87706],[86.463043,22.896631],[86.432419,22.91577],[86.437088,22.92729],[86.470421,22.94945],[86.478722,22.94059],[86.486801,22.935541],[86.494011,22.941488],[86.49662,22.94754],[86.512726,22.946192],[86.527573,22.95793],[86.538513,22.961868],[86.540283,22.98723],[86.522713,22.972158],[86.499916,22.96854],[86.497307,22.983149],[86.474953,22.985661],[86.451088,22.98761],[86.441689,22.987329],[86.416283,22.994791],[86.396881,22.977819],[86.383606,22.980131],[86.369499,22.99431],[86.351608,22.994911],[86.325859,22.99242],[86.309891,22.998131],[86.302116,23.003351],[86.300697,23.010351],[86.297516,23.01326],[86.294006,23.00811],[86.28476,23.01086],[86.273506,23.006531],[86.263283,22.999361],[86.250862,22.99498],[86.216972,22.99161],[86.203812,22.997858],[86.200867,23.015142],[86.175629,23.012991],[86.162323,23.03381],[86.150017,23.040899],[86.138107,23.05933],[86.138039,23.080481],[86.127357,23.089081],[86.106407,23.090288],[86.091797,23.090771],[86.080963,23.1043],[86.047966,23.108681],[86.048973,23.124849],[86.036926,23.14361],[86.024788,23.1432],[86.00972,23.144979],[85.99556,23.144421],[85.970482,23.14003],[85.951553,23.138161],[85.94381,23.129471],[85.922028,23.129398],[85.917816,23.131151],[85.906738,23.142071],[85.886406,23.153351],[85.877808,23.171013],[85.857521,23.194363],[85.835007,23.192101],[85.833717,23.2019],[85.830688,23.21397],[85.826363,23.263121],[85.841736,23.284321],[85.857857,23.301081],[85.868301,23.31588],[85.87751,23.32626],[85.870872,23.35252],[85.866669,23.361481],[85.885277,23.373758],[85.895859,23.37698],[85.882477,23.3811],[85.877312,23.400431],[85.878456,23.40803],[85.862877,23.409971],[85.859543,23.450951],[85.866028,23.47023],[85.877579,23.475861],[85.912697,23.467299],[85.943909,23.45462],[85.957176,23.461931],[85.990379,23.476379],[86.005577,23.482691],[86.035751,23.49032],[86.051506,23.499001],[86.032768,23.504841],[86.027039,23.52425],[86.021103,23.54549],[86.017609,23.56361],[86.051331,23.578899],[86.072769,23.56822],[86.093582,23.570011],[86.104851,23.57196],[86.126686,23.56675],[86.138611,23.570021],[86.14843,23.563931],[86.153267,23.551592],[86.144279,23.53524],[86.15329,23.50975],[86.145859,23.48613],[86.145531,23.47307],[86.172333,23.47854],[86.181023,23.466921],[86.209709,23.45923],[86.223198,23.464808],[86.238747,23.46969],[86.225021,23.44282],[86.239548,23.431681],[86.243179,23.41958],[86.253052,23.42485],[86.250061,23.435591],[86.263748,23.436571],[86.273483,23.43895],[86.281151,23.435448],[86.300003,23.420061],[86.312866,23.431431],[86.305786,23.43618],[86.306473,23.44821],[86.32122,23.454481],[86.329269,23.44824],[86.338341,23.45698],[86.351837,23.463631],[86.355499,23.48156],[86.370522,23.48164],[86.370598,23.490261],[86.353706,23.49642],[86.365036,23.515438],[86.364952,23.52549],[86.358727,23.53364],[86.360481,23.546129],[86.364807,23.557053],[86.381767,23.5755],[86.386971,23.58536],[86.406227,23.58798],[86.418213,23.603413],[86.430458,23.611111],[86.439598,23.616673],[86.43988,23.62961],[86.471626,23.631281],[86.511879,23.629061],[86.537437,23.634621],[86.583107,23.65884],[86.587967,23.669081],[86.624443,23.67277],[86.668732,23.68605],[86.711006,23.697229],[86.735916,23.67909],[86.772697,23.681881],[86.793053,23.695023],[86.79837,23.716341],[86.81163,23.744801],[86.819771,23.76107],[86.797691,23.797718],[86.792206,23.827263],[86.800186,23.83263],[86.807869,23.824553],[86.813797,23.81216],[86.835007,23.81926],[86.857048,23.8395],[86.873093,23.83448],[86.87693,23.81345],[86.887688,23.822161],[86.884789,23.83437],[86.875389,23.85745],[86.884613,23.87335],[86.903656,23.878971],[86.925407,23.853842],[86.943199,23.842861],[86.95771,23.859131],[86.966911,23.865299],[86.994553,23.853531],[87.02243,23.840523],[87.064232,23.813499],[87.084511,23.805269],[87.095726,23.809481],[87.112587,23.805538],[87.11467,23.800081],[87.124161,23.795038],[87.143547,23.796362],[87.15593,23.80372],[87.159126,23.8283],[87.137726,23.84581],[87.129631,23.85813],[87.135818,23.868139],[87.147507,23.862682],[87.166687,23.860491],[87.17662,23.852463],[87.187363,23.85718],[87.188698,23.846312],[87.194336,23.842121],[87.207329,23.85301],[87.222481,23.857639],[87.235138,23.848242],[87.224106,23.84269],[87.219757,23.827209],[87.2388,23.82485],[87.255219,23.8393],[87.247429,23.851311],[87.243111,23.884863],[87.248222,23.907011],[87.259201,23.904202],[87.260887,23.892179],[87.264931,23.874828],[87.281296,23.884201],[87.290672,23.898701],[87.287827,23.925949],[87.290489,23.947453],[87.278053,23.95756],[87.261543,23.966169],[87.266022,23.981831],[87.262062,23.99509],[87.257187,23.999781],[87.255959,23.997881],[87.254936,23.996891],[87.253632,23.996149],[87.252083,23.995781],[87.250603,23.995728],[87.2491,23.995991],[87.247696,23.996531],[87.246162,23.99765],[87.243568,24.001011],[87.239227,24.01478],[87.233482,24.032688],[87.243599,24.04212],[87.257812,24.03548],[87.274277,24.031841],[87.286217,24.02718],[87.319977,24.031441],[87.335503,24.023863],[87.327431,24.016621],[87.320541,24.009279],[87.315392,24.004421],[87.323959,23.997063],[87.348106,23.99579],[87.36039,24.007341],[87.376877,24.00317],[87.39389,23.999241],[87.414528,23.990843],[87.426376,23.99032],[87.429298,23.981861],[87.439102,23.97813],[87.453598,23.983391],[87.458359,23.9935],[87.450188,23.99999],[87.441399,24.003231],[87.446106,24.006969],[87.440872,24.00946],[87.434647,24.006861],[87.438728,24.01252],[87.448517,24.01634],[87.456917,24.014063],[87.471397,24.010891],[87.479156,24.01412],[87.48848,24.019331],[87.49649,24.023161],[87.501961,24.028151],[87.509033,24.034679],[87.507843,24.04567],[87.495392,24.049971],[87.493317,24.05925],[87.490753,24.06657],[87.493187,24.074739],[87.501236,24.073318],[87.505356,24.07943],[87.498001,24.084351],[87.488922,24.0882],[87.492813,24.09547],[87.496948,24.099331],[87.493843,24.10815],[87.496597,24.115801],[87.516922,24.111],[87.529861,24.102409],[87.534492,24.09141],[87.548256,24.085461],[87.559723,24.08289],[87.570213,24.087622],[87.576447,24.087101],[87.569496,24.100981],[87.574829,24.108959],[87.579521,24.119511],[87.595413,24.12488],[87.607613,24.128942],[87.597946,24.137951],[87.586021,24.14752],[87.571426,24.154409],[87.57975,24.161539],[87.595566,24.159809],[87.610413,24.164881],[87.627541,24.163132],[87.640671,24.15493],[87.656952,24.15591],[87.673531,24.15134],[87.689568,24.149839],[87.693237,24.164341],[87.696678,24.175348],[87.692558,24.18618],[87.678307,24.191111],[87.670952,24.205738],[87.652786,24.206182],[87.638443,24.216141],[87.643013,24.230101],[87.635712,24.242531],[87.647148,24.24856],[87.651917,24.24015],[87.659027,24.238358],[87.665413,24.24349],[87.673843,24.2467],[87.683098,24.24855],[87.693016,24.257391],[87.704529,24.26376],[87.704613,24.274502],[87.709457,24.282909],[87.715736,24.29001],[87.727188,24.286221],[87.736382,24.28894],[87.743126,24.297722],[87.752098,24.304651],[87.760353,24.31304],[87.762482,24.320681],[87.760559,24.328171],[87.767883,24.34046],[87.776588,24.353411],[87.784943,24.367632],[87.79377,24.38076],[87.798111,24.390779],[87.792633,24.393091],[87.79821,24.399731],[87.807457,24.40436],[87.808479,24.41213],[87.801346,24.41342],[87.787903,24.41153],[87.790031,24.421671],[87.790382,24.429399],[87.791039,24.437759],[87.800941,24.44739],[87.811256,24.45188],[87.816147,24.455313],[87.816597,24.465471],[87.813721,24.47274],[87.810356,24.480371],[87.820259,24.485849],[87.822449,24.49234],[87.81974,24.495911],[87.815559,24.492809],[87.810013,24.49453],[87.810219,24.502041],[87.807587,24.509371],[87.803917,24.507231],[87.802986,24.49864],[87.795151,24.491051],[87.793968,24.50032],[87.798508,24.507],[87.801163,24.514631],[87.797569,24.52463],[87.797493,24.53867],[87.805779,24.54244],[87.80262,24.554281],[87.791588,24.565689],[87.77317,24.57188],[87.769409,24.58176],[87.79068,24.581079],[87.802246,24.57803],[87.811661,24.57444],[87.820152,24.568392],[87.824509,24.559483],[87.84111,24.554411],[87.84996,24.553728],[87.853783,24.55603],[87.863899,24.55658],[87.868637,24.561281],[87.887321,24.56271],[87.891487,24.57962],[87.906837,24.587351],[87.909126,24.596373],[87.908119,24.608179],[87.893486,24.608341],[87.886131,24.605141],[87.875969,24.608858],[87.872742,24.61072],[87.877007,24.616291],[87.885521,24.61178],[87.893837,24.612963],[87.901611,24.612581],[87.901802,24.62257],[87.895393,24.624493],[87.884613,24.62665],[87.892273,24.63205],[87.902008,24.629431],[87.907677,24.636782],[87.908867,24.65131],[87.911598,24.662291],[87.89991,24.669331],[87.88662,24.674103],[87.892746,24.685749],[87.89901,24.69968],[87.898849,24.7099],[87.903137,24.711901],[87.900833,24.7216],[87.887199,24.725443],[87.882446,24.736273],[87.87088,24.730028],[87.852348,24.73494],[87.820503,24.752069],[87.816032,24.759609],[87.830017,24.78297],[87.83847,24.78471],[87.833992,24.774641],[87.835243,24.763231],[87.846779,24.76103],[87.858467,24.767811],[87.866508,24.77615],[87.868103,24.78709],[87.872917,24.78977],[87.87751,24.798],[87.872849,24.80526],[87.870293,24.815243],[87.867668,24.822983],[87.881706,24.820391],[87.896179,24.822599],[87.897247,24.841749],[87.891357,24.84816],[87.911247,24.85594],[87.936447,24.869612],[87.961243,24.879051],[87.972206,24.89142],[87.971237,24.91003],[87.966492,24.9296],[87.950218,24.945341],[87.930336,24.9618],[87.913528,24.978903],[87.90242,24.999451],[87.88118,25.021509],[87.855042,25.04624],[87.820183,25.061501],[87.779861,25.087351],[87.769836,25.11471],[87.771042,25.152271],[87.787582,25.22049],[87.785202,25.240459],[87.769119,25.246658],[87.721062,25.253441],[87.70797,25.27136],[87.696411,25.27887],[87.690308,25.29122],[87.693497,25.303053],[87.68087,25.307671],[87.658783,25.309731],[87.63179,25.311861],[87.622673,25.310801],[87.599892,25.314663],[87.589256,25.32189],[87.580467,25.332321],[87.578918,25.346783],[87.567108,25.333891],[87.544121,25.322901],[87.539749,25.281618],[87.52552,25.280981],[87.490067,25.305201],[87.487579,25.277611],[87.49559,25.265301],[87.487556,25.261999],[87.466858,25.19565],[87.391777,25.227518],[87.377136,25.222618],[87.368462,25.2069],[87.323456,25.223091],[87.310646,25.169821],[87.315033,25.165041],[87.30172,25.1439],[87.285606,25.090919],[87.250557,25.10585],[87.227089,25.08757],[87.211357,25.0896],[87.173256,25.056471],[87.149048,25.026239],[87.143883,25.01079],[87.152031,24.97444],[87.152687,24.92395],[87.146507,24.912863],[87.158226,24.889551],[87.144516,24.859221],[87.106049,24.84733],[87.091217,24.823561],[87.08036,24.824362],[87.077606,24.81422],[87.093956,24.804411],[87.09568,24.7976],[87.082542,24.77297],[87.081612,24.748341],[87.074547,24.74472],[87.082352,24.726999],[87.045807,24.630898],[87.050468,24.60677],[87.030113,24.60952],[87.021446,24.619621],[87.012917,24.609093],[86.965561,24.631868],[86.945503,24.62656],[86.948616,24.642761],[86.933441,24.635721],[86.898079,24.58654],[86.907158,24.543381],[86.879097,24.563051],[86.854637,24.550461],[86.831528,24.56805],[86.818253,24.56934],[86.804993,24.564121],[86.800339,24.568701],[86.807617,24.576851],[86.797493,24.60574],[86.791847,24.615311],[86.787361,24.610929],[86.794296,24.6007],[86.786476,24.60458],[86.777122,24.619761],[86.744598,24.60288],[86.735077,24.580841],[86.681519,24.565069],[86.655937,24.563198],[86.602921,24.605068],[86.589767,24.59269],[86.578239,24.567871],[86.558319,24.55929],[86.551338,24.543421],[86.505722,24.5177],[86.488777,24.47427],[86.488197,24.433861],[86.465683,24.41379],[86.465683,24.385],[86.452209,24.368629],[86.430702,24.376131],[86.373268,24.415852],[86.3535,24.44206],[86.303757,24.444839],[86.300903,24.4568],[86.285576,24.476803],[86.309731,24.506363],[86.309822,24.563101],[86.322861,24.584091],[86.280403,24.584181],[86.276886,24.5742],[86.238747,24.5968],[86.21656,24.6028],[86.165657,24.583681],[86.14463,24.60306],[86.125587,24.61182],[86.121857,24.630051],[86.129097,24.690031],[86.105537,24.73597],[86.060417,24.747681],[86.03907,24.74132],[86.053001,24.761749],[86.050583,24.779541],[86.013977,24.768999],[85.999977,24.751381],[85.960648,24.731701],[85.927673,24.740499],[85.904572,24.76128],[85.889679,24.791651],[85.853813,24.80764],[85.822578,24.80895],[85.810661,24.794498],[85.777237,24.79895],[85.758278,24.815088],[85.735008,24.821383],[85.72831,24.800661],[85.704781,24.768831],[85.704773,24.728729],[85.679657,24.693768],[85.650467,24.679241],[85.660797,24.66758],[85.660698,24.650602],[85.672127,24.6194],[85.673523,24.595631],[85.664703,24.58193],[85.621986,24.583858],[85.581963,24.6001],[85.565201,24.596661],[85.562218,24.58099],[85.568291,24.565201],[85.556259,24.55682],[85.536461,24.563801],[85.540352,24.550348],[85.518303,24.524549],[85.502419,24.531429],[85.494461,24.550619],[85.433273,24.536079],[85.406616,24.545662],[85.37027,24.529581],[85.318558,24.52463],[85.288048,24.5284],[85.279808,24.513882],[85.281036,24.49975],[85.25444,24.497931],[85.235329,24.479851],[85.215782,24.472549],[85.152893,24.464149],[85.14991,24.455853],[85.161331,24.443291],[85.164391,24.427691],[85.118988,24.40914],[85.098671,24.393921],[85.089417,24.3792],[85.071007,24.399693],[85.075676,24.421751],[85.064613,24.43059],[85.053291,24.415131],[85.035736,24.423113],[85.014603,24.419121],[84.968567,24.37595],[84.925339,24.37804],[84.898033,24.372129],[84.898178,24.39382],[84.877899,24.42263],[84.880173,24.462801],[84.867447,24.466921],[84.857033,24.457582],[84.841988,24.455471],[84.832733,24.461161],[84.827927,24.486],[84.801643,24.521118],[84.783676,24.51771],[84.74202,24.496458],[84.717506,24.468828],[84.694077,24.4618],[84.674011,24.441141],[84.660118,24.395981],[84.5942,24.404011],[84.580063,24.410419],[84.561218,24.40184],[84.565781,24.38394],[84.541679,24.376711],[84.527962,24.36483],[84.514191,24.323608],[84.496887,24.292721],[84.465111,24.30839],[84.446663,24.339701],[84.418167,24.34236],[84.399788,24.37464],[84.346962,24.392071],[84.331627,24.40465],[84.327789,24.422161],[84.315056,24.423452],[84.330658,24.428431],[84.293213,24.450823],[84.294189,24.480761],[84.325653,24.49671],[84.319107,24.52231],[84.292976,24.56599],[84.271896,24.554022],[84.262741,24.537111],[84.248528,24.53159],[84.241089,24.543221],[84.22068,24.550331],[84.206207,24.54533],[84.188301,24.555321],[84.172882,24.547131],[84.186417,24.522499],[84.17926,24.51042],[84.153641,24.517641],[84.164406,24.533712],[84.146057,24.5403],[84.139961,24.504801],[84.100922,24.487902],[84.086586,24.514631],[84.084297,24.5387],[84.062653,24.583719],[84.052933,24.587961],[84.047859,24.606508],[84.038239,24.61941],[84.001968,24.635401],[83.928459,24.547911],[83.799011,24.529881],[83.71669,24.50495],[83.682457,24.515581],[83.571213,24.51701],[83.535042,24.525579],[83.498169,24.52706],[83.461868,24.517878],[83.426361,24.512781],[83.393013,24.50119],[83.393608,24.488911],[83.388168,24.473263],[83.384239,24.461401],[83.392487,24.43642],[83.400139,24.40868],[83.426208,24.40605],[83.43293,24.394041],[83.439957,24.38698],[83.443207,24.372789],[83.451393,24.36475],[83.423523,24.338701],[83.403328,24.337391],[83.378616,24.315521],[83.380272,24.30479],[83.386566,24.297569],[83.400513,24.28524],[83.393387,24.252661],[83.380859,24.240021],[83.379303,24.2202],[83.376213,24.210131],[83.370499,24.18675],[83.357353,24.156839],[83.349922,24.137093],[83.342796,24.11425],[83.327599,24.099649],[83.361977,24.101961],[83.400696,24.081779],[83.428589,24.079773],[83.429207,24.062021],[83.447586,24.04248],[83.506706,24.02824],[83.516556,24.01062],[83.507721,23.97946],[83.533737,23.94174],[83.542847,23.898241],[83.570152,23.89036],[83.563698,23.87306],[83.571777,23.86306],[83.637901,23.847031],[83.657593,23.836971],[83.666496,23.825918],[83.682007,23.825802],[83.698593,23.816462],[83.712357,23.772331],[83.730003,23.743681],[83.734718,23.713551],[83.72258,23.694139],[83.721329,23.67374],[83.750946,23.65333],[83.743027,23.640461],[83.806343,23.58231],[83.837631,23.58136],[83.935257,23.56304],[83.937889,23.622431],[83.975456,23.630831],[84.007713,23.628521],[84.001869,23.62044],[84.022339,23.597361],[84.022667,23.544241],[84.012283,23.50815],[83.984627,23.475592],[83.969727,23.447668],[83.978157,23.420931],[83.967781,23.39299],[83.970253,23.369398],[83.992767,23.355883],[84.017151,23.37159],[84.038033,23.376169],[84.048607,23.35416],[84.06797,23.334091],[84.05127,23.246601],[84.058029,23.208],[84.050903,23.189581],[84.033806,23.167841],[84.030266,23.149368],[84.035957,23.134951],[84.052872,23.12447],[84.061462,23.1099],[84.087868,23.109489],[84.126472,23.08515],[84.131706,23.06743],[84.124832,23.053478],[84.124611,23.030748],[84.154587,22.964373],[84.170593,22.985189],[84.176682,23.020519],[84.19825,23.01899],[84.201073,22.998821],[84.217056,22.976473],[84.241508,22.972879],[84.271111,22.984159],[84.278572,22.961248],[84.33181,22.979139],[84.361496,22.97455],[84.376381,22.966303],[84.379227,22.9489],[84.389053,22.93874],[84.37619,22.909201],[84.37146,22.872129],[84.357933,22.8606],[84.338356,22.859041],[84.320312,22.849421],[84.311691,22.803301],[84.287109,22.776711],[84.281448,22.760111],[84.260101,22.76494],[84.225357,22.735161],[84.227753,22.676991],[84.209671,22.662998],[84.196999,22.66378],[84.164833,22.645321],[84.132103,22.63578],[84.097641,22.633011],[84.041931,22.59218],[84.020027,22.58279],[84.005051,22.569563],[84.004898,22.53013],[84.009636,22.52029],[84.057587,22.510151],[84.079208,22.488852],[84.102913,22.481291],[84.106117,22.473848],[84.129143,22.47349],[84.137436,22.4671],[84.133102,22.445311],[84.152489,22.40093],[84.194107,22.371811],[84.246559,22.373701],[84.266167,22.34783],[84.289223,22.33732],[84.323967,22.338921],[84.361717,22.34853],[84.377586,22.345909],[84.419113,22.350771],[84.442078,22.37302],[84.472809,22.38269],[84.476669,22.405981],[84.505829,22.416201],[84.613647,22.42758],[84.661606,22.413919],[84.726143,22.416641],[84.778053,22.443541],[84.807793,22.446861],[84.812691,22.43161],[84.832542,22.426378],[84.84137,22.43487],[84.863716,22.43453],[84.876526,22.443251],[84.8815,22.42944],[84.893799,22.418011],[84.919868,22.425991],[84.925339,22.436609],[84.947281,22.45108],[84.952438,22.439449],[85.051399,22.47942],[85.073639,22.466681],[85.060486,22.449511],[85.080681,22.39546],[85.075043,22.36097],[85.095123,22.312391],[85.114037,22.314213],[85.114456,22.290489],[85.098572,22.28792],[85.06942,22.267582],[85.072067,22.24572],[85.049606,22.17931],[85.026199,22.148451],[85.027351,22.122561],[85.019493,22.108391],[84.983467,22.09149],[84.981041,22.08242],[85.002319,22.079943],[85.014069,22.09371],[85.031181,22.10248],[85.06945,22.107128],[85.095436,22.099451],[85.113297,22.071079],[85.155548,22.070459],[85.16375,22.052999],[85.16983,22.053101],[85.172462,22.06819],[85.183456,22.05493],[85.210747,22.04318],[85.213837,22.016281],[85.22213,22.003448],[85.246529,22.02541],[85.280899,22.087641],[85.3097,22.11339],[85.338501,22.12472],[85.358131,22.1196],[85.362427,22.150049],[85.410286,22.15608],[85.514847,22.10821],[85.533501,22.0968],[85.539543,22.08659],[85.582237,22.08099],[85.596649,22.07472],[85.607323,22.081791],[85.619583,22.077841],[85.648056,22.086811],[85.672363,22.059721],[85.687881,22.05608],[85.722351,22.05813],[85.79718,22.1063],[85.815216,22.09902],[85.830757,22.076971],[85.796761,22.074501],[85.770332,22.051283],[85.778938,22.036261],[85.761848,22.017941],[85.760521,21.996941],[85.780502,21.981041],[85.815392,21.980131],[85.818329,21.970011],[85.840416,21.97648],[85.894173,21.978291],[85.905998,21.96809],[85.913063,21.996651],[85.923401,22.014078],[85.94471,22.02327],[85.992599,22.10025],[86.003853,22.151051],[86.025566,22.189211],[85.98513,22.223843],[85.969788,22.243401],[86.008499,22.292671],[86.042259,22.308241],[86.020409,22.30554],[86.005898,22.31591],[86.020432,22.329399],[85.998428,22.331079],[86.015968,22.372971],[86.021248,22.37504],[86.005997,22.425362],[85.996857,22.42164],[85.953506,22.455973],[85.969246,22.499781],[86.022026,22.52055],[86.03849,22.563589],[86.058136,22.553421],[86.111923,22.482931],[86.145149,22.47514],[86.173706,22.476431],[86.209137,22.462841],[86.218208,22.46821],[86.220383,22.449091],[86.271378,22.442829],[86.32534,22.373081],[86.424377,22.306271],[86.440193,22.311411],[86.441818,22.32534],[86.460266,22.32642],[86.481712,22.342018],[86.523651,22.318571],[86.523201,22.307838],[86.581306,22.294918],[86.598457,22.27438],[86.616058,22.276003],[86.634659,22.26915],[86.645897,22.25728],[86.648178,22.235691],[86.662697,22.23748],[86.691788,22.2174],[86.722786,22.215248]]]},"properties":{"name":"Jharkhand","type":"State"}},
{"type":"Feature","geometry":{"type":"MultiPolygon","coordinates":[[[[74.68264,13.348473],[74.681526,13.342916],[74.686531,13.340972],[74.68264,13.348473]]],[[[74.482918,14.01125],[74.478752,14.009862],[74.480423,14.004861],[74.482918,14.01125]]],[[[74.326248,14.020695],[74.32653,14.01125],[74.330139,14.016811],[74.326248,14.020695]]],[[[74.365143,14.55264],[74.366806,14.541249],[74.378197,14.545418],[74.373192,14.552082],[74.365143,14.55264]]],[[[74.111252,14.761541],[74.109848,14.754029],[74.12014,14.753471],[74.111252,14.761541]]],[[[74.103317,14.90148],[74.097641,14.89542],[74.099297,14.881251],[74.110687,14.861251],[74.112076,14.846811],[74.12458,14.845972],[74.114586,14.853194],[74.130981,14.84625],[74.130417,14.840151],[74.12542,14.837491],[74.125687,14.81181],[74.120972,14.802083],[74.111809,14.796806],[74.11264,14.807641],[74.094017,14.806251],[74.093475,14.801529],[74.102913,14.79236],[74.108475,14.793194],[74.109848,14.784861],[74.118752,14.786252],[74.119041,14.774861],[74.125694,14.774861],[74.128212,14.780419],[74.142921,14.777921],[74.157364,14.760693],[74.15097,14.752081],[74.153198,14.746531],[74.158752,14.745695],[74.167091,14.76625],[74.163475,14.753195],[74.181526,14.748195],[74.192642,14.73625],[74.19236,14.725693],[74.204582,14.718194],[74.208473,14.71736],[74.203201,14.73264],[74.207077,14.73764],[74.210976,14.732918],[74.228203,14.737082],[74.227371,14.745141],[74.232643,14.747921],[74.249138,14.739584],[74.267357,14.71264],[74.256813,14.70653],[74.269302,14.702361],[74.28125,14.67903],[74.275414,14.660416],[74.282639,14.66375],[74.277916,14.657918],[74.284027,14.645422],[74.283752,14.630694],[74.280136,14.626806],[74.270691,14.630694],[74.269859,14.62653],[74.273476,14.627084],[74.280136,14.610141],[74.294586,14.60153],[74.291252,14.594861],[74.313751,14.544584],[74.310143,14.538195],[74.315407,14.52736],[74.30986,14.52125],[74.341248,14.514029],[74.344856,14.52014],[74.355415,14.521806],[74.352638,14.540695],[74.338196,14.55347],[74.335693,14.565419],[74.340698,14.568195],[74.354309,14.542915],[74.360138,14.55014],[74.356529,14.56208],[74.373749,14.57375],[74.377357,14.57264],[74.375969,14.563751],[74.364861,14.553762],[74.372643,14.55347],[74.377907,14.548469],[74.383469,14.551533],[74.387085,14.546806],[74.384033,14.53069],[74.389313,14.533751],[74.393196,14.530421],[74.384308,14.52375],[74.373749,14.537361],[74.379593,14.524582],[74.369026,14.52736],[74.354027,14.50236],[74.359863,14.50125],[74.373192,14.46903],[74.381813,14.442371],[74.382362,14.420416],[74.392639,14.418752],[74.395973,14.410142],[74.413475,14.315695],[74.424576,14.296532],[74.441803,14.22375],[74.449303,14.216532],[74.453476,14.200416],[74.465401,14.19903],[74.47097,14.183195],[74.479027,14.149582],[74.476524,14.140696],[74.48764,14.11042],[74.486526,14.09597],[74.480698,14.093201],[74.487076,14.093201],[74.492638,14.078473],[74.501251,14.027083],[74.506248,14.029861],[74.50428,14.041806],[74.509026,14.039028],[74.50708,14.032918],[74.517639,14.027081],[74.501251,14.023751],[74.51458,13.98625],[74.531517,13.96486],[74.539017,13.96486],[74.548752,13.948471],[74.55764,13.950971],[74.561531,13.945419],[74.570137,13.946529],[74.587364,13.917361],[74.601807,13.87264],[74.617638,13.859583],[74.613472,13.859031],[74.615417,13.85208],[74.632919,13.849028],[74.614304,13.851528],[74.606796,13.866529],[74.626251,13.79625],[74.644859,13.684028],[74.670135,13.635972],[74.694313,13.454031],[74.698753,13.360971],[74.695137,13.347921],[74.71125,13.341811],[74.723198,13.291804],[74.735687,13.289591],[74.729309,13.285694],[74.72847,13.277083],[74.721802,13.28403],[74.719582,13.305139],[74.712914,13.330971],[74.703751,13.341811],[74.690407,13.34847],[74.706802,13.337084],[74.717636,13.309862],[74.72097,13.283191],[74.774307,13.082639],[74.780136,13.089581],[74.777916,13.098194],[74.787361,13.09875],[74.780136,13.098194],[74.782364,13.088195],[74.778473,13.078195],[74.784576,13.059312],[74.774582,13.077638],[74.802917,12.93125],[74.820686,12.929862],[74.813751,12.91847],[74.809029,12.924583],[74.806808,12.919307],[74.820969,12.85292],[74.828751,12.846532],[74.844864,12.798196],[74.867363,12.75458],[74.875893,12.755291],[74.879913,12.74927],[74.891762,12.75453],[74.901413,12.75953],[74.909111,12.763031],[74.954201,12.779281],[74.965363,12.774801],[74.969002,12.772929],[74.987297,12.777921],[74.989456,12.790811],[75.000298,12.783482],[75.004128,12.773552],[75.008606,12.760431],[75.000259,12.751551],[74.989861,12.737281],[74.984779,12.729881],[74.99015,12.7311],[75.012169,12.722841],[75.004028,12.711721],[75.019058,12.71475],[75.03138,12.716952],[75.046242,12.71635],[75.055748,12.703411],[75.05455,12.68358],[75.044678,12.687441],[75.047806,12.660089],[75.06089,12.661482],[75.075203,12.665432],[75.084908,12.67048],[75.084976,12.689682],[75.091637,12.694712],[75.108658,12.684941],[75.1269,12.673311],[75.139198,12.67275],[75.150696,12.668859],[75.161293,12.664071],[75.151237,12.64344],[75.142967,12.63331],[75.159172,12.61705],[75.177483,12.62221],[75.194382,12.625431],[75.199463,12.613121],[75.207298,12.59995],[75.207497,12.588502],[75.207527,12.582991],[75.216911,12.571071],[75.236298,12.56184],[75.240036,12.57397],[75.25618,12.585721],[75.267853,12.60568],[75.281036,12.608029],[75.293907,12.595542],[75.305618,12.59492],[75.327858,12.585181],[75.319366,12.573742],[75.303146,12.5735],[75.286766,12.56499],[75.272583,12.558862],[75.279617,12.52338],[75.291771,12.520691],[75.304657,12.51729],[75.30735,12.497412],[75.320641,12.491251],[75.335579,12.485049],[75.338333,12.473342],[75.340866,12.45605],[75.36274,12.464891],[75.370552,12.48099],[75.377213,12.486431],[75.383072,12.49266],[75.394928,12.49756],[75.404236,12.489601],[75.420181,12.479662],[75.422508,12.460061],[75.409081,12.44985],[75.385826,12.450701],[75.369438,12.445632],[75.36972,12.401799],[75.378586,12.386671],[75.390717,12.383441],[75.401138,12.375701],[75.418869,12.36952],[75.419357,12.35255],[75.410057,12.341341],[75.42308,12.308141],[75.421646,12.290961],[75.427376,12.290671],[75.441406,12.29001],[75.482727,12.286181],[75.494003,12.265131],[75.503868,12.259702],[75.513077,12.249321],[75.519943,12.233171],[75.524826,12.225032],[75.538048,12.206781],[75.533737,12.196092],[75.543861,12.191971],[75.552406,12.176142],[75.563843,12.166832],[75.58271,12.150431],[75.593178,12.14296],[75.602081,12.146751],[75.617088,12.148932],[75.635086,12.142391],[75.640686,12.133151],[75.644333,12.123711],[75.648079,12.10558],[75.658226,12.094301],[75.672737,12.09067],[75.684196,12.102241],[75.700333,12.088031],[75.717148,12.078431],[75.714653,12.065342],[75.73436,12.067701],[75.747589,12.07344],[75.762962,12.078582],[75.789581,12.074611],[75.801697,12.067979],[75.797859,12.041641],[75.799957,12.030291],[75.811913,12.01611],[75.827522,12.00285],[75.824387,11.98428],[75.839691,11.972811],[75.851089,11.957042],[75.883301,11.938912],[75.903793,11.93477],[75.925186,11.932872],[75.948387,11.933911],[75.967918,11.926971],[75.979858,11.924669],[75.998192,11.923621],[76.018433,11.935021],[76.038513,11.939],[76.06675,11.958271],[76.09127,11.961589],[76.107437,11.87634],[76.108063,11.851181],[76.125648,11.84477],[76.16259,11.860031],[76.196083,11.855541],[76.205109,11.838659],[76.21199,11.81427],[76.232109,11.79647],[76.26545,11.800411],[76.283653,11.784869],[76.303116,11.76957],[76.324348,11.738731],[76.346252,11.730501],[76.372337,11.736201],[76.404419,11.74985],[76.406616,11.74064],[76.417267,11.725931],[76.417938,11.71358],[76.406288,11.7036],[76.402939,11.699482],[76.41021,11.66457],[76.431297,11.65657],[76.473679,11.67814],[76.485321,11.682349],[76.513077,11.694192],[76.540421,11.670509],[76.545219,11.648251],[76.553223,11.619532],[76.574829,11.60572],[76.607872,11.600442],[76.664436,11.6051],[76.707497,11.605939],[76.741043,11.605809],[76.773773,11.60343],[76.808327,11.596182],[76.829933,11.589821],[76.83728,11.57448],[76.850906,11.60183],[76.829216,11.634971],[76.830032,11.64904],[76.853561,11.698782],[76.880867,11.724591],[76.888512,11.750432],[76.891502,11.770112],[76.906792,11.781232],[76.932396,11.777371],[76.944443,11.781341],[76.959602,11.7652],[76.974838,11.791021],[76.982117,11.79954],[77.008842,11.796962],[77.022758,11.794982],[77.031677,11.783951],[77.027573,11.7617],[77.052536,11.779231],[77.05439,11.764961],[77.071632,11.72501],[77.103676,11.715549],[77.1054,11.731581],[77.10611,11.756221],[77.11097,11.763149],[77.12738,11.760932],[77.137238,11.771972],[77.165916,11.77423],[77.189667,11.78282],[77.227051,11.78375],[77.241737,11.80246],[77.278297,11.78974],[77.290451,11.794161],[77.326118,11.75894],[77.355156,11.778372],[77.381897,11.776161],[77.412468,11.762281],[77.41925,11.750671],[77.436226,11.78177],[77.446503,11.811492],[77.456299,11.839122],[77.453857,11.881942],[77.463333,11.887271],[77.473671,11.877801],[77.475967,11.88955],[77.482193,11.912141],[77.484398,11.9324],[77.510956,11.925342],[77.595963,11.92928],[77.630219,11.93797],[77.643417,11.944172],[77.660446,11.938141],[77.667053,11.958932],[77.681152,11.991231],[77.701553,12.027141],[77.715622,12.048502],[77.746101,12.069321],[77.768448,12.105592],[77.747292,12.12232],[77.740463,12.142582],[77.72908,12.15996],[77.710777,12.173341],[77.668137,12.18372],[77.633011,12.186421],[77.621368,12.191702],[77.604118,12.195162],[77.584213,12.188842],[77.555832,12.187112],[77.533417,12.193831],[77.524452,12.18824],[77.492462,12.187192],[77.474937,12.195829],[77.468361,12.210199],[77.466766,12.23398],[77.466667,12.248471],[77.475212,12.26597],[77.490631,12.27306],[77.502083,12.2663],[77.539543,12.282391],[77.556099,12.29716],[77.57531,12.326251],[77.600243,12.351221],[77.607536,12.36766],[77.613297,12.3978],[77.620651,12.41376],[77.625206,12.477262],[77.596649,12.46461],[77.601776,12.491661],[77.605202,12.50333],[77.579826,12.511481],[77.572357,12.540421],[77.574226,12.567231],[77.585396,12.611931],[77.594841,12.62711],[77.589371,12.636642],[77.59034,12.657541],[77.632942,12.670131],[77.670303,12.671239],[77.667381,12.65283],[77.67836,12.64902],[77.70179,12.65825],[77.714127,12.665391],[77.723213,12.663212],[77.730896,12.677971],[77.740013,12.688551],[77.755981,12.69705],[77.763039,12.71446],[77.753067,12.725099],[77.778076,12.733671],[77.778297,12.74787],[77.771629,12.759831],[77.787933,12.781321],[77.799492,12.786859],[77.794411,12.80581],[77.798683,12.811761],[77.788033,12.823642],[77.788597,12.83535],[77.813629,12.844011],[77.822243,12.85462],[77.882263,12.858399],[77.914368,12.873542],[77.929008,12.87477],[77.919678,12.8635],[77.931053,12.856211],[77.918442,12.847361],[77.911827,12.832431],[77.918251,12.819212],[77.932976,12.812921],[77.932556,12.839631],[77.945557,12.849331],[77.951347,12.837862],[77.955017,12.82516],[77.973602,12.81817],[77.9814,12.795641],[78.00148,12.79544],[77.993301,12.813671],[78.007126,12.820041],[78.009079,12.8337],[78.014359,12.84299],[78.022156,12.841221],[78.04673,12.84237],[78.064568,12.83017],[78.073677,12.821311],[78.086479,12.80334],[78.102051,12.793398],[78.117836,12.779892],[78.131638,12.76967],[78.147713,12.7633],[78.166153,12.765],[78.18396,12.762609],[78.198921,12.755091],[78.22065,12.75259],[78.235428,12.78758],[78.241096,12.847421],[78.253822,12.84959],[78.270569,12.85055],[78.306221,12.856471],[78.321587,12.86285],[78.322716,12.87619],[78.310936,12.873831],[78.312408,12.883301],[78.322166,12.889601],[78.33773,12.913121],[78.340416,12.921989],[78.360977,12.911619],[78.383377,12.89541],[78.399536,12.896201],[78.417343,12.889031],[78.426407,12.902061],[78.438301,12.886241],[78.452667,12.865492],[78.456947,12.866059],[78.449051,12.896659],[78.434471,12.908271],[78.420357,12.928959],[78.419777,12.946682],[78.423843,12.954401],[78.422653,12.9686],[78.457901,12.963242],[78.461426,12.97912],[78.452637,13.008581],[78.450607,13.02824],[78.461052,13.03201],[78.471077,13.043859],[78.487503,13.049391],[78.504799,13.05938],[78.501923,13.081661],[78.514809,13.09111],[78.516197,13.10082],[78.508751,13.11959],[78.535446,13.13074],[78.533699,13.14611],[78.55806,13.152342],[78.569077,13.156483],[78.563339,13.177401],[78.553497,13.179871],[78.540947,13.187251],[78.560127,13.1982],[78.564331,13.208051],[78.55941,13.230382],[78.568542,13.24353],[78.576111,13.26713],[78.561562,13.288039],[78.554138,13.298302],[78.547173,13.272671],[78.533272,13.276001],[78.523773,13.260621],[78.515503,13.25715],[78.503929,13.27245],[78.483528,13.28808],[78.471748,13.30792],[78.454178,13.30415],[78.441307,13.299501],[78.430313,13.307829],[78.424469,13.319101],[78.407066,13.310092],[78.382912,13.314071],[78.366997,13.32004],[78.377541,13.33132],[78.384567,13.323541],[78.395233,13.32257],[78.384911,13.338201],[78.368187,13.348311],[78.358398,13.346841],[78.359818,13.364322],[78.371277,13.391001],[78.367317,13.415001],[78.364632,13.436851],[78.362556,13.452071],[78.367447,13.481971],[78.369583,13.49993],[78.385468,13.53167],[78.393898,13.570652],[78.367096,13.5803],[78.32283,13.582991],[78.280586,13.577672],[78.24968,13.574301],[78.22261,13.57709],[78.208496,13.581881],[78.189003,13.55638],[78.180122,13.564172],[78.188568,13.588402],[78.193939,13.616159],[78.160538,13.62343],[78.146172,13.64966],[78.115891,13.645631],[78.090607,13.633],[78.079659,13.644542],[78.065857,13.664491],[78.064087,13.67456],[78.064056,13.68818],[78.105377,13.684401],[78.109383,13.710231],[78.097389,13.723151],[78.089272,13.74305],[78.106499,13.756791],[78.115173,13.78768],[78.117256,13.821772],[78.097366,13.852761],[78.070923,13.87196],[78.05471,13.879352],[78.042702,13.87338],[78.037827,13.85285],[78.004776,13.861711],[77.982269,13.856802],[77.965782,13.82016],[77.948051,13.829361],[77.942467,13.880231],[77.978027,13.89335],[77.973366,13.919882],[77.978577,13.947651],[77.955322,13.9419],[77.949051,13.92674],[77.935646,13.91791],[77.911606,13.897241],[77.895706,13.90772],[77.887863,13.927722],[77.854073,13.927079],[77.821587,13.930541],[77.808487,13.922589],[77.807373,13.90323],[77.820992,13.889232],[77.819206,13.866021],[77.807846,13.846671],[77.786377,13.83992],[77.777428,13.82406],[77.778488,13.812892],[77.748177,13.80621],[77.728416,13.80174],[77.715126,13.783272],[77.713142,13.75074],[77.708748,13.732739],[77.695526,13.761432],[77.668503,13.752281],[77.671768,13.770131],[77.656593,13.776661],[77.610466,13.75544],[77.636749,13.735242],[77.621246,13.727402],[77.595596,13.743579],[77.573631,13.72665],[77.548141,13.720409],[77.539513,13.74372],[77.515121,13.73704],[77.527542,13.71903],[77.521523,13.68787],[77.50692,13.692661],[77.487343,13.706792],[77.483521,13.691701],[77.476486,13.6776],[77.446007,13.70064],[77.458069,13.723039],[77.462616,13.743579],[77.453957,13.778042],[77.452736,13.79132],[77.44677,13.80203],[77.428658,13.78799],[77.41954,13.795801],[77.411583,13.798891],[77.413681,13.807381],[77.424721,13.82669],[77.418739,13.83353],[77.389839,13.83293],[77.373131,13.838191],[77.352203,13.844381],[77.334686,13.82942],[77.316162,13.839731],[77.296028,13.853561],[77.282928,13.84098],[77.250443,13.839471],[77.240738,13.865882],[77.241562,13.888851],[77.225479,13.89547],[77.217003,13.869262],[77.208847,13.878431],[77.200958,13.86652],[77.178802,13.85984],[77.179596,13.878331],[77.182213,13.9013],[77.170067,13.916342],[77.157021,13.891301],[77.164917,13.866219],[77.139389,13.85904],[77.125267,13.843011],[77.147896,13.828851],[77.161942,13.815461],[77.156326,13.80376],[77.155998,13.79331],[77.169189,13.77556],[77.16658,13.754669],[77.13752,13.755652],[77.110947,13.754621],[77.085213,13.754551],[77.080589,13.737391],[77.054749,13.7445],[77.026367,13.771441],[77.013847,13.747472],[76.993927,13.74151],[76.992126,13.749509],[76.986343,13.766521],[76.984848,13.788701],[76.980026,13.807192],[76.971558,13.818861],[76.986259,13.83923],[77.005989,13.85009],[77.016617,13.88773],[77.041283,13.8974],[77.013977,13.939482],[76.995056,13.952722],[76.990196,13.97028],[76.985016,13.98752],[76.975182,13.99659],[76.94474,14.01068],[76.931099,14.022732],[76.943283,14.047219],[76.974213,14.05771],[76.971848,14.075711],[76.951431,14.085372],[76.948227,14.096581],[76.937393,14.115151],[76.91713,14.12448],[76.890907,14.127841],[76.889191,14.150879],[76.939247,14.16771],[76.941643,14.189312],[76.953781,14.18103],[76.972763,14.17429],[76.994392,14.17375],[77.019829,14.172702],[77.016006,14.152691],[77.019203,14.125291],[77.017036,14.111951],[77.010437,14.09205],[77.024536,14.077169],[77.028481,14.05198],[77.051201,14.049592],[77.076492,14.03805],[77.103966,14.040571],[77.124687,14.034741],[77.132881,14.00421],[77.144371,13.99352],[77.154442,13.99061],[77.162781,13.99776],[77.194557,14.00286],[77.227272,14.007952],[77.264519,14.026529],[77.272606,14.00802],[77.292282,14.0145],[77.313492,14.02482],[77.320221,14.009251],[77.329666,13.993352],[77.333473,13.988051],[77.353386,13.97629],[77.343742,13.950892],[77.352638,13.928451],[77.345901,13.903331],[77.390419,13.89769],[77.397057,13.880541],[77.425629,13.902052],[77.410156,13.914601],[77.422577,13.939001],[77.430901,13.961991],[77.420502,13.976871],[77.375656,13.969111],[77.379883,13.993281],[77.362328,14.01599],[77.326187,14.02294],[77.337967,14.053831],[77.361366,14.065951],[77.385681,14.093461],[77.394447,14.114641],[77.373253,14.11258],[77.348511,14.099261],[77.346512,14.11785],[77.365013,14.12711],[77.382622,14.14772],[77.397453,14.1665],[77.423477,14.16508],[77.488541,14.15308],[77.50679,14.164241],[77.504143,14.18066],[77.493088,14.21397],[77.496277,14.24041],[77.496262,14.271751],[77.479347,14.284771],[77.454697,14.27219],[77.442337,14.309751],[77.420723,14.321992],[77.385658,14.32487],[77.375008,14.295189],[77.384338,14.265611],[77.404793,14.248601],[77.414703,14.21706],[77.39122,14.190882],[77.381622,14.21018],[77.355408,14.23004],[77.359261,14.26933],[77.320587,14.273451],[77.2855,14.27475],[77.282677,14.30228],[77.267326,14.32701],[77.245087,14.31453],[77.209793,14.31301],[77.176743,14.32629],[77.15976,14.336239],[77.140541,14.336111],[77.132629,14.32405],[77.11731,14.29141],[77.106926,14.261761],[77.112999,14.23992],[77.10508,14.213282],[77.07534,14.20935],[77.055321,14.232301],[77.033043,14.24049],[77.00412,14.231569],[76.98938,14.236401],[76.969719,14.235211],[76.943466,14.23631],[76.933632,14.253501],[76.935486,14.276642],[76.950111,14.294029],[76.936562,14.30841],[76.906158,14.315341],[76.879097,14.34639],[76.88678,14.392451],[76.901161,14.39832],[76.936783,14.40131],[76.944679,14.40892],[76.943787,14.445102],[76.974197,14.470361],[76.955803,14.479589],[76.894272,14.480752],[76.870201,14.46844],[76.854218,14.49888],[76.828423,14.522241],[76.810898,14.5238],[76.794693,14.54073],[76.778152,14.579331],[76.772751,14.587201],[76.762978,14.611921],[76.781082,14.690471],[76.795029,14.741132],[76.781288,14.77433],[76.816711,14.782491],[76.826416,14.786981],[76.834969,14.800132],[76.84874,14.804031],[76.844452,14.815591],[76.840088,14.830041],[76.854118,14.861372],[76.849052,14.879931],[76.846138,14.890331],[76.863899,14.911741],[76.86367,14.955211],[76.835876,14.959081],[76.823647,14.953611],[76.796883,14.962921],[76.761856,14.975281],[76.759239,14.98507],[76.76622,14.990811],[76.779747,15.00589],[76.780792,15.03424],[76.770821,15.058289],[76.774223,15.071381],[76.783913,15.07567],[76.787567,15.08044],[76.821266,15.074852],[76.843208,15.066159],[76.869751,15.04402],[76.89621,15.031881],[76.983513,15.020422],[77.000679,15.02959],[77.037453,15.027571],[77.046387,15.016018],[77.06147,15.00155],[77.080498,15.007911],[77.090782,15.027722],[77.11161,15.03813],[77.120911,15.055071],[77.139389,15.099881],[77.152763,15.131621],[77.136971,15.149252],[77.157707,15.148951],[77.1632,15.161331],[77.158157,15.19382],[77.147079,15.20881],[77.123459,15.23332],[77.146683,15.250291],[77.164146,15.25907],[77.145172,15.266051],[77.148727,15.27785],[77.123749,15.28757],[77.110237,15.32073],[77.069092,15.319471],[77.062897,15.33791],[77.038033,15.358782],[77.041008,15.39151],[77.026863,15.407752],[77.027397,15.435181],[77.006096,15.448231],[76.996002,15.46746],[76.97039,15.490922],[76.981651,15.50477],[77.005432,15.502771],[77.028862,15.525122],[77.028893,15.59826],[77.029282,15.633839],[77.068871,15.640909],[77.095932,15.64415],[77.116203,15.62511],[77.119057,15.662089],[77.075928,15.690879],[77.084366,15.70896],[77.062996,15.723672],[77.043228,15.734482],[77.053169,15.75888],[77.053726,15.76365],[77.062477,15.778391],[77.063889,15.82317],[77.041542,15.821661],[77.028152,15.82559],[77.02903,15.844901],[77.052452,15.876283],[77.076797,15.90974],[77.120659,15.928821],[77.143433,15.9406],[77.180626,15.950063],[77.244057,15.956761],[77.263176,15.951389],[77.300217,15.9505],[77.353607,15.943702],[77.376221,15.93325],[77.400032,15.93546],[77.421936,15.941299],[77.452507,15.93152],[77.497322,15.9263],[77.5159,15.957461],[77.505516,15.972669],[77.510109,16.002251],[77.498573,16.013891],[77.490723,16.03063],[77.496216,16.054779],[77.493019,16.07963],[77.503471,16.101521],[77.495438,16.114651],[77.488586,16.126461],[77.483627,16.15855],[77.494942,16.195351],[77.502327,16.2157],[77.510757,16.223339],[77.488762,16.22435],[77.49897,16.25786],[77.513092,16.27072],[77.525818,16.267021],[77.543213,16.28706],[77.56926,16.294771],[77.590302,16.286852],[77.590996,16.304611],[77.584389,16.328041],[77.571846,16.335951],[77.544327,16.349758],[77.51886,16.37011],[77.481377,16.377769],[77.43811,16.37443],[77.422203,16.362843],[77.388138,16.371799],[77.342949,16.379721],[77.294579,16.399603],[77.274757,16.41774],[77.258209,16.447309],[77.238861,16.47291],[77.285362,16.471512],[77.296883,16.485889],[77.313622,16.487551],[77.343658,16.482059],[77.351631,16.48332],[77.367172,16.486931],[77.372902,16.50602],[77.38871,16.51211],[77.41198,16.513811],[77.401573,16.54678],[77.396538,16.55554],[77.390297,16.55975],[77.40213,16.566292],[77.436729,16.581209],[77.460381,16.583469],[77.461342,16.590658],[77.464203,16.59514],[77.45388,16.60742],[77.461327,16.624781],[77.471336,16.643532],[77.454781,16.644871],[77.43837,16.636202],[77.432472,16.643061],[77.421196,16.651991],[77.437157,16.66658],[77.465042,16.678282],[77.468773,16.70871],[77.456276,16.71069],[77.43737,16.707548],[77.42543,16.71176],[77.426727,16.71838],[77.425697,16.72706],[77.435341,16.74955],[77.437538,16.783211],[77.471138,16.779131],[77.465759,16.800831],[77.456627,16.82375],[77.457596,16.87928],[77.455818,16.904659],[77.460106,16.91293],[77.467873,16.924198],[77.465973,16.93457],[77.464073,16.95269],[77.479187,16.968033],[77.481987,16.99719],[77.49939,17.00732],[77.493233,17.03299],[77.483063,17.05344],[77.477837,17.072269],[77.463867,17.086712],[77.452377,17.107611],[77.433769,17.111151],[77.403732,17.123211],[77.37542,17.148701],[77.364906,17.164949],[77.367531,17.183201],[77.381737,17.193729],[77.398811,17.208778],[77.384583,17.212961],[77.384018,17.22331],[77.398827,17.23189],[77.417763,17.23279],[77.422577,17.25325],[77.449677,17.269861],[77.446999,17.28883],[77.440437,17.29781],[77.45137,17.32723],[77.456352,17.34499],[77.449883,17.363062],[77.475342,17.368151],[77.482613,17.35446],[77.509758,17.35927],[77.530182,17.37788],[77.533577,17.398849],[77.526718,17.405991],[77.523376,17.436689],[77.557777,17.43527],[77.573196,17.454201],[77.604477,17.44309],[77.610107,17.46464],[77.626572,17.471201],[77.642593,17.48345],[77.652763,17.50325],[77.664886,17.47629],[77.686966,17.49157],[77.68325,17.504021],[77.666069,17.509951],[77.649879,17.52107],[77.621216,17.522251],[77.603256,17.530691],[77.592453,17.54908],[77.585419,17.56204],[77.556129,17.552151],[77.543953,17.5546],[77.52742,17.573221],[77.501617,17.54088],[77.495636,17.55003],[77.472076,17.569132],[77.46122,17.57703],[77.440506,17.604092],[77.445801,17.612301],[77.450813,17.63236],[77.445648,17.657461],[77.451408,17.68774],[77.457863,17.698961],[77.478676,17.70303],[77.489326,17.7068],[77.505447,17.71452],[77.527557,17.727118],[77.544121,17.733391],[77.562027,17.74711],[77.536972,17.770452],[77.523041,17.779621],[77.507019,17.792959],[77.526077,17.811689],[77.544792,17.817011],[77.559189,17.83864],[77.56604,17.84956],[77.577728,17.871229],[77.596687,17.870451],[77.585213,17.892521],[77.599792,17.903671],[77.61895,17.913481],[77.616798,17.938101],[77.62886,17.948511],[77.629723,17.962971],[77.640617,17.949621],[77.64283,17.957291],[77.653397,17.969353],[77.648888,17.978411],[77.646179,17.9932],[77.632729,17.99514],[77.623901,18.00116],[77.610062,18.010481],[77.592247,18.010168],[77.574486,18.030741],[77.552063,18.04694],[77.547432,18.063631],[77.567337,18.07629],[77.597458,18.08429],[77.593506,18.127861],[77.579361,18.162121],[77.570023,18.189159],[77.574387,18.199921],[77.576767,18.233101],[77.591942,18.26177],[77.597847,18.281219],[77.574638,18.28931],[77.549957,18.291349],[77.519783,18.307369],[77.512642,18.281981],[77.492233,18.265881],[77.469231,18.263161],[77.445221,18.270121],[77.434616,18.29298],[77.425003,18.30467],[77.39257,18.30093],[77.35881,18.31065],[77.373947,18.32951],[77.379303,18.339102],[77.39283,18.340549],[77.398331,18.3475],[77.400673,18.370171],[77.400497,18.3978],[77.36441,18.42985],[77.354073,18.448742],[77.337311,18.43544],[77.33271,18.44846],[77.317413,18.453791],[77.294769,18.43268],[77.249123,18.408253],[77.232872,18.386127],[77.222977,18.337801],[77.20015,18.31917],[77.20446,18.29048],[77.19165,18.27429],[77.167381,18.273451],[77.148796,18.221453],[77.14222,18.216049],[77.120987,18.206701],[77.095543,18.195101],[77.116333,18.167608],[77.092682,18.156979],[77.069107,18.149441],[77.050316,18.16128],[77.032837,18.183781],[77.021713,18.178221],[76.997757,18.166849],[76.99295,18.182051],[76.980553,18.1894],[76.958817,18.18614],[76.943756,18.154739],[76.927658,18.13986],[76.924179,18.12446],[76.932152,18.110983],[76.958572,18.10643],[76.964317,18.088211],[76.947029,18.073761],[76.950607,18.05827],[76.954308,18.04273],[76.938637,18.03723],[76.92025,18.01376],[76.919586,17.98538],[76.913223,17.937208],[76.916443,17.915091],[76.896599,17.90802],[76.889381,17.897181],[76.875267,17.892731],[76.846916,17.8964],[76.820366,17.884453],[76.808228,17.883091],[76.802803,17.86832],[76.773262,17.87866],[76.770142,17.892361],[76.740677,17.89801],[76.737457,17.857059],[76.759727,17.85206],[76.779747,17.83633],[76.784813,17.819639],[76.779793,17.80592],[76.766327,17.79665],[76.747772,17.783609],[76.739433,17.779131],[76.715706,17.781919],[76.717201,17.76985],[76.717972,17.747869],[76.727608,17.737],[76.702103,17.723711],[76.69236,17.705261],[76.69313,17.693762],[76.678146,17.687342],[76.659836,17.69919],[76.650833,17.720831],[76.629799,17.741871],[76.614449,17.768312],[76.604057,17.755831],[76.587029,17.70789],[76.569427,17.703741],[76.569366,17.75638],[76.559776,17.76314],[76.526321,17.759361],[76.524826,17.72291],[76.492256,17.714941],[76.484428,17.684429],[76.452301,17.655548],[76.442757,17.64187],[76.427231,17.63978],[76.420746,17.614241],[76.382072,17.60078],[76.348701,17.5954],[76.332909,17.573832],[76.340027,17.54257],[76.360901,17.536261],[76.366409,17.51671],[76.343727,17.50812],[76.355186,17.494169],[76.372299,17.485781],[76.337769,17.470409],[76.333656,17.432293],[76.373177,17.43442],[76.362,17.37508],[76.410637,17.347691],[76.383896,17.319542],[76.352272,17.310591],[76.33474,17.34985],[76.318367,17.331841],[76.295898,17.328638],[76.272636,17.34795],[76.256279,17.357389],[76.250443,17.366671],[76.230377,17.37026],[76.193207,17.358591],[76.172333,17.34873],[76.178917,17.313919],[76.175758,17.297211],[76.164223,17.31926],[76.137589,17.35257],[76.101997,17.362261],[76.090469,17.350561],[76.086967,17.338448],[76.078743,17.33007],[76.060463,17.353931],[76.021278,17.349312],[76.004173,17.342791],[75.971527,17.33646],[75.931152,17.32411],[75.898087,17.35076],[75.896393,17.369989],[75.894356,17.405903],[75.882431,17.419001],[75.879097,17.40494],[75.864876,17.38644],[75.856003,17.407682],[75.827797,17.423719],[75.820251,17.406561],[75.817688,17.388041],[75.811333,17.36994],[75.782318,17.378813],[75.764122,17.408421],[75.737038,17.4219],[75.722366,17.411779],[75.697212,17.410568],[75.680809,17.436163],[75.670448,17.45932],[75.649559,17.47341],[75.631271,17.46118],[75.615433,17.422029],[75.614952,17.409561],[75.610573,17.39201],[75.588173,17.38302],[75.584053,17.351341],[75.598106,17.345119],[75.613747,17.319441],[75.632317,17.272221],[75.660919,17.24],[75.662117,17.20833],[75.642647,17.18816],[75.628517,17.18075],[75.642731,17.147638],[75.652733,17.13273],[75.675507,17.10113],[75.680138,17.078268],[75.670967,17.061571],[75.647873,17.046572],[75.653999,17.03064],[75.673103,17.026171],[75.668831,16.97776],[75.674591,16.969351],[75.671379,16.958538],[75.649628,16.952],[75.636337,16.965811],[75.610657,16.96962],[75.599442,17.00522],[75.569298,16.998859],[75.542816,16.96314],[75.524063,16.95874],[75.509293,16.948591],[75.493011,16.945181],[75.489693,16.965389],[75.467911,16.985331],[75.43885,16.970881],[75.39476,16.976393],[75.359573,16.956888],[75.306129,16.95467],[75.284622,16.95355],[75.291779,16.901138],[75.282776,16.874241],[75.248672,16.864529],[75.235657,16.854191],[75.215858,16.84034],[75.189003,16.861898],[75.180847,16.867512],[75.150528,16.86941],[75.137108,16.8846],[75.123573,16.900438],[75.106926,16.909521],[75.094147,16.947229],[75.065407,16.93926],[75.048149,16.938711],[75.031906,16.925671],[75.011406,16.942581],[74.994492,16.93504],[74.975288,16.934601],[74.959999,16.932932],[74.952431,16.93622],[74.92852,16.935202],[74.938202,16.91647],[74.952843,16.906481],[74.95607,16.877291],[74.939667,16.87652],[74.931503,16.869541],[74.913307,16.84145],[74.915863,16.785681],[74.892639,16.76869],[74.850342,16.760321],[74.791107,16.74815],[74.775047,16.74078],[74.756142,16.72963],[74.736618,16.715839],[74.698196,16.7152],[74.69561,16.685831],[74.687279,16.67901],[74.671738,16.66353],[74.663048,16.63217],[74.68531,16.619881],[74.694626,16.610821],[74.678551,16.60656],[74.663872,16.60108],[74.642807,16.606771],[74.639381,16.594353],[74.630661,16.57765],[74.62439,16.577551],[74.604843,16.562141],[74.591797,16.56072],[74.591957,16.55555],[74.574051,16.55197],[74.562202,16.558031],[74.5597,16.571371],[74.565559,16.59038],[74.550247,16.60902],[74.53009,16.63061],[74.498009,16.62664],[74.489838,16.63607],[74.477386,16.66078],[74.465187,16.646898],[74.46981,16.62348],[74.472458,16.604811],[74.43354,16.59436],[74.413719,16.580238],[74.401207,16.57094],[74.401131,16.560888],[74.392899,16.531071],[74.371101,16.537651],[74.364647,16.54368],[74.365616,16.55707],[74.332153,16.553699],[74.322227,16.5445],[74.322678,16.519001],[74.314117,16.502098],[74.308456,16.521872],[74.297623,16.531931],[74.289619,16.52257],[74.286728,16.529409],[74.276367,16.544533],[74.275513,16.52516],[74.284401,16.516479],[74.278641,16.50102],[74.253159,16.494881],[74.264526,16.485451],[74.278427,16.479639],[74.280518,16.489361],[74.299896,16.50263],[74.294838,16.474352],[74.301399,16.459061],[74.307091,16.459591],[74.330528,16.452791],[74.339989,16.44813],[74.342461,16.442329],[74.340523,16.43298],[74.338181,16.41337],[74.349281,16.399401],[74.364571,16.403238],[74.368683,16.391171],[74.351898,16.366301],[74.347717,16.386011],[74.340332,16.390963],[74.334747,16.382858],[74.327766,16.37034],[74.33152,16.35557],[74.334396,16.340523],[74.324806,16.33667],[74.324013,16.327421],[74.333359,16.323742],[74.335693,16.315001],[74.332108,16.31076],[74.340126,16.303989],[74.348717,16.29147],[74.331787,16.28618],[74.32869,16.27943],[74.337051,16.26572],[74.352127,16.274483],[74.360336,16.28191],[74.354591,16.289761],[74.362572,16.28714],[74.380066,16.293501],[74.391266,16.2756],[74.421227,16.28059],[74.422531,16.25745],[74.441841,16.25415],[74.461456,16.243778],[74.476067,16.239031],[74.494827,16.23802],[74.508331,16.22294],[74.502113,16.21414],[74.513229,16.199221],[74.512886,16.1894],[74.50177,16.185431],[74.494667,16.155041],[74.487106,16.143091],[74.496407,16.10158],[74.492798,16.092838],[74.481857,16.086969],[74.464546,16.102112],[74.444527,16.105181],[74.42276,16.10257],[74.415207,16.09182],[74.397316,16.08713],[74.390457,16.079929],[74.379593,16.07682],[74.375107,16.06337],[74.37075,16.05102],[74.378883,16.0434],[74.390053,16.03513],[74.409607,16.047098],[74.422913,16.05319],[74.440483,16.05702],[74.463837,16.047731],[74.467659,16.033649],[74.456436,16.008909],[74.450172,15.992601],[74.449959,15.983231],[74.435226,15.95117],[74.391869,15.901159],[74.399307,15.895771],[74.399193,15.87435],[74.406509,15.8519],[74.392288,15.85745],[74.385567,15.873231],[74.37278,15.88769],[74.370522,15.89039],[74.367432,15.873219],[74.352959,15.859241],[74.346397,15.84935],[74.389313,15.84414],[74.37455,15.8275],[74.366371,15.815491],[74.37455,15.804522],[74.370842,15.782182],[74.350937,15.76336],[74.334541,15.767679],[74.324951,15.7613],[74.314651,15.752149],[74.284943,15.743311],[74.266068,15.747021],[74.243866,15.7444],[74.235168,15.759611],[74.235497,15.786831],[74.217407,15.778761],[74.211327,15.75859],[74.17115,15.74995],[74.160133,15.734349],[74.147377,15.730071],[74.13475,15.716032],[74.141533,15.700361],[74.138878,15.68623],[74.117523,15.67078],[74.096527,15.67085],[74.112053,15.655031],[74.128967,15.65024],[74.173431,15.652052],[74.183029,15.67735],[74.198112,15.673651],[74.21154,15.660979],[74.213249,15.64903],[74.236839,15.661891],[74.255257,15.65421],[74.254517,15.629612],[74.268547,15.609589],[74.254311,15.56583],[74.26989,15.561151],[74.282928,15.541571],[74.282799,15.520541],[74.256332,15.48952],[74.282516,15.443121],[74.286247,15.382601],[74.312828,15.374882],[74.323647,15.362032],[74.340446,15.296801],[74.318413,15.28192],[74.282959,15.2813],[74.259262,15.24999],[74.270752,15.238501],[74.302132,15.228142],[74.316971,15.19107],[74.310867,15.162031],[74.292587,15.147679],[74.290619,15.116631],[74.281067,15.10183],[74.294991,15.054292],[74.289787,15.021611],[74.266441,14.992951],[74.273911,14.975222],[74.256599,14.958422],[74.243866,14.95749],[74.219269,14.93138],[74.204056,14.9321],[74.180367,14.95305],[74.169662,14.942181],[74.175392,14.908919],[74.139397,14.920461],[74.132042,14.91265],[74.103317,14.90148]]]]},"properties":{"name":"Karnataka","type":"State"}},
{"type":"Feature","geometry":{"type":"MultiPolygon","coordinates":[[[[76.467361,9.540971],[76.465973,9.529861],[76.479027,9.529861],[76.479309,9.536527],[76.467361,9.540971]]],[[[76.404297,9.54153],[76.382919,9.53431],[76.383186,9.527641],[76.402077,9.527641],[76.404297,9.54153]]],[[[76.434586,9.551528],[76.405418,9.542084],[76.40625,9.529861],[76.427917,9.528195],[76.434029,9.532361],[76.434586,9.551528]]],[[[76.436806,9.551528],[76.435417,9.528473],[76.464302,9.530421],[76.464027,9.54153],[76.436806,9.551528]]],[[[76.414307,9.563195],[76.382637,9.543472],[76.384033,9.535141],[76.425697,9.54986],[76.414307,9.563195]]],[[[76.385414,9.620693],[76.381813,9.617931],[76.384583,9.613473],[76.385414,9.620693]]],[[[76.324028,9.825695],[76.325417,9.80735],[76.328751,9.81736],[76.324028,9.825695]]],[[[76.349586,9.874582],[76.352638,9.853751],[76.34903,9.838472],[76.361526,9.830417],[76.371803,9.830973],[76.365974,9.855417],[76.352638,9.864862],[76.349586,9.874582]]],[[[76.308472,9.92153],[76.304581,9.90236],[76.30986,9.888193],[76.31736,9.886532],[76.317093,9.90208],[76.308472,9.92153]]],[[[76.260696,9.970696],[76.257637,9.96903],[76.265419,9.959861],[76.267082,9.939861],[76.293198,9.925416],[76.274857,9.965422],[76.260696,9.970696]]],[[[76.241806,10.014311],[76.24958,9.975981],[76.260139,9.981531],[76.258751,9.990141],[76.253197,10.005972],[76.241806,10.014311]]],[[[76.265976,10.030694],[76.257919,10.023749],[76.262642,10.018751],[76.265976,10.030694]]],[[[76.239861,10.10237],[76.240677,10.092921],[76.243469,10.097361],[76.247643,10.090694],[76.245972,10.097361],[76.239861,10.10237]]],[[[75.838196,11.134311],[75.830139,11.129862],[75.831528,11.126527],[75.838196,11.134311]]],[[[75.29792,12.017362],[75.288483,12.014312],[75.294029,12.012642],[75.29792,12.017362]]],[[[75.157639,12.109311],[75.181252,12.050421],[75.165138,12.100694],[75.157639,12.109311]]],[[[75.163467,12.115419],[75.160698,12.11097],[75.168747,12.095969],[75.170692,12.110141],[75.163467,12.115419]]],[[[75.15403,12.142641],[75.149864,12.139027],[75.158195,12.120974],[75.161797,12.13486],[75.15403,12.142641]]],[[[75.135414,12.185972],[75.150139,12.146805],[75.151802,12.159582],[75.135414,12.185972]]],[[[75.126526,12.205142],[75.123749,12.191811],[75.157372,12.110161],[75.126526,12.205142]]],[[[74.996002,12.787981],[74.992287,12.79046],[74.992577,12.783621],[74.970673,12.77256],[74.967262,12.776852],[74.960258,12.77904],[74.929352,12.771332],[74.905098,12.759931],[74.894531,12.7561],[74.885597,12.748771],[74.877663,12.752349],[74.867081,12.754029],[74.867363,12.750416],[74.884308,12.709305],[74.892639,12.708473],[74.892639,12.70347],[74.887482,12.705695],[74.927643,12.612351],[74.931526,12.613194],[74.939026,12.596251],[74.940399,12.589311],[74.932358,12.604032],[74.954308,12.549301],[74.955139,12.55403],[74.957642,12.55181],[74.973473,12.498749],[74.997643,12.450689],[75.00486,12.445142],[75.01458,12.417642],[75.030968,12.391252],[75.040413,12.38792],[75.06208,12.34125],[75.056526,12.362639],[75.11792,12.205691],[75.121803,12.204032],[75.122093,12.213753],[75.129585,12.210972],[75.136261,12.186811],[75.141808,12.183472],[75.153198,12.159582],[75.154861,12.14681],[75.163177,12.136531],[75.16153,12.119032],[75.171249,12.115141],[75.173187,12.10068],[75.178177,12.10014],[75.181808,12.09514],[75.189026,12.096532],[75.191528,12.10125],[75.19236,12.117641],[75.18708,12.128194],[75.192093,12.13125],[75.188751,12.128194],[75.197357,12.117361],[75.192093,12.111811],[75.192917,12.10068],[75.188751,12.094583],[75.185417,12.093471],[75.180138,12.094871],[75.177086,12.09903],[75.174583,12.095971],[75.176804,12.091251],[75.172363,12.086529],[75.179031,12.083195],[75.189026,12.090971],[75.195419,12.071806],[75.206802,12.074306],[75.220139,12.070142],[75.214287,12.06681],[75.207359,12.073472],[75.195137,12.070142],[75.188751,12.089583],[75.178474,12.079582],[75.187347,12.04514],[75.181808,12.048194],[75.200691,12.006805],[75.217087,12.010141],[75.22625,12.022084],[75.227638,12.023194],[75.229309,12.02403],[75.230698,12.024311],[75.224922,12.03195],[75.222458,12.085569],[75.236603,12.11023],[75.247391,12.103691],[75.266022,12.103661],[75.281982,12.10914],[75.310677,12.124732],[75.314293,12.1401],[75.331123,12.145151],[75.346161,12.138612],[75.366692,12.13538],[75.372017,12.14647],[75.388527,12.146292],[75.402519,12.136841],[75.392151,12.126341],[75.379936,12.126391],[75.368538,12.121261],[75.357903,12.112901],[75.339882,12.098251],[75.328178,12.10728],[75.309067,12.102661],[75.309166,12.07844],[75.296173,12.059241],[75.308792,12.053791],[75.311844,12.049042],[75.307358,12.03459],[75.316528,12.04792],[75.321526,12.047362],[75.326805,12.037917],[75.332916,12.04181],[75.334297,12.04764],[75.339302,12.047638],[75.328186,12.036251],[75.32653,12.036527],[75.321533,12.04542],[75.315697,12.045694],[75.31208,12.033195],[75.301804,12.029582],[75.305687,12.01931],[75.299309,12.015689],[75.333191,12.010141],[75.314857,12.010695],[75.316528,12.004307],[75.309029,12.00236],[75.306526,12.006809],[75.29847,12.003751],[75.295143,12.010141],[75.292076,12.004861],[75.285416,12.018194],[75.270973,12.023194],[75.265976,12.005971],[75.278473,11.994579],[75.272919,12.006531],[75.278473,12.00236],[75.306808,11.953181],[75.314308,11.949583],[75.304031,11.970694],[75.309303,11.970072],[75.31736,11.946531],[75.335419,11.943472],[75.358749,11.931532],[75.363747,11.94625],[75.374863,11.956532],[75.372643,11.944033],[75.378754,11.930139],[75.388748,11.929861],[75.38958,11.917921],[75.399582,11.91597],[75.386528,11.91597],[75.384865,11.925695],[75.37764,11.927361],[75.372086,11.939584],[75.356529,11.928751],[75.306526,11.946531],[75.298737,11.94347],[75.318192,11.916811],[75.318466,11.90513],[75.330971,11.897921],[75.352081,11.871251],[75.355415,11.859862],[75.366806,11.851251],[75.374016,11.852361],[75.37458,11.85792],[75.384033,11.85653],[75.42347,11.812641],[75.435417,11.805972],[75.447365,11.781806],[75.454025,11.778472],[75.459305,11.778194],[75.461243,11.78458],[75.458748,11.80736],[75.46347,11.785141],[75.460136,11.77681],[75.454857,11.776252],[75.453751,11.770139],[75.468193,11.764583],[75.480423,11.77903],[75.478752,11.788751],[75.486809,11.791805],[75.475418,11.803472],[75.48764,11.796532],[75.499863,11.798195],[75.500137,11.793195],[75.484863,11.788195],[75.486809,11.77625],[75.475136,11.766531],[75.488197,11.766251],[75.493752,11.758194],[75.507637,11.762361],[75.493469,11.756531],[75.486252,11.764861],[75.472359,11.76376],[75.497086,11.732916],[75.508469,11.731531],[75.542084,11.682083],[75.587357,11.570961],[75.585693,11.58625],[75.594017,11.571811],[75.599861,11.544307],[75.590698,11.568194],[75.589859,11.563472],[75.617928,11.48875],[75.617363,11.477083],[75.626526,11.473193],[75.633751,11.461806],[75.645142,11.467641],[75.654037,11.466251],[75.682915,11.447639],[75.73597,11.35236],[75.734001,11.334031],[75.737923,11.32375],[75.747917,11.317362],[75.802086,11.163194],[75.809029,11.16625],[75.814026,11.17931],[75.828751,11.17931],[75.816536,11.171809],[75.812363,11.159306],[75.818474,11.16125],[75.822083,11.156806],[75.827362,11.161806],[75.828194,11.158472],[75.82235,11.156252],[75.815971,11.15986],[75.810692,11.157362],[75.806526,11.16236],[75.801804,11.158194],[75.815414,11.147083],[75.824303,11.125971],[75.845139,11.143468],[75.85125,11.144031],[75.858749,11.137638],[75.861252,11.129862],[75.853752,11.140421],[75.845703,11.141811],[75.83625,11.127083],[75.825142,11.123195],[75.855972,11.020971],[75.86097,11.01903],[75.864296,11.006529],[75.865417,11.012917],[75.867363,11.009861],[75.867653,11.006529],[75.862915,11.005416],[75.857361,11.01792],[75.909859,10.79347],[76.036247,10.51014],[76.039864,10.51125],[76.030975,10.526527],[76.031807,10.536806],[76.048187,10.535142],[76.036247,10.568194],[76.042068,10.575421],[76.047081,10.567084],[76.041252,10.563471],[76.049583,10.547082],[76.067642,10.544584],[76.063469,10.535693],[76.052361,10.542638],[76.052086,10.531805],[76.03653,10.531812],[76.034027,10.525695],[76.098747,10.380972],[76.160698,10.186821],[76.164581,10.181805],[76.165138,10.187359],[76.191528,10.194311],[76.177094,10.183453],[76.180138,10.172916],[76.193192,10.16403],[76.200974,10.149029],[76.204033,10.151812],[76.20208,10.139028],[76.193192,10.162362],[76.178192,10.17347],[76.175972,10.183193],[76.168472,10.182083],[76.166252,10.174861],[76.223747,9.977916],[76.232361,9.972362],[76.24514,9.972915],[76.236809,10.015971],[76.230415,10.018195],[76.238747,10.022917],[76.233475,10.028472],[76.238197,10.025415],[76.238472,10.030416],[76.231796,10.03486],[76.232086,10.047361],[76.219864,10.05625],[76.219856,10.068751],[76.225975,10.054028],[76.230141,10.059862],[76.221252,10.08375],[76.219307,10.072919],[76.212639,10.084028],[76.215691,10.09043],[76.210693,10.09125],[76.208748,10.099031],[76.211533,10.10403],[76.217361,10.08986],[76.202362,10.132642],[76.207085,10.130695],[76.203194,10.138194],[76.206528,10.147082],[76.212357,10.138481],[76.207359,10.135138],[76.221252,10.125695],[76.224586,10.103749],[76.21875,10.115421],[76.216248,10.111806],[76.227638,10.094307],[76.227913,10.10237],[76.233192,10.095141],[76.230141,10.09208],[76.239304,10.075139],[76.242363,10.077083],[76.230972,10.109584],[76.23542,10.109584],[76.229309,10.11375],[76.225693,10.126805],[76.230972,10.121811],[76.230141,10.11458],[76.236809,10.114033],[76.252083,10.093195],[76.252907,10.08375],[76.259026,10.090694],[76.26458,10.07931],[76.265137,10.072641],[76.257919,10.08486],[76.260971,10.070973],[76.266808,10.071812],[76.267082,10.06708],[76.25708,10.067921],[76.261528,10.057916],[76.25708,10.045971],[76.251808,10.051261],[76.25708,10.054862],[76.250969,10.052081],[76.240974,10.072083],[76.254303,10.03932],[76.255142,10.047639],[76.255692,10.042639],[76.266251,10.03736],[76.264313,10.03347],[76.258186,10.03932],[76.24958,10.029862],[76.268196,9.982921],[76.257362,10.023193],[76.260139,10.034031],[76.267639,10.03153],[76.276527,9.998752],[76.270416,9.988471],[76.303192,9.925972],[76.300415,9.937361],[76.304581,9.936805],[76.304863,9.945142],[76.310692,9.949584],[76.304031,9.934305],[76.321526,9.891806],[76.318748,9.888761],[76.330139,9.882361],[76.335693,9.884581],[76.329308,9.902921],[76.335693,9.895972],[76.335136,9.888761],[76.342636,9.885141],[76.340691,9.903473],[76.335419,9.904582],[76.333191,9.913195],[76.324028,9.91431],[76.340141,9.919584],[76.344025,9.910695],[76.351524,9.912361],[76.356529,9.907361],[76.377083,9.865142],[76.379303,9.853195],[76.371529,9.849031],[76.372086,9.842084],[76.384583,9.84375],[76.37986,9.840418],[76.385406,9.84125],[76.38736,9.835971],[76.382362,9.83403],[76.383469,9.82819],[76.395142,9.818194],[76.381531,9.827083],[76.383186,9.819582],[76.389862,9.820143],[76.390137,9.81625],[76.376808,9.794306],[76.373749,9.798195],[76.368187,9.79014],[76.390137,9.745695],[76.382637,9.703469],[76.41375,9.69681],[76.413193,9.68375],[76.40403,9.666531],[76.419029,9.658472],[76.405418,9.664583],[76.402641,9.647359],[76.417358,9.642641],[76.420418,9.65042],[76.419586,9.641805],[76.420967,9.645142],[76.425423,9.64181],[76.419304,9.640695],[76.417641,9.632638],[76.430138,9.611251],[76.41597,9.569591],[76.417641,9.560422],[76.46347,9.54375],[76.466522,9.558471],[76.466522,9.542359],[76.47847,9.538195],[76.490417,9.540693],[76.501808,9.530139],[76.482643,9.529309],[76.480423,9.511251],[76.479309,9.528195],[76.475693,9.528751],[76.442917,9.527641],[76.442352,9.511251],[76.434029,9.526807],[76.383194,9.525972],[76.383194,9.506527],[76.381813,9.51653],[76.375137,9.522084],[76.357361,9.525138],[76.353195,9.539861],[76.359863,9.575972],[76.367638,9.583195],[76.363747,9.597084],[76.367363,9.611531],[76.381248,9.633472],[76.38208,9.652084],[76.390976,9.65875],[76.393196,9.67514],[76.39875,9.674305],[76.371803,9.68514],[76.360695,9.700417],[76.372086,9.738472],[76.360138,9.802361],[76.370415,9.820694],[76.361526,9.820143],[76.349861,9.827361],[76.340416,9.84042],[76.337364,9.864862],[76.331528,9.872084],[76.320137,9.870694],[76.319023,9.842082],[76.322639,9.827921],[76.328476,9.824304],[76.330406,9.82848],[76.33625,9.80931],[76.330406,9.80154],[76.337364,9.78625],[76.336807,9.768468],[76.341805,9.760972],[76.34153,9.757084],[76.346527,9.750419],[76.347641,9.711806],[76.34153,9.729859],[76.342361,9.750417],[76.338753,9.751805],[76.340416,9.75403],[76.340416,9.76292],[76.335976,9.765694],[76.334862,9.779027],[76.327362,9.788192],[76.32209,9.807642],[76.316803,9.84486],[76.319305,9.87486],[76.295692,9.889862],[76.297081,9.857639],[76.302635,9.846806],[76.299576,9.84375],[76.298752,9.84986],[76.29097,9.849585],[76.293747,9.83792],[76.284584,9.832639],[76.283752,9.84986],[76.297081,9.852917],[76.287361,9.89903],[76.282082,9.89875],[76.279587,9.888193],[76.27597,9.89403],[76.280983,9.871811],[76.27375,9.87375],[76.274857,9.86792],[76.270691,9.866252],[76.25708,9.909861],[76.258186,9.9157],[76.266533,9.89653],[76.269859,9.901253],[76.265976,9.912361],[76.274582,9.89986],[76.28653,9.90208],[76.28598,9.908751],[76.292084,9.908473],[76.290413,9.89875],[76.295692,9.892916],[76.294853,9.91931],[76.267082,9.932641],[76.259865,9.961529],[76.25264,9.969861],[76.237076,9.964861],[76.260139,9.882361],[76.28653,9.749861],[76.284309,9.737638],[76.302086,9.573192],[76.338196,9.415416],[76.46125,9.139862],[76.467918,9.14292],[76.460983,9.159032],[76.454865,9.158471],[76.457916,9.164584],[76.45153,9.178473],[76.439583,9.19014],[76.422081,9.244862],[76.431252,9.230694],[76.440407,9.230421],[76.443474,9.197362],[76.457916,9.167081],[76.467361,9.158195],[76.470413,9.142916],[76.477638,9.148472],[76.476807,9.167362],[76.490417,9.17014],[76.479858,9.164306],[76.483467,9.126531],[76.477081,9.133473],[76.472641,9.122916],[76.466797,9.130971],[76.469307,9.136532],[76.463753,9.134029],[76.522636,9.006528],[76.535423,8.932921],[76.546516,8.90208],[76.569031,8.877351],[76.582642,8.870142],[76.568192,8.87986],[76.57708,8.881811],[76.59375,8.873472],[76.631805,8.836251],[76.67514,8.779309],[76.700142,8.737084],[76.959862,8.421811],[76.975693,8.384862],[76.989586,8.373195],[76.988472,8.377083],[76.995415,8.376251],[77.009308,8.356805],[77.027641,8.349031],[77.090698,8.29747],[77.104652,8.3016],[77.111526,8.31649],[77.137032,8.320091],[77.152107,8.319462],[77.159668,8.317381],[77.150932,8.33547],[77.152039,8.354731],[77.135773,8.34567],[77.141212,8.368992],[77.140747,8.38281],[77.153687,8.377441],[77.172226,8.4017],[77.182671,8.427481],[77.209518,8.437719],[77.205132,8.45551],[77.190918,8.488191],[77.198578,8.50394],[77.222557,8.488321],[77.241257,8.49813],[77.258171,8.52813],[77.259697,8.549062],[77.237617,8.588429],[77.212379,8.628779],[77.198479,8.6411],[77.187103,8.662292],[77.187721,8.683761],[77.172348,8.70325],[77.162941,8.720891],[77.157242,8.74076],[77.176521,8.735021],[77.183441,8.753361],[77.191437,8.758391],[77.199333,8.765591],[77.20961,8.77371],[77.217361,8.79703],[77.23159,8.807092],[77.245956,8.84308],[77.243187,8.855091],[77.239868,8.868061],[77.223183,8.877811],[77.214737,8.89212],[77.202042,8.906681],[77.19809,8.91931],[77.186752,8.91567],[77.180443,8.91575],[77.181877,8.92883],[77.181236,8.941971],[77.174736,8.956852],[77.146896,8.98695],[77.143196,8.997881],[77.135109,9.00547],[77.13649,9.013101],[77.145332,9.02722],[77.167427,9.038531],[77.180191,9.044801],[77.188667,9.05648],[77.19062,9.06997],[77.202217,9.09138],[77.211731,9.106361],[77.230156,9.114812],[77.245377,9.13555],[77.249603,9.156039],[77.245506,9.17597],[77.239571,9.186561],[77.250267,9.19024],[77.266808,9.208819],[77.263649,9.231859],[77.265907,9.255291],[77.274117,9.26317],[77.270111,9.291771],[77.283501,9.30091],[77.286819,9.310061],[77.285156,9.321231],[77.29055,9.327672],[77.31134,9.327902],[77.320007,9.3548],[77.319801,9.376131],[77.324883,9.38354],[77.321373,9.401801],[77.330078,9.415211],[77.334251,9.431051],[77.351608,9.449701],[77.363632,9.443301],[77.378586,9.45075],[77.386833,9.467371],[77.385513,9.486192],[77.394867,9.504391],[77.386757,9.51674],[77.360977,9.51617],[77.350571,9.54026],[77.339966,9.54911],[77.335876,9.55683],[77.345253,9.56727],[77.344818,9.587609],[77.351326,9.58804],[77.328506,9.57323],[77.310677,9.570361],[77.309013,9.588831],[77.279541,9.58007],[77.261139,9.56668],[77.250549,9.565411],[77.241989,9.571541],[77.222809,9.57279],[77.208611,9.58884],[77.196579,9.5957],[77.183983,9.602431],[77.167282,9.600669],[77.154877,9.608381],[77.160652,9.62731],[77.165657,9.64823],[77.172516,9.6562],[77.184776,9.671479],[77.189003,9.6975],[77.199913,9.71729],[77.211357,9.74525],[77.210693,9.766389],[77.226692,9.786751],[77.232826,9.79729],[77.218987,9.813251],[77.215027,9.830871],[77.22374,9.842961],[77.213257,9.85198],[77.201447,9.869771],[77.204437,9.89432],[77.221916,9.92282],[77.235947,9.94338],[77.249916,9.942539],[77.261421,9.963721],[77.248779,9.977401],[77.245148,9.986221],[77.247681,9.994841],[77.244431,10.00775],[77.245567,10.023622],[77.230659,10.039521],[77.21817,10.056861],[77.199066,10.070661],[77.189796,10.086551],[77.188141,10.095652],[77.2033,10.103622],[77.215401,10.109292],[77.225113,10.11845],[77.239906,10.11414],[77.25499,10.116312],[77.260139,10.130661],[77.259613,10.14123],[77.269417,10.1871],[77.279053,10.204011],[77.269966,10.224332],[77.255569,10.22553],[77.249153,10.222059],[77.245773,10.232151],[77.247559,10.251572],[77.231918,10.27723],[77.214493,10.305801],[77.22216,10.340301],[77.192741,10.3434],[77.173126,10.344011],[77.148232,10.33406],[77.119331,10.315511],[77.100723,10.30445],[77.081703,10.29965],[77.060783,10.286461],[77.042503,10.261971],[77.018593,10.241831],[77.006668,10.23637],[76.967346,10.21258],[76.952263,10.21975],[76.927773,10.229589],[76.909348,10.223199],[76.898727,10.232559],[76.891823,10.24308],[76.870819,10.264082],[76.862068,10.28255],[76.857887,10.289262],[76.839859,10.28144],[76.835251,10.281691],[76.824921,10.293831],[76.824196,10.312311],[76.825691,10.334211],[76.836243,10.352961],[76.830696,10.372102],[76.815666,10.386531],[76.821457,10.40341],[76.807327,10.41492],[76.82029,10.49068],[76.831963,10.529161],[76.830177,10.552981],[76.826012,10.567519],[76.828346,10.58828],[76.808617,10.594481],[76.804993,10.626341],[76.826851,10.627141],[76.844719,10.626271],[76.87262,10.629432],[76.869476,10.65636],[76.867699,10.66624],[76.855507,10.675272],[76.861603,10.68626],[76.881012,10.706061],[76.879318,10.72024],[76.887657,10.74301],[76.894279,10.755352],[76.897507,10.7708],[76.881943,10.801071],[76.840416,10.80766],[76.845192,10.826502],[76.834076,10.842702],[76.820892,10.858911],[76.785271,10.871472],[76.772987,10.881641],[76.749107,10.884782],[76.732689,10.88098],[76.722839,10.887622],[76.700401,10.90079],[76.674873,10.906402],[76.647392,10.92897],[76.654953,10.942191],[76.677773,10.979701],[76.679787,10.999431],[76.70652,11.031351],[76.744019,11.025901],[76.786781,11.032251],[76.78997,11.049682],[76.762321,11.034261],[76.74649,11.04697],[76.736,11.054452],[76.746437,11.070871],[76.745728,11.083921],[76.734138,11.093361],[76.740608,11.10991],[76.734932,11.125121],[76.715363,11.128421],[76.702988,11.141782],[76.703613,11.132011],[76.695053,11.14023],[76.689026,11.16509],[76.701332,11.17454],[76.721153,11.184511],[76.726547,11.20647],[76.720543,11.211633],[76.67939,11.22703],[76.66819,11.21068],[76.629669,11.190801],[76.593338,11.197491],[76.536118,11.189311],[76.506012,11.20198],[76.474823,11.20126],[76.458832,11.18413],[76.440308,11.191259],[76.446388,11.230461],[76.513092,11.264661],[76.534058,11.287961],[76.528542,11.30345],[76.539787,11.320951],[76.529861,11.347681],[76.506737,11.34766],[76.47287,11.375341],[76.418388,11.40527],[76.410393,11.433591],[76.333687,11.458711],[76.297966,11.45886],[76.287697,11.465991],[76.266083,11.468692],[76.240097,11.459641],[76.242882,11.49869],[76.239647,11.520941],[76.238319,11.53336],[76.225746,11.56444],[76.270973,11.592909],[76.285889,11.582952],[76.293777,11.565031],[76.309196,11.5696],[76.33342,11.58513],[76.340347,11.580561],[76.370697,11.59347],[76.376747,11.614741],[76.421288,11.6251],[76.430702,11.629631],[76.434616,11.64161],[76.423462,11.659321],[76.407402,11.669531],[76.396408,11.701079],[76.408676,11.704149],[76.418892,11.717081],[76.41198,11.734291],[76.410843,11.746482],[76.390717,11.742869],[76.356049,11.739911],[76.340919,11.7311],[76.317581,11.740372],[76.299957,11.776152],[76.275093,11.80076],[76.253128,11.7998],[76.218529,11.800039],[76.205513,11.819581],[76.203423,11.849061],[76.184036,11.863762],[76.149422,11.861011],[76.120438,11.844291],[76.109322,11.85859],[76.10865,11.92809],[76.081001,11.96067],[76.047752,11.94447],[76.029587,11.932781],[76.013901,11.933262],[75.994446,11.923302],[75.976273,11.92497],[75.937187,11.932831],[75.919632,11.935621],[75.894447,11.936541],[75.876747,11.940712],[75.846573,11.96465],[75.830589,11.97463],[75.823593,11.99457],[75.82663,12.005791],[75.811996,12.021961],[75.798157,12.032671],[75.793259,12.04751],[75.799683,12.071181],[75.783707,12.07643],[75.758133,12.07721],[75.742943,12.071781],[75.72805,12.0641],[75.714203,12.069212],[75.706528,12.082809],[75.701599,12.100331],[75.681633,12.09658],[75.667603,12.09],[75.652786,12.1013],[75.643852,12.12707],[75.637619,12.13378],[75.629372,12.14162],[75.611313,12.145862],[75.597603,12.146529],[75.591446,12.143049],[75.576843,12.15075],[75.559616,12.168671],[75.551132,12.184441],[75.540367,12.19237],[75.53299,12.199091],[75.537933,12.211052],[75.523361,12.22887],[75.519287,12.23594],[75.511406,12.25044],[75.503929,12.26316],[75.492523,12.26682],[75.467209,12.29538],[75.436081,12.291811],[75.423668,12.28704],[75.430397,12.299521],[75.414368,12.333751],[75.414276,12.34393],[75.421432,12.361901],[75.411461,12.374571],[75.397118,12.375241],[75.385788,12.38559],[75.376167,12.392462],[75.365601,12.407041],[75.365891,12.44908],[75.39193,12.445089],[75.414673,12.454092],[75.424286,12.466251],[75.41449,12.496712],[75.400993,12.490572],[75.391876,12.492541],[75.381073,12.49149],[75.372238,12.48551],[75.373001,12.477161],[75.359413,12.459981],[75.336761,12.457782],[75.339363,12.47965],[75.334846,12.490241],[75.314186,12.492021],[75.304947,12.496753],[75.300049,12.516891],[75.285812,12.519861],[75.272408,12.539881],[75.276833,12.56409],[75.291397,12.574882],[75.309776,12.571632],[75.326309,12.574442],[75.318527,12.58514],[75.301491,12.599061],[75.291138,12.59662],[75.276726,12.61166],[75.262146,12.593001],[75.250198,12.579189],[75.238678,12.5725],[75.231293,12.560822],[75.203407,12.58057],[75.208977,12.59154],[75.202446,12.602721],[75.202797,12.623072],[75.189857,12.627051],[75.170006,12.61656],[75.154877,12.61958],[75.14122,12.63782],[75.151649,12.649361],[75.161133,12.66568],[75.150642,12.676342],[75.136673,12.671171],[75.120789,12.67357],[75.104416,12.691551],[75.086098,12.697782],[75.087433,12.675961],[75.083092,12.666409],[75.070267,12.65802],[75.058273,12.658631],[75.044762,12.663301],[75.048599,12.688321],[75.056793,12.686721],[75.052856,12.709822],[75.043083,12.715529],[75.025696,12.714319],[75.014297,12.707801],[75.003067,12.713692],[75.000237,12.727401],[74.98838,12.73193],[74.984428,12.735941],[74.991753,12.73817],[75.004272,12.75399],[75.007797,12.765091],[75.00528,12.785492],[74.996002,12.787981]]]]},"properties":{"name":"Kerala","type":"State"}},
{"type":"Feature","geometry":{"type":"MultiPolygon","coordinates":[[[[73.080971,8.327642],[73.055687,8.28264],[73.04097,8.274032],[73.023476,8.272917],[73.018196,8.27764],[73.019577,8.270971],[73.05014,8.267641],[73.066803,8.285416],[73.067917,8.30431],[73.080971,8.327642]]],[[[73.651527,10.10431],[73.644585,10.076527],[73.635414,10.072083],[73.641251,10.05736],[73.647919,10.06125],[73.651527,10.10431]]],[[[72.327919,10.13653],[72.325974,10.126805],[72.331802,10.124861],[72.327919,10.13653]]],[[[73.660973,10.155973],[73.662086,10.129861],[73.664864,10.141806],[73.660973,10.155973]]],[[[72.642082,10.577361],[72.615417,10.540972],[72.648483,10.561252],[72.649582,10.57125],[72.642082,10.577361]]],[[[73.678467,10.821531],[73.661247,10.81736],[73.662636,10.807916],[73.674576,10.804862],[73.702362,10.814862],[73.677086,10.817921],[73.678467,10.821531]]],[[[72.172638,10.819861],[72.205971,10.877641],[72.194305,10.870694],[72.188751,10.848739],[72.172638,10.819861]]],[[[72.291252,10.945972],[72.285957,10.945151],[72.285698,10.934861],[72.290703,10.93596],[72.291252,10.945972]]],[[[72.32653,10.953195],[72.314583,10.948194],[72.313751,10.942918],[72.32653,10.953195]]],[[[72.731537,11.13625],[72.716248,11.125139],[72.720139,11.110694],[72.732918,11.127915],[72.731537,11.13625]]],[[[72.790138,11.259861],[72.778198,11.24125],[72.761253,11.180139],[72.778198,11.217362],[72.790138,11.259861]]],[[[72.999863,11.497922],[72.996803,11.495421],[73.001808,11.491531],[73.00708,11.467641],[73.011528,11.472361],[73.009308,11.48625],[72.999863,11.497922]]],[[[72.714027,11.706251],[72.705971,11.680417],[72.716248,11.691527],[72.714027,11.706251]]]]},"properties":{"name":"Lakshadweep","type":"Union Territory"}},
{"type":"Feature","geometry":{"type":"Polygon","coordinates":[[[78.364647,26.868841],[78.362503,26.87133],[78.323753,26.868641],[78.294701,26.86829],[78.270752,26.855591],[78.266777,26.832823],[78.255608,26.82029],[78.222992,26.83721],[78.202789,26.832319],[78.173279,26.832571],[78.16095,26.82704],[78.180443,26.797041],[78.159782,26.791121],[78.131317,26.79917],[78.105522,26.800753],[78.094421,26.78343],[78.100517,26.766371],[78.116058,26.75462],[78.089149,26.73811],[78.088989,26.700722],[78.078636,26.680321],[78.065117,26.679642],[78.04911,26.6898],[78.019203,26.69762],[77.988556,26.699991],[77.960533,26.67153],[77.939903,26.662708],[77.894577,26.66221],[77.888779,26.632811],[77.85144,26.616011],[77.825432,26.605242],[77.824387,26.584431],[77.812996,26.55481],[77.782997,26.552589],[77.75,26.546671],[77.730667,26.529881],[77.713982,26.50425],[77.678009,26.505451],[77.654701,26.497221],[77.626717,26.48299],[77.615387,26.466461],[77.579102,26.45109],[77.551483,26.440559],[77.537178,26.423458],[77.505913,26.41291],[77.459,26.4112],[77.425423,26.40206],[77.439728,26.378691],[77.432426,26.365],[77.40184,26.368692],[77.382889,26.36241],[77.360252,26.36952],[77.329376,26.348103],[77.318047,26.34638],[77.308167,26.315001],[77.25145,26.267031],[77.20311,26.2374],[77.177536,26.2391],[77.161301,26.242229],[77.143272,26.238241],[77.113647,26.231359],[77.105087,26.20912],[77.091682,26.19088],[77.058937,26.18535],[77.034737,26.181931],[77.007736,26.16058],[76.996468,26.14772],[76.968567,26.124041],[76.938713,26.106079],[76.906319,26.101101],[76.882881,26.08643],[76.872559,26.06415],[76.857742,26.048561],[76.838097,26.03639],[76.837051,26.002041],[76.819847,25.98868],[76.816246,25.967131],[76.785912,25.94047],[76.755913,25.94169],[76.753448,25.93224],[76.762413,25.92207],[76.73333,25.90255],[76.705482,25.903473],[76.674362,25.9118],[76.641418,25.90625],[76.631683,25.87524],[76.597473,25.87648],[76.56678,25.83967],[76.535492,25.809172],[76.52224,25.76634],[76.52655,25.731043],[76.482391,25.71813],[76.481758,25.6894],[76.510803,25.672838],[76.505386,25.63822],[76.515793,25.60701],[76.512398,25.571793],[76.522209,25.55036],[76.522598,25.52429],[76.537872,25.510208],[76.546692,25.489681],[76.559593,25.473261],[76.574257,25.43667],[76.599052,25.4053],[76.609573,25.388309],[76.619156,25.378731],[76.636292,25.380331],[76.664833,25.35751],[76.703217,25.34761],[76.732048,25.347879],[76.75872,25.338692],[76.765846,25.332041],[76.770096,25.312191],[76.821747,25.327061],[76.839767,25.329288],[76.866997,25.325163],[76.893227,25.322401],[76.922958,25.301378],[76.928703,25.279152],[76.948387,25.276522],[76.95668,25.291428],[77.003372,25.30183],[77.024193,25.30109],[77.03936,25.32505],[77.053001,25.32069],[77.067856,25.32967],[77.083061,25.339802],[77.108116,25.335279],[77.128906,25.325418],[77.153557,25.31325],[77.197388,25.31098],[77.198601,25.32465],[77.210701,25.333691],[77.210396,25.324471],[77.2174,25.33725],[77.220261,25.373428],[77.244156,25.38961],[77.272957,25.412003],[77.305298,25.436411],[77.337067,25.424751],[77.361343,25.41296],[77.349747,25.39838],[77.344673,25.383341],[77.351692,25.372351],[77.35511,25.36438],[77.349342,25.324133],[77.365807,25.328501],[77.373642,25.315493],[77.373772,25.30018],[77.369469,25.288528],[77.360001,25.28022],[77.360283,25.260853],[77.370468,25.250959],[77.391647,25.23115],[77.409523,25.212431],[77.417992,25.193029],[77.391296,25.1747],[77.389313,25.151039],[77.388611,25.127251],[77.398529,25.113272],[77.392273,25.117411],[77.368393,25.11413],[77.357147,25.101551],[77.328018,25.093401],[77.309853,25.086391],[77.295937,25.087103],[77.275566,25.112131],[77.220833,25.110243],[77.188766,25.111801],[77.162842,25.10972],[77.140457,25.0909],[77.114456,25.06909],[77.084267,25.062641],[77.061333,25.061392],[77.020393,25.07144],[77.005951,25.078569],[76.983673,25.07756],[76.97126,25.060581],[76.953499,25.048458],[76.909767,25.035671],[76.878281,25.025831],[76.876808,25.016062],[76.860558,25.010389],[76.868057,25.001369],[76.86644,24.97179],[76.873367,24.957573],[76.879707,24.945761],[76.89016,24.923059],[76.920868,24.91678],[76.920326,24.904881],[76.912163,24.893131],[76.921768,24.88372],[76.941856,24.874708],[76.948921,24.872869],[76.943123,24.86006],[76.915062,24.8487],[76.895042,24.83951],[76.857483,24.840981],[76.837502,24.841061],[76.823082,24.83485],[76.802292,24.826571],[76.804108,24.816601],[76.82579,24.793381],[76.847023,24.765051],[76.860847,24.748699],[76.896927,24.750601],[76.909393,24.746811],[76.951736,24.765461],[76.963837,24.75046],[76.971977,24.73167],[77.004227,24.713661],[77.022652,24.71372],[77.0345,24.698469],[77.048943,24.66131],[77.060287,24.637703],[77.063553,24.58534],[77.061531,24.554779],[77.050926,24.537148],[77.031952,24.528799],[77.026703,24.521412],[77.02066,24.497931],[77.008667,24.49494],[77.004967,24.489389],[77.001526,24.4779],[76.97966,24.474628],[76.965317,24.460861],[76.941086,24.46735],[76.922882,24.480652],[76.917343,24.51697],[76.918381,24.535601],[76.90239,24.547522],[76.892883,24.53969],[76.879547,24.525311],[76.874756,24.540451],[76.866203,24.54936],[76.838196,24.54847],[76.819023,24.53656],[76.814423,24.52965],[76.834549,24.498301],[76.845276,24.4909],[76.850578,24.473949],[76.84845,24.458761],[76.837883,24.450588],[76.851097,24.43539],[76.842262,24.418188],[76.8424,24.408508],[76.848,24.378832],[76.84906,24.36821],[76.838211,24.354959],[76.84491,24.327982],[76.86264,24.298832],[76.86705,24.280851],[76.897362,24.247089],[76.916451,24.23197],[76.922577,24.216791],[76.936852,24.209791],[76.944832,24.2033],[76.927238,24.186661],[76.911186,24.176901],[76.886253,24.131748],[76.873329,24.13979],[76.846077,24.136141],[76.827728,24.125591],[76.801117,24.12034],[76.775627,24.15308],[76.762619,24.164211],[76.754997,24.172091],[76.729393,24.170561],[76.714706,24.164183],[76.69519,24.176001],[76.67421,24.19343],[76.687782,24.23245],[76.702499,24.2488],[76.694916,24.28231],[76.678749,24.270639],[76.658211,24.267813],[76.642227,24.266241],[76.630081,24.264709],[76.613953,24.24218],[76.593246,24.250891],[76.596657,24.235283],[76.585861,24.219561],[76.565773,24.2008],[76.576988,24.191311],[76.56633,24.176451],[76.545967,24.168011],[76.531433,24.163469],[76.513336,24.172861],[76.505386,24.205469],[76.484421,24.21504],[76.469948,24.2314],[76.458626,24.22086],[76.441841,24.221889],[76.423607,24.22695],[76.422531,24.21422],[76.411797,24.209551],[76.37352,24.2377],[76.358299,24.246071],[76.334991,24.253969],[76.310127,24.246389],[76.28965,24.23703],[76.282776,24.215712],[76.251808,24.224819],[76.236122,24.223881],[76.215569,24.216808],[76.205513,24.24185],[76.202187,24.276751],[76.199089,24.2973],[76.202522,24.31316],[76.185486,24.331511],[76.171356,24.310329],[76.169228,24.296091],[76.146667,24.290319],[76.145531,24.26576],[76.154457,24.243761],[76.141808,24.223841],[76.121323,24.19639],[76.120598,24.17824],[76.13089,24.16905],[76.13443,24.139339],[76.129227,24.118933],[76.134697,24.09973],[76.11245,24.09651],[76.098999,24.08919],[76.080246,24.08399],[76.046959,24.07567],[76.008942,24.0403],[75.994507,24.0319],[75.979622,24.032091],[75.959106,24.009972],[75.961319,23.994841],[75.978233,23.98007],[75.981232,23.96242],[75.97599,23.93899],[75.966522,23.929871],[75.944336,23.916208],[75.926956,23.90189],[75.888786,23.89172],[75.872368,23.888182],[75.860657,23.89559],[75.841423,23.888439],[75.830406,23.88476],[75.802658,23.871111],[75.785149,23.86537],[75.779922,23.8547],[75.761627,23.85689],[75.757126,23.88419],[75.736473,23.894091],[75.728218,23.9021],[75.712997,23.89996],[75.702332,23.904051],[75.698639,23.89123],[75.701317,23.87496],[75.706566,23.868181],[75.729111,23.85821],[75.723961,23.848011],[75.715721,23.845591],[75.722168,23.826912],[75.715881,23.82102],[75.713219,23.816471],[75.690247,23.819611],[75.688263,23.814081],[75.698669,23.79184],[75.690079,23.775982],[75.684479,23.760569],[75.674408,23.784468],[75.662636,23.78816],[75.651833,23.801949],[75.641083,23.802259],[75.623962,23.80052],[75.607979,23.8055],[75.582527,23.80036],[75.584457,23.81402],[75.566032,23.815689],[75.556061,23.825932],[75.561508,23.836981],[75.57486,23.838011],[75.573067,23.846479],[75.562462,23.858143],[75.552528,23.865158],[75.516747,23.88875],[75.499931,23.89691],[75.476837,23.91474],[75.455933,23.92544],[75.460587,23.94762],[75.464767,23.980728],[75.480583,23.992331],[75.491768,24.004551],[75.542648,24.02556],[75.566933,24.022711],[75.568367,24.001141],[75.575966,24.000629],[75.583839,23.99192],[75.592628,23.99486],[75.606789,23.99625],[75.630516,23.999668],[75.638466,24.002831],[75.645912,24.017469],[75.653137,24.027578],[75.672691,24.030899],[75.685806,24.017941],[75.68354,23.998211],[75.690651,23.989481],[75.69648,23.987511],[75.698456,23.970079],[75.723312,23.973131],[75.727768,23.979521],[75.736267,23.982349],[75.737381,23.994061],[75.749573,23.99509],[75.764313,24.002428],[75.760086,24.00843],[75.767822,24.011681],[75.777786,24.027519],[75.779617,24.06208],[75.813347,24.071621],[75.833763,24.07543],[75.832672,24.095741],[75.830643,24.107929],[75.802399,24.11833],[75.783173,24.122681],[75.776299,24.138962],[75.762138,24.14101],[75.750656,24.16165],[75.758911,24.179611],[75.769676,24.197741],[75.778839,24.224409],[75.79953,24.229231],[75.810608,24.24198],[75.821297,24.24103],[75.82251,24.247339],[75.812531,24.260651],[75.812897,24.27709],[75.810951,24.29804],[75.803001,24.31233],[75.781036,24.30864],[75.756256,24.327223],[75.741806,24.352968],[75.738297,24.36619],[75.735336,24.3944],[75.728302,24.407492],[75.743279,24.40501],[75.755836,24.421053],[75.752419,24.43157],[75.776176,24.45388],[75.785751,24.45509],[75.786758,24.47183],[75.805023,24.472771],[75.814171,24.44809],[75.824127,24.43079],[75.861206,24.42333],[75.898621,24.441591],[75.908997,24.456141],[75.908112,24.47813],[75.906746,24.498041],[75.892563,24.52153],[75.902893,24.51972],[75.925041,24.5334],[75.916718,24.546688],[75.905708,24.560593],[75.913208,24.56529],[75.915123,24.574591],[75.897713,24.58045],[75.875816,24.59078],[75.865662,24.60734],[75.848167,24.61116],[75.838356,24.59569],[75.828148,24.61335],[75.838127,24.623602],[75.844116,24.634722],[75.848648,24.664551],[75.828186,24.668222],[75.833687,24.685951],[75.827812,24.736353],[75.780647,24.763161],[75.741806,24.760361],[75.711777,24.74543],[75.634003,24.691151],[75.6026,24.701271],[75.552101,24.71377],[75.53508,24.720018],[75.483467,24.69762],[75.419701,24.699961],[75.363899,24.709518],[75.285843,24.725901],[75.249542,24.729141],[75.22406,24.73546],[75.216949,24.72241],[75.195618,24.76001],[75.185516,24.768051],[75.192299,24.78875],[75.203583,24.792471],[75.206421,24.809931],[75.23661,24.82024],[75.249481,24.826391],[75.249687,24.840811],[75.233788,24.846621],[75.226013,24.854851],[75.210381,24.871429],[75.202881,24.8881],[75.207428,24.90465],[75.2192,24.906488],[75.223419,24.89003],[75.241241,24.902632],[75.249947,24.895691],[75.227386,24.85915],[75.241692,24.860941],[75.259796,24.857521],[75.283821,24.850019],[75.297699,24.82637],[75.305733,24.81333],[75.323616,24.823961],[75.344078,24.83279],[75.399651,24.85491],[75.417282,24.86861],[75.424217,24.892752],[75.398697,24.88835],[75.335342,24.886671],[75.317657,24.875151],[75.294113,24.87138],[75.272652,24.88693],[75.259659,24.89982],[75.267029,24.914211],[75.274857,24.91433],[75.282372,24.922541],[75.291901,24.920918],[75.287903,24.926262],[75.277222,24.947901],[75.266312,24.96192],[75.275902,24.97673],[75.288147,24.962631],[75.290459,24.952021],[75.302673,24.943161],[75.303162,24.930613],[75.312172,24.91106],[75.317543,24.907221],[75.334267,24.950611],[75.333733,24.967451],[75.32312,24.982241],[75.323112,25.00091],[75.329491,25.01763],[75.351547,25.02516],[75.35424,25.037371],[75.336159,25.044889],[75.300163,25.04402],[75.265976,25.04307],[75.237541,25.04192],[75.205482,25.04241],[75.195091,25.037519],[75.18531,25.04253],[75.166962,25.044201],[75.154709,25.02887],[75.168602,25.013191],[75.164398,24.991661],[75.160896,24.987612],[75.14386,24.987053],[75.134323,24.98266],[75.146851,24.97958],[75.13353,24.975243],[75.115707,24.965391],[75.117729,24.946341],[75.117706,24.905161],[75.114983,24.887138],[75.087029,24.883471],[75.081673,24.889139],[75.0662,24.878391],[75.056343,24.881941],[75.059853,24.874731],[75.043388,24.859228],[75.022919,24.86562],[75.012611,24.874081],[74.987511,24.875973],[74.971733,24.875389],[74.948837,24.87812],[74.950203,24.89295],[74.939697,24.89348],[74.929512,24.88789],[74.920082,24.89185],[74.912521,24.899099],[74.911003,24.923281],[74.904289,24.930111],[74.900543,24.939741],[74.87912,24.94879],[74.867203,24.936941],[74.863518,24.957291],[74.853203,24.97472],[74.830612,24.96191],[74.824989,24.94589],[74.823608,24.928501],[74.831619,24.89892],[74.839417,24.89287],[74.845657,24.872103],[74.856049,24.84717],[74.859039,24.82016],[74.845978,24.81484],[74.848892,24.79266],[74.859467,24.799549],[74.870232,24.812052],[74.880539,24.807968],[74.897438,24.79921],[74.916946,24.787182],[74.938553,24.79479],[74.961578,24.79117],[74.998329,24.79771],[75.016296,24.78595],[75.021378,24.77286],[75.020233,24.752768],[74.992027,24.743811],[74.995216,24.716141],[75.000351,24.710569],[74.993713,24.70579],[74.962166,24.700842],[74.959908,24.68672],[74.961983,24.679581],[74.957283,24.68269],[74.952026,24.670313],[74.943878,24.662283],[74.937187,24.660151],[74.919868,24.658421],[74.909653,24.660431],[74.902466,24.656311],[74.893532,24.66098],[74.887917,24.657722],[74.875023,24.66748],[74.869759,24.678789],[74.862457,24.692343],[74.856361,24.705179],[74.854317,24.696711],[74.849709,24.706331],[74.829292,24.745901],[74.809807,24.7964],[74.801147,24.78669],[74.799789,24.751711],[74.780052,24.742748],[74.788376,24.728031],[74.783157,24.71822],[74.780891,24.70509],[74.777863,24.693218],[74.785713,24.679941],[74.792343,24.68432],[74.817757,24.67992],[74.814827,24.669771],[74.804947,24.659561],[74.794937,24.654701],[74.791389,24.64543],[74.787819,24.620781],[74.790123,24.61076],[74.777237,24.605391],[74.755951,24.600679],[74.750313,24.588661],[74.757462,24.55682],[74.748543,24.551729],[74.747711,24.53624],[74.715706,24.522831],[74.715553,24.50824],[74.730827,24.510031],[74.757317,24.488823],[74.7733,24.4851],[74.784958,24.489891],[74.801651,24.492081],[74.814507,24.49221],[74.824196,24.483549],[74.818268,24.46195],[74.840851,24.46722],[74.85067,24.468828],[74.856956,24.46328],[74.853897,24.449503],[74.835159,24.42952],[74.826393,24.41069],[74.812317,24.409151],[74.786987,24.371651],[74.782761,24.35466],[74.783791,24.3361],[74.78363,24.316801],[74.753021,24.289391],[74.766479,24.27342],[74.790298,24.271872],[74.825783,24.2733],[74.843903,24.270161],[74.859756,24.272991],[74.86972,24.280708],[74.889053,24.26685],[74.904053,24.245878],[74.905853,24.233721],[74.889709,24.226891],[74.881126,24.213503],[74.899483,24.17844],[74.921463,24.16025],[74.92469,24.145231],[74.93618,24.12377],[74.959518,24.11009],[74.961861,24.08963],[74.976257,24.07601],[74.990387,24.03344],[74.987793,24.014332],[74.972923,23.991053],[74.94146,23.96052],[74.92131,23.935713],[74.917427,23.91757],[74.9105,23.88851],[74.90519,23.868111],[74.913139,23.849861],[74.911919,23.812611],[74.92762,23.79833],[74.939476,23.770672],[74.931923,23.756418],[74.931992,23.72834],[74.92305,23.696581],[74.907623,23.682831],[74.928383,23.65316],[74.940346,23.636923],[74.921936,23.622311],[74.898033,23.612183],[74.879379,23.595961],[74.875023,23.583549],[74.861717,23.57234],[74.845421,23.554171],[74.819237,23.540798],[74.802887,23.534052],[74.792099,23.548641],[74.770729,23.53577],[74.742371,23.51948],[74.725891,23.498461],[74.700661,23.503681],[74.683716,23.486589],[74.669327,23.483892],[74.654732,23.46442],[74.626991,23.461981],[74.598457,23.42976],[74.57402,23.422543],[74.570717,23.37775],[74.555809,23.36298],[74.542717,23.33869],[74.518303,23.32873],[74.530327,23.324141],[74.53421,23.31399],[74.543907,23.300053],[74.558228,23.285311],[74.571922,23.300892],[74.592659,23.283581],[74.615303,23.284601],[74.629562,23.265841],[74.652222,23.260813],[74.680489,23.275263],[74.703346,23.261642],[74.718536,23.24601],[74.703812,23.23315],[74.699608,23.220341],[74.718956,23.219433],[74.73996,23.22863],[74.745796,23.23271],[74.745697,23.212111],[74.715523,23.19467],[74.665321,23.19825],[74.641983,23.172663],[74.614159,23.148331],[74.588631,23.14147],[74.56604,23.135233],[74.546501,23.112808],[74.523277,23.098911],[74.491402,23.088383],[74.445442,23.092932],[74.426102,23.10603],[74.406837,23.111771],[74.366966,23.09552],[74.355103,23.075802],[74.322777,23.062691],[74.331917,23.03919],[74.349197,23.030241],[74.357712,23.000372],[74.370796,22.980053],[74.362976,22.97793],[74.349716,22.968769],[74.347923,22.953449],[74.362022,22.93309],[74.37455,22.92255],[74.388268,22.907103],[74.408173,22.90431],[74.423759,22.919781],[74.451477,22.924],[74.462822,22.91346],[74.47892,22.858641],[74.464943,22.815081],[74.443886,22.810141],[74.440781,22.79961],[74.435349,22.779222],[74.42057,22.757431],[74.408516,22.737051],[74.401176,22.71244],[74.396927,22.69207],[74.384903,22.669571],[74.384186,22.64357],[74.363953,22.63652],[74.337051,22.640713],[74.328079,22.644211],[74.322273,22.636478],[74.30941,22.63928],[74.294586,22.641361],[74.274727,22.64274],[74.269257,22.64344],[74.262268,22.63851],[74.256447,22.63076],[74.253746,22.62303],[74.230087,22.596991],[74.22274,22.58152],[74.213837,22.56744],[74.199417,22.570221],[74.19558,22.560381],[74.184319,22.54981],[74.168022,22.541349],[74.157539,22.53219],[74.15332,22.51742],[74.138527,22.520191],[74.127609,22.52438],[74.118599,22.53981],[74.105751,22.53767],[74.08429,22.549551],[74.056282,22.547783],[74.042313,22.537189],[74.043587,22.516821],[74.03511,22.502743],[74.042938,22.490829],[74.049911,22.499983],[74.0588,22.51055],[74.069687,22.50988],[74.081367,22.508518],[74.085701,22.498701],[74.090439,22.48255],[74.083443,22.484631],[74.07843,22.473391],[74.090508,22.4692],[74.103348,22.467831],[74.102257,22.45097],[74.105072,22.433411],[74.123001,22.420811],[74.130379,22.425051],[74.134178,22.442621],[74.144249,22.456711],[74.156723,22.450411],[74.158737,22.43495],[74.170776,22.43358],[74.1828,22.442751],[74.186249,22.452593],[74.182709,22.464531],[74.197853,22.4751],[74.204506,22.46105],[74.204597,22.44068],[74.216263,22.434391],[74.220543,22.44212],[74.237259,22.439341],[74.259453,22.42885],[74.269997,22.41481],[74.274712,22.40358],[74.288307,22.39798],[74.287193,22.393061],[74.268509,22.39443],[74.257233,22.395111],[74.253006,22.383871],[74.245636,22.377531],[74.23085,22.379622],[74.227379,22.372593],[74.227043,22.35854],[74.213448,22.359211],[74.206802,22.36762],[74.206093,22.353571],[74.198349,22.343019],[74.194832,22.34934],[74.195686,22.325439],[74.175888,22.324713],[74.143623,22.330261],[74.130348,22.343559],[74.117096,22.357571],[74.111961,22.371613],[74.098366,22.368761],[74.083641,22.362391],[74.070847,22.35463],[74.075966,22.341303],[74.068283,22.325823],[74.066437,22.305443],[74.057907,22.299801],[74.059151,22.285749],[74.068916,22.27243],[74.079437,22.263338],[74.080673,22.24999],[74.091583,22.2437],[74.078423,22.237358],[74.075783,22.221878],[74.094406,22.221241],[74.113831,22.219181],[74.122406,22.20866],[74.1241,22.177761],[74.131897,22.16444],[74.133141,22.153219],[74.12738,22.137741],[74.13131,22.124411],[74.129059,22.108252],[74.132591,22.096321],[74.150009,22.10409],[74.158562,22.102001],[74.170212,22.10133],[74.18071,22.086601],[74.167557,22.082361],[74.161797,22.07111],[74.15448,22.057751],[74.139397,22.05069],[74.141006,22.040861],[74.120888,22.03027],[74.101189,22.01828],[74.100342,22.001593],[74.11689,21.998631],[74.149597,21.98881],[74.153206,21.975571],[74.143356,21.969881],[74.144676,21.95657],[74.148033,21.954041],[74.151016,21.95396],[74.154007,21.953569],[74.156921,21.952801],[74.159622,21.95159],[74.16227,21.9503],[74.164909,21.948938],[74.167526,21.947521],[74.170113,21.946081],[74.172607,21.94455],[74.174942,21.942732],[74.176811,21.940559],[74.178391,21.938141],[74.180161,21.935881],[74.182068,21.933651],[74.18409,21.931511],[74.18631,21.92964],[74.188828,21.928223],[74.191696,21.92734],[74.194679,21.92671],[74.197639,21.92614],[74.200638,21.92565],[74.203621,21.9254],[74.206589,21.925579],[74.209526,21.92606],[74.212463,21.926661],[74.215393,21.927361],[74.218307,21.928091],[74.22123,21.92878],[74.224167,21.929413],[74.227097,21.929901],[74.230087,21.930019],[74.233109,21.929781],[74.236107,21.92963],[74.239098,21.929871],[74.242081,21.93025],[74.245033,21.930691],[74.250931,21.931683],[74.253906,21.93215],[74.256866,21.93259],[74.259857,21.932961],[74.26284,21.93327],[74.265846,21.933521],[74.268883,21.933741],[74.271896,21.933941],[74.27491,21.93416],[74.277931,21.93438],[74.280922,21.934641],[74.283897,21.93495],[74.286819,21.935343],[74.289711,21.935791],[74.292259,21.93725],[74.293877,21.939701],[74.294807,21.942368],[74.295387,21.945181],[74.296417,21.953569],[74.296967,21.95631],[74.29776,21.95903],[74.298759,21.961691],[74.299873,21.964331],[74.301361,21.966801],[74.303589,21.96862],[74.306107,21.970221],[74.30883,21.971519],[74.311653,21.972401],[74.314552,21.972969],[74.317558,21.973331],[74.320587,21.973591],[74.323593,21.973831],[74.326569,21.974051],[74.32959,21.974218],[74.332581,21.974373],[74.338593,21.974663],[74.341583,21.974861],[74.344551,21.9751],[74.347496,21.975651],[74.350243,21.97683],[74.352898,21.97821],[74.355461,21.979721],[74.357758,21.98151],[74.359627,21.983681],[74.361267,21.98608],[74.362869,21.988501],[74.364639,21.990761],[74.366852,21.992531],[74.369743,21.993568],[74.372383,21.994871],[74.374382,21.99691],[74.376099,21.99925],[74.378181,22.002171],[74.396439,22.023703],[74.435547,22.030998],[74.451508,22.008968],[74.436218,22.00223],[74.448639,21.97113],[74.493401,21.954491],[74.527496,21.908781],[74.518433,21.89011],[74.516998,21.856491],[74.503647,21.807182],[74.506332,21.78174],[74.517899,21.76276],[74.511757,21.724951],[74.52433,21.717918],[74.550987,21.719393],[74.560966,21.701981],[74.556801,21.684259],[74.564766,21.67985],[74.58345,21.685131],[74.589767,21.664648],[74.663261,21.65287],[74.703796,21.62936],[74.791069,21.61058],[74.802887,21.610731],[74.802071,21.616051],[74.831566,21.61062],[74.83651,21.61941],[74.864861,21.634029],[74.869003,21.63039],[74.901878,21.63023],[74.920387,21.612751],[74.991959,21.592192],[75.031837,21.569309],[75.060188,21.55934],[75.083557,21.525751],[75.094879,21.493813],[75.115097,21.45956],[75.210556,21.414221],[75.236366,21.417101],[75.253998,21.406139],[75.299629,21.415661],[75.301826,21.39242],[75.334877,21.394669],[75.361382,21.403231],[75.381332,21.38763],[75.395378,21.38468],[75.468407,21.394201],[75.524582,21.387161],[75.551331,21.375448],[75.561111,21.38117],[75.581551,21.38085],[75.587753,21.388901],[75.608917,21.395],[75.632637,21.381771],[75.675079,21.381451],[75.706757,21.391321],[75.722717,21.389153],[75.73835,21.393433],[75.773827,21.386648],[75.859329,21.3873],[75.888107,21.39963],[75.932343,21.39151],[75.959396,21.396191],[75.991608,21.376089],[76.027496,21.368139],[76.047043,21.3552],[76.098671,21.373928],[76.134972,21.2915],[76.147141,21.28137],[76.156036,21.26321],[76.154289,21.24914],[76.144096,21.24148],[76.14801,21.231649],[76.164032,21.224173],[76.169083,21.191881],[76.169136,21.17448],[76.127419,21.177919],[76.11396,21.16464],[76.128418,21.15671],[76.140923,21.136023],[76.135666,21.126211],[76.169113,21.10372],[76.172638,21.0846],[76.183861,21.089951],[76.269249,21.092951],[76.281769,21.07531],[76.376373,21.077311],[76.45269,21.114868],[76.457512,21.13834],[76.47702,21.1553],[76.482452,21.188231],[76.498077,21.19614],[76.541298,21.196291],[76.57605,21.203663],[76.623367,21.192659],[76.642578,21.247721],[76.659027,21.253248],[76.661072,21.282421],[76.625839,21.329741],[76.668411,21.369471],[76.737228,21.415291],[76.756546,21.449928],[76.785133,21.476721],[76.786491,21.499229],[76.767517,21.52754],[76.787827,21.540131],[76.780243,21.562468],[76.793396,21.595173],[76.823181,21.592682],[76.847763,21.6133],[76.891747,21.6007],[77.001587,21.682159],[77.059486,21.7094],[77.072327,21.722931],[77.080246,21.718693],[77.121101,21.725349],[77.157776,21.713409],[77.18383,21.724501],[77.184326,21.70446],[77.210213,21.697121],[77.239937,21.717121],[77.285812,21.728821],[77.277077,21.759809],[77.325981,21.75736],[77.342293,21.761831],[77.401131,21.75618],[77.471382,21.77125],[77.477013,21.76796],[77.475868,21.757881],[77.496872,21.749201],[77.523453,21.713541],[77.535927,21.70826],[77.558563,21.668673],[77.572197,21.587671],[77.570999,21.56262],[77.585518,21.558809],[77.607117,21.54277],[77.577896,21.529211],[77.511917,21.54751],[77.457512,21.55657],[77.450249,21.54838],[77.431877,21.5464],[77.419907,21.538698],[77.420799,21.516281],[77.438087,21.475559],[77.457161,21.467072],[77.469757,21.448681],[77.484192,21.39851],[77.501732,21.37925],[77.5625,21.373381],[77.584442,21.364479],[77.604813,21.366993],[77.599197,21.39255],[77.651581,21.39019],[77.668777,21.372301],[77.693527,21.396542],[77.695541,21.37776],[77.705193,21.367281],[77.733879,21.364731],[77.74649,21.384211],[77.785522,21.389391],[77.798477,21.410709],[77.818016,21.40873],[77.892311,21.379049],[77.90551,21.37957],[77.924889,21.386061],[77.941116,21.398951],[77.97155,21.401381],[78.043457,21.435032],[78.078568,21.445711],[78.169342,21.498501],[78.177643,21.514318],[78.171677,21.535763],[78.177269,21.5567],[78.226669,21.55644],[78.269257,21.570711],[78.258537,21.5819],[78.257622,21.591841],[78.271072,21.59296],[78.308823,21.57369],[78.328461,21.581181],[78.366051,21.581921],[78.37204,21.610769],[78.379517,21.61865],[78.392563,21.6101],[78.410866,21.6066],[78.420601,21.54878],[78.438583,21.503759],[78.454193,21.49831],[78.50856,21.528433],[78.566528,21.515697],[78.573257,21.498501],[78.625328,21.477831],[78.643547,21.484251],[78.688301,21.478861],[78.713913,21.467951],[78.729729,21.471361],[78.740402,21.483711],[78.76104,21.489759],[78.772186,21.467131],[78.792816,21.489861],[78.875137,21.487928],[78.890488,21.49824],[78.9338,21.49239],[78.938698,21.517288],[78.923439,21.523788],[78.921799,21.543188],[78.91272,21.563129],[78.928391,21.56443],[78.911636,21.57091],[78.922676,21.592609],[78.945862,21.596041],[78.981491,21.617161],[78.999992,21.609798],[79.088089,21.59919],[79.104111,21.60936],[79.099167,21.6189],[79.137077,21.63685],[79.147827,21.660521],[79.219902,21.65081],[79.228401,21.671391],[79.220161,21.677],[79.228081,21.72191],[79.26487,21.71492],[79.276802,21.70023],[79.320251,21.6866],[79.38308,21.67539],[79.400452,21.679649],[79.415779,21.691448],[79.432243,21.683491],[79.458511,21.687323],[79.490891,21.66371],[79.50264,21.6346],[79.512459,21.62648],[79.503242,21.62236],[79.503082,21.60751],[79.510666,21.58316],[79.532143,21.572981],[79.536621,21.544218],[79.571358,21.5438],[79.616821,21.557211],[79.640747,21.555481],[79.684837,21.58069],[79.69381,21.590952],[79.768799,21.590431],[79.857079,21.530922],[79.901192,21.524361],[79.936386,21.556801],[79.966248,21.55727],[79.993553,21.534712],[80.026176,21.55665],[80.062119,21.554241],[80.0933,21.585371],[80.111572,21.596479],[80.112869,21.603771],[80.121452,21.60906],[80.143921,21.604973],[80.192108,21.634621],[80.204697,21.633541],[80.220589,21.619631],[80.256653,21.620281],[80.286583,21.593431],[80.291916,21.57803],[80.320183,21.57358],[80.328583,21.55827],[80.324432,21.548717],[80.369232,21.522911],[80.375786,21.49094],[80.389946,21.470928],[80.402237,21.463371],[80.411308,21.438202],[80.3899,21.40889],[80.404442,21.375811],[80.440407,21.372101],[80.447647,21.39846],[80.485497,21.397638],[80.52037,21.38825],[80.53965,21.368521],[80.564171,21.35787],[80.558372,21.353163],[80.560539,21.345461],[80.581627,21.341591],[80.583076,21.331169],[80.599411,21.323231],[80.623283,21.321461],[80.651772,21.33119],[80.661301,21.33548],[80.693268,21.393791],[80.697548,21.427198],[80.723923,21.453171],[80.729111,21.46826],[80.72377,21.498711],[80.730659,21.538721],[80.713837,21.558651],[80.718849,21.573561],[80.709137,21.589809],[80.710838,21.606241],[80.72139,21.620501],[80.719109,21.64366],[80.712357,21.646139],[80.707352,21.671581],[80.723747,21.693602],[80.719917,21.71364],[80.742973,21.757961],[80.766418,21.755131],[80.776833,21.744308],[80.78846,21.74128],[80.811203,21.747492],[80.813553,21.7675],[80.831703,21.80481],[80.837097,21.83176],[80.832893,21.84907],[80.840416,21.85276],[80.839676,21.87158],[80.834061,21.8825],[80.825439,21.88665],[80.824562,21.894709],[80.824532,21.90843],[80.836563,21.935659],[80.833389,21.94664],[80.82222,21.948351],[80.819588,21.953569],[80.821686,21.958199],[80.843361,21.95841],[80.869507,22.0165],[80.877357,22.050713],[80.894753,22.076509],[80.910843,22.11916],[80.938919,22.119011],[80.957527,22.097151],[80.96209,22.06193],[80.97364,22.051771],[80.987762,22.048479],[81.004272,22.070021],[81.003952,22.094452],[80.980209,22.112808],[80.972267,22.111891],[80.973427,22.12369],[81.005173,22.132723],[81.017616,22.153849],[81.013283,22.17749],[81.025757,22.197691],[81.015793,22.214109],[81.036316,22.237719],[81.054527,22.243872],[81.072586,22.241741],[81.1147,22.31259],[81.104652,22.410803],[81.109993,22.44112],[81.148079,22.455851],[81.170662,22.488001],[81.192642,22.482479],[81.194191,22.46208],[81.218391,22.451651],[81.240387,22.459181],[81.260452,22.493561],[81.275467,22.499441],[81.297783,22.48658],[81.314148,22.499611],[81.322937,22.52433],[81.373253,22.510752],[81.383057,22.462603],[81.396553,22.44132],[81.420647,22.4594],[81.424438,22.479239],[81.435959,22.469488],[81.450287,22.472563],[81.439079,22.479471],[81.439087,22.49102],[81.476372,22.492161],[81.502937,22.526791],[81.514717,22.52869],[81.519066,22.539982],[81.542221,22.529921],[81.562782,22.53418],[81.563057,22.551008],[81.608963,22.53644],[81.621361,22.547783],[81.623573,22.564278],[81.645653,22.565891],[81.641388,22.60754],[81.678596,22.64888],[81.707016,22.649641],[81.719627,22.670021],[81.736938,22.66905],[81.748932,22.64607],[81.765976,22.676121],[81.748337,22.71954],[81.778152,22.758039],[81.761597,22.82933],[81.785927,22.877081],[81.856346,22.89086],[81.860008,22.915001],[81.88028,22.919861],[81.923447,22.95118],[81.940247,22.95709],[81.937012,23.0033],[81.919418,23.03668],[81.923943,23.058298],[81.937866,23.069601],[81.979973,23.085543],[82.00219,23.078409],[82.016167,23.07933],[82.03952,23.091511],[82.061371,23.11594],[82.115883,23.1038],[82.129242,23.114031],[82.132767,23.13162],[82.153763,23.158041],[82.140106,23.163721],[82.136986,23.182798],[82.142929,23.22238],[82.153717,23.24597],[82.189461,23.28459],[82.189987,23.311531],[82.184288,23.326891],[82.158081,23.333321],[82.137833,23.361841],[82.118446,23.354481],[82.107887,23.358471],[82.098763,23.394691],[82.053963,23.39049],[82.045738,23.377871],[82.029419,23.38755],[82.020393,23.3843],[82.01429,23.393511],[82.018417,23.42112],[81.999527,23.412811],[81.987396,23.419519],[81.975891,23.415571],[81.968216,23.450361],[81.947029,23.475481],[81.916359,23.532091],[81.903923,23.535089],[81.862236,23.51387],[81.834106,23.512161],[81.812576,23.51763],[81.811508,23.53067],[81.801277,23.54776],[81.756386,23.552521],[81.747963,23.56538],[81.729233,23.5651],[81.710342,23.541241],[81.687447,23.52445],[81.662033,23.532438],[81.64399,23.50012],[81.631096,23.491741],[81.617218,23.494869],[81.605217,23.510889],[81.606651,23.54497],[81.575508,23.55871],[81.569733,23.58865],[81.580246,23.59679],[81.602676,23.600033],[81.618492,23.661381],[81.646408,23.66321],[81.67321,23.693432],[81.68689,23.72262],[81.672096,23.740021],[81.674088,23.753971],[81.638168,23.77479],[81.643623,23.798891],[81.630539,23.830811],[81.605827,23.838209],[81.598442,23.85368],[81.598343,23.86422],[81.614853,23.87277],[81.59758,23.886242],[81.614449,23.908279],[81.664917,23.922079],[81.697388,23.885962],[81.702972,23.87285],[81.723007,23.85898],[81.721413,23.849072],[81.726852,23.84096],[81.787483,23.81193],[81.805641,23.810438],[81.852936,23.82432],[81.898071,23.848289],[81.909836,23.8641],[81.931648,23.86791],[81.940048,23.857771],[81.992149,23.86264],[82.032516,23.845079],[82.031006,23.8319],[82.042343,23.824961],[82.072021,23.81978],[82.165253,23.820751],[82.172493,23.83791],[82.206871,23.844042],[82.200966,23.834539],[82.226143,23.806932],[82.24855,23.819799],[82.271217,23.818691],[82.295113,23.80855],[82.307159,23.811163],[82.402969,23.802778],[82.460022,23.811399],[82.482689,23.79752],[82.491753,23.785707],[82.516197,23.784231],[82.540268,23.791201],[82.543991,23.80282],[82.529106,23.8216],[82.585983,23.822861],[82.631256,23.846331],[82.64064,23.85803],[82.652023,23.856501],[82.657959,23.865582],[82.654739,23.90629],[82.677086,23.909821],[82.689003,23.919531],[82.706673,23.92462],[82.7481,23.922281],[82.753777,23.935881],[82.807777,23.963058],[82.798721,23.97662],[82.801468,24.001062],[82.745888,24.013111],[82.743141,24.03488],[82.766258,24.077868],[82.705223,24.08573],[82.657387,24.134798],[82.670853,24.15847],[82.720367,24.13899],[82.736137,24.16835],[82.726997,24.223261],[82.743317,24.231611],[82.757057,24.2757],[82.763268,24.34243],[82.756889,24.37594],[82.734787,24.37118],[82.707161,24.38518],[82.719368,24.421631],[82.732712,24.432741],[82.726021,24.46084],[82.73378,24.48724],[82.714149,24.5362],[82.71611,24.55714],[82.800766,24.552681],[82.785423,24.59951],[82.762978,24.604811],[82.7658,24.64163],[82.727463,24.646473],[82.702072,24.642113],[82.693459,24.661579],[82.692307,24.680229],[82.657928,24.700397],[82.573967,24.663],[82.523987,24.657141],[82.501297,24.67841],[82.464027,24.680071],[82.420151,24.705252],[82.406799,24.674419],[82.408966,24.649561],[82.403648,24.63098],[82.414566,24.606392],[82.393593,24.5975],[82.35392,24.604471],[82.33506,24.62295],[82.29834,24.612421],[82.296417,24.670012],[82.281738,24.671741],[82.263367,24.686411],[82.253052,24.666092],[82.235519,24.67639],[82.229927,24.66964],[82.234001,24.696569],[82.24395,24.716381],[82.24366,24.775751],[82.238373,24.75441],[82.223389,24.764179],[82.199486,24.752069],[82.216049,24.736151],[82.202606,24.740789],[82.172882,24.739571],[82.194038,24.78326],[82.204933,24.785509],[82.201363,24.800652],[82.181297,24.80085],[82.191269,24.81772],[82.162811,24.804981],[82.159393,24.792261],[82.128922,24.799763],[82.107788,24.79368],[82.100006,24.80995],[82.081871,24.822111],[82.056488,24.828079],[82.024277,24.844631],[81.991547,24.8465],[81.964981,24.841421],[81.957176,24.83213],[81.93177,24.856491],[81.923668,24.87627],[81.910103,24.88044],[81.896446,24.892509],[81.909622,24.937149],[81.898346,24.975321],[81.898468,25.009621],[81.888229,25.010981],[81.89402,25.00346],[81.887726,24.993401],[81.881386,24.999493],[81.84938,25.00601],[81.834976,25.018282],[81.789223,25.010139],[81.732391,25.04871],[81.713387,25.04006],[81.685539,25.042183],[81.683067,25.056763],[81.656502,25.078621],[81.632011,25.06148],[81.617256,25.057121],[81.602722,25.063042],[81.608551,25.063311],[81.593796,25.0798],[81.63166,25.10148],[81.625343,25.117811],[81.616753,25.12262],[81.601227,25.10021],[81.602303,25.11751],[81.594147,25.129513],[81.599182,25.13983],[81.618927,25.14909],[81.617371,25.163898],[81.610001,25.173653],[81.607033,25.168051],[81.581779,25.16827],[81.585609,25.186621],[81.566399,25.195749],[81.548767,25.18865],[81.50779,25.184971],[81.510742,25.173681],[81.528847,25.161331],[81.525177,25.147532],[81.515663,25.14534],[81.500633,25.152849],[81.484528,25.13435],[81.474693,25.138121],[81.472046,25.133039],[81.48172,25.117321],[81.503197,25.110519],[81.502869,25.101721],[81.481186,25.075903],[81.465393,25.081841],[81.458862,25.092991],[81.400848,25.107771],[81.406891,25.112019],[81.435463,25.111038],[81.438568,25.114],[81.430222,25.133631],[81.400208,25.133801],[81.406242,25.1234],[81.397537,25.1217],[81.384369,25.13508],[81.366882,25.13744],[81.350899,25.163919],[81.319641,25.16806],[81.310966,25.14896],[81.322212,25.120729],[81.313026,25.117411],[81.304291,25.14529],[81.304871,25.167459],[81.271431,25.16894],[81.273903,25.158369],[81.259743,25.141182],[81.258179,25.123632],[81.248123,25.111738],[81.262222,25.07283],[81.256027,25.055719],[81.220238,25.00724],[81.204826,25.00281],[81.212303,24.977741],[81.204079,24.962841],[81.204376,24.95048],[81.211487,24.93623],[81.195793,24.929008],[81.19828,24.93405],[81.180626,24.949459],[81.169678,24.956751],[81.159561,24.954733],[81.152313,24.916281],[81.140083,24.916439],[81.134239,24.893841],[81.0895,24.92448],[81.076416,24.952261],[81.047157,24.9552],[81.023201,24.952351],[81.02079,24.946079],[81.009529,24.954321],[81.01799,24.935541],[81.011887,24.933243],[80.996727,24.93959],[80.98101,24.929661],[80.97226,24.939602],[80.955231,24.925711],[80.952217,24.942881],[80.943863,24.950701],[80.944847,24.96801],[80.933746,24.97011],[80.894318,24.953899],[80.902786,24.940161],[80.881233,24.9482],[80.856613,24.935951],[80.8022,24.94446],[80.789948,24.96718],[80.798798,24.974892],[80.818642,24.973631],[80.85025,25.003141],[80.829117,25.02998],[80.841133,25.051279],[80.870651,25.071051],[80.86425,25.08816],[80.872986,25.10257],[80.864983,25.12365],[80.904922,25.160311],[80.869537,25.18866],[80.860367,25.19059],[80.836281,25.19268],[80.84111,25.175253],[80.827698,25.11031],[80.818642,25.13055],[80.797867,25.14624],[80.786133,25.13796],[80.776657,25.14484],[80.738098,25.1346],[80.723053,25.148783],[80.699638,25.13715],[80.707466,25.127432],[80.725372,25.122883],[80.720497,25.101393],[80.752052,25.095409],[80.78138,25.069561],[80.765953,25.06114],[80.744102,25.06233],[80.727203,25.071821],[80.673569,25.054171],[80.671921,25.064569],[80.677887,25.073101],[80.668289,25.086752],[80.66581,25.080191],[80.65374,25.07646],[80.635239,25.097561],[80.617836,25.09366],[80.601357,25.104408],[80.618752,25.11808],[80.631233,25.119801],[80.624962,25.137671],[80.608337,25.13295],[80.605789,25.149281],[80.594589,25.155241],[80.590759,25.13158],[80.601448,25.12281],[80.587776,25.1091],[80.607307,25.07308],[80.578667,25.088263],[80.565628,25.087181],[80.555367,25.070898],[80.546768,25.06797],[80.517319,25.084791],[80.512886,25.09824],[80.494713,25.10494],[80.474716,25.09906],[80.494331,25.092051],[80.498428,25.082571],[80.500198,25.058771],[80.494209,25.045321],[80.470177,25.044691],[80.455933,25.07382],[80.444206,25.068171],[80.444283,25.081291],[80.435097,25.08098],[80.429512,25.07254],[80.40992,25.076719],[80.402687,25.060951],[80.394127,25.072021],[80.367249,25.058861],[80.364067,25.04772],[80.379066,25.044401],[80.371773,25.032761],[80.380882,25.027658],[80.38739,25.012421],[80.358849,25.026079],[80.324913,25.003071],[80.315643,25.003269],[80.266937,25.030243],[80.287636,25.066891],[80.310516,25.081951],[80.313271,25.101171],[80.344116,25.12492],[80.351288,25.144901],[80.423698,25.174143],[80.401657,25.220951],[80.382942,25.241951],[80.362892,25.24683],[80.340973,25.278601],[80.312012,25.28215],[80.302673,25.296961],[80.311737,25.334209],[80.302628,25.35828],[80.313248,25.372259],[80.309052,25.39184],[80.289642,25.41272],[80.26123,25.42618],[80.245186,25.40489],[80.214027,25.40423],[80.193916,25.416231],[80.182617,25.381519],[80.15918,25.377649],[80.153152,25.362801],[80.119133,25.342699],[80.093376,25.35383],[80.054863,25.341299],[80.024193,25.344591],[80.012657,25.330111],[80.008331,25.300678],[79.992203,25.28525],[79.996727,25.26865],[79.93438,25.26487],[79.932571,25.25032],[79.913452,25.23344],[79.902397,25.25692],[79.886627,25.24641],[79.865959,25.24682],[79.85099,25.24157],[79.84523,25.236551],[79.861366,25.220951],[79.854118,25.210421],[79.86483,25.144993],[79.847672,25.13339],[79.842682,25.116331],[79.855896,25.098501],[79.831291,25.09811],[79.823273,25.106409],[79.769218,25.125259],[79.751106,25.140661],[79.739578,25.14296],[79.717766,25.13382],[79.676598,25.13699],[79.666168,25.127121],[79.597878,25.131432],[79.602791,25.153843],[79.590523,25.146801],[79.576256,25.157051],[79.565521,25.177551],[79.542747,25.160551],[79.52858,25.138012],[79.51796,25.131229],[79.515358,25.101042],[79.50016,25.099201],[79.491127,25.084883],[79.482437,25.08511],[79.468376,25.134451],[79.444786,25.113091],[79.430672,25.108061],[79.431137,25.135401],[79.415123,25.139099],[79.418396,25.13352],[79.409187,25.11566],[79.393173,25.11615],[79.382126,25.145931],[79.383873,25.17028],[79.404213,25.19441],[79.409576,25.208761],[79.432137,25.20278],[79.442398,25.220951],[79.432976,25.236],[79.45919,25.269451],[79.489738,25.26564],[79.475212,25.279171],[79.453072,25.28256],[79.431213,25.25955],[79.401222,25.26236],[79.388611,25.286249],[79.369751,25.2941],[79.361687,25.264271],[79.351097,25.269951],[79.343086,25.290421],[79.331047,25.29278],[79.341492,25.30769],[79.333733,25.332581],[79.294083,25.339371],[79.267601,25.31875],[79.256012,25.291719],[79.261963,25.267731],[79.271111,25.266502],[79.286461,25.281071],[79.303917,25.265402],[79.318733,25.263071],[79.334541,25.275711],[79.344528,25.264299],[79.339531,25.22809],[79.329117,25.2299],[79.343376,25.20999],[79.325783,25.210812],[79.324333,25.22257],[79.313393,25.219551],[79.284012,25.2465],[79.273911,25.2465],[79.281487,25.22714],[79.278023,25.21064],[79.283516,25.189461],[79.301888,25.175341],[79.314537,25.151878],[79.303223,25.133329],[79.282181,25.13352],[79.25808,25.12402],[79.259201,25.153273],[79.245842,25.161961],[79.21965,25.15457],[79.223991,25.143181],[79.24353,25.140791],[79.240143,25.12019],[79.234886,25.11746],[79.220108,25.120991],[79.21067,25.11445],[79.197937,25.128189],[79.196716,25.142931],[79.18898,25.149351],[79.166779,25.142349],[79.179878,25.12883],[79.172363,25.118471],[79.129173,25.110769],[79.114822,25.1178],[79.107811,25.1437],[79.119209,25.163441],[79.090576,25.176229],[79.087227,25.18784],[79.064079,25.172491],[79.054558,25.14887],[79.038887,25.13723],[79.021767,25.14319],[79.035782,25.173901],[79.025726,25.18259],[79.056442,25.22571],[79.026482,25.234671],[79.029373,25.24934],[79.01162,25.249331],[79.014313,25.27103],[78.992653,25.277731],[78.973312,25.253681],[78.995003,25.232281],[79.000359,25.216051],[78.995811,25.195938],[78.982407,25.19915],[78.963921,25.219431],[78.94236,25.218363],[78.915291,25.202591],[78.900642,25.180538],[78.873932,25.163271],[78.867386,25.18996],[78.880119,25.205898],[78.872177,25.25079],[78.884567,25.247231],[78.9086,25.274361],[78.93644,25.262678],[78.948387,25.265911],[78.943787,25.280071],[78.964699,25.283871],[78.952797,25.311878],[78.952858,25.349871],[78.927612,25.331711],[78.92453,25.341928],[78.876518,25.34446],[78.87307,25.33083],[78.856438,25.316959],[78.867638,25.30135],[78.87059,25.284868],[78.852882,25.25885],[78.844627,25.23111],[78.823677,25.25108],[78.806351,25.279461],[78.811676,25.299841],[78.793289,25.2931],[78.783249,25.297611],[78.791939,25.314793],[78.814568,25.310961],[78.840263,25.33185],[78.845413,25.338671],[78.837738,25.352173],[78.874748,25.387659],[78.901077,25.389259],[78.915413,25.39963],[78.943413,25.40312],[78.94725,25.393181],[78.926369,25.37734],[78.892456,25.375298],[78.906387,25.36338],[78.938713,25.352831],[78.974472,25.372561],[78.975807,25.388691],[78.96553,25.41148],[78.962486,25.436359],[78.942589,25.441702],[78.929131,25.428329],[78.906311,25.450451],[78.92746,25.465691],[78.936127,25.487782],[78.916382,25.52075],[78.932243,25.524351],[78.943817,25.54092],[78.93074,25.559721],[78.913322,25.545521],[78.89679,25.559391],[78.881096,25.56019],[78.868408,25.54418],[78.876007,25.524321],[78.841202,25.51807],[78.828323,25.509981],[78.846039,25.491383],[78.85717,25.46714],[78.845337,25.444971],[78.830978,25.432032],[78.813873,25.446308],[78.832687,25.447653],[78.845749,25.45439],[78.789528,25.483513],[78.756546,25.476151],[78.73175,25.50065],[78.727669,25.458731],[78.748123,25.448441],[78.759972,25.430561],[78.795288,25.441328],[78.812912,25.430428],[78.745407,25.415541],[78.740303,25.40307],[78.758636,25.404091],[78.758888,25.39352],[78.753029,25.391951],[78.761223,25.38216],[78.765327,25.360441],[78.749786,25.352119],[78.709442,25.354321],[78.699821,25.381701],[78.692757,25.387739],[78.68718,25.380632],[78.65593,25.392172],[78.652046,25.413141],[78.659302,25.418371],[78.684486,25.416012],[78.699837,25.432301],[78.68576,25.44779],[78.677513,25.43973],[78.657967,25.44383],[78.632507,25.43301],[78.633797,25.409521],[78.619217,25.40704],[78.603493,25.41707],[78.591637,25.39654],[78.578903,25.390091],[78.563446,25.397921],[78.560097,25.38205],[78.574402,25.382231],[78.578903,25.355318],[78.556023,25.34861],[78.528061,25.365881],[78.524803,25.35475],[78.538933,25.320393],[78.525078,25.30653],[78.505112,25.302111],[78.494926,25.32069],[78.456802,25.299341],[78.435173,25.302521],[78.428711,25.28083],[78.454033,25.270601],[78.500809,25.288248],[78.520851,25.288038],[78.528496,25.274509],[78.552376,25.27088],[78.568581,25.25861],[78.562546,25.23867],[78.564568,25.220961],[78.595978,25.148581],[78.59668,25.103451],[78.629486,25.08243],[78.639412,25.066372],[78.635109,25.00433],[78.622047,24.964901],[78.642517,24.950291],[78.642181,24.93977],[78.67543,24.89854],[78.696342,24.894661],[78.731636,24.872341],[78.761353,24.862951],[78.78054,24.814972],[78.763199,24.76676],[78.773087,24.711651],[78.740578,24.656071],[78.747978,24.637051],[78.749466,24.60498],[78.776901,24.59309],[78.801826,24.607828],[78.830849,24.608891],[78.839058,24.62822],[78.852402,24.620941],[78.862808,24.641121],[78.881721,24.6397],[78.908501,24.58881],[78.942993,24.557878],[78.944168,24.509508],[78.963409,24.502041],[78.963913,24.49378],[78.943138,24.48488],[78.923347,24.4884],[78.924362,24.499081],[78.913811,24.500841],[78.900887,24.48358],[78.912796,24.463511],[78.940659,24.44598],[78.981987,24.447241],[78.987778,24.427971],[78.967171,24.373583],[78.96814,24.356951],[78.90773,24.29487],[78.91172,24.276501],[78.879097,24.254011],[78.88105,24.228889],[78.862831,24.214041],[78.838768,24.21468],[78.824257,24.2013],[78.816383,24.208651],[78.809082,24.204651],[78.802246,24.1819],[78.784599,24.185141],[78.776253,24.21002],[78.767746,24.217779],[78.756683,24.259729],[78.749771,24.24074],[78.740852,24.24017],[78.73526,24.25178],[78.721107,24.24122],[78.707123,24.23877],[78.669121,24.24502],[78.657799,24.268051],[78.639236,24.2862],[78.626022,24.286463],[78.61734,24.296122],[78.62281,24.309851],[78.604782,24.315741],[78.593643,24.339361],[78.574898,24.35935],[78.556892,24.361191],[78.525116,24.377138],[78.514557,24.390558],[78.498192,24.39278],[78.475327,24.36743],[78.470772,24.343382],[78.433502,24.31341],[78.426483,24.29018],[78.41449,24.288841],[78.403267,24.275473],[78.38237,24.27393],[78.373001,24.28636],[78.344536,24.303289],[78.325432,24.33437],[78.362572,24.378151],[78.358856,24.38719],[78.315201,24.412849],[78.26075,24.453939],[78.269623,24.476183],[78.2379,24.493582],[78.240173,24.509581],[78.219719,24.522779],[78.224182,24.54134],[78.255318,24.552299],[78.269852,24.615381],[78.258476,24.6378],[78.267899,24.663521],[78.250786,24.70557],[78.22039,24.74737],[78.223877,24.783001],[78.186897,24.84281],[78.165329,24.848171],[78.163322,24.870993],[78.170448,24.885269],[78.199738,24.896231],[78.213913,24.915571],[78.252449,24.939501],[78.262711,24.9526],[78.327538,24.999559],[78.337517,25.02079],[78.327179,25.067911],[78.326759,25.086882],[78.332657,25.093243],[78.366997,25.104521],[78.389687,25.126991],[78.410728,25.12923],[78.430977,25.124481],[78.420898,25.15764],[78.442848,25.157881],[78.443947,25.17256],[78.435112,25.170361],[78.409027,25.18203],[78.384277,25.199331],[78.383949,25.206001],[78.397758,25.217751],[78.381088,25.22381],[78.368889,25.241661],[78.35453,25.24608],[78.362221,25.26543],[78.345161,25.297941],[78.316452,25.304581],[78.310577,25.316158],[78.327827,25.32761],[78.32756,25.346451],[78.316269,25.359619],[78.294228,25.36762],[78.303406,25.38479],[78.332489,25.404551],[78.336563,25.43499],[78.349258,25.455791],[78.366142,25.446318],[78.38089,25.450451],[78.391899,25.468849],[78.416466,25.477503],[78.419479,25.490541],[78.408638,25.507999],[78.415298,25.521391],[78.409973,25.53772],[78.429337,25.56386],[78.44915,25.55274],[78.481087,25.580433],[78.536049,25.56687],[78.57608,25.565289],[78.597992,25.575611],[78.605736,25.588873],[78.62133,25.58218],[78.628838,25.569],[78.706589,25.603279],[78.732841,25.60306],[78.794548,25.61755],[78.806427,25.63303],[78.810608,25.665062],[78.792557,25.70717],[78.76075,25.720791],[78.745796,25.73802],[78.751282,25.752701],[78.765823,25.758911],[78.799553,25.79936],[78.811699,25.799141],[78.824081,25.80761],[78.822273,25.815228],[78.807663,25.81152],[78.798859,25.818211],[78.815826,25.831141],[78.841797,25.816801],[78.84362,25.80131],[78.861923,25.799198],[78.866463,25.82963],[78.846222,25.83876],[78.850517,25.86561],[78.863586,25.874672],[78.883453,25.87492],[78.885117,25.89286],[78.876381,25.915661],[78.915329,25.949369],[78.929527,25.94936],[78.925827,25.958893],[78.931137,25.976311],[78.924591,25.98431],[78.936218,25.985319],[78.943886,25.99324],[78.94619,26.031073],[78.986023,26.07608],[78.999153,26.077091],[79.002197,26.086601],[79.000496,26.09671],[78.97184,26.1087],[78.969223,26.123442],[78.945763,26.141062],[78.96534,26.155781],[78.989662,26.150709],[79.000717,26.15498],[79.003403,26.172958],[78.975746,26.19281],[78.984039,26.20067],[79.014946,26.19747],[79.010391,26.20278],[79.020706,26.209673],[79.017143,26.232168],[79.055267,26.232389],[79.058441,26.25391],[79.048927,26.253691],[79.042198,26.25996],[79.053276,26.2796],[79.075531,26.28713],[79.077202,26.2736],[79.086357,26.28367],[79.093849,26.311941],[79.108757,26.30862],[79.126587,26.316031],[79.11573,26.328491],[79.127312,26.33349],[79.132576,26.34276],[79.095177,26.359819],[79.084213,26.359713],[79.079247,26.372881],[79.088493,26.383133],[79.080727,26.4055],[79.09269,26.416149],[79.114899,26.415588],[79.124008,26.44552],[79.092873,26.4573],[79.089432,26.45093],[79.074173,26.445568],[79.046761,26.457861],[79.064339,26.486841],[79.060936,26.5033],[79.05088,26.500771],[79.041023,26.52276],[79.031296,26.524771],[79.01963,26.541441],[79.017242,26.55213],[78.99575,26.554111],[79.006737,26.5578],[78.993538,26.5788],[78.979523,26.58157],[78.982117,26.594179],[79.005661,26.61047],[79.00309,26.626659],[78.988991,26.651421],[78.998146,26.66662],[78.997322,26.68099],[78.987289,26.686041],[78.969658,26.680571],[78.943703,26.661051],[78.935791,26.667931],[78.950157,26.69404],[78.912788,26.710381],[78.864929,26.70467],[78.798683,26.769112],[78.76638,26.76454],[78.749046,26.784401],[78.73597,26.78898],[78.722939,26.779343],[78.720337,26.792742],[78.690071,26.796028],[78.650368,26.76973],[78.615692,26.7719],[78.606461,26.757521],[78.565849,26.75769],[78.515572,26.78511],[78.466316,26.793411],[78.44558,26.803431],[78.425873,26.832319],[78.38974,26.8249],[78.364647,26.868841]]]},"properties":{"name":"Madhya Pradesh","type":"State"}},
{"type":"Feature","geometry":{"type":"MultiPolygon","coordinates":[[[[73.460136,16.045694],[73.457077,16.04071],[73.46125,16.038752],[73.460136,16.045694]]],[[[72.901527,18.964312],[72.899582,18.940969],[72.90403,18.957085],[72.908752,18.953192],[72.901527,18.964312]]],[[[72.939026,18.972361],[72.924309,18.963472],[72.934029,18.95208],[72.941803,18.965219],[72.939026,18.972361]]],[[[72.731247,19.468472],[72.726524,19.467085],[72.732918,19.457361],[72.736252,19.465691],[72.731247,19.468472]]],[[[74.435547,22.030998],[74.406517,22.024401],[74.383667,22.011751],[74.37664,22.00004],[74.374962,21.997671],[74.373108,21.995491],[74.370697,21.993919],[74.367783,21.99291],[74.365311,21.991442],[74.363426,21.98929],[74.361809,21.986891],[74.360191,21.984463],[74.358421,21.982201],[74.356262,21.980289],[74.353783,21.978691],[74.351143,21.977291],[74.34845,21.976],[74.345558,21.97522],[74.342583,21.97492],[74.339577,21.974709],[74.336601,21.97455],[74.333603,21.974411],[74.330582,21.97427],[74.327583,21.974121],[74.324593,21.973921],[74.321587,21.97365],[74.318573,21.973421],[74.315552,21.973101],[74.312607,21.972618],[74.309761,21.971861],[74.306999,21.97069],[74.304398,21.969179],[74.30204,21.96744],[74.300301,21.965219],[74.299103,21.96257],[74.29808,21.959921],[74.297211,21.957218],[74.29657,21.954491],[74.296211,21.951698],[74.295937,21.948891],[74.295593,21.946098],[74.295021,21.9433],[74.294258,21.940559],[74.292908,21.938061],[74.290649,21.93606],[74.287796,21.93548],[74.284866,21.93508],[74.281906,21.93474],[74.278931,21.93446],[74.275917,21.934231],[74.272888,21.934019],[74.26989,21.933809],[74.266853,21.933598],[74.26384,21.933361],[74.260857,21.933071],[74.257858,21.93273],[74.25489,21.93231],[74.25193,21.931829],[74.248962,21.931341],[74.246033,21.930841],[74.243042,21.930389],[74.240097,21.929991],[74.237106,21.929661],[74.234123,21.929701],[74.231087,21.92996],[74.228096,21.93001],[74.225136,21.929588],[74.222198,21.929001],[74.219276,21.92832],[74.21637,21.927591],[74.213432,21.92688],[74.210518,21.926241],[74.207581,21.925718],[74.204643,21.925411],[74.201637,21.925529],[74.198631,21.92597],[74.195671,21.926519],[74.192688,21.927111],[74.189743,21.9279],[74.187088,21.929108],[74.184807,21.930841],[74.182732,21.93292],[74.180809,21.935141],[74.178932,21.937351],[74.177353,21.93976],[74.175636,21.942053],[74.173439,21.943981],[74.170952,21.94558],[74.168396,21.947041],[74.165787,21.948462],[74.163162,21.94985],[74.160507,21.95117],[74.157806,21.95241],[74.155006,21.953348],[74.152023,21.953861],[74.14904,21.954031],[74.146019,21.95406],[74.056427,21.926411],[73.936363,21.86315],[73.841522,21.838501],[73.810516,21.823338],[73.827599,21.811939],[73.844963,21.790682],[73.846359,21.742001],[73.885048,21.71443],[73.896362,21.700281],[73.891266,21.65151],[73.838547,21.63538],[73.800133,21.63464],[73.789528,21.620911],[73.818451,21.602331],[73.845032,21.521568],[73.860786,21.495823],[73.880203,21.507891],[73.897072,21.506042],[73.910477,21.52017],[73.930992,21.522991],[73.957283,21.516472],[73.966316,21.53907],[73.974457,21.52408],[73.987541,21.522409],[73.983521,21.542042],[74.025558,21.55262],[74.054298,21.55217],[74.073181,21.55953],[74.135201,21.556881],[74.145828,21.550341],[74.163017,21.559601],[74.181831,21.561769],[74.204216,21.529249],[74.22834,21.5389],[74.238106,21.550119],[74.255836,21.536119],[74.270111,21.535631],[74.276512,21.5478],[74.292618,21.558981],[74.304092,21.560431],[74.30806,21.567053],[74.316658,21.542591],[74.332741,21.541161],[74.328217,21.497561],[74.313408,21.48962],[74.307762,21.48012],[74.266541,21.47402],[74.255638,21.463331],[74.244301,21.464911],[74.240593,21.475559],[74.22905,21.479601],[74.223747,21.477261],[74.223587,21.460567],[74.218689,21.45895],[74.200912,21.4597],[74.185539,21.467022],[74.154503,21.453341],[74.143181,21.455931],[74.14077,21.46249],[74.128922,21.46352],[74.123329,21.46171],[74.122459,21.450701],[74.110977,21.448101],[74.103729,21.45389],[74.080017,21.457203],[74.068916,21.48107],[74.055656,21.45224],[74.048546,21.41943],[74.014069,21.41703],[73.977417,21.39497],[73.955627,21.390011],[73.957008,21.344452],[73.950157,21.30805],[73.933586,21.28533],[73.884323,21.26263],[73.832138,21.26745],[73.836349,21.24234],[73.820137,21.221861],[73.818779,21.203859],[73.834053,21.197191],[73.830482,21.184393],[73.81794,21.171438],[73.802536,21.178572],[73.779663,21.164553],[73.740761,21.160398],[73.746033,21.14761],[73.736687,21.138281],[73.68943,21.151161],[73.671509,21.14514],[73.637451,21.153139],[73.613846,21.167971],[73.609917,21.17668],[73.588303,21.1679],[73.588799,21.15419],[73.612587,21.152191],[73.623596,21.137991],[73.645462,21.122959],[73.678902,21.109251],[73.74337,21.10825],[73.739067,21.094839],[73.744133,21.081671],[73.742188,21.0555],[73.763,21.038641],[73.773926,21.02162],[73.81208,21.01066],[73.820503,20.995041],[73.840782,20.993139],[73.853767,20.999111],[73.911163,20.97543],[73.911232,20.962353],[73.895096,20.946522],[73.903961,20.925369],[73.924438,20.90284],[73.933731,20.844971],[73.947609,20.829399],[73.940193,20.808861],[73.940567,20.76886],[73.949532,20.74231],[73.927567,20.73044],[73.881943,20.726879],[73.863602,20.6943],[73.833626,20.69961],[73.825432,20.673618],[73.845352,20.66707],[73.833908,20.61412],[73.792732,20.604311],[73.779976,20.59186],[73.737663,20.57399],[73.692436,20.57535],[73.676178,20.564159],[73.661858,20.565741],[73.647102,20.577499],[73.636772,20.57929],[73.625946,20.621111],[73.602753,20.637861],[73.553658,20.655331],[73.530403,20.67312],[73.507881,20.658649],[73.495476,20.662691],[73.489189,20.678501],[73.497292,20.68602],[73.480499,20.71965],[73.453697,20.71047],[73.454529,20.68605],[73.443573,20.677999],[73.435516,20.662373],[73.403648,20.65237],[73.415123,20.628059],[73.430786,20.620531],[73.4375,20.597471],[73.468559,20.58877],[73.483727,20.57843],[73.493271,20.5422],[73.472267,20.51405],[73.469833,20.492331],[73.449013,20.4667],[73.42289,20.41433],[73.409523,20.401348],[73.395508,20.39802],[73.391579,20.37289],[73.403107,20.3818],[73.414787,20.381571],[73.436943,20.282122],[73.423141,20.273689],[73.42041,20.257],[73.429916,20.20623],[73.398079,20.196001],[73.395287,20.209169],[73.376328,20.20532],[73.374313,20.192659],[73.367607,20.2094],[73.361786,20.211988],[73.354813,20.199621],[73.314163,20.20767],[73.294876,20.196211],[73.290733,20.177351],[73.293633,20.153881],[73.268463,20.13929],[73.261292,20.125591],[73.236679,20.129723],[73.232643,20.1406],[73.230331,20.12816],[73.216316,20.122],[73.213936,20.090641],[73.198036,20.07781],[73.1838,20.052299],[73.170227,20.065601],[73.144493,20.07786],[73.126122,20.078091],[73.078232,20.09527],[73.059212,20.06793],[73.038528,20.078098],[73.019547,20.105021],[73.01667,20.130491],[73.010513,20.140223],[73.006653,20.12125],[72.989243,20.113213],[72.973228,20.1308],[72.986687,20.17131],[72.975922,20.189598],[72.960823,20.214041],[72.910866,20.226061],[72.871887,20.222561],[72.864388,20.20863],[72.846138,20.203569],[72.849052,20.190943],[72.834641,20.18577],[72.834167,20.149731],[72.826042,20.14628],[72.809128,20.1518],[72.801483,20.147118],[72.805199,20.12701],[72.741066,20.13596],[72.737358,20.13542],[72.738197,20.114584],[72.72625,20.082081],[72.711533,20.079309],[72.707916,20.070141],[72.721527,19.999031],[72.716248,19.972361],[72.733192,19.960701],[72.73764,19.94458],[72.753197,19.943201],[72.755417,19.935421],[72.753746,19.927919],[72.754028,19.93903],[72.749863,19.942362],[72.733467,19.94375],[72.730415,19.958471],[72.719856,19.968472],[72.707916,19.968203],[72.689583,19.95764],[72.68264,19.944305],[72.664581,19.933472],[72.677635,19.91625],[72.681252,19.865417],[72.670692,19.852083],[72.662918,19.850971],[72.651253,19.85792],[72.654861,19.84403],[72.650696,19.839581],[72.659584,19.820694],[72.679863,19.81292],[72.68708,19.795141],[72.688469,19.805695],[72.695686,19.804861],[72.689583,19.802919],[72.685692,19.760139],[72.693192,19.73625],[72.707352,19.733191],[72.71875,19.754583],[72.70903,19.727922],[72.693748,19.729313],[72.709587,19.70764],[72.706253,19.68236],[72.712906,19.644581],[72.728195,19.623472],[72.730698,19.600691],[72.737358,19.597643],[72.712639,19.59597],[72.720703,19.565418],[72.719017,19.538471],[72.72403,19.539305],[72.724586,19.531803],[72.736526,19.526529],[72.742363,19.515417],[72.763191,19.50514],[72.772919,19.50486],[72.783195,19.515694],[72.78347,19.525972],[72.775406,19.526529],[72.785973,19.526812],[72.784584,19.515139],[72.778748,19.508751],[72.780136,19.491253],[72.744583,19.462101],[72.765694,19.393194],[72.758186,19.374861],[72.799026,19.330971],[72.793198,19.310429],[72.784859,19.303753],[72.783195,19.279306],[72.778473,19.278475],[72.784309,19.265972],[72.77597,19.222082],[72.781517,19.215139],[72.779587,19.207359],[72.785973,19.203472],[72.782364,19.193195],[72.793472,19.195692],[72.792358,19.204308],[72.803474,19.216806],[72.798752,19.223192],[72.805138,19.22097],[72.819305,19.235971],[72.820419,19.245419],[72.836525,19.251249],[72.834587,19.260691],[72.839302,19.267361],[72.835136,19.260695],[72.839302,19.250416],[72.828476,19.24597],[72.811249,19.214308],[72.797363,19.199862],[72.794861,19.172916],[72.780136,19.16625],[72.788757,19.150419],[72.78653,19.129305],[72.793472,19.12986],[72.795135,19.140694],[72.802361,19.14403],[72.798187,19.15597],[72.804306,19.15097],[72.829033,19.177361],[72.827637,19.183472],[72.830139,19.180971],[72.829308,19.165972],[72.81514,19.157921],[72.803467,19.141533],[72.820686,19.122919],[72.82653,19.095419],[72.826248,19.07819],[72.821526,19.077639],[72.823471,19.05514],[72.815971,19.04236],[72.824303,19.03764],[72.823753,19.042084],[72.835693,19.049311],[72.837906,19.032923],[72.82653,19.018471],[72.820137,19.017916],[72.814583,19.027082],[72.810692,18.98847],[72.814026,18.98181],[72.802086,18.971251],[72.792084,18.939859],[72.808197,18.954861],[72.822906,18.943201],[72.818474,18.925694],[72.825417,18.91958],[72.816528,18.918472],[72.813469,18.911528],[72.808197,18.914871],[72.803749,18.908472],[72.808197,18.890696],[72.833191,18.921249],[72.839577,18.919861],[72.844864,18.924862],[72.840141,18.922359],[72.83847,18.928471],[72.84153,18.932083],[72.844017,18.929029],[72.850418,18.972086],[72.855415,18.974306],[72.85125,18.977362],[72.86068,18.981531],[72.857086,18.992081],[72.86264,19.003195],[72.885414,19.008192],[72.885971,18.99958],[72.902916,18.99708],[72.906525,18.990694],[72.907364,18.999584],[72.919029,19.000139],[72.954857,19.027081],[72.962357,19.057919],[72.975983,19.061531],[72.99292,19.059032],[72.998192,19.04903],[73.004028,19.027639],[73.002907,19.00153],[73.015976,18.99847],[73.029289,19.00209],[73.032364,18.998196],[73.027359,18.98875],[73.017349,18.986811],[73.016251,18.980143],[72.996239,18.96847],[72.984863,18.969864],[72.980972,18.963194],[72.955414,18.973473],[72.954857,18.963751],[72.947639,18.952642],[72.948753,18.962084],[72.939583,18.945972],[72.961517,18.92264],[72.957085,18.907919],[72.942085,18.908751],[72.940697,18.896528],[72.929031,18.910973],[72.917358,18.910139],[72.916252,18.904585],[72.90847,18.902363],[72.90847,18.885416],[72.923187,18.865419],[72.926247,18.85125],[72.945129,18.84597],[72.988472,18.865971],[72.980972,18.852083],[72.982643,18.80958],[72.970413,18.78986],[72.940697,18.827921],[72.916252,18.792643],[72.90625,18.794306],[72.900696,18.803749],[72.888191,18.79875],[72.887642,18.803478],[72.869308,18.804583],[72.863747,18.79347],[72.86792,18.75625],[72.86264,18.743195],[72.864029,18.720139],[72.855141,18.69681],[72.87014,18.640139],[72.88736,18.64097],[72.901253,18.633471],[72.898483,18.62958],[72.897079,18.63542],[72.884865,18.638472],[72.885406,18.626251],[72.905693,18.58625],[72.910141,18.585972],[72.908752,18.579863],[72.928467,18.541811],[72.928749,18.535418],[72.91655,18.52903],[72.904587,18.539305],[72.911247,18.523195],[72.911247,18.503193],[72.904305,18.502085],[72.901253,18.47625],[72.895416,18.472643],[72.894859,18.458191],[72.903473,18.445972],[72.90403,18.42819],[72.909019,18.42181],[72.906525,18.402637],[72.913437,18.393194],[72.925697,18.388472],[72.926247,18.373194],[72.91153,18.367361],[72.917358,18.348471],[72.934586,18.350695],[72.934029,18.342916],[72.942093,18.34375],[72.950417,18.336809],[72.960693,18.31958],[72.955406,18.315969],[72.967361,18.310419],[72.970139,18.299862],[72.981529,18.299305],[72.99292,18.273472],[73.00042,18.284309],[73.01236,18.283749],[73.02153,18.278473],[73.020973,18.269581],[73.02903,18.264305],[73.054863,18.271528],[73.039581,18.294584],[73.043747,18.30514],[73.066803,18.304304],[73.078476,18.314585],[73.084587,18.329861],[73.084587,18.320971],[73.08847,18.323469],[73.082359,18.30097],[73.077637,18.29847],[73.08625,18.288195],[73.076805,18.298195],[73.051247,18.303473],[73.043198,18.299028],[73.052917,18.280416],[73.06292,18.278194],[73.067917,18.270142],[73.061806,18.250416],[73.080139,18.231531],[73.075966,18.200701],[73.059586,18.193474],[73.066803,18.18375],[73.080399,18.17931],[73.082916,18.170141],[73.091248,18.168194],[73.091797,18.162081],[73.08403,18.161251],[73.087082,18.150694],[73.079308,18.162371],[73.072639,18.156811],[73.076813,18.16514],[73.073196,18.16958],[73.068748,18.165409],[73.071526,18.172361],[73.055969,18.186251],[73.05764,18.19903],[73.070419,18.20681],[73.069305,18.222082],[73.017082,18.24542],[73.012642,18.242359],[72.998749,18.248472],[72.981529,18.242081],[72.97403,18.24682],[72.973747,18.262917],[72.964577,18.28014],[72.955139,18.277639],[72.947906,18.285143],[72.935417,18.28153],[72.942642,18.247921],[72.941528,18.234585],[72.930969,18.220417],[72.939316,18.21681],[72.94458,18.222639],[72.955696,18.219591],[72.970139,18.203751],[72.987923,18.194311],[72.979027,18.193474],[72.990143,18.157921],[72.981804,18.137083],[72.97097,18.13208],[72.979309,18.10792],[72.989586,18.10042],[72.997643,18.07653],[73.00264,18.075693],[72.990135,18.054859],[72.994858,18.049583],[73.00486,18.052641],[73.015694,18.032084],[73.025139,18.05014],[73.040413,18.053194],[73.021805,18.039305],[73.030975,18.032084],[73.040413,18.044031],[73.045418,18.041531],[73.040413,18.042919],[73.039017,18.03681],[73.022636,18.02347],[73.014862,18.025694],[73.002083,18.02042],[73.016808,18.006531],[73.018753,17.990417],[73.029861,17.990973],[73.03875,17.982641],[73.03875,17.975702],[73.029305,17.966806],[73.029602,17.944311],[73.041847,17.93236],[73.067093,17.934031],[73.070419,17.92931],[73.091248,17.940695],[73.070137,17.926805],[73.065971,17.93236],[73.062363,17.92819],[73.066803,17.926811],[73.053749,17.929029],[73.055138,17.913471],[73.050713,17.905701],[73.063202,17.89098],[73.075417,17.896252],[73.071251,17.88875],[73.089859,17.844305],[73.102356,17.844313],[73.097076,17.84292],[73.114029,17.834583],[73.126251,17.83625],[73.132919,17.829029],[73.134033,17.824581],[73.124863,17.835972],[73.114861,17.83375],[73.09375,17.841808],[73.087357,17.83819],[73.094856,17.82403],[73.08847,17.808201],[73.095695,17.810972],[73.111809,17.78903],[73.135139,17.716249],[73.135139,17.707916],[73.114029,17.694309],[73.119026,17.671528],[73.135696,17.644583],[73.127357,17.636526],[73.144028,17.601528],[73.168472,17.582081],[73.162102,17.57542],[73.163193,17.56847],[73.155678,17.56708],[73.152359,17.57375],[73.139862,17.567921],[73.13736,17.555696],[73.142639,17.54458],[73.153198,17.538195],[73.154305,17.529305],[73.162102,17.52986],[73.184029,17.50403],[73.193748,17.467361],[73.184029,17.455694],[73.185974,17.441805],[73.205696,17.43903],[73.187637,17.43125],[73.186531,17.414583],[73.167084,17.405138],[73.177086,17.387362],[73.19014,17.384308],[73.192642,17.38875],[73.207642,17.383472],[73.208748,17.371531],[73.21653,17.37014],[73.214027,17.362082],[73.219582,17.35681],[73.214584,17.345694],[73.226517,17.33375],[73.21875,17.329308],[73.229027,17.319309],[73.242638,17.31875],[73.244026,17.307362],[73.22821,17.281813],[73.222359,17.302641],[73.210419,17.304029],[73.204857,17.29875],[73.195694,17.306805],[73.189583,17.29764],[73.202637,17.287361],[73.204018,17.26903],[73.21125,17.275696],[73.223473,17.266529],[73.221802,17.255701],[73.228752,17.250971],[73.223473,17.247641],[73.231529,17.245972],[73.231796,17.233191],[73.235138,17.226805],[73.242638,17.22625],[73.247093,17.21014],[73.245407,17.19681],[73.232635,17.202084],[73.231529,17.197918],[73.252907,17.18903],[73.271248,17.127359],[73.272362,17.119305],[73.266251,17.11236],[73.283249,17.113195],[73.283203,17.07958],[73.29792,17.07847],[73.29792,17.07486],[73.28875,17.07542],[73.287636,17.053471],[73.278473,17.040419],[73.290138,17.04764],[73.287361,17.044306],[73.302917,17.03764],[73.319862,17.03764],[73.313469,17.03764],[73.313751,17.033195],[73.284309,17.040138],[73.280418,17.03208],[73.292923,17.02264],[73.289307,17.006821],[73.289864,17.020971],[73.282639,17.018192],[73.275696,17.025419],[73.277641,17.034031],[73.265976,17.04764],[73.255966,17.04792],[73.254303,17.027081],[73.258751,17.019861],[73.276253,17.023472],[73.283752,17.012083],[73.283203,17.001532],[73.269302,17.000139],[73.270691,16.98708],[73.279861,16.992081],[73.292076,16.987923],[73.294861,16.981251],[73.291527,16.95569],[73.281807,16.949581],[73.286797,16.917641],[73.277359,16.893471],[73.293747,16.89764],[73.313194,16.889584],[73.296806,16.88986],[73.285973,16.880701],[73.295135,16.859585],[73.287918,16.858192],[73.292923,16.84903],[73.287918,16.843472],[73.294029,16.838751],[73.295692,16.816252],[73.311249,16.807083],[73.320419,16.810141],[73.32653,16.820696],[73.333191,16.815693],[73.317642,16.805973],[73.317642,16.795141],[73.307907,16.780701],[73.30542,16.729305],[73.316528,16.710701],[73.318466,16.696529],[73.339584,16.685696],[73.329865,16.685696],[73.333191,16.653469],[73.321808,16.642363],[73.323471,16.636538],[73.329308,16.641253],[73.339859,16.638201],[73.341805,16.627916],[73.334862,16.62681],[73.331253,16.61986],[73.352081,16.624584],[73.350983,16.611811],[73.340698,16.60681],[73.352356,16.596531],[73.347076,16.59514],[73.332916,16.60792],[73.320419,16.60708],[73.316803,16.60153],[73.323753,16.582081],[73.344307,16.576811],[73.34375,16.565695],[73.361809,16.568472],[73.355141,16.56625],[73.355698,16.555971],[73.394028,16.553751],[73.373466,16.55014],[73.346252,16.557083],[73.352356,16.550421],[73.350693,16.543751],[73.359024,16.540972],[73.36792,16.544861],[73.37265,16.540421],[73.354027,16.53903],[73.357918,16.526251],[73.389313,16.514311],[73.390137,16.509863],[73.366806,16.51292],[73.349861,16.504862],[73.364029,16.515972],[73.346802,16.52986],[73.335136,16.56126],[73.322639,16.552071],[73.318748,16.556805],[73.310143,16.53903],[73.317085,16.530695],[73.316803,16.51347],[73.320969,16.516529],[73.325417,16.51292],[73.350136,16.446527],[73.364586,16.439859],[73.357086,16.439859],[73.357918,16.424028],[73.367081,16.409031],[73.365692,16.39736],[73.37986,16.395971],[73.385971,16.403194],[73.395416,16.400417],[73.405418,16.404585],[73.401253,16.389591],[73.387917,16.394583],[73.373749,16.376251],[73.371246,16.38986],[73.36792,16.36347],[73.383186,16.358749],[73.391251,16.365696],[73.393196,16.358749],[73.406807,16.357916],[73.411247,16.362083],[73.410973,16.358749],[73.397362,16.355141],[73.388748,16.36153],[73.390137,16.346533],[73.385406,16.336531],[73.395416,16.331812],[73.394028,16.314306],[73.410973,16.27792],[73.416809,16.292358],[73.417084,16.285694],[73.435699,16.28653],[73.414566,16.282921],[73.410973,16.27347],[73.429863,16.199032],[73.443192,16.21097],[73.447083,16.224583],[73.442642,16.207081],[73.448471,16.211809],[73.448753,16.20792],[73.439308,16.205141],[73.444305,16.198473],[73.435966,16.199032],[73.457359,16.120972],[73.462639,16.086531],[73.457077,16.08069],[73.463753,16.079029],[73.467361,16.071251],[73.461517,16.06319],[73.455139,16.062916],[73.455139,16.054583],[73.467087,16.053753],[73.469025,16.046249],[73.482635,16.037083],[73.490692,16.011532],[73.489304,15.986807],[73.499863,15.969584],[73.506248,15.967361],[73.501526,15.955973],[73.509857,15.937361],[73.522087,15.9382],[73.532082,15.932917],[73.538193,15.937083],[73.570137,15.912083],[73.590416,15.912361],[73.591248,15.900421],[73.602356,15.885422],[73.613197,15.854305],[73.619308,15.852361],[73.621529,15.858471],[73.629303,15.84625],[73.638748,15.821531],[73.636253,15.815694],[73.653473,15.794311],[73.662086,15.804581],[73.653748,15.790416],[73.662918,15.758201],[73.669296,15.75792],[73.674309,15.753196],[73.666809,15.75681],[73.657639,15.747361],[73.648483,15.74569],[73.680138,15.724861],[73.685303,15.725871],[73.70266,15.724911],[73.718567,15.72162],[73.732262,15.720581],[73.744057,15.725641],[73.775787,15.730532],[73.797569,15.725092],[73.838463,15.748831],[73.845123,15.76336],[73.851906,15.778412],[73.860077,15.787791],[73.873497,15.795321],[73.875099,15.7829],[73.886856,15.770291],[73.882607,15.756692],[73.885902,15.747261],[73.917938,15.745401],[73.94976,15.732631],[73.958679,15.701252],[73.971306,15.687251],[73.9757,15.659781],[73.969261,15.644321],[73.986069,15.623381],[73.998703,15.61113],[74.013176,15.609341],[74.039299,15.620851],[74.073532,15.626672],[74.108047,15.63887],[74.12603,15.65029],[74.10453,15.659202],[74.100563,15.67235],[74.127007,15.67374],[74.140427,15.69456],[74.130623,15.717921],[74.16227,15.742071],[74.197067,15.750221],[74.214622,15.765991],[74.222473,15.781701],[74.23893,15.78454],[74.235237,15.75397],[74.250069,15.74118],[74.270866,15.75191],[74.292168,15.739311],[74.318649,15.75341],[74.327568,15.768201],[74.342278,15.765521],[74.364853,15.773651],[74.375511,15.79672],[74.374008,15.810441],[74.370743,15.817221],[74.386269,15.833262],[74.387413,15.847112],[74.344536,15.852051],[74.364098,15.870161],[74.36998,15.875681],[74.374123,15.89161],[74.376556,15.884941],[74.387947,15.863941],[74.393433,15.85177],[74.411583,15.852591],[74.40255,15.878261],[74.398361,15.897711],[74.402039,15.911051],[74.442291,15.965479],[74.448471,15.986401],[74.449669,15.998531],[74.463913,16.02256],[74.470276,16.040541],[74.455872,16.05216],[74.436333,16.05673],[74.415543,16.05106],[74.409317,16.04533],[74.378586,16.036621],[74.381737,16.05357],[74.368156,16.052959],[74.380081,16.06958],[74.380997,16.07826],[74.397247,16.078388],[74.40406,16.090979],[74.434593,16.11062],[74.45491,16.102671],[74.477966,16.0919],[74.48909,16.08732],[74.49263,16.095539],[74.497108,16.11237],[74.485809,16.14699],[74.495323,16.169001],[74.509087,16.18784],[74.512527,16.195841],[74.513298,16.201229],[74.50296,16.216221],[74.503113,16.231041],[74.484123,16.246731],[74.473183,16.23852],[74.461227,16.24843],[74.440941,16.252661],[74.420822,16.26388],[74.418022,16.28093],[74.390381,16.290241],[74.373772,16.290319],[74.358536,16.288801],[74.353287,16.29184],[74.359863,16.27961],[74.350746,16.276258],[74.343903,16.272121],[74.333839,16.26807],[74.329323,16.281061],[74.336372,16.290171],[74.344849,16.303268],[74.342331,16.305092],[74.331017,16.315022],[74.340012,16.316931],[74.329933,16.322363],[74.327278,16.329201],[74.323456,16.339891],[74.331566,16.346491],[74.332237,16.356951],[74.325462,16.37925],[74.335007,16.38872],[74.343063,16.390671],[74.348587,16.380383],[74.361656,16.36475],[74.36911,16.394329],[74.359543,16.40399],[74.342651,16.400492],[74.33728,16.42021],[74.340622,16.436171],[74.339043,16.44486],[74.338867,16.452162],[74.321938,16.450041],[74.304649,16.460791],[74.296318,16.459011],[74.297577,16.481611],[74.288948,16.50378],[74.280998,16.48579],[74.268776,16.47603],[74.262146,16.48867],[74.255707,16.496771],[74.285759,16.50337],[74.281906,16.520552],[74.271973,16.53343],[74.284317,16.543093],[74.287132,16.527321],[74.294838,16.529291],[74.306923,16.529171],[74.311577,16.506927],[74.321457,16.50267],[74.323219,16.532209],[74.323776,16.55146],[74.340202,16.550133],[74.359749,16.55369],[74.369232,16.55327],[74.362587,16.53874],[74.385437,16.527403],[74.395653,16.535671],[74.400772,16.563473],[74.402161,16.57473],[74.422287,16.583502],[74.440819,16.598692],[74.470802,16.61495],[74.46447,16.633989],[74.464798,16.65295],[74.481339,16.65407],[74.491783,16.632339],[74.501671,16.627138],[74.551437,16.633211],[74.54985,16.59218],[74.569817,16.581221],[74.55909,16.567108],[74.565529,16.557791],[74.58152,16.55184],[74.592537,16.55727],[74.593353,16.563829],[74.616997,16.56797],[74.62394,16.581921],[74.636368,16.575741],[74.639748,16.599531],[74.647713,16.60807],[74.668823,16.60268],[74.690376,16.60446],[74.694313,16.615191],[74.673866,16.62846],[74.660507,16.637581],[74.696106,16.67498],[74.687523,16.681662],[74.695038,16.692442],[74.707832,16.713091],[74.748207,16.72212],[74.763817,16.736801],[74.775558,16.743999],[74.800407,16.745651],[74.854973,16.770769],[74.907013,16.769791],[74.915817,16.810221],[74.911957,16.85594],[74.93708,16.869162],[74.945137,16.877123],[74.964096,16.87788],[74.948036,16.90917],[74.936943,16.920731],[74.938393,16.94099],[74.954536,16.93],[74.966713,16.93565],[74.981422,16.930611],[74.999542,16.941898],[75.030296,16.94153],[75.034492,16.92874],[75.050789,16.939661],[75.082947,16.946598],[75.094711,16.92115],[75.118759,16.909971],[75.127632,16.897181],[75.13839,16.878269],[75.164383,16.86558],[75.189659,16.873501],[75.183197,16.842041],[75.230011,16.840919],[75.240997,16.862961],[75.257973,16.862131],[75.285652,16.878799],[75.285576,16.909431],[75.288437,16.954773],[75.337967,16.953541],[75.364357,16.96361],[75.416832,16.9695],[75.443802,16.97949],[75.46859,16.97957],[75.491783,16.95783],[75.492493,16.9429],[75.510651,16.947309],[75.530006,16.96583],[75.558472,16.96435],[75.569916,17.00617],[75.60952,17.003111],[75.621017,16.967751],[75.639389,16.95916],[75.655617,16.95611],[75.674606,16.96027],[75.67263,16.974081],[75.668678,16.983219],[75.672241,17.03573],[75.648193,17.03269],[75.654396,17.05509],[75.678406,17.06286],[75.677391,17.087749],[75.674103,17.11355],[75.649689,17.133181],[75.631386,17.16007],[75.630188,17.18145],[75.643593,17.19408],[75.663879,17.213751],[75.659889,17.26144],[75.633369,17.27739],[75.616043,17.32876],[75.589943,17.349689],[75.578537,17.382931],[75.59816,17.386101],[75.615807,17.391859],[75.610558,17.41712],[75.632889,17.469641],[75.656181,17.46751],[75.677559,17.457972],[75.687119,17.417301],[75.708061,17.408319],[75.729012,17.41951],[75.750526,17.412901],[75.769768,17.406841],[75.791023,17.37298],[75.815056,17.37385],[75.816277,17.397812],[75.821991,17.41968],[75.83889,17.420542],[75.859108,17.388969],[75.876663,17.396971],[75.877129,17.41135],[75.887238,17.41733],[75.896431,17.394979],[75.891983,17.3608],[75.910713,17.345819],[75.94175,17.32486],[75.980713,17.336201],[76.00914,17.347523],[76.036667,17.348963],[76.063202,17.3519],[76.084991,17.332121],[76.092522,17.343679],[76.092766,17.354441],[76.116676,17.36622],[76.145668,17.347933],[76.163803,17.300331],[76.18383,17.311043],[76.176338,17.321461],[76.176033,17.352381],[76.203522,17.358789],[76.244362,17.37468],[76.248909,17.362131],[76.264946,17.358162],[76.275879,17.33053],[76.305023,17.328451],[76.313011,17.343271],[76.343613,17.349932],[76.359367,17.310289],[76.39299,17.336281],[76.410507,17.354139],[76.370049,17.4079],[76.363892,17.435551],[76.330841,17.46162],[76.342789,17.470371],[76.375038,17.493521],[76.345947,17.491598],[76.346336,17.51148],[76.366127,17.522173],[76.354813,17.538731],[76.337242,17.55518],[76.331673,17.59487],[76.359482,17.596292],[76.415672,17.6042],[76.424103,17.62154],[76.428726,17.644411],[76.440849,17.64937],[76.489296,17.660669],[76.485626,17.692699],[76.510956,17.715919],[76.52504,17.734673],[76.531593,17.75853],[76.567543,17.76289],[76.56459,17.75366],[76.573227,17.702169],[76.593246,17.71756],[76.606903,17.759581],[76.623367,17.757891],[76.630653,17.729],[76.655212,17.7164],[76.663139,17.68786],[76.688263,17.678511],[76.691223,17.698141],[76.700798,17.70727],[76.698151,17.72604],[76.726501,17.74037],[76.719093,17.761332],[76.712807,17.77136],[76.719383,17.785299],[76.743553,17.78079],[76.770027,17.79702],[76.77948,17.810289],[76.78817,17.826471],[76.765739,17.8508],[76.754562,17.856588],[76.739647,17.883621],[76.742973,17.899021],[76.773109,17.885151],[76.774567,17.876961],[76.806252,17.870493],[76.811081,17.884089],[76.833076,17.88275],[76.853836,17.897839],[76.88118,17.893051],[76.892403,17.902851],[76.900208,17.914688],[76.918343,17.923109],[76.917267,17.96048],[76.91967,17.990641],[76.918167,18.001871],[76.919403,18.022011],[76.952057,18.03771],[76.948631,18.045721],[76.952667,18.06341],[76.949738,18.082331],[76.967346,18.09264],[76.953392,18.110111],[76.922562,18.11611],[76.929993,18.132252],[76.925369,18.144819],[76.950958,18.17248],[76.970901,18.186861],[76.987892,18.188478],[76.995476,18.178391],[77.023987,18.16268],[77.030327,18.17934],[77.038101,18.181311],[77.057671,18.15593],[77.086182,18.15027],[77.096619,18.158131],[77.102928,18.18631],[77.10659,18.201811],[77.131149,18.206181],[77.149986,18.21656],[77.14769,18.221401],[77.157196,18.253092],[77.170532,18.28087],[77.19883,18.27923],[77.197647,18.295521],[77.209976,18.313742],[77.227272,18.3449],[77.241631,18.366383],[77.236397,18.399811],[77.258362,18.410419],[77.302261,18.438471],[77.325577,18.45512],[77.333382,18.441891],[77.345291,18.434372],[77.365356,18.438089],[77.392639,18.39703],[77.407883,18.37849],[77.398247,18.353531],[77.392776,18.345671],[77.386177,18.33819],[77.378006,18.32869],[77.355423,18.31852],[77.381287,18.30595],[77.407806,18.299561],[77.436371,18.306492],[77.444893,18.277241],[77.465393,18.25996],[77.480347,18.26866],[77.510208,18.27844],[77.509506,18.30673],[77.539581,18.293831],[77.570229,18.30818],[77.542191,18.3339],[77.5214,18.364651],[77.549301,18.387718],[77.535156,18.421181],[77.528481,18.440481],[77.560173,18.435049],[77.582642,18.443069],[77.583649,18.45355],[77.548882,18.46081],[77.55809,18.465271],[77.576523,18.48378],[77.601067,18.474211],[77.593887,18.49387],[77.596466,18.514999],[77.593292,18.523142],[77.597267,18.547541],[77.615822,18.54294],[77.634407,18.545181],[77.649551,18.549662],[77.645287,18.536301],[77.675903,18.54134],[77.727936,18.55154],[77.747162,18.589081],[77.736023,18.630898],[77.73011,18.648123],[77.733246,18.662128],[77.744667,18.683889],[77.757629,18.70709],[77.769402,18.69059],[77.802223,18.71612],[77.823181,18.768501],[77.859222,18.81406],[77.942551,18.82229],[77.929649,18.846491],[77.925339,18.859211],[77.898659,18.883739],[77.881577,18.908531],[77.8405,18.911301],[77.848701,18.931381],[77.827393,18.945721],[77.812866,18.96006],[77.781509,18.97632],[77.765747,19.00738],[77.762161,19.02051],[77.760933,19.05121],[77.770988,19.05616],[77.791138,19.050659],[77.79567,19.06102],[77.794456,19.07337],[77.799767,19.09458],[77.805763,19.10334],[77.825478,19.0917],[77.842186,19.086771],[77.848183,19.0926],[77.838638,19.118851],[77.837677,19.138309],[77.850166,19.162312],[77.854233,19.172291],[77.844536,19.18819],[77.867386,19.25526],[77.900391,19.256121],[77.893059,19.278393],[77.860847,19.28764],[77.871117,19.305731],[77.893257,19.321161],[77.912277,19.317951],[77.937233,19.335751],[77.962708,19.33177],[77.985497,19.30899],[78.01825,19.296328],[78.045746,19.270861],[78.04805,19.247513],[78.075142,19.24655],[78.099388,19.24548],[78.149742,19.230051],[78.186409,19.24935],[78.197151,19.33173],[78.179596,19.35301],[78.184822,19.376291],[78.182167,19.41177],[78.21508,19.427052],[78.245811,19.428989],[78.26693,19.447929],[78.291153,19.448799],[78.311958,19.4659],[78.303612,19.493761],[78.295486,19.53084],[78.284607,19.55039],[78.296509,19.55838],[78.306122,19.567442],[78.310043,19.586712],[78.298973,19.623411],[78.28756,19.654461],[78.273392,19.670151],[78.316063,19.690552],[78.33252,19.708509],[78.345413,19.734423],[78.364792,19.76734],[78.360489,19.80574],[78.335983,19.818661],[78.303169,19.845831],[78.297691,19.873293],[78.319511,19.915468],[78.334587,19.904303],[78.325241,19.890482],[78.365753,19.882891],[78.384972,19.873892],[78.385933,19.852701],[78.409042,19.829861],[78.464653,19.816212],[78.489471,19.79851],[78.509613,19.801189],[78.526268,19.821659],[78.584991,19.811689],[78.603653,19.817501],[78.635208,19.80378],[78.695908,19.789711],[78.716446,19.7668],[78.73835,19.77943],[78.763229,19.775631],[78.796951,19.768579],[78.817146,19.76042],[78.844337,19.759001],[78.856918,19.7313],[78.86348,19.69677],[78.859123,19.668909],[78.890976,19.65526],[78.93499,19.66218],[78.961678,19.65877],[78.964676,19.629553],[78.971329,19.59726],[78.977852,19.579943],[78.95446,19.562721],[78.964851,19.550331],[78.986351,19.557051],[79.000061,19.55937],[79.038818,19.544991],[79.063393,19.53125],[79.102867,19.52795],[79.112816,19.509781],[79.156967,19.48555],[79.189041,19.4587],[79.220688,19.47559],[79.208076,19.49865],[79.232002,19.52075],[79.239342,19.542049],[79.250107,19.577681],[79.237701,19.599541],[79.255226,19.61121],[79.30484,19.590151],[79.321503,19.571751],[79.369026,19.571232],[79.388969,19.54892],[79.423187,19.532841],[79.458183,19.518961],[79.480049,19.503813],[79.515846,19.52236],[79.514992,19.54195],[79.542656,19.548523],[79.547699,19.526081],[79.573441,19.506639],[79.598053,19.503771],[79.602936,19.521069],[79.615807,19.55863],[79.652618,19.576693],[79.684792,19.579168],[79.712929,19.58333],[79.754257,19.602331],[79.785423,19.59359],[79.805206,19.576759],[79.81955,19.561489],[79.828217,19.53701],[79.870216,19.504961],[79.911026,19.49234],[79.932869,19.469122],[79.945,19.458818],[79.959236,19.425911],[79.972603,19.391581],[79.966522,19.360889],[79.957382,19.324471],[79.948959,19.28886],[79.920166,19.22641],[79.935257,19.183851],[79.940697,19.1644],[79.905968,19.141788],[79.858047,19.104111],[79.85701,19.0422],[79.881111,19.041389],[79.916107,19.047359],[79.934486,19.0217],[79.932213,18.971581],[79.941353,18.91577],[79.939003,18.858892],[79.920822,18.83621],[79.909096,18.80669],[79.940071,18.781792],[79.99292,18.77352],[80.014488,18.76013],[80.029663,18.748699],[80.053268,18.717798],[80.067909,18.70871],[80.082123,18.70245],[80.100548,18.684959],[80.115997,18.67585],[80.130867,18.685411],[80.148743,18.693241],[80.161987,18.694031],[80.170967,18.67734],[80.190956,18.67897],[80.201912,18.697441],[80.220009,18.69919],[80.235573,18.70042],[80.260368,18.7141],[80.254807,18.736132],[80.239563,18.752211],[80.249001,18.765251],[80.261452,18.764971],[80.27182,18.76222],[80.290176,18.786251],[80.305893,18.79435],[80.346222,18.811081],[80.345581,18.833931],[80.325653,18.869961],[80.309906,18.884802],[80.291389,18.907591],[80.265167,18.934561],[80.26532,18.946993],[80.267349,18.980671],[80.272308,18.99744],[80.295288,19.02874],[80.291702,19.049801],[80.319962,19.069403],[80.319946,19.088221],[80.329681,19.10742],[80.324852,19.141533],[80.340591,19.158918],[80.362358,19.169321],[80.386673,19.18902],[80.377022,19.217369],[80.388451,19.243311],[80.40818,19.247702],[80.42807,19.254381],[80.456802,19.299158],[80.465302,19.31592],[80.481102,19.33782],[80.51384,19.3482],[80.526123,19.36721],[80.567818,19.400921],[80.583939,19.377159],[80.585587,19.35302],[80.59568,19.33132],[80.603943,19.311769],[80.625496,19.30681],[80.664391,19.326578],[80.684196,19.320028],[80.683563,19.286911],[80.698738,19.28227],[80.718307,19.2855],[80.743408,19.285971],[80.759743,19.299751],[80.778091,19.318541],[80.795006,19.32476],[80.826416,19.34804],[80.842827,19.36611],[80.815979,19.37907],[80.797951,19.41165],[80.787933,19.426701],[80.825249,19.439121],[80.867493,19.44346],[80.892067,19.465681],[80.889702,19.49925],[80.873596,19.52235],[80.845383,19.529173],[80.836052,19.548981],[80.819611,19.565401],[80.766411,19.568319],[80.757957,19.590172],[80.696686,19.61083],[80.656853,19.612261],[80.662201,19.66258],[80.664551,19.69075],[80.620209,19.72377],[80.582077,19.738071],[80.567657,19.75668],[80.538872,19.780703],[80.544243,19.811201],[80.517807,19.828861],[80.490707,19.825361],[80.459549,19.811331],[80.477142,19.801229],[80.482559,19.78071],[80.461761,19.788233],[80.442703,19.790541],[80.417686,19.79714],[80.39843,19.80319],[80.417313,19.809151],[80.446968,19.82032],[80.463631,19.835833],[80.475021,19.857059],[80.49691,19.87718],[80.482651,19.898899],[80.452789,19.900009],[80.431007,19.898411],[80.402657,19.909601],[80.409317,19.935381],[80.431007,19.940941],[80.453003,19.945238],[80.469841,19.933661],[80.50174,19.924751],[80.526009,19.94112],[80.532372,19.96706],[80.544151,19.98151],[80.539948,19.997721],[80.535423,20.011209],[80.545227,20.05957],[80.534958,20.0854],[80.540367,20.109833],[80.526688,20.12138],[80.510536,20.12693],[80.49115,20.141479],[80.466782,20.142681],[80.447876,20.141571],[80.431946,20.13134],[80.393837,20.14402],[80.386017,20.162809],[80.392799,20.177401],[80.40406,20.18441],[80.412018,20.202209],[80.388039,20.230619],[80.403717,20.2477],[80.419617,20.25156],[80.448387,20.263882],[80.475876,20.273689],[80.52668,20.284781],[80.542023,20.306849],[80.605423,20.32019],[80.617767,20.333681],[80.611496,20.349342],[80.605133,20.366159],[80.602226,20.37644],[80.58744,20.387892],[80.586517,20.400728],[80.594452,20.42071],[80.601448,20.43737],[80.613411,20.541571],[80.609947,20.55633],[80.61972,20.56732],[80.614609,20.585272],[80.622322,20.603863],[80.60257,20.607389],[80.578667,20.61412],[80.551407,20.599079],[80.511902,20.585119],[80.492912,20.60409],[80.480957,20.62355],[80.489647,20.639898],[80.518913,20.66176],[80.547386,20.671261],[80.572792,20.67429],[80.579292,20.68998],[80.56395,20.70719],[80.554543,20.74715],[80.545532,20.765369],[80.545692,20.801373],[80.555893,20.819681],[80.550606,20.859911],[80.546188,20.90308],[80.54184,20.93392],[80.51062,20.928801],[80.48275,20.928471],[80.459091,20.92815],[80.448792,20.945301],[80.440697,20.96546],[80.433342,20.99975],[80.424751,21.007339],[80.42881,21.013571],[80.434547,21.019239],[80.438606,21.02717],[80.445236,21.030943],[80.447548,21.039619],[80.447868,21.046871],[80.447632,21.054489],[80.444748,21.061581],[80.442596,21.06698],[80.442757,21.07419],[80.440956,21.083252],[80.436401,21.09271],[80.434196,21.098022],[80.436722,21.102671],[80.439056,21.109171],[80.449249,21.11194],[80.448227,21.11628],[80.440376,21.12031],[80.442467,21.12816],[80.44696,21.138149],[80.450096,21.146919],[80.453918,21.158623],[80.455269,21.169081],[80.464188,21.172091],[80.474907,21.171431],[80.481812,21.176571],[80.49231,21.179941],[80.499893,21.18404],[80.507637,21.182442],[80.510811,21.18891],[80.514801,21.196039],[80.520737,21.203541],[80.530457,21.20084],[80.538887,21.199289],[80.54657,21.200668],[80.553673,21.202511],[80.564026,21.208021],[80.568428,21.213882],[80.578102,21.2199],[80.589386,21.22471],[80.5989,21.225128],[80.60508,21.22876],[80.608688,21.231791],[80.613441,21.23683],[80.635307,21.250139],[80.639481,21.2575],[80.642647,21.269051],[80.646767,21.278143],[80.652153,21.283253],[80.658089,21.28941],[80.665268,21.292292],[80.672951,21.298288],[80.67379,21.30908],[80.66806,21.31382],[80.665596,21.322111],[80.659866,21.32777],[80.651772,21.33119],[80.623283,21.321461],[80.599411,21.323231],[80.583076,21.331169],[80.581627,21.341591],[80.560539,21.345461],[80.558372,21.353163],[80.564171,21.35787],[80.53965,21.368521],[80.52037,21.38825],[80.485497,21.397638],[80.447647,21.39846],[80.440407,21.372101],[80.404442,21.375811],[80.3899,21.40889],[80.411308,21.438202],[80.402237,21.463371],[80.389946,21.470928],[80.375786,21.49094],[80.369232,21.522911],[80.324432,21.548717],[80.328583,21.55827],[80.320183,21.57358],[80.291916,21.57803],[80.286583,21.593431],[80.256653,21.620281],[80.220589,21.619631],[80.204697,21.633541],[80.192108,21.634621],[80.143921,21.604973],[80.121452,21.60906],[80.112869,21.603771],[80.111572,21.596479],[80.0933,21.585371],[80.062119,21.554241],[80.026176,21.55665],[79.993553,21.534712],[79.966248,21.55727],[79.936386,21.556801],[79.901192,21.524361],[79.857079,21.530922],[79.768799,21.590431],[79.69381,21.590952],[79.684837,21.58069],[79.640747,21.555481],[79.616821,21.557211],[79.571358,21.5438],[79.536621,21.544218],[79.532143,21.572981],[79.510666,21.58316],[79.503082,21.60751],[79.503242,21.62236],[79.512459,21.62648],[79.50264,21.6346],[79.490891,21.66371],[79.458511,21.687323],[79.432243,21.683491],[79.415779,21.691448],[79.400452,21.679649],[79.38308,21.67539],[79.320251,21.6866],[79.276802,21.70023],[79.26487,21.71492],[79.228081,21.72191],[79.220161,21.677],[79.228401,21.671391],[79.219902,21.65081],[79.147827,21.660521],[79.137077,21.63685],[79.099167,21.6189],[79.104111,21.60936],[79.088089,21.59919],[78.999992,21.609798],[78.981491,21.617161],[78.945862,21.596041],[78.922676,21.592609],[78.911636,21.57091],[78.928391,21.56443],[78.91272,21.563129],[78.921799,21.543188],[78.923439,21.523788],[78.938698,21.517288],[78.9338,21.49239],[78.890488,21.49824],[78.875137,21.487928],[78.792816,21.489861],[78.772186,21.467131],[78.76104,21.489759],[78.740402,21.483711],[78.729729,21.471361],[78.713913,21.467951],[78.688301,21.478861],[78.643547,21.484251],[78.625328,21.477831],[78.573257,21.498501],[78.566528,21.515697],[78.50856,21.528433],[78.454193,21.49831],[78.438583,21.503759],[78.420601,21.54878],[78.410866,21.6066],[78.392563,21.6101],[78.379517,21.61865],[78.37204,21.610769],[78.366051,21.581921],[78.328461,21.581181],[78.308823,21.57369],[78.271072,21.59296],[78.257622,21.591841],[78.258537,21.5819],[78.269257,21.570711],[78.226669,21.55644],[78.177269,21.5567],[78.171677,21.535763],[78.177643,21.514318],[78.169342,21.498501],[78.078568,21.445711],[78.043457,21.435032],[77.97155,21.401381],[77.941116,21.398951],[77.924889,21.386061],[77.90551,21.37957],[77.892311,21.379049],[77.818016,21.40873],[77.798477,21.410709],[77.785522,21.389391],[77.74649,21.384211],[77.733879,21.364731],[77.705193,21.367281],[77.695541,21.37776],[77.693527,21.396542],[77.668777,21.372301],[77.651581,21.39019],[77.599197,21.39255],[77.604813,21.366993],[77.584442,21.364479],[77.5625,21.373381],[77.501732,21.37925],[77.484192,21.39851],[77.469757,21.448681],[77.457161,21.467072],[77.438087,21.475559],[77.420799,21.516281],[77.419907,21.538698],[77.431877,21.5464],[77.450249,21.54838],[77.457512,21.55657],[77.511917,21.54751],[77.577896,21.529211],[77.607117,21.54277],[77.585518,21.558809],[77.570999,21.56262],[77.572197,21.587671],[77.558563,21.668673],[77.535927,21.70826],[77.523453,21.713541],[77.496872,21.749201],[77.475868,21.757881],[77.477013,21.76796],[77.471382,21.77125],[77.401131,21.75618],[77.342293,21.761831],[77.325981,21.75736],[77.277077,21.759809],[77.285812,21.728821],[77.239937,21.717121],[77.210213,21.697121],[77.184326,21.70446],[77.18383,21.724501],[77.157776,21.713409],[77.121101,21.725349],[77.080246,21.718693],[77.072327,21.722931],[77.059486,21.7094],[77.001587,21.682159],[76.891747,21.6007],[76.847763,21.6133],[76.823181,21.592682],[76.793396,21.595173],[76.780243,21.562468],[76.787827,21.540131],[76.767517,21.52754],[76.786491,21.499229],[76.785133,21.476721],[76.756546,21.449928],[76.737228,21.415291],[76.668411,21.369471],[76.625839,21.329741],[76.661072,21.282421],[76.659027,21.253248],[76.642578,21.247721],[76.623367,21.192659],[76.57605,21.203663],[76.541298,21.196291],[76.498077,21.19614],[76.482452,21.188231],[76.47702,21.1553],[76.457512,21.13834],[76.45269,21.114868],[76.376373,21.077311],[76.281769,21.07531],[76.269249,21.092951],[76.183861,21.089951],[76.172638,21.0846],[76.169113,21.10372],[76.135666,21.126211],[76.140923,21.136023],[76.128418,21.15671],[76.11396,21.16464],[76.127419,21.177919],[76.169136,21.17448],[76.169083,21.191881],[76.164032,21.224173],[76.14801,21.231649],[76.144096,21.24148],[76.154289,21.24914],[76.156036,21.26321],[76.147141,21.28137],[76.134972,21.2915],[76.098671,21.373928],[76.047043,21.3552],[76.027496,21.368139],[75.991608,21.376089],[75.959396,21.396191],[75.932343,21.39151],[75.888107,21.39963],[75.859329,21.3873],[75.773827,21.386648],[75.73835,21.393433],[75.722717,21.389153],[75.706757,21.391321],[75.675079,21.381451],[75.632637,21.381771],[75.608917,21.395],[75.587753,21.388901],[75.581551,21.38085],[75.561111,21.38117],[75.551331,21.375448],[75.524582,21.387161],[75.468407,21.394201],[75.395378,21.38468],[75.381332,21.38763],[75.361382,21.403231],[75.334877,21.394669],[75.301826,21.39242],[75.299629,21.415661],[75.253998,21.406139],[75.236366,21.417101],[75.210556,21.414221],[75.115097,21.45956],[75.094879,21.493813],[75.083557,21.525751],[75.060188,21.55934],[75.031837,21.569309],[74.991959,21.592192],[74.920387,21.612751],[74.901878,21.63023],[74.869003,21.63039],[74.864861,21.634029],[74.83651,21.61941],[74.831566,21.61062],[74.802071,21.616051],[74.802887,21.610731],[74.791069,21.61058],[74.703796,21.62936],[74.663261,21.65287],[74.589767,21.664648],[74.58345,21.685131],[74.564766,21.67985],[74.556801,21.684259],[74.560966,21.701981],[74.550987,21.719393],[74.52433,21.717918],[74.511757,21.724951],[74.517899,21.76276],[74.506332,21.78174],[74.503647,21.807182],[74.516998,21.856491],[74.518433,21.89011],[74.527496,21.908781],[74.493401,21.954491],[74.448639,21.97113],[74.436218,22.00223],[74.451508,22.008968],[74.435547,22.030998]]]]},"properties":{"name":"Maharashtra","type":"State"}},
{"type":"Feature","geometry":{"type":"Polygon","coordinates":[[[93.000496,24.403271],[93.022087,24.37422],[93.021568,24.346821],[93.035233,24.318399],[93.011078,24.28808],[93.006737,24.262791],[93.026588,24.232632],[93.023682,24.217569],[93.016617,24.200031],[93.003098,24.194311],[93.005501,24.163212],[92.99308,24.153179],[92.992867,24.14039],[92.977562,24.12639],[92.976379,24.11482],[92.996422,24.11673],[93.014107,24.10453],[93.030296,24.10083],[93.053688,24.090691],[93.079491,24.10297],[93.095207,24.08028],[93.102341,24.062693],[93.09951,24.04884],[93.110878,24.05015],[93.120819,24.060261],[93.135086,24.07921],[93.158463,24.083818],[93.169868,24.07128],[93.175522,24.053699],[93.198257,24.0525],[93.222427,24.067673],[93.223839,24.084011],[93.242332,24.086571],[93.263733,24.067789],[93.262329,24.05773],[93.255287,24.02379],[93.28537,24.04652],[93.312546,24.054131],[93.337349,24.06094],[93.334007,24.09013],[93.346817,24.09227],[93.349037,24.105101],[93.356743,24.10907],[93.368637,24.09256],[93.415428,24.07922],[93.432869,24.061663],[93.444031,24.02776],[93.46698,23.99931],[93.472206,23.97068],[93.508713,23.9489],[93.557518,23.9701],[93.563538,23.989578],[93.58387,23.96847],[93.603462,23.969591],[93.612259,23.977148],[93.62075,23.995291],[93.616661,24.00297],[93.627663,24.015221],[93.652443,24.01351],[93.662819,24.004709],[93.677521,24.011068],[93.744392,24.00123],[93.762222,24.004141],[93.773491,23.982401],[93.793549,23.96751],[93.805733,23.93737],[93.815987,23.929829],[93.907021,23.95714],[93.953781,23.950199],[93.962242,23.937149],[94.001526,23.93116],[94.017693,23.93395],[94.046913,23.91337],[94.05661,23.8976],[94.096092,23.893572],[94.11161,23.87088],[94.114792,23.852451],[94.12883,23.842779],[94.146149,23.856092],[94.157669,23.851948],[94.168228,23.889139],[94.170776,23.935093],[94.196831,23.94404],[94.201302,23.977968],[94.245323,24.044243],[94.235222,24.058661],[94.246452,24.062901],[94.254036,24.077682],[94.260109,24.15576],[94.27861,24.175615],[94.290375,24.220009],[94.314789,24.25975],[94.328247,24.30607],[94.326859,24.330641],[94.334816,24.338621],[94.351753,24.34201],[94.377548,24.371059],[94.37632,24.39283],[94.366806,24.404551],[94.390938,24.40951],[94.403908,24.421141],[94.411499,24.46965],[94.408981,24.489632],[94.429596,24.49334],[94.459549,24.566761],[94.498238,24.592791],[94.520798,24.616791],[94.540596,24.649012],[94.55294,24.69278],[94.546623,24.70746],[94.562477,24.71833],[94.576561,24.712061],[94.573441,24.722021],[94.581657,24.73134],[94.584511,24.714863],[94.607216,24.71995],[94.633308,24.764961],[94.625366,24.7848],[94.637848,24.84236],[94.688942,24.895021],[94.705856,24.93428],[94.717148,24.946451],[94.705727,24.959641],[94.703026,24.977369],[94.713188,24.99369],[94.735191,25.01269],[94.747719,25.049278],[94.745659,25.136591],[94.703476,25.159781],[94.687187,25.157871],[94.643547,25.176538],[94.63092,25.19038],[94.613129,25.18948],[94.597588,25.20001],[94.586586,25.225031],[94.601921,25.2987],[94.62162,25.336058],[94.634956,25.392351],[94.673828,25.416201],[94.682297,25.456591],[94.665977,25.4554],[94.648232,25.46162],[94.607483,25.482441],[94.590843,25.48975],[94.574593,25.50523],[94.558998,25.52434],[94.563477,25.539673],[94.565147,25.6026],[94.572823,25.611313],[94.583771,25.634491],[94.5952,25.64385],[94.577232,25.648331],[94.588127,25.677271],[94.595619,25.69128],[94.578613,25.695999],[94.565079,25.68082],[94.544739,25.657541],[94.530663,25.64259],[94.514511,25.630491],[94.507797,25.61895],[94.499939,25.618818],[94.491112,25.61865],[94.449272,25.601089],[94.437737,25.59586],[94.422379,25.575991],[94.425591,25.552919],[94.410896,25.543518],[94.36467,25.52149],[94.313538,25.494471],[94.298996,25.50071],[94.279869,25.505451],[94.257263,25.50342],[94.229141,25.49601],[94.214851,25.50024],[94.190727,25.530781],[94.19487,25.552429],[94.179543,25.55019],[94.16011,25.55525],[94.148201,25.531691],[94.12851,25.525881],[94.092522,25.53797],[94.085953,25.559731],[94.064697,25.56637],[94.043617,25.57748],[94.027267,25.58799],[94.010399,25.5954],[94.011757,25.57909],[94.010422,25.571312],[93.980469,25.571253],[93.965218,25.556578],[93.930122,25.56539],[93.910896,25.56753],[93.89196,25.56842],[93.852318,25.558649],[93.833473,25.561373],[93.823349,25.548162],[93.807846,25.544519],[93.770638,25.540279],[93.768181,25.525291],[93.765793,25.499901],[93.788467,25.506491],[93.80761,25.49556],[93.805229,25.463421],[93.784477,25.431938],[93.76442,25.418131],[93.741989,25.39992],[93.739792,25.384418],[93.718979,25.370359],[93.699982,25.359423],[93.687126,25.331211],[93.664749,25.304241],[93.651367,25.273661],[93.628906,25.235748],[93.608017,25.202051],[93.597099,25.2043],[93.594841,25.21113],[93.588058,25.22217],[93.578201,25.225691],[93.570099,25.235609],[93.547173,25.248491],[93.520607,25.248781],[93.505142,25.244131],[93.504379,25.27577],[93.483383,25.27664],[93.474632,25.292419],[93.465591,25.299051],[93.444817,25.292311],[93.423317,25.27791],[93.394592,25.250299],[93.349152,25.166731],[93.349213,25.125408],[93.335777,25.09584],[93.322342,25.088381],[93.308792,25.070593],[93.302406,25.051941],[93.296982,25.04767],[93.284492,25.05155],[93.269463,25.046591],[93.255608,25.028681],[93.247467,25.003281],[93.263321,25.004238],[93.255676,25.002201],[93.253258,24.98637],[93.259506,24.951361],[93.24939,24.952593],[93.25412,24.942619],[93.24408,24.94384],[93.240036,24.93758],[93.248497,24.9401],[93.244507,24.93008],[93.250458,24.915062],[93.238991,24.91503],[93.243378,24.903742],[93.233383,24.898691],[93.234833,24.889891],[93.214287,24.86195],[93.198647,24.85273],[93.193001,24.826321],[93.198776,24.815041],[93.193077,24.806231],[93.181587,24.804939],[93.178757,24.796141],[93.174423,24.803671],[93.152931,24.793539],[93.137062,24.81109],[93.121277,24.808531],[93.122673,24.81983],[93.109787,24.80974],[93.101326,24.778311],[93.101471,24.749411],[93.107246,24.741899],[93.094437,24.720509],[93.078697,24.71417],[93.093193,24.687853],[93.091797,24.677811],[93.101822,24.680351],[93.103302,24.67156],[93.089127,24.65271],[93.089302,24.63389],[93.079353,24.626341],[93.086731,24.613821],[93.075386,24.6],[93.10675,24.58396],[93.078453,24.574911],[93.072693,24.56109],[93.052681,24.54472],[93.052826,24.52467],[93.040016,24.510811],[93.045723,24.481819],[93.037903,24.461151],[93.03933,24.417568],[93.015991,24.402531],[93.000496,24.403271]]]},"properties":{"name":"Manipur","type":"State"}},
{"type":"Feature","geometry":{"type":"Polygon","coordinates":[[[91.853836,26.10479],[91.826553,26.118141],[91.810806,26.105171],[91.790367,26.087021],[91.778519,26.091249],[91.734589,26.056641],[91.723183,26.030321],[91.721169,26.001841],[91.720177,25.954071],[91.700912,25.941891],[91.686417,25.921249],[91.669312,25.90539],[91.656883,25.907881],[91.632828,25.92577],[91.610931,25.944601],[91.634087,25.960501],[91.628021,25.976971],[91.62867,25.995131],[91.632072,26.001871],[91.6334,26.017851],[91.620293,26.027031],[91.596809,26.0208],[91.584099,26.031981],[91.56881,26.021742],[91.55484,25.98661],[91.537277,25.96839],[91.525848,25.961321],[91.518188,25.952803],[91.501633,25.920761],[91.51078,25.91543],[91.535896,25.934002],[91.508537,25.90976],[91.498611,25.892467],[91.483383,25.89106],[91.474762,25.871231],[91.498306,25.867203],[91.51725,25.874672],[91.52578,25.890108],[91.532623,25.884069],[91.521767,25.87435],[91.507881,25.864799],[91.478401,25.857681],[91.454956,25.851313],[91.441223,25.841631],[91.4189,25.854721],[91.333557,25.83884],[91.324989,25.82379],[91.287292,25.764111],[91.275627,25.746941],[91.232498,25.729158],[91.215866,25.723909],[91.192337,25.73609],[91.185699,25.766878],[91.179932,25.77632],[91.187248,25.803289],[91.189873,25.82078],[91.202629,25.840542],[91.19648,25.859011],[91.181763,25.844122],[91.161652,25.849319],[91.137909,25.842131],[91.120781,25.831341],[91.063263,25.82037],[91.05722,25.832043],[91.072876,25.838331],[91.065903,25.84642],[91.02494,25.82756],[91.006111,25.82078],[91.008667,25.83824],[91.015129,25.85906],[91.029106,25.87985],[91.025681,25.88838],[91.001328,25.88649],[90.975388,25.88945],[90.966606,25.891001],[90.96064,25.927698],[90.945572,25.939121],[90.934662,25.941141],[90.915878,25.943161],[90.916077,25.915058],[90.895378,25.931511],[90.881439,25.95064],[90.872406,25.94673],[90.856796,25.94433],[90.839836,25.938433],[90.83226,25.94528],[90.82045,25.948429],[90.797096,25.941471],[90.778488,25.914301],[90.757721,25.911072],[90.750061,25.919241],[90.74054,25.915211],[90.75071,25.93408],[90.740303,25.940891],[90.746048,25.952641],[90.740288,25.95491],[90.72068,25.949171],[90.686043,25.950809],[90.653992,25.929663],[90.626862,25.91127],[90.624809,25.898899],[90.608093,25.908018],[90.629013,25.937429],[90.59185,25.95212],[90.578796,25.958031],[90.571373,25.93903],[90.525482,25.901011],[90.511101,25.900141],[90.532211,25.932552],[90.534462,25.958021],[90.513557,25.98237],[90.497932,26.003651],[90.481216,26.014023],[90.465302,26.007221],[90.45752,25.999573],[90.417427,25.99234],[90.411041,26.005871],[90.397293,26.01223],[90.387367,26.011263],[90.346657,26.002953],[90.336922,25.99017],[90.324341,25.97438],[90.227371,25.955139],[90.208443,25.961573],[90.185669,25.94557],[90.176117,25.957083],[90.163498,25.957361],[90.153397,25.964701],[90.134079,25.957809],[90.120003,25.95772],[90.110916,25.954111],[90.100517,25.942068],[90.087959,25.936199],[90.080727,25.924528],[90.072426,25.919338],[90.058922,25.910271],[90.042099,25.890751],[90.021263,25.89319],[90.009773,25.875731],[90.021378,25.86849],[90.01152,25.84967],[89.997566,25.846701],[90.001602,25.842241],[89.990807,25.83551],[89.967957,25.826151],[89.94458,25.824478],[89.949356,25.814423],[89.952606,25.783421],[89.952393,25.77017],[89.933716,25.752531],[89.92794,25.74135],[89.911377,25.74157],[89.892616,25.735001],[89.912636,25.707062],[89.919548,25.69677],[89.936996,25.68663],[89.946953,25.658831],[89.983322,25.626711],[90.001381,25.624432],[90.017296,25.602192],[90.002121,25.58419],[89.979156,25.590731],[89.966461,25.571701],[89.941643,25.567621],[89.918098,25.56263],[89.877586,25.548931],[89.874062,25.542898],[89.875656,25.528528],[89.875587,25.50547],[89.871758,25.478901],[89.859573,25.473391],[89.855072,25.470751],[89.856667,25.46249],[89.835457,25.428551],[89.821663,25.385361],[89.822456,25.355721],[89.833076,25.34127],[89.834732,25.322998],[89.846046,25.314228],[89.834267,25.29567],[89.8759,25.2873],[89.889687,25.289881],[89.905159,25.30632],[89.914673,25.308372],[89.943718,25.30224],[89.953377,25.295649],[89.967163,25.303329],[89.979881,25.29821],[89.990341,25.280821],[90.015106,25.27833],[90.034348,25.266993],[90.059776,25.262939],[90.085747,25.24246],[90.119583,25.22555],[90.166527,25.224628],[90.219116,25.207731],[90.318077,25.189659],[90.34153,25.193501],[90.379547,25.164263],[90.416389,25.15933],[90.454979,25.14443],[90.459396,25.15181],[90.494026,25.16144],[90.516701,25.17507],[90.583771,25.17132],[90.61618,25.178423],[90.633911,25.17243],[90.666992,25.18749],[90.671173,25.19729],[90.673012,25.166641],[90.692726,25.17075],[90.692589,25.162613],[90.705826,25.157061],[90.708122,25.162781],[90.721878,25.165531],[90.736458,25.15542],[90.74218,25.156778],[90.74585,25.160379],[90.739799,25.16231],[90.765862,25.16781],[90.771973,25.177881],[90.78595,25.18264],[90.798279,25.178541],[90.814407,25.1625],[90.822357,25.165331],[90.858353,25.155849],[90.885689,25.164263],[90.93663,25.16188],[91.07093,25.191389],[91.079903,25.19717],[91.132019,25.193321],[91.210159,25.199478],[91.24485,25.19445],[91.273788,25.204308],[91.296143,25.189531],[91.294899,25.185789],[91.322563,25.183161],[91.342323,25.172258],[91.359901,25.170151],[91.36805,25.17561],[91.377602,25.166491],[91.403236,25.16416],[91.419807,25.170111],[91.430069,25.156031],[91.450653,25.14818],[91.472542,25.147812],[91.471199,25.134251],[91.502632,25.135481],[91.510269,25.14473],[91.537773,25.144373],[91.561157,25.151211],[91.582008,25.172331],[91.617416,25.175911],[91.617348,25.16971],[91.60762,25.16674],[91.605583,25.145802],[91.621986,25.145981],[91.63343,25.126631],[91.644531,25.122721],[91.679008,25.13822],[91.690536,25.137951],[91.711113,25.158951],[91.744003,25.15122],[91.752876,25.179821],[91.781906,25.16828],[91.837448,25.182411],[91.857788,25.17761],[91.938057,25.186279],[91.988228,25.175621],[92.00798,25.188643],[92.036263,25.184772],[92.067177,25.18997],[92.110733,25.177662],[92.139717,25.16243],[92.14476,25.157171],[92.139648,25.15284],[92.143326,25.14472],[92.187546,25.12196],[92.20089,25.127411],[92.227028,25.122183],[92.22625,25.11861],[92.215698,25.12047],[92.213303,25.11396],[92.234016,25.09753],[92.314941,25.07233],[92.33004,25.081751],[92.342461,25.08],[92.355957,25.07336],[92.347168,25.052191],[92.425903,25.03182],[92.44178,25.03985],[92.463257,25.037128],[92.460152,25.049591],[92.480179,25.08584],[92.484299,25.108061],[92.526512,25.10585],[92.542946,25.0996],[92.524666,25.14003],[92.553169,25.130711],[92.629967,25.125031],[92.638008,25.14522],[92.660812,25.162252],[92.666908,25.177061],[92.679428,25.18309],[92.693939,25.181351],[92.747139,25.207769],[92.779572,25.20311],[92.798431,25.213449],[92.803093,25.22151],[92.77224,25.233259],[92.779472,25.273762],[92.792221,25.285181],[92.788017,25.31761],[92.772453,25.339611],[92.760567,25.335279],[92.736107,25.37381],[92.725433,25.38043],[92.718102,25.374983],[92.673767,25.417141],[92.663689,25.40937],[92.653656,25.423941],[92.641632,25.419533],[92.629303,25.434641],[92.628647,25.42503],[92.614777,25.417431],[92.60701,25.418539],[92.601387,25.46414],[92.56913,25.46479],[92.567833,25.48077],[92.637627,25.528528],[92.660721,25.581841],[92.653458,25.59218],[92.640633,25.58737],[92.630569,25.570669],[92.587479,25.552988],[92.572502,25.560421],[92.560959,25.574251],[92.557617,25.611988],[92.540436,25.617771],[92.510551,25.617201],[92.493263,25.636131],[92.474663,25.673311],[92.459877,25.68297],[92.434341,25.687531],[92.431526,25.70425],[92.436447,25.715601],[92.432007,25.73196],[92.412773,25.732981],[92.416397,25.740499],[92.384956,25.744751],[92.386948,25.752491],[92.333542,25.725231],[92.311501,25.72608],[92.270523,25.710932],[92.234756,25.70882],[92.228996,25.716209],[92.170952,25.66688],[92.160698,25.67186],[92.164352,25.684851],[92.151062,25.71183],[92.153717,25.7227],[92.16423,25.728731],[92.153687,25.79549],[92.178307,25.84808],[92.1791,25.86791],[92.225479,25.907049],[92.2006,25.908241],[92.197182,25.91803],[92.174316,25.909189],[92.160172,25.925961],[92.156097,25.943001],[92.165329,25.953951],[92.167397,25.967699],[92.221687,25.998602],[92.301582,26.07649],[92.295982,26.07889],[92.273689,26.06502],[92.268646,26.067949],[92.241173,26.06254],[92.210426,26.0711],[92.180443,26.068501],[92.178307,26.07951],[92.127022,26.0459],[92.108887,26.049711],[92.063217,26.034718],[92.027893,26.0399],[91.987396,26.038721],[91.957817,26.01889],[91.941292,26.014002],[91.925827,25.999741],[91.919533,26.001591],[91.907463,26.027111],[91.883232,26.030001],[91.875237,26.08456],[91.853836,26.10479]]]},"properties":{"name":"Meghalaya","type":"State"}},
{"type":"Feature","geometry":{"type":"Polygon","coordinates":[[[92.268272,23.756401],[92.26918,23.728111],[92.294899,23.694231],[92.295326,23.67551],[92.280533,23.63937],[92.283569,23.629],[92.300179,23.625259],[92.294586,23.619511],[92.2929,23.601301],[92.308876,23.58456],[92.317993,23.554611],[92.31282,23.533781],[92.323196,23.524652],[92.323441,23.49015],[92.33255,23.478651],[92.323196,23.473803],[92.338051,23.464479],[92.332932,23.458431],[92.338478,23.453871],[92.340027,23.434259],[92.342178,23.430073],[92.349632,23.434698],[92.353958,23.413601],[92.361137,23.40995],[92.358589,23.39472],[92.363388,23.389061],[92.359528,23.385321],[92.36869,23.380371],[92.365379,23.367941],[92.373611,23.37047],[92.379791,23.36323],[92.382057,23.34741],[92.372856,23.322929],[92.375328,23.31819],[92.381233,23.320671],[92.387711,23.308559],[92.389038,23.288811],[92.400429,23.26935],[92.396103,23.267351],[92.40863,23.24608],[92.400223,23.24094],[92.364372,23.238419],[92.361839,23.230461],[92.361572,23.19709],[92.370331,23.16267],[92.365158,23.138788],[92.373436,23.127871],[92.366173,23.105391],[92.385971,23.08165],[92.393646,23.052509],[92.38546,23.037998],[92.385498,22.986931],[92.38031,22.9807],[92.375328,22.937311],[92.382912,22.93014],[92.396553,22.931601],[92.404045,22.917027],[92.421059,22.918669],[92.430717,22.889721],[92.438293,22.886705],[92.445213,22.8951],[92.447899,22.89057],[92.457458,22.870468],[92.453529,22.865561],[92.46386,22.853031],[92.459473,22.852711],[92.463188,22.84251],[92.459419,22.84008],[92.46476,22.832762],[92.457489,22.822989],[92.477791,22.79833],[92.483833,22.76531],[92.492126,22.753862],[92.484619,22.75025],[92.504433,22.744183],[92.511398,22.73661],[92.504341,22.73554],[92.51342,22.719311],[92.532631,22.651091],[92.540497,22.578751],[92.531975,22.563965],[92.542976,22.549841],[92.547096,22.525721],[92.55278,22.5205],[92.550491,22.503691],[92.56562,22.39187],[92.587532,22.32098],[92.58564,22.294863],[92.595039,22.264961],[92.604568,22.186661],[92.613892,22.172941],[92.609978,22.121309],[92.596481,22.13656],[92.571182,22.13233],[92.603668,22.05839],[92.59903,22.03776],[92.610397,22.00341],[92.60968,21.976837],[92.630066,21.984953],[92.663223,22.015501],[92.680779,22.014191],[92.688438,22.028589],[92.684532,22.092051],[92.68956,22.107092],[92.693558,22.07725],[92.703438,22.153782],[92.732758,22.14959],[92.776756,22.110016],[92.81041,22.097641],[92.849022,22.062351],[92.863281,22.067621],[92.87468,22.0301],[92.889427,22.018183],[92.901337,21.990351],[92.907974,21.950455],[92.914467,21.956631],[92.93396,22.014751],[92.960938,22.03019],[92.98175,22.0019],[92.988029,21.98292],[93.00663,21.97986],[93.008453,22.01992],[93.000664,22.036299],[93.000763,22.055641],[93.011757,22.07933],[93.013252,22.098051],[93.02298,22.10565],[93.059761,22.099791],[93.062607,22.120861],[93.046928,22.13867],[93.053703,22.175819],[93.045654,22.195797],[93.072472,22.208527],[93.097267,22.199341],[93.112389,22.200804],[93.138687,22.176741],[93.154411,22.17819],[93.166397,22.19364],[93.165947,22.205221],[93.156273,22.217421],[93.151497,22.24807],[93.183662,22.24914],[93.20858,22.261068],[93.196342,22.32464],[93.202667,22.33367],[93.19149,22.39588],[93.19426,22.408901],[93.18219,22.438751],[93.162773,22.45376],[93.145752,22.458469],[93.135147,22.473906],[93.138329,22.486589],[93.125786,22.52854],[93.111687,22.53179],[93.115532,22.554749],[93.145607,22.586123],[93.139069,22.61821],[93.124283,22.630051],[93.1185,22.651482],[93.10743,22.664141],[93.104172,22.69615],[93.095451,22.711071],[93.112686,22.74424],[93.099266,22.81041],[93.114357,22.815371],[93.123878,22.865911],[93.135551,22.882551],[93.145973,22.912903],[93.162773,22.91353],[93.16835,22.91913],[93.157249,22.926731],[93.142502,22.96442],[93.148087,22.975552],[93.14257,22.993719],[93.129196,23.000769],[93.135826,23.03521],[93.132942,23.047501],[93.147339,23.061691],[93.167831,23.049021],[93.20118,23.057781],[93.220177,23.0452],[93.247742,23.00956],[93.268066,23.012341],[93.288162,23.004629],[93.297722,23.005798],[93.321243,23.02186],[93.345039,23.064484],[93.357407,23.072781],[93.351089,23.080301],[93.362,23.095371],[93.369057,23.120581],[93.381958,23.12751],[93.390663,23.147921],[93.373947,23.150301],[93.394707,23.224279],[93.378418,23.25613],[93.379326,23.33268],[93.365807,23.354481],[93.396523,23.368061],[93.40461,23.383499],[93.397186,23.433311],[93.407288,23.50197],[93.427643,23.53437],[93.427109,23.571692],[93.433411,23.595091],[93.428619,23.645151],[93.440941,23.6782],[93.43866,23.6922],[93.423302,23.703991],[93.41552,23.7181],[93.417732,23.73255],[93.404228,23.76899],[93.410057,23.798792],[93.396561,23.85854],[93.39872,23.930281],[93.364937,23.945971],[93.347397,23.9807],[93.334427,23.98695],[93.342163,24.03067],[93.336006,24.04261],[93.337372,24.0534],[93.288193,24.05155],[93.273949,24.03392],[93.25238,24.033831],[93.266609,24.060261],[93.248016,24.085339],[93.226677,24.086531],[93.22525,24.073961],[93.216736,24.05006],[93.178383,24.054096],[93.166977,24.061218],[93.161316,24.07756],[93.142197,24.086788],[93.129372,24.064081],[93.112312,24.055191],[93.100922,24.04509],[93.100929,24.056391],[93.102348,24.074011],[93.085228,24.090351],[93.065193,24.094271],[93.034698,24.099241],[93.021492,24.101452],[93.000687,24.115192],[92.984779,24.11482],[92.973602,24.12388],[92.98941,24.131781],[92.991127,24.15033],[93.005447,24.16061],[93.012367,24.19754],[93.022293,24.21006],[93.019409,24.228849],[93.006706,24.25396],[93.008217,24.280479],[93.023918,24.300741],[93.031761,24.34449],[93.020111,24.365973],[93.024353,24.390471],[92.995346,24.401951],[92.985428,24.40756],[92.970833,24.401213],[92.954697,24.403881],[92.944153,24.401833],[92.937737,24.396709],[92.925377,24.40222],[92.923393,24.40572],[92.905731,24.399059],[92.900978,24.393431],[92.891731,24.401791],[92.884247,24.40304],[92.871788,24.397051],[92.854477,24.394001],[92.846909,24.382299],[92.832703,24.376369],[92.828262,24.385578],[92.826599,24.393553],[92.83033,24.401751],[92.809486,24.4193],[92.800797,24.41905],[92.803818,24.421722],[92.800316,24.431971],[92.764511,24.518831],[92.723763,24.435949],[92.714119,24.41296],[92.714127,24.40778],[92.707451,24.387011],[92.702408,24.375233],[92.695007,24.36957],[92.693916,24.36363],[92.690666,24.354801],[92.6838,24.347481],[92.667,24.34561],[92.663231,24.3438],[92.65847,24.34346],[92.656456,24.339121],[92.65184,24.330339],[92.64904,24.328751],[92.645012,24.327671],[92.639259,24.331751],[92.638237,24.334431],[92.630638,24.33337],[92.623352,24.33077],[92.619637,24.30846],[92.616783,24.291231],[92.6194,24.286779],[92.615768,24.270531],[92.611588,24.253349],[92.595963,24.24931],[92.588013,24.244862],[92.558937,24.24789],[92.547096,24.2377],[92.547386,24.224409],[92.533463,24.180832],[92.529907,24.176411],[92.521759,24.17293],[92.513573,24.17358],[92.508636,24.169201],[92.509537,24.162889],[92.503258,24.16667],[92.494759,24.159941],[92.48494,24.161381],[92.478752,24.14871],[92.479607,24.1409],[92.473351,24.139961],[92.465973,24.13475],[92.457222,24.143501],[92.441826,24.152851],[92.436569,24.15243],[92.437752,24.1705],[92.433212,24.18327],[92.419716,24.202471],[92.418518,24.221649],[92.422379,24.253111],[92.395706,24.252529],[92.310501,24.251348],[92.297096,24.24954],[92.30088,24.22204],[92.313599,24.22113],[92.312737,24.210991],[92.324608,24.20579],[92.320221,24.202579],[92.330406,24.184832],[92.336311,24.14436],[92.328247,24.13862],[92.331551,24.098751],[92.327019,24.076443],[92.319183,24.069498],[92.32032,24.05117],[92.315269,24.048691],[92.329056,23.989651],[92.31263,23.970211],[92.312706,23.941231],[92.321167,23.926111],[92.330658,23.92145],[92.33049,23.907593],[92.317131,23.884089],[92.319572,23.8652],[92.295052,23.86548],[92.291969,23.871449],[92.274139,23.843611],[92.286789,23.81678],[92.269478,23.81778],[92.262337,23.80488],[92.268272,23.756401]]]},"properties":{"name":"Mizoram","type":"State"}},
{"type":"Feature","geometry":{"type":"Polygon","coordinates":[[[95.214447,26.936951],[95.209236,26.956671],[95.206757,26.962591],[95.215042,26.970371],[95.205223,26.98217],[95.200439,26.985559],[95.199821,26.999359],[95.197853,27.01984],[95.154503,27.006041],[95.136986,26.99358],[95.113503,26.977581],[95.086861,26.952742],[95.038048,26.93848],[95.016571,26.924353],[94.993057,26.926161],[94.989449,26.91783],[94.974258,26.927603],[94.966766,26.93618],[94.94709,26.940201],[94.933601,26.93854],[94.917992,26.945143],[94.901291,26.94034],[94.881546,26.92671],[94.865318,26.90691],[94.851532,26.88134],[94.836456,26.86846],[94.821083,26.85446],[94.816696,26.841471],[94.813057,26.82476],[94.796646,26.81852],[94.802208,26.806061],[94.785637,26.798571],[94.759346,26.774137],[94.750717,26.779671],[94.741676,26.773571],[94.73188,26.764009],[94.696877,26.739691],[94.665138,26.72776],[94.646217,26.72451],[94.628296,26.71863],[94.620148,26.72674],[94.610443,26.735861],[94.599937,26.73772],[94.600487,26.72526],[94.604683,26.717211],[94.596169,26.71818],[94.592407,26.70273],[94.582787,26.70558],[94.570869,26.69006],[94.562332,26.69383],[94.561127,26.708139],[94.545059,26.710901],[94.522728,26.704369],[94.515503,26.6873],[94.503006,26.677691],[94.485748,26.6737],[94.46183,26.66316],[94.461662,26.643841],[94.462502,26.63546],[94.408577,26.609791],[94.41188,26.5734],[94.410576,26.560598],[94.406097,26.557381],[94.407951,26.549711],[94.401337,26.544081],[94.399452,26.53232],[94.391411,26.532829],[94.378067,26.51716],[94.364456,26.51033],[94.351112,26.508621],[94.353561,26.502159],[94.349632,26.492842],[94.332596,26.485029],[94.324783,26.47221],[94.313477,26.465],[94.293922,26.480742],[94.287239,26.50852],[94.289062,26.525171],[94.285622,26.54657],[94.28891,26.5599],[94.276741,26.55884],[94.252052,26.527733],[94.22892,26.503262],[94.209366,26.483723],[94.175758,26.431801],[94.176842,26.41341],[94.174049,26.377823],[94.173576,26.367579],[94.16938,26.354061],[94.179283,26.35084],[94.16452,26.33934],[94.146713,26.335421],[94.142647,26.342131],[94.12397,26.335911],[94.128723,26.32325],[94.108047,26.326401],[94.098076,26.30294],[94.07782,26.275351],[94.064636,26.26177],[94.04422,26.239969],[94.040466,26.223511],[94.035736,26.20319],[94.021957,26.19146],[94.004807,26.173271],[93.999657,26.158241],[94.005226,26.141861],[93.996277,26.137411],[93.993263,26.132818],[93.996613,26.128139],[93.991241,26.11812],[94.002136,26.114861],[93.994133,26.106089],[93.990967,26.089491],[93.989388,26.07412],[93.963127,26.033352],[93.954887,26.00733],[93.960587,25.997009],[93.969208,25.96084],[93.982681,25.92627],[93.96917,25.911423],[93.948357,25.901201],[93.923851,25.889803],[93.90184,25.871031],[93.891617,25.858641],[93.873627,25.85092],[93.842339,25.86261],[93.821373,25.832401],[93.807587,25.816338],[93.790703,25.820801],[93.784523,25.835781],[93.779823,25.84631],[93.783592,25.85393],[93.785782,25.866899],[93.788277,25.875721],[93.791847,25.894913],[93.798111,25.906288],[93.792267,25.92252],[93.78862,25.932961],[93.789192,25.949011],[93.785187,25.9583],[93.773018,25.966021],[93.768417,25.95505],[93.749413,25.942051],[93.750092,25.937281],[93.716507,25.921721],[93.697678,25.917068],[93.690903,25.889271],[93.702377,25.846991],[93.697853,25.851313],[93.692017,25.84413],[93.678062,25.828871],[93.66861,25.824631],[93.652359,25.822821],[93.640999,25.817921],[93.634056,25.809971],[93.629799,25.79998],[93.623817,25.790428],[93.62233,25.779831],[93.605713,25.772631],[93.598343,25.76836],[93.588226,25.76815],[93.583771,25.75775],[93.573418,25.756611],[93.565483,25.741341],[93.556923,25.73774],[93.544838,25.726971],[93.548813,25.714701],[93.543556,25.7017],[93.530571,25.692699],[93.522728,25.693201],[93.520287,25.68367],[93.502083,25.66202],[93.483597,25.65176],[93.474777,25.644291],[93.460701,25.641548],[93.46122,25.636551],[93.451981,25.63748],[93.444397,25.638042],[93.439087,25.632339],[93.427536,25.631458],[93.40905,25.611691],[93.409637,25.604101],[93.4002,25.596281],[93.382401,25.584751],[93.384743,25.577921],[93.376839,25.57374],[93.369438,25.570259],[93.364182,25.56065],[93.348312,25.563219],[93.333382,25.549021],[93.340393,25.537291],[93.352341,25.537571],[93.371147,25.50515],[93.386368,25.493351],[93.391312,25.48143],[93.390419,25.46917],[93.417107,25.452791],[93.434959,25.454773],[93.461868,25.434698],[93.463257,25.410961],[93.477287,25.386009],[93.462318,25.35887],[93.457909,25.340919],[93.456703,25.32526],[93.474022,25.30928],[93.472588,25.28544],[93.487541,25.27593],[93.510788,25.275608],[93.50843,25.24371],[93.529358,25.24836],[93.55471,25.250528],[93.570763,25.23245],[93.58165,25.226009],[93.590286,25.21995],[93.592857,25.206671],[93.601036,25.202393],[93.612579,25.20619],[93.631866,25.24292],[93.643547,25.265882],[93.651619,25.27902],[93.666092,25.308281],[93.672073,25.328711],[93.691452,25.34742],[93.711586,25.358089],[93.723106,25.375582],[93.741318,25.389441],[93.746666,25.40571],[93.781067,25.424711],[93.808998,25.46559],[93.804047,25.499029],[93.773392,25.497841],[93.76429,25.515482],[93.768951,25.53071],[93.77182,25.54081],[93.815941,25.545448],[93.825043,25.556],[93.836487,25.563061],[93.862236,25.557529],[93.900238,25.568729],[93.917091,25.566721],[93.94352,25.563433],[93.972649,25.56118],[94.00061,25.573881],[94.011597,25.572748],[94.007828,25.587528],[94.014732,25.59613],[94.045998,25.58095],[94.06942,25.558981],[94.094963,25.54644],[94.09211,25.53273],[94.138733,25.523701],[94.15184,25.541851],[94.163528,25.549921],[94.18277,25.553251],[94.193909,25.542198],[94.199249,25.52277],[94.219856,25.49963],[94.231743,25.49831],[94.266937,25.502439],[94.286743,25.5117],[94.302643,25.494633],[94.320686,25.499281],[94.388542,25.53657],[94.416809,25.541941],[94.426392,25.561451],[94.425659,25.58147],[94.444283,25.59601],[94.474037,25.621641],[94.493416,25.61433],[94.501831,25.620022],[94.531548,25.650129],[94.551781,25.66246],[94.567993,25.692221],[94.582977,25.693201],[94.596947,25.686911],[94.585327,25.67485],[94.576088,25.644701],[94.594551,25.642651],[94.578506,25.626251],[94.55957,25.59411],[94.562897,25.549511],[94.558273,25.53488],[94.557419,25.51277],[94.585007,25.49687],[94.594887,25.48815],[94.625343,25.46909],[94.656456,25.458601],[94.669762,25.45536],[94.695671,25.46813],[94.739212,25.47678],[94.762321,25.491501],[94.772743,25.481293],[94.789833,25.491199],[94.812492,25.495371],[94.829796,25.538391],[94.849937,25.560875],[94.904991,25.56711],[94.889168,25.59218],[94.911461,25.6033],[94.920906,25.614832],[94.937576,25.669031],[94.993233,25.71426],[94.999313,25.726631],[95.040688,25.74758],[95.052528,25.762659],[95.049377,25.810072],[95.037483,25.820223],[95.033714,25.84042],[95.018242,25.86783],[95.020096,25.905701],[95.02803,25.919849],[95.057411,25.946978],[95.078949,25.950838],[95.100166,25.964947],[95.162636,26.03142],[95.168053,26.05777],[95.185699,26.080351],[95.176987,26.092279],[95.126717,26.101],[95.120888,26.122],[95.127876,26.136971],[95.116837,26.16301],[95.124672,26.196621],[95.138229,26.209242],[95.133209,26.225641],[95.121231,26.238701],[95.128319,26.252581],[95.121269,26.279371],[95.131149,26.2925],[95.128296,26.354662],[95.134583,26.375683],[95.130852,26.39061],[95.104767,26.401251],[95.106186,26.429991],[95.081619,26.45323],[95.071716,26.450399],[95.067207,26.46155],[95.112511,26.518381],[95.120773,26.534479],[95.114792,26.548],[95.126816,26.562351],[95.142746,26.562288],[95.154488,26.580803],[95.154709,26.61949],[95.182022,26.643261],[95.214859,26.65568],[95.234497,26.683071],[95.23597,26.691521],[95.229652,26.716883],[95.21685,26.741301],[95.219261,26.75555],[95.229202,26.768471],[95.231636,26.777693],[95.244919,26.787331],[95.235016,26.789289],[95.215118,26.79838],[95.202583,26.828751],[95.200508,26.842878],[95.204239,26.84894],[95.19561,26.849621],[95.184502,26.86483],[95.212852,26.885603],[95.233856,26.890841],[95.233963,26.918753],[95.229309,26.930632],[95.214447,26.936951]]]},"properties":{"name":"Nagaland","type":"State"}},
{"type":"Feature","geometry":{"type":"MultiPolygon","coordinates":[[[[84.756531,19.110971],[84.756805,19.101528],[84.763748,19.10236],[84.765419,19.107361],[84.758469,19.10486],[84.756531,19.110971]]],[[[84.783195,19.110971],[84.765137,19.099581],[84.759583,19.100695],[84.757919,19.08736],[84.751526,19.082361],[84.748192,19.09042],[84.732361,19.089582],[84.761017,19.071312],[84.783195,19.110971]]],[[[86.372498,19.954445],[86.372299,19.95764],[86.367462,19.953461],[86.355263,19.950201],[86.372498,19.954445]]],[[[86.368607,19.97389],[86.364166,19.969444],[86.370888,19.968203],[86.373024,19.972967],[86.368607,19.97389]]],[[[86.321388,19.99889],[86.319008,20.002333],[86.31604,19.999434],[86.320831,19.993328],[86.321388,19.99889]]],[[[86.335571,19.990829],[86.335571,20.003611],[86.329437,20.010563],[86.327217,19.99861],[86.335571,19.990829]]],[[[86.320274,20.029444],[86.324173,20.021938],[86.326668,20.024443],[86.320274,20.029444]]],[[[86.315002,20.03167],[86.302231,20.02528],[86.316109,20.021391],[86.321388,20.01],[86.324997,20.016947],[86.315002,20.03167]]],[[[86.265831,20.033611],[86.262497,20.032221],[86.26722,20.030558],[86.265831,20.033611]]],[[[86.426392,20.03861],[86.425835,20.043612],[86.420563,20.032501],[86.426392,20.03861]]],[[[86.294998,20.049723],[86.291107,20.048611],[86.300278,20.044447],[86.294998,20.049723]]],[[[86.270279,20.058058],[86.255501,20.050343],[86.245232,20.02936],[86.266388,20.03528],[86.278893,20.02667],[86.308052,20.034721],[86.273331,20.055281],[86.26722,20.053329],[86.270279,20.058058]]],[[[86.501663,20.17584],[86.489639,20.170387],[86.494408,20.162212],[86.506943,20.171391],[86.501663,20.17584]]],[[[86.791664,20.373611],[86.792221,20.365276],[86.79583,20.371666],[86.791664,20.373611]]],[[[86.793907,20.37993],[86.791107,20.37639],[86.795837,20.374451],[86.793907,20.37993]]],[[[86.80278,20.420834],[86.806946,20.41083],[86.800591,20.41136],[86.800308,20.389872],[86.805893,20.38834],[86.803886,20.371389],[86.81472,20.40778],[86.808609,20.419451],[86.80278,20.420834]]],[[[86.789726,20.387609],[86.795357,20.39382],[86.791389,20.429171],[86.789726,20.387609]]],[[[86.805275,20.491945],[86.800827,20.473902],[86.804169,20.463612],[86.809448,20.476667],[86.805275,20.491945]]],[[[86.798058,20.691942],[86.799156,20.700001],[86.790169,20.675341],[86.798058,20.691942]]],[[[87.008514,20.708122],[87.016579,20.713251],[87.015724,20.722223],[87.002434,20.709003],[87.008514,20.708122]]],[[[87.090836,20.757521],[87.084694,20.76437],[87.082916,20.757481],[87.072517,20.754559],[87.092323,20.75234],[87.090836,20.757521]]],[[[86.870651,20.771778],[86.851013,20.77483],[86.82972,20.75861],[86.818611,20.71944],[86.805267,20.70472],[86.802147,20.685221],[86.773796,20.646387],[86.806107,20.645],[86.818428,20.63858],[86.821861,20.64707],[86.813354,20.66239],[86.806427,20.667231],[86.79789,20.66346],[86.79541,20.665623],[86.802711,20.676451],[86.829361,20.67304],[86.83609,20.66655],[86.841553,20.652443],[86.845787,20.65238],[86.853859,20.657061],[86.859726,20.662781],[86.856667,20.670834],[86.863609,20.67832],[86.855827,20.684999],[86.883614,20.706942],[86.876114,20.716108],[86.878052,20.7325],[86.877502,20.716108],[86.885277,20.70722],[86.858063,20.68556],[86.86499,20.679171],[86.858887,20.665003],[86.892891,20.695122],[86.928253,20.71447],[86.973183,20.714987],[86.993561,20.70952],[87.001389,20.71583],[87.006943,20.741388],[86.990547,20.771669],[86.947777,20.76639],[86.870651,20.771778]]],[[[86.984169,20.782223],[86.981392,20.77833],[86.987503,20.780281],[86.984169,20.782223]]],[[[86.881943,20.78861],[86.86528,20.783056],[86.887222,20.772221],[86.95153,20.77471],[86.881943,20.78861]]],[[[87.01651,20.80283],[87.018578,20.822874],[87.002502,20.832222],[87.005722,20.80957],[87.013893,20.797503],[87.01651,20.80283]]],[[[87.123886,21.51972],[87.118881,21.51722],[87.123047,21.514441],[87.123886,21.51972]]],[[[86.722786,22.215248],[86.691788,22.2174],[86.662697,22.23748],[86.648178,22.235691],[86.645897,22.25728],[86.634659,22.26915],[86.616058,22.276003],[86.598457,22.27438],[86.581306,22.294918],[86.523201,22.307838],[86.523651,22.318571],[86.481712,22.342018],[86.460266,22.32642],[86.441818,22.32534],[86.440193,22.311411],[86.424377,22.306271],[86.32534,22.373081],[86.271378,22.442829],[86.220383,22.449091],[86.218208,22.46821],[86.209137,22.462841],[86.173706,22.476431],[86.145149,22.47514],[86.111923,22.482931],[86.058136,22.553421],[86.03849,22.563589],[86.022026,22.52055],[85.969246,22.499781],[85.953506,22.455973],[85.996857,22.42164],[86.005997,22.425362],[86.021248,22.37504],[86.015968,22.372971],[85.998428,22.331079],[86.020432,22.329399],[86.005898,22.31591],[86.020409,22.30554],[86.042259,22.308241],[86.008499,22.292671],[85.969788,22.243401],[85.98513,22.223843],[86.025566,22.189211],[86.003853,22.151051],[85.992599,22.10025],[85.94471,22.02327],[85.923401,22.014078],[85.913063,21.996651],[85.905998,21.96809],[85.894173,21.978291],[85.840416,21.97648],[85.818329,21.970011],[85.815392,21.980131],[85.780502,21.981041],[85.760521,21.996941],[85.761848,22.017941],[85.778938,22.036261],[85.770332,22.051283],[85.796761,22.074501],[85.830757,22.076971],[85.815216,22.09902],[85.79718,22.1063],[85.722351,22.05813],[85.687881,22.05608],[85.672363,22.059721],[85.648056,22.086811],[85.619583,22.077841],[85.607323,22.081791],[85.596649,22.07472],[85.582237,22.08099],[85.539543,22.08659],[85.533501,22.0968],[85.514847,22.10821],[85.410286,22.15608],[85.362427,22.150049],[85.358131,22.1196],[85.338501,22.12472],[85.3097,22.11339],[85.280899,22.087641],[85.246529,22.02541],[85.22213,22.003448],[85.213837,22.016281],[85.210747,22.04318],[85.183456,22.05493],[85.172462,22.06819],[85.16983,22.053101],[85.16375,22.052999],[85.155548,22.070459],[85.113297,22.071079],[85.095436,22.099451],[85.06945,22.107128],[85.031181,22.10248],[85.014069,22.09371],[85.002319,22.079943],[84.981041,22.08242],[84.983467,22.09149],[85.019493,22.108391],[85.027351,22.122561],[85.026199,22.148451],[85.049606,22.17931],[85.072067,22.24572],[85.06942,22.267582],[85.098572,22.28792],[85.114456,22.290489],[85.114037,22.314213],[85.095123,22.312391],[85.075043,22.36097],[85.080681,22.39546],[85.060486,22.449511],[85.073639,22.466681],[85.051399,22.47942],[84.952438,22.439449],[84.947281,22.45108],[84.925339,22.436609],[84.919868,22.425991],[84.893799,22.418011],[84.8815,22.42944],[84.876526,22.443251],[84.863716,22.43453],[84.84137,22.43487],[84.832542,22.426378],[84.812691,22.43161],[84.807793,22.446861],[84.778053,22.443541],[84.726143,22.416641],[84.661606,22.413919],[84.613647,22.42758],[84.505829,22.416201],[84.476669,22.405981],[84.472809,22.38269],[84.442078,22.37302],[84.419113,22.350771],[84.377586,22.345909],[84.361717,22.34853],[84.323967,22.338921],[84.289223,22.33732],[84.266167,22.34783],[84.246559,22.373701],[84.194107,22.371811],[84.152489,22.40093],[84.133102,22.445311],[84.137436,22.4671],[84.129143,22.47349],[84.106117,22.473848],[84.102913,22.481291],[84.079208,22.488852],[84.057587,22.510151],[84.009636,22.52029],[83.992981,22.527378],[83.97657,22.518391],[83.976097,22.502211],[83.992981,22.49398],[84.015488,22.482422],[84.034653,22.469898],[84.039513,22.448723],[84.032707,22.426031],[84.022163,22.41016],[84.012489,22.398899],[84.001663,22.380369],[84.00119,22.369671],[83.985367,22.366371],[83.956612,22.361061],[83.929581,22.356281],[83.915543,22.359671],[83.871948,22.33893],[83.861008,22.343781],[83.843033,22.326349],[83.822487,22.315638],[83.820808,22.29604],[83.804787,22.289881],[83.793648,22.287691],[83.778557,22.274509],[83.765839,22.25602],[83.7528,22.242861],[83.700432,22.24588],[83.672737,22.237438],[83.654572,22.22389],[83.61927,22.19636],[83.602333,22.151838],[83.565758,22.11285],[83.558922,22.09549],[83.583069,22.08049],[83.590569,22.059341],[83.565628,22.056789],[83.538368,22.05538],[83.532677,22.028631],[83.548561,22.006702],[83.540108,21.985331],[83.535172,21.963501],[83.55397,21.936281],[83.600479,21.910841],[83.583252,21.898569],[83.583336,21.890961],[83.57811,21.879789],[83.584053,21.852793],[83.579483,21.83712],[83.564537,21.83037],[83.540947,21.83466],[83.5364,21.81835],[83.535767,21.798962],[83.514122,21.7978],[83.490913,21.814541],[83.484047,21.79434],[83.475922,21.77379],[83.475418,21.75341],[83.484131,21.741552],[83.466927,21.710569],[83.456337,21.694321],[83.431831,21.693911],[83.421112,21.686548],[83.435356,21.66312],[83.474777,21.641218],[83.486473,21.633171],[83.469902,21.62677],[83.452797,21.607323],[83.449936,21.61698],[83.440483,21.626699],[83.441231,21.649273],[83.413528,21.636311],[83.40181,21.626751],[83.386833,21.61536],[83.368187,21.597071],[83.366867,21.559313],[83.354263,21.535318],[83.337753,21.50263],[83.335617,21.491911],[83.343353,21.46489],[83.360947,21.442181],[83.371376,21.42836],[83.389671,21.401663],[83.396553,21.372271],[83.394157,21.361141],[83.402657,21.348431],[83.376633,21.3433],[83.319336,21.358143],[83.287247,21.371469],[83.27002,21.375038],[83.26609,21.34543],[83.255783,21.329323],[83.254097,21.31238],[83.274803,21.290571],[83.267677,21.268578],[83.248367,21.277302],[83.224899,21.26697],[83.214699,21.240419],[83.214386,21.220581],[83.211212,21.191181],[83.202019,21.177431],[83.199387,21.16197],[83.190102,21.135529],[83.169868,21.131519],[83.14875,21.119871],[83.119843,21.101061],[83.092087,21.10597],[83.071442,21.10807],[83.051399,21.11717],[83.03643,21.12121],[83.029541,21.131323],[83.010483,21.14537],[82.963638,21.161671],[82.948997,21.169771],[82.928001,21.161032],[82.907959,21.160273],[82.887413,21.153772],[82.868828,21.15975],[82.854027,21.157009],[82.839996,21.163361],[82.80381,21.15307],[82.788849,21.139273],[82.752296,21.15974],[82.721153,21.158941],[82.700539,21.153261],[82.684532,21.15806],[82.635941,21.14945],[82.638367,21.131613],[82.645317,21.120668],[82.638336,21.10647],[82.635361,21.09199],[82.621941,21.075201],[82.609123,21.063921],[82.60862,21.0182],[82.595146,20.997129],[82.566513,20.967001],[82.535851,20.929522],[82.513443,20.917219],[82.485672,20.903511],[82.484528,20.87289],[82.477623,20.84672],[82.459831,20.835649],[82.459053,20.823841],[82.444656,20.82407],[82.436501,20.829531],[82.41349,20.829561],[82.40728,20.848021],[82.401413,20.862431],[82.368011,20.8641],[82.356178,20.87636],[82.341217,20.868061],[82.335548,20.827831],[82.340401,20.746719],[82.346992,20.714239],[82.345566,20.69491],[82.360687,20.671911],[82.362251,20.650471],[82.368233,20.62406],[82.356659,20.611361],[82.348,20.601641],[82.338371,20.59083],[82.340637,20.569733],[82.327827,20.56196],[82.324463,20.556648],[82.33609,20.54324],[82.358513,20.516239],[82.381317,20.507771],[82.386131,20.475521],[82.390068,20.459391],[82.406403,20.466141],[82.419388,20.457281],[82.425652,20.436319],[82.422958,20.418331],[82.409897,20.402679],[82.410408,20.377201],[82.397942,20.35586],[82.393776,20.335522],[82.400459,20.324671],[82.42244,20.30966],[82.42923,20.282963],[82.412323,20.269901],[82.414078,20.24155],[82.40728,20.22764],[82.413651,20.21328],[82.407631,20.194099],[82.383301,20.16046],[82.382286,20.13817],[82.390739,20.119051],[82.392601,20.073311],[82.395767,20.049],[82.424782,20.043541],[82.4515,20.035261],[82.470772,20.032021],[82.490067,20.018572],[82.531982,20.01223],[82.57872,19.99564],[82.614388,19.986971],[82.623581,19.997641],[82.641899,19.99791],[82.686447,19.994631],[82.70063,19.99287],[82.70945,19.946671],[82.706497,19.933531],[82.705879,19.91123],[82.700531,19.89329],[82.709351,19.870121],[82.711006,19.84856],[82.702713,19.831039],[82.683319,19.823721],[82.654106,19.825529],[82.636292,19.807993],[82.622963,19.78931],[82.603279,19.78355],[82.595139,19.773069],[82.578476,19.77582],[82.571579,19.80201],[82.57383,19.823709],[82.574196,19.83198],[82.581497,19.84049],[82.591469,19.85243],[82.590767,19.866219],[82.554886,19.869501],[82.544289,19.86903],[82.523056,19.872789],[82.502258,19.882441],[82.49424,19.89736],[82.468086,19.899481],[82.44239,19.902983],[82.424927,19.89761],[82.410439,19.8934],[82.388817,19.88176],[82.377251,19.862968],[82.356071,19.855131],[82.339447,19.829962],[82.321327,19.851919],[82.268646,19.95793],[82.252716,19.976479],[82.22438,19.995871],[82.210587,19.99081],[82.184181,19.981161],[82.166077,19.99584],[82.148346,20.003],[82.121422,20.00979],[82.102737,20.020828],[82.093193,20.032673],[82.076302,20.044041],[82.048973,20.03524],[82.031563,20.016661],[82.014786,20.01951],[82.014328,20.03644],[82.006897,20.047331],[81.992706,20.047821],[81.978493,20.06918],[81.954773,20.09148],[81.936966,20.101151],[81.921883,20.086948],[81.901428,20.05912],[81.88504,20.041719],[81.873756,20.046181],[81.865486,20.03388],[81.858917,20.016371],[81.852051,19.99716],[81.850319,19.982601],[81.837303,19.950081],[81.848831,19.938591],[81.849632,19.908051],[81.898056,19.878519],[81.960373,19.854738],[81.970207,19.81274],[81.992371,19.79443],[82.003052,19.798519],[82.02906,19.792191],[82.044441,19.789249],[82.05983,19.783098],[82.05542,19.76103],[82.044006,19.73769],[82.043709,19.713911],[82.038483,19.69278],[82.048477,19.61581],[82.037277,19.597919],[82.037796,19.57719],[82.044136,19.564798],[82.043007,19.54446],[82.041023,19.525702],[82.022392,19.501802],[82.070847,19.515921],[82.091019,19.494059],[82.106796,19.443071],[82.16069,19.42952],[82.179253,19.41914],[82.177773,19.405573],[82.150803,19.37034],[82.140831,19.361919],[82.149551,19.344379],[82.168953,19.337231],[82.180252,19.332203],[82.17009,19.302481],[82.158363,19.281481],[82.150993,19.258423],[82.153763,19.215778],[82.158043,19.193178],[82.169403,19.176701],[82.171127,19.16827],[82.178787,19.158859],[82.171486,19.15391],[82.165001,19.15045],[82.171989,19.1425],[82.164719,19.139471],[82.161171,19.129751],[82.169823,19.11286],[82.199753,19.11746],[82.199486,19.099821],[82.210587,19.092251],[82.208557,19.078522],[82.222481,19.021111],[82.239563,18.91046],[82.227676,18.906691],[82.198738,18.90554],[82.172729,18.895288],[82.163109,18.871931],[82.161263,18.85774],[82.156113,18.79994],[82.161148,18.79096],[82.150017,18.7787],[82.130661,18.7701],[82.113922,18.76066],[82.084709,18.7584],[82.0849,18.732691],[82.073982,18.713091],[82.059128,18.717781],[82.049431,18.717581],[82.015617,18.713531],[81.991867,18.697691],[81.963867,18.687799],[81.960632,18.667721],[81.945923,18.646379],[81.947441,18.62882],[81.909142,18.640989],[81.893173,18.653881],[81.889313,18.641129],[81.887291,18.62439],[81.913033,18.61293],[81.933037,18.59465],[81.954529,18.58671],[81.945343,18.56245],[81.943527,18.55542],[81.925453,18.55768],[81.91317,18.56119],[81.899757,18.549042],[81.898651,18.53616],[81.896072,18.528431],[81.875381,18.521412],[81.868057,18.517483],[81.853027,18.50733],[81.844307,18.481541],[81.767387,18.41477],[81.755547,18.38625],[81.744911,18.34535],[81.699242,18.343571],[81.652809,18.336679],[81.652458,18.324789],[81.646759,18.311501],[81.59687,18.302111],[81.590508,18.293331],[81.574013,18.28117],[81.539459,18.26211],[81.525772,18.236521],[81.508789,18.192511],[81.508926,18.17407],[81.521736,18.14831],[81.494659,18.058001],[81.473892,18.028511],[81.477676,17.993511],[81.476669,17.9739],[81.47644,17.96763],[81.466957,17.954901],[81.445107,17.925468],[81.446213,17.91028],[81.448273,17.903021],[81.440262,17.879141],[81.434509,17.874901],[81.411667,17.885391],[81.395851,17.88756],[81.389549,17.862101],[81.397369,17.843641],[81.383789,17.823488],[81.383102,17.81414],[81.402763,17.805321],[81.414337,17.816431],[81.433876,17.81576],[81.466843,17.824921],[81.474571,17.809999],[81.48584,17.80261],[81.525726,17.810871],[81.568741,17.827881],[81.599739,17.815441],[81.623978,17.824423],[81.642792,17.839281],[81.649063,17.862469],[81.663063,17.87693],[81.683243,17.87948],[81.699272,17.869732],[81.758293,17.89336],[81.782417,17.90974],[81.794052,17.929661],[81.833336,17.951031],[81.874138,17.959841],[81.936096,17.984091],[81.964043,17.999868],[82.001686,18.023661],[82.001579,18.044811],[82.024658,18.05788],[82.045166,18.045589],[82.065643,18.04892],[82.058983,18.058451],[82.072212,18.065638],[82.092361,18.052761],[82.113266,18.057821],[82.142296,18.04357],[82.16375,18.04162],[82.174248,18.015503],[82.191017,18.008951],[82.218178,17.99419],[82.236992,17.99201],[82.253189,17.98019],[82.268852,17.991989],[82.268936,18.019939],[82.262207,18.036301],[82.266953,18.048271],[82.285057,18.05941],[82.296402,18.057558],[82.301056,18.044041],[82.305527,18.037809],[82.316963,18.03602],[82.317307,18.048531],[82.32618,18.046511],[82.336349,18.04726],[82.341942,18.071301],[82.340553,18.08709],[82.332489,18.10705],[82.333366,18.14238],[82.357567,18.125101],[82.365158,18.139669],[82.341606,18.163431],[82.319313,18.171431],[82.309433,18.189381],[82.332817,18.21579],[82.322533,18.228128],[82.332039,18.240129],[82.336899,18.266241],[82.37188,18.274101],[82.387352,18.300623],[82.384369,18.318701],[82.369186,18.317753],[82.354561,18.309021],[82.341011,18.310659],[82.345421,18.321819],[82.360138,18.3437],[82.379707,18.35743],[82.38443,18.36911],[82.375237,18.38306],[82.365997,18.403353],[82.367027,18.41717],[82.380653,18.42643],[82.412201,18.46467],[82.429138,18.485142],[82.453423,18.517021],[82.485321,18.533701],[82.475739,18.529408],[82.49881,18.503271],[82.504181,18.505491],[82.517517,18.505638],[82.522026,18.49699],[82.520058,18.487261],[82.524483,18.482849],[82.525726,18.470541],[82.517746,18.45929],[82.523193,18.45278],[82.523163,18.44577],[82.528793,18.44034],[82.535606,18.436651],[82.544212,18.441299],[82.553772,18.437651],[82.546059,18.424143],[82.537636,18.41223],[82.539688,18.403622],[82.5326,18.39682],[82.542343,18.38905],[82.55603,18.38851],[82.589172,18.377138],[82.60051,18.36871],[82.599312,18.35997],[82.605667,18.35281],[82.60788,18.341671],[82.596512,18.34087],[82.603828,18.320372],[82.592293,18.317921],[82.58596,18.315901],[82.576439,18.30681],[82.582703,18.3008],[82.590317,18.287781],[82.587227,18.27944],[82.584282,18.27322],[82.585472,18.266121],[82.589203,18.256729],[82.609482,18.24925],[82.613419,18.239429],[82.626877,18.228741],[82.637169,18.23493],[82.644859,18.257078],[82.656487,18.278801],[82.672577,18.2922],[82.690323,18.29707],[82.7005,18.299789],[82.706703,18.310633],[82.725311,18.311571],[82.737816,18.319901],[82.751038,18.328333],[82.761848,18.32781],[82.784218,18.354151],[82.793297,18.39497],[82.781609,18.404251],[82.776222,18.419691],[82.799171,18.439402],[82.824173,18.42992],[82.836342,18.41954],[82.84491,18.409773],[82.862968,18.407921],[82.879356,18.41464],[82.890778,18.3986],[82.891861,18.36688],[82.908386,18.35943],[82.920059,18.359739],[82.945503,18.35047],[82.955971,18.35581],[82.976448,18.354912],[82.986107,18.365902],[82.992867,18.374821],[83.011612,18.37821],[83.03952,18.370081],[83.065826,18.3894],[83.063736,18.39571],[83.055313,18.408112],[83.060623,18.419243],[83.05983,18.428633],[83.04261,18.418291],[83.033302,18.42334],[83.037323,18.43483],[83.018036,18.440401],[83.024559,18.453699],[83.037018,18.463131],[83.068817,18.502029],[83.088509,18.532761],[83.07148,18.542492],[83.051178,18.53491],[83.032478,18.54789],[83.026863,18.567961],[83.036507,18.577572],[83.044746,18.578171],[83.052979,18.589939],[83.04892,18.595263],[83.039703,18.592079],[83.027702,18.582272],[83.009483,18.59144],[83.01738,18.6234],[83.009346,18.631481],[83.011543,18.63903],[83.050972,18.65416],[83.070808,18.689301],[83.070732,18.697191],[83.088066,18.7124],[83.09259,18.721762],[83.106003,18.738491],[83.11219,18.75828],[83.138847,18.771139],[83.150833,18.75869],[83.173943,18.756769],[83.185371,18.744143],[83.203423,18.740353],[83.206261,18.728743],[83.203667,18.723501],[83.206779,18.717491],[83.222351,18.74505],[83.221893,18.752022],[83.219391,18.76582],[83.226517,18.7649],[83.245087,18.758089],[83.266098,18.75701],[83.271248,18.767321],[83.275253,18.78537],[83.300369,18.797911],[83.31826,18.795841],[83.329788,18.79373],[83.336876,18.794653],[83.339279,18.803091],[83.347809,18.801258],[83.358482,18.8018],[83.350113,18.821638],[83.360321,18.832041],[83.37635,18.821951],[83.396301,18.830709],[83.397873,18.852591],[83.408752,18.85445],[83.405853,18.86533],[83.394257,18.8682],[83.385681,18.87549],[83.37249,18.889839],[83.383911,18.899691],[83.367157,18.90036],[83.357773,18.903681],[83.347687,18.920988],[83.34903,18.93384],[83.364067,18.922789],[83.376343,18.91777],[83.367416,18.933491],[83.361069,18.953402],[83.354408,18.954451],[83.345016,18.956301],[83.339836,18.93322],[83.339539,18.92948],[83.339058,18.916201],[83.322029,18.92325],[83.318497,18.93362],[83.333023,18.93932],[83.328888,18.946821],[83.325653,18.952923],[83.320557,18.961031],[83.309616,18.976822],[83.304329,18.98699],[83.316437,18.9904],[83.331207,18.99007],[83.330673,18.998428],[83.340912,19.009163],[83.358009,19.00614],[83.377197,18.99472],[83.39296,18.999128],[83.408852,18.996191],[83.408783,18.979891],[83.436478,18.957878],[83.446846,18.945648],[83.462273,18.959221],[83.458946,18.970449],[83.457718,18.9825],[83.448227,18.995941],[83.453278,19.00246],[83.47184,18.99898],[83.475113,19.01153],[83.456703,19.05611],[83.458267,19.067133],[83.467468,19.06988],[83.473236,19.077763],[83.480438,19.066481],[83.49633,19.05551],[83.505386,19.064772],[83.513229,19.030321],[83.503929,19.026201],[83.49263,19.023981],[83.504601,19.010099],[83.533112,19.012461],[83.535789,19.03035],[83.552299,19.04719],[83.544853,19.069403],[83.554977,19.078131],[83.557106,19.05999],[83.56105,19.050388],[83.58078,19.055149],[83.58445,19.079731],[83.599861,19.084803],[83.596779,19.1052],[83.594299,19.120331],[83.610603,19.130938],[83.622719,19.144688],[83.623283,19.153631],[83.628441,19.1315],[83.645561,19.1231],[83.64975,19.11482],[83.645882,19.10873],[83.656853,19.07494],[83.666733,19.064461],[83.694153,19.021141],[83.716827,19.014448],[83.719849,19.00429],[83.705002,18.99947],[83.704849,18.992008],[83.711403,18.984951],[83.727463,18.96608],[83.739922,18.934061],[83.745827,18.918173],[83.767502,18.902363],[83.777397,18.9044],[83.769867,18.93297],[83.755203,18.94203],[83.749001,18.958441],[83.739563,18.978441],[83.750618,18.992418],[83.753548,18.99317],[83.756958,18.99391],[83.759468,18.996059],[83.762886,18.997051],[83.766403,18.997959],[83.769417,18.999771],[83.771118,19.00264],[83.772598,19.005661],[83.774742,19.008249],[83.77774,19.00988],[83.781487,19.00979],[83.784866,19.00909],[83.788307,19.007811],[83.802536,18.98181],[83.814766,18.953178],[83.814888,18.930038],[83.816933,18.909403],[83.834877,18.9093],[83.841637,18.897631],[83.836006,18.869108],[83.847977,18.847618],[83.866867,18.82345],[83.88324,18.819691],[83.886879,18.805408],[83.898552,18.816441],[83.920593,18.811571],[83.933586,18.806858],[83.939789,18.7966],[83.95121,18.800041],[83.969383,18.803829],[83.999977,18.80479],[84.015869,18.801411],[84.023727,18.801151],[84.030777,18.795441],[84.047943,18.78348],[84.04805,18.774403],[84.058609,18.768101],[84.069893,18.74976],[84.081779,18.74464],[84.091637,18.745239],[84.114067,18.75514],[84.129486,18.752863],[84.134979,18.766788],[84.151367,18.775761],[84.160271,18.77232],[84.16703,18.77014],[84.216713,18.787281],[84.22699,18.787161],[84.246033,18.773411],[84.264221,18.780519],[84.275337,18.787182],[84.300369,18.78174],[84.308853,18.778419],[84.31572,18.786171],[84.333588,18.795052],[84.344101,18.811941],[84.344269,18.822701],[84.338066,18.83622],[84.334137,18.85799],[84.33979,18.865921],[84.351463,18.850901],[84.358337,18.851341],[84.371468,18.863382],[84.36132,18.872681],[84.351837,18.87779],[84.371353,18.875441],[84.383232,18.86928],[84.386093,18.88303],[84.367676,18.88933],[84.369766,18.895811],[84.386871,18.88987],[84.409813,18.890631],[84.4077,18.901121],[84.417969,18.90066],[84.419983,18.92971],[84.420303,18.94936],[84.440643,18.96693],[84.426407,18.983971],[84.425262,18.99534],[84.415413,19.008133],[84.420021,19.01252],[84.448151,18.991739],[84.471657,18.98122],[84.475517,18.996033],[84.489388,19.02095],[84.507111,19.035448],[84.531471,19.044149],[84.553596,19.047409],[84.56797,19.063471],[84.576447,19.064562],[84.573647,19.03511],[84.587692,19.012991],[84.600487,19.03293],[84.614189,19.046721],[84.612717,19.054831],[84.626083,19.050291],[84.636833,19.05715],[84.659012,19.063648],[84.659622,19.07093],[84.644608,19.084452],[84.631447,19.07262],[84.61657,19.085201],[84.609627,19.090893],[84.595772,19.11521],[84.594643,19.123549],[84.629318,19.120701],[84.647293,19.120371],[84.661171,19.121861],[84.665413,19.144703],[84.669296,19.155682],[84.681412,19.14975],[84.702087,19.15115],[84.697319,19.12513],[84.697769,19.115631],[84.71875,19.096251],[84.706802,19.108194],[84.703476,19.120972],[84.719032,19.13014],[84.722069,19.139313],[84.73542,19.143751],[84.748192,19.142641],[84.75042,19.135971],[84.744858,19.132917],[84.745697,19.120695],[84.733749,19.122084],[84.738197,19.113192],[84.732918,19.11264],[84.725418,19.096531],[84.732086,19.097639],[84.745697,19.11764],[84.753471,19.111528],[84.75708,19.115419],[84.777916,19.11014],[84.841805,19.193472],[84.912361,19.259583],[84.905975,19.263193],[84.90625,19.269861],[84.909027,19.26292],[84.918747,19.264585],[84.955696,19.295694],[84.964577,19.301533],[84.969017,19.299028],[84.967918,19.305696],[84.985687,19.319311],[85.06472,19.364445],[85.066185,19.371662],[85.083046,19.38195],[85.104729,19.413771],[85.139442,19.443331],[85.286392,19.548059],[85.34861,19.586111],[85.614342,19.71442],[85.659996,19.731951],[85.664719,19.739449],[85.774719,19.776945],[85.779839,19.784998],[85.789009,19.783554],[85.907219,19.81778],[85.904602,19.831827],[85.909721,19.82139],[85.925835,19.823055],[86.045631,19.847237],[86.034149,19.853901],[86.023712,19.84425],[86.033333,19.854725],[86.047501,19.851667],[86.108459,19.86348],[86.228676,19.901571],[86.217499,19.91139],[86.211113,19.903332],[86.207916,19.905531],[86.224998,19.9175],[86.222527,19.925621],[86.22657,19.91855],[86.22139,19.909721],[86.228333,19.903891],[86.239998,19.912781],[86.238892,19.915833],[86.2416,19.92205],[86.24028,19.91556],[86.247391,19.91123],[86.296112,19.935511],[86.364227,19.95373],[86.365837,19.9575],[86.348892,19.962776],[86.343811,19.969191],[86.328056,19.954445],[86.316948,19.94972],[86.328056,19.955555],[86.340607,19.972849],[86.323273,19.983612],[86.317894,19.979916],[86.303085,19.983259],[86.319069,19.98101],[86.321663,19.98472],[86.294945,20.02442],[86.264999,20.016947],[86.236656,20.026951],[86.243607,20.033607],[86.239166,20.037224],[86.245003,20.040277],[86.248299,20.053593],[86.269157,20.06278],[86.28611,20.049723],[86.291946,20.054167],[86.287781,20.05722],[86.290466,20.060982],[86.301834,20.046391],[86.3274,20.03067],[86.34127,19.987469],[86.34861,19.981953],[86.349724,19.987223],[86.35257,19.981392],[86.374741,19.980289],[86.382233,19.99556],[86.386948,19.991945],[86.380836,19.99],[86.377777,19.979445],[86.388611,19.977228],[86.409996,19.999451],[86.412781,20.01222],[86.407219,20.018612],[86.412216,20.036951],[86.415833,20.031666],[86.419167,20.048891],[86.426392,20.047501],[86.423889,20.05611],[86.411766,20.05514],[86.421936,20.057501],[86.429192,20.054382],[86.436783,20.060968],[86.47583,20.100828],[86.477776,20.110834],[86.481941,20.111111],[86.479156,20.1075],[86.483887,20.11083],[86.48111,20.11528],[86.4925,20.122499],[86.520554,20.169167],[86.558891,20.20056],[86.539658,20.193832],[86.495003,20.153891],[86.495003,20.146391],[86.488892,20.143055],[86.4925,20.139441],[86.488335,20.120832],[86.487221,20.14028],[86.480835,20.133333],[86.481392,20.125555],[86.46389,20.113611],[86.47139,20.0975],[86.462219,20.114445],[86.480003,20.126108],[86.478607,20.135281],[86.484444,20.140556],[86.474602,20.141418],[86.484436,20.14444],[86.490837,20.158056],[86.484444,20.169722],[86.474167,20.16111],[86.473053,20.149441],[86.46917,20.146391],[86.464722,20.146389],[86.459724,20.161945],[86.468475,20.147362],[86.473343,20.152781],[86.474167,20.168892],[86.477501,20.165558],[86.48278,20.171389],[86.492226,20.173332],[86.495277,20.177219],[86.492233,20.183332],[86.497223,20.190001],[86.494156,20.181391],[86.50972,20.177221],[86.537216,20.20056],[86.545555,20.198055],[86.553612,20.210003],[86.556946,20.207781],[86.623337,20.239719],[86.680557,20.258888],[86.666382,20.273331],[86.671112,20.282223],[86.67028,20.27417],[86.675552,20.279173],[86.673889,20.268612],[86.680557,20.263889],[86.681656,20.270281],[86.718056,20.287779],[86.717216,20.29278],[86.709442,20.2925],[86.712776,20.301392],[86.736946,20.308889],[86.76889,20.331114],[86.774712,20.33806],[86.773613,20.346945],[86.777496,20.342781],[86.78167,20.347219],[86.789711,20.359171],[86.786667,20.370832],[86.777771,20.35556],[86.786377,20.376513],[86.773216,20.375362],[86.764168,20.366388],[86.772781,20.378059],[86.78167,20.382219],[86.779999,20.391109],[86.766113,20.398333],[86.756668,20.388611],[86.7575,20.398333],[86.741112,20.393608],[86.751953,20.4],[86.749733,20.405001],[86.73278,20.402779],[86.731056,20.40707],[86.738327,20.472219],[86.733887,20.478613],[86.743614,20.468611],[86.753326,20.497499],[86.759453,20.50556],[86.772781,20.506111],[86.785553,20.536951],[86.850563,20.581671],[86.85305,20.58835],[86.885002,20.604445],[86.886948,20.617781],[86.887238,20.606062],[87.044617,20.708878],[87.001167,20.695499],[86.987213,20.6982],[87.005196,20.700245],[86.970009,20.708832],[86.933281,20.710501],[86.90361,20.698334],[86.866882,20.664511],[86.845413,20.650881],[86.84182,20.651161],[86.839302,20.653419],[86.828537,20.67227],[86.802238,20.675211],[86.796509,20.665571],[86.803612,20.66917],[86.8144,20.663315],[86.822838,20.647032],[86.820557,20.639584],[86.815529,20.636473],[86.804527,20.643761],[86.773331,20.645],[86.768608,20.622219],[86.755699,20.613344],[86.764168,20.624445],[86.767776,20.646944],[86.787498,20.672777],[86.794998,20.698055],[86.816109,20.723888],[86.818611,20.743893],[86.812775,20.748335],[86.82486,20.768749],[86.881386,20.797503],[86.957497,20.784719],[86.970276,20.82333],[86.958885,20.864719],[86.910004,20.955833],[86.898613,20.997778],[86.858055,21.055555],[86.823326,21.138611],[86.828331,21.176947],[86.818611,21.178057],[86.822777,21.194168],[86.826385,21.19861],[86.82917,21.193056],[86.82972,21.20417],[86.840836,21.210556],[86.842781,21.228889],[86.849167,21.22806],[86.845276,21.235001],[86.886948,21.300278],[86.892227,21.316111],[86.980278,21.40971],[87.054352,21.463009],[87.0625,21.46139],[87.060837,21.473612],[87.048393,21.475471],[87.044998,21.469187],[87.043793,21.474907],[87.047501,21.476879],[87.061111,21.476669],[87.074448,21.47139],[87.101669,21.495556],[87.114441,21.509722],[87.106972,21.517321],[87.123611,21.521393],[87.125275,21.514713],[87.13166,21.517569],[87.128609,21.513033],[87.199226,21.543449],[87.201881,21.548491],[87.302727,21.555658],[87.363892,21.552778],[87.379997,21.545555],[87.391388,21.551111],[87.382019,21.55335],[87.386383,21.566563],[87.404999,21.55666],[87.41333,21.569723],[87.414169,21.56583],[87.461937,21.60528],[87.482033,21.608704],[87.482658,21.618032],[87.477516,21.63176],[87.460907,21.644451],[87.464912,21.65855],[87.465202,21.675131],[87.469696,21.691601],[87.470833,21.70718],[87.462318,21.72225],[87.465179,21.72636],[87.442932,21.72905],[87.451111,21.735413],[87.442459,21.755331],[87.431396,21.7644],[87.402832,21.76552],[87.395241,21.762423],[87.3899,21.766541],[87.383301,21.770861],[87.373062,21.762041],[87.368736,21.76263],[87.357361,21.777241],[87.344498,21.785961],[87.33667,21.779181],[87.335342,21.78363],[87.326187,21.785641],[87.317307,21.785721],[87.298721,21.794441],[87.294807,21.80389],[87.280609,21.799158],[87.271561,21.8034],[87.273796,21.81172],[87.262421,21.81386],[87.267563,21.821491],[87.257149,21.841379],[87.244751,21.856371],[87.24733,21.871721],[87.239372,21.90683],[87.252083,21.920973],[87.232323,21.946463],[87.228737,21.956079],[87.223236,21.953232],[87.202911,21.95644],[87.174973,21.9662],[87.165207,21.96751],[87.159767,21.949081],[87.156418,21.928909],[87.141129,21.919691],[87.123512,21.92025],[87.112556,21.92115],[87.093536,21.9079],[87.088539,21.895073],[87.096123,21.88625],[87.094643,21.86034],[87.053772,21.860943],[87.019966,21.88575],[87.004837,21.895531],[87.00061,21.914381],[87.004082,21.935423],[87.020309,21.968363],[87.034317,21.989191],[87.025009,22.00395],[87.026047,22.028749],[87.009422,22.041481],[86.995178,22.045799],[86.971909,22.066271],[86.957237,22.083368],[86.932037,22.08585],[86.90876,22.08638],[86.84169,22.091801],[86.825401,22.108631],[86.81485,22.11244],[86.804382,22.117071],[86.803963,22.126131],[86.799843,22.128481],[86.800453,22.14592],[86.782837,22.150141],[86.756706,22.145191],[86.732338,22.144911],[86.71521,22.15872],[86.712776,22.178289],[86.716072,22.1938],[86.722786,22.215248]]]]},"properties":{"name":"Orissa","type":"State"}},
{"type":"Feature","geometry":{"type":"MultiPolygon","coordinates":[[[[79.850586,10.97579],[79.824417,10.979491],[79.813896,10.987149],[79.809799,10.982051],[79.801453,10.986212],[79.791916,10.980929],[79.787056,10.9698],[79.773926,10.971011],[79.765213,10.979199],[79.731903,10.98704],[79.731636,10.975291],[79.74456,10.954471],[79.740097,10.94365],[79.726692,10.952351],[79.711502,10.952271],[79.702873,10.945621],[79.709343,10.935581],[79.719193,10.940541],[79.704231,10.918871],[79.74485,10.896749],[79.741409,10.883291],[79.745323,10.89308],[79.760452,10.883152],[79.77636,10.88168],[79.767357,10.875551],[79.808983,10.86744],[79.791786,10.86395],[79.803459,10.85748],[79.803383,10.84731],[79.792282,10.848831],[79.796677,10.835892],[79.808197,10.831382],[79.819763,10.811102],[79.843292,10.812251],[79.850975,10.814028],[79.851524,10.825973],[79.824028,10.817916],[79.851807,10.826805],[79.852638,10.830969],[79.852638,10.878749],[79.848198,10.88431],[79.852913,10.88986],[79.852913,10.912083],[79.847641,10.912359],[79.854027,10.91653],[79.854309,10.974311],[79.850586,10.97579]]],[[[79.690483,12.001121],[79.691559,12.017441],[79.671516,12.011621],[79.659309,11.996891],[79.647011,11.993321],[79.644287,11.986272],[79.651222,11.972011],[79.665359,11.967522],[79.677498,11.97399],[79.686897,11.973981],[79.699051,11.972059],[79.701927,11.956431],[79.686676,11.947281],[79.68148,11.94336],[79.684143,11.92722],[79.69278,11.9212],[79.694511,11.925932],[79.706032,11.92871],[79.717506,11.88924],[79.71537,11.87497],[79.701736,11.87655],[79.702507,11.898432],[79.679832,11.89345],[79.679947,11.88615],[79.675911,11.87933],[79.66037,11.87732],[79.671181,11.866601],[79.678383,11.869571],[79.690506,11.874061],[79.69767,11.852421],[79.717987,11.84763],[79.72776,11.832339],[79.743393,11.853631],[79.750999,11.85895],[79.753937,11.84224],[79.748711,11.83584],[79.75811,11.822101],[79.765396,11.833331],[79.781761,11.840271],[79.790977,11.83181],[79.792816,11.81946],[79.796822,11.81154],[79.800697,11.81014],[79.805695,11.832362],[79.799576,11.840141],[79.80764,11.836531],[79.819862,11.869583],[79.805138,11.874309],[79.81958,11.873471],[79.804581,11.882084],[79.791527,11.878471],[79.800972,11.883472],[79.823753,11.88181],[79.831543,11.90542],[79.821526,11.907362],[79.818192,11.901529],[79.818466,11.906252],[79.822639,11.90931],[79.825966,11.907922],[79.825409,11.91653],[79.830696,11.907083],[79.837364,11.939862],[79.830696,11.940249],[79.818001,11.940391],[79.808113,11.94651],[79.804588,11.963141],[79.795273,11.96189],[79.790306,11.942551],[79.771812,11.946401],[79.74054,11.907161],[79.7369,11.927391],[79.714493,11.955251],[79.722092,11.96744],[79.738167,11.96705],[79.749069,11.972369],[79.749649,11.986131],[79.728859,11.986021],[79.719856,11.97646],[79.7099,11.976221],[79.690483,12.001121]]],[[[75.374603,12.14908],[75.368263,12.140079],[75.347847,12.135309],[75.335228,12.144002],[75.320641,12.143521],[75.309853,12.13205],[75.283928,12.114982],[75.274529,12.100261],[75.25589,12.10858],[75.240532,12.109261],[75.22113,12.100951],[75.224243,12.074381],[75.227356,12.044301],[75.230698,12.02414],[75.251251,12.005695],[75.295975,11.947916],[75.304581,11.952361],[75.281517,11.987361],[75.263748,12.002641],[75.26458,12.01931],[75.270973,12.029582],[75.286247,12.02375],[75.284302,12.027641],[75.288483,12.029031],[75.293198,12.01792],[75.297363,12.026531],[75.292076,12.03152],[75.301529,12.0246],[75.299858,12.031527],[75.307907,12.04875],[75.311668,12.049306],[75.300667,12.058021],[75.299171,12.066792],[75.309647,12.090631],[75.319626,12.106651],[75.335983,12.09864],[75.355301,12.109361],[75.365921,12.11693],[75.379303,12.12214],[75.383087,12.12398],[75.402176,12.13414],[75.393929,12.145481],[75.374603,12.14908]]],[[[82.265686,16.702921],[82.257919,16.701811],[82.258751,16.690111],[82.285156,16.697441],[82.265686,16.702921]]],[[[82.210968,16.72794],[82.21003,16.731272],[82.217682,16.75169],[82.196777,16.736471],[82.174637,16.725109],[82.20253,16.707691],[82.246536,16.691441],[82.257637,16.691528],[82.24292,16.707642],[82.245697,16.71681],[82.288475,16.707083],[82.296524,16.710417],[82.299385,16.714029],[82.302826,16.722839],[82.293701,16.74304],[82.280701,16.72275],[82.227043,16.71718],[82.210968,16.72794]]]]},"properties":{"name":"Puducherry","type":"Union Territory"}},
{"type":"Feature","geometry":{"type":"Polygon","coordinates":[[[76.753838,30.917818],[76.748627,30.929161],[76.726021,30.939331],[76.712601,30.963421],[76.696159,30.97179],[76.662636,30.97113],[76.610069,31.00423],[76.601517,31.043562],[76.604897,31.078379],[76.625732,31.110243],[76.607277,31.11964],[76.593956,31.136499],[76.590073,31.157269],[76.600662,31.191031],[76.634148,31.21534],[76.616257,31.229441],[76.579353,31.22049],[76.584709,31.239641],[76.570503,31.280149],[76.53495,31.25535],[76.53717,31.283951],[76.518112,31.26231],[76.514267,31.283079],[76.498238,31.273291],[76.479729,31.289103],[76.47245,31.3067],[76.428497,31.28923],[76.448273,31.30599],[76.399246,31.365471],[76.390396,31.397331],[76.375267,31.422161],[76.356773,31.429609],[76.346893,31.40571],[76.315842,31.402378],[76.329582,31.379519],[76.336662,31.35302],[76.317833,31.352221],[76.295967,31.34223],[76.29039,31.315632],[76.26841,31.306601],[76.244141,31.313711],[76.206398,31.305262],[76.168457,31.314121],[76.158066,31.346941],[76.135033,31.361759],[76.153496,31.414013],[76.122612,31.45373],[76.104103,31.50231],[76.051506,31.581791],[76.044029,31.603031],[76.031403,31.609461],[76.002747,31.64657],[76.00473,31.663031],[75.977371,31.705],[75.92675,31.816441],[75.970917,31.81921],[75.953583,31.839951],[75.894547,31.9498],[75.868538,31.966909],[75.784286,31.994329],[75.740036,32.034481],[75.723228,32.036171],[75.692276,32.059452],[75.649361,32.077171],[75.609558,32.069469],[75.610558,32.099609],[75.655479,32.146061],[75.64959,32.179691],[75.618332,32.197021],[75.622543,32.23468],[75.652443,32.25544],[75.751839,32.284172],[75.793716,32.332382],[75.86631,32.394562],[75.915421,32.410259],[75.934631,32.424759],[75.915497,32.4487],[75.868767,32.488682],[75.851387,32.521309],[75.87545,32.570862],[75.856537,32.558422],[75.815697,32.499222],[75.77887,32.47504],[75.745926,32.476349],[75.719749,32.430321],[75.698227,32.409531],[75.648071,32.388809],[75.567001,32.371841],[75.529213,32.348881],[75.5056,32.281342],[75.498947,32.27533],[75.492126,32.302799],[75.467758,32.317562],[75.466606,32.338852],[75.414993,32.324272],[75.325302,32.342842],[75.335121,32.300762],[75.364159,32.271809],[75.365982,32.264019],[75.356956,32.248951],[75.362778,32.23378],[75.349693,32.219589],[75.316299,32.217079],[75.313583,32.212399],[75.333282,32.20472],[75.317795,32.170818],[75.288025,32.144432],[75.274811,32.118847],[75.233429,32.084362],[75.22496,32.106899],[75.211281,32.118755],[75.193207,32.114639],[75.184372,32.083069],[75.162849,32.067772],[75.144386,32.082901],[75.12001,32.083172],[75.092163,32.05949],[75.085831,32.062889],[75.069023,32.058464],[75.045883,32.039234],[75.010612,32.030399],[75,32.02869],[74.968262,32.042019],[74.96032,32.055031],[74.914261,32.06522],[74.899719,32.050312],[74.868736,32.047821],[74.862122,32.043301],[74.867691,32.033379],[74.864273,32.023689],[74.86058,32.02615],[74.840202,32.018261],[74.84417,32.008312],[74.819046,31.997923],[74.820129,31.984381],[74.809143,31.955139],[74.79364,31.959341],[74.755096,31.947031],[74.747726,31.95228],[74.735916,31.937389],[74.709198,31.957949],[74.694771,31.919436],[74.689598,31.92256],[74.659866,31.91823],[74.647156,31.895851],[74.637886,31.896721],[74.62262,31.88135],[74.600281,31.886021],[74.595993,31.864792],[74.583298,31.856861],[74.58065,31.84478],[74.555847,31.822491],[74.559608,31.818691],[74.549492,31.799023],[74.554543,31.790211],[74.544029,31.77643],[74.551796,31.75322],[74.518044,31.745201],[74.517281,31.722912],[74.571815,31.633947],[74.601677,31.563066],[74.601067,31.5296],[74.574806,31.521152],[74.572479,31.505812],[74.5662,31.500839],[74.597076,31.498751],[74.613091,31.486132],[74.623947,31.486917],[74.62085,31.47864],[74.642067,31.46155],[74.624313,31.422689],[74.56752,31.334806],[74.524666,31.294701],[74.512779,31.275492],[74.522072,31.248671],[74.510803,31.222931],[74.514282,31.212143],[74.508827,31.185671],[74.501289,31.181042],[74.506157,31.135799],[74.523193,31.12956],[74.52832,31.121941],[74.536346,31.125061],[74.543411,31.12171],[74.547211,31.087429],[74.596489,31.09094],[74.600082,31.103371],[74.591766,31.12833],[74.595009,31.134951],[74.607826,31.13273],[74.625153,31.13726],[74.631203,31.121281],[74.652679,31.13508],[74.658989,31.127439],[74.676552,31.131041],[74.690598,31.115511],[74.694427,31.09544],[74.684227,31.086411],[74.685043,31.076469],[74.678238,31.066759],[74.666603,31.058811],[74.622513,31.047022],[74.602623,31.044701],[74.558395,31.067526],[74.531792,31.01269],[74.538116,30.993542],[74.52272,30.988979],[74.496986,30.967569],[74.489632,30.969704],[74.467827,30.962612],[74.428673,30.934406],[74.412926,30.906342],[74.361885,30.879301],[74.363007,30.845806],[74.342659,30.854469],[74.319977,30.849621],[74.311623,30.84054],[74.307602,30.82114],[74.28685,30.79578],[74.296227,30.79287],[74.299141,30.785961],[74.29113,30.778412],[74.266479,30.772781],[74.266289,30.76244],[74.282463,30.734573],[74.233055,30.719881],[74.18615,30.659391],[74.150772,30.632542],[74.131226,30.628649],[74.121773,30.63241],[74.109459,30.60593],[74.095833,30.61508],[74.090157,30.6085],[74.09446,30.604683],[74.091209,30.572851],[74.067902,30.554871],[74.084396,30.54504],[74.077614,30.529362],[74.055702,30.522011],[74.040237,30.537685],[73.988518,30.50456],[73.968819,30.480186],[73.962677,30.457607],[73.935287,30.462957],[73.927856,30.420914],[73.901199,30.412716],[73.879753,30.391111],[73.871254,30.368572],[73.905693,30.339809],[73.957848,30.26169],[73.968109,30.184299],[73.960823,30.14323],[73.963936,30.12438],[73.931526,30.083811],[73.898407,30.05365],[73.885513,30.017429],[73.883026,29.991291],[73.891182,29.97007],[73.976463,29.96911],[74.002747,29.97006],[74.154449,29.963291],[74.223801,29.959711],[74.260307,29.955669],[74.32151,29.95396],[74.403793,29.94734],[74.444038,29.94672],[74.524643,29.951561],[74.552002,29.92923],[74.626389,29.90601],[74.646973,29.904671],[74.648926,29.930929],[74.697372,29.971149],[74.767372,29.972721],[74.794403,29.989611],[74.816681,29.98452],[74.828987,29.969471],[74.889763,29.95903],[74.889603,29.945011],[74.915733,29.94916],[74.931923,29.922779],[74.989929,29.856461],[75.051758,29.874861],[75.089783,29.911711],[75.103096,29.87678],[75.084686,29.858591],[75.085747,29.84481],[75.107117,29.82653],[75.090179,29.806662],[75.124916,29.80562],[75.141716,29.777008],[75.154861,29.789101],[75.151306,29.80184],[75.178558,29.836908],[75.200912,29.83],[75.196457,29.805111],[75.223282,29.763538],[75.221367,29.73307],[75.206161,29.73525],[75.187248,29.71192],[75.19767,29.69647],[75.179863,29.678303],[75.15892,29.669361],[75.168549,29.65423],[75.17334,29.630081],[75.221237,29.60655],[75.211189,29.582399],[75.238068,29.55154],[75.275032,29.56111],[75.303047,29.57905],[75.302032,29.59199],[75.280563,29.610109],[75.307533,29.632561],[75.317726,29.6707],[75.350449,29.659281],[75.333847,29.688051],[75.370033,29.71306],[75.419769,29.77438],[75.443787,29.78618],[75.444267,29.80785],[75.511711,29.76005],[75.544182,29.771761],[75.568787,29.74262],[75.613228,29.746458],[75.625359,29.77323],[75.656387,29.77606],[75.687431,29.75178],[75.709877,29.81226],[75.748398,29.81212],[75.766983,29.82345],[75.783203,29.815321],[75.829018,29.812321],[75.841248,29.78084],[75.863777,29.752331],[75.890686,29.75321],[75.934013,29.732533],[75.964859,29.73138],[76.011276,29.752821],[76.041481,29.748781],[76.069901,29.77602],[76.075577,29.797049],[76.090561,29.810831],[76.110268,29.80332],[76.127182,29.805429],[76.189362,29.840471],[76.209648,29.842743],[76.211761,29.853149],[76.228523,29.854528],[76.237953,29.865459],[76.232452,29.881321],[76.182709,29.893881],[76.171486,29.923231],[76.178909,29.946268],[76.203873,29.94412],[76.194733,29.965679],[76.197136,29.985111],[76.189987,30.010448],[76.195816,30.020061],[76.215439,30.02713],[76.198906,30.034828],[76.199623,30.03978],[76.238083,30.090462],[76.253586,30.100531],[76.253777,30.10603],[76.226677,30.110401],[76.189621,30.13669],[76.194107,30.140779],[76.211929,30.135061],[76.202362,30.156712],[76.207207,30.15851],[76.242996,30.127468],[76.265511,30.117693],[76.322899,30.108221],[76.348923,30.127661],[76.328697,30.14477],[76.348343,30.15052],[76.374718,30.12373],[76.388451,30.133968],[76.386162,30.148241],[76.401642,30.157728],[76.380997,30.183241],[76.398842,30.198999],[76.428581,30.179792],[76.422432,30.16358],[76.426041,30.14756],[76.44104,30.13596],[76.452087,30.10071],[76.490829,30.097151],[76.497139,30.08157],[76.525543,30.080851],[76.559166,30.098049],[76.58194,30.085213],[76.576767,30.0751],[76.602867,30.08132],[76.626671,30.10565],[76.62764,30.155107],[76.641716,30.189251],[76.638916,30.20594],[76.609413,30.21277],[76.61187,30.22563],[76.584,30.256531],[76.547668,30.234442],[76.532921,30.232079],[76.55793,30.264261],[76.609818,30.270611],[76.622833,30.291389],[76.66243,30.299551],[76.674629,30.325951],[76.697678,30.324858],[76.71096,30.32987],[76.738533,30.35965],[76.711357,30.365129],[76.715721,30.38026],[76.70015,30.393612],[76.725166,30.42042],[76.754387,30.43281],[76.766747,30.436001],[76.780693,30.415022],[76.823143,30.422548],[76.839729,30.42075],[76.867561,30.40152],[76.880226,30.386223],[76.876442,30.363338],[76.892273,30.359678],[76.930267,30.39259],[76.925797,30.40159],[76.905182,30.40469],[76.90168,30.428329],[76.890717,30.451061],[76.896637,30.47538],[76.89386,30.489641],[76.912369,30.49366],[76.920326,30.518021],[76.88504,30.540421],[76.90593,30.55839],[76.898888,30.566719],[76.89856,30.58843],[76.910606,30.605829],[76.87709,30.63702],[76.861946,30.64027],[76.861862,30.659719],[76.855408,30.673203],[76.834793,30.655821],[76.818367,30.67296],[76.805916,30.68026],[76.789307,30.670582],[76.73848,30.689152],[76.727493,30.69566],[76.726097,30.70492],[76.72155,30.71209],[76.717598,30.717468],[76.711159,30.73229],[76.695457,30.744093],[76.693321,30.752661],[76.707863,30.770109],[76.72924,30.776251],[76.73999,30.79108],[76.750923,30.796848],[76.773346,30.787901],[76.772667,30.783081],[76.780937,30.77387],[76.797768,30.785271],[76.803452,30.777601],[76.801453,30.76277],[76.830818,30.767933],[76.833511,30.804571],[76.827751,30.832569],[76.801216,30.842522],[76.769043,30.87653],[76.753838,30.917818]]]},"properties":{"name":"Punjab","type":"State"}},
{"type":"Feature","geometry":{"type":"Polygon","coordinates":[[[77.27578,27.806549],[77.258057,27.809299],[77.247948,27.793751],[77.231743,27.785801],[77.226852,27.796101],[77.206772,27.80106],[77.196762,27.819441],[77.1866,27.81048],[77.168701,27.784901],[77.166603,27.795919],[77.180443,27.804432],[77.172379,27.81632],[77.1521,27.815771],[77.153542,27.802431],[77.147278,27.786659],[77.126526,27.776461],[77.122108,27.788309],[77.114769,27.789881],[77.101166,27.785492],[77.076637,27.80147],[77.068481,27.811571],[77.051826,27.815161],[77.038277,27.820042],[77.034576,27.812523],[77.023048,27.787189],[77.022766,27.777948],[77.028412,27.780298],[77.050102,27.761042],[77.061813,27.76569],[77.07119,27.751923],[77.079437,27.740191],[77.071136,27.735741],[77.053207,27.727859],[77.042717,27.735903],[77.036499,27.744621],[77.024857,27.747129],[77.00502,27.73914],[76.994377,27.742043],[76.989128,27.73378],[76.979103,27.70616],[76.972298,27.672871],[76.960228,27.66242],[76.938446,27.67367],[76.926842,27.66543],[76.913826,27.659601],[76.902626,27.65852],[76.897156,27.67243],[76.894012,27.683331],[76.888626,27.692841],[76.882843,27.703371],[76.900307,27.69463],[76.914566,27.700821],[76.902786,27.71644],[76.883347,27.724422],[76.89061,27.74202],[76.893639,27.779251],[76.903923,27.794889],[76.905243,27.812559],[76.903778,27.832661],[76.921936,27.831831],[76.929909,27.85523],[76.926109,27.888371],[76.936737,27.907541],[76.92128,27.921053],[76.91954,27.952831],[76.922318,27.985828],[76.926582,28.012501],[76.933647,28.04813],[76.946556,28.071341],[76.955513,28.11175],[76.956543,28.146009],[76.941566,28.15517],[76.921051,28.162251],[76.890091,28.187828],[76.885742,28.196741],[76.886688,28.210491],[76.865807,28.217958],[76.85434,28.225241],[76.827248,28.217491],[76.813232,28.216312],[76.802467,28.204632],[76.79789,28.19438],[76.790253,28.19376],[76.796143,28.170481],[76.772942,28.151421],[76.739128,28.12904],[76.720047,28.131531],[76.705437,28.127728],[76.690247,28.11479],[76.682182,28.097771],[76.65799,28.099072],[76.646973,28.08511],[76.653419,28.039921],[76.662407,28.022942],[76.646713,28.012621],[76.615967,28.01129],[76.595238,28.006149],[76.559792,27.981783],[76.538193,27.970541],[76.531937,27.985701],[76.538452,28.005371],[76.538551,28.016701],[76.531242,28.043112],[76.511406,28.03536],[76.498489,28.04018],[76.48307,28.046329],[76.455742,28.04648],[76.457977,28.061972],[76.489578,28.05924],[76.495377,28.06764],[76.463608,28.084068],[76.44857,28.09317],[76.456886,28.11039],[76.472542,28.112711],[76.497803,28.106621],[76.486893,28.12281],[76.485092,28.134901],[76.47319,28.135731],[76.470993,28.154741],[76.456047,28.151428],[76.427292,28.145941],[76.393028,28.14105],[76.37677,28.138071],[76.355972,28.159781],[76.335907,28.177341],[76.304962,28.183861],[76.279068,28.17872],[76.293007,28.165279],[76.295067,28.157051],[76.308212,28.150881],[76.322746,28.149218],[76.343216,28.132771],[76.343506,28.113218],[76.314178,28.112129],[76.297401,28.101049],[76.320549,28.094313],[76.331268,28.08165],[76.344368,28.07387],[76.353287,28.065573],[76.3368,28.029661],[76.316597,28.02099],[76.288116,28.042049],[76.27179,28.066389],[76.243568,28.068939],[76.208336,28.055561],[76.192848,28.059811],[76.176888,28.04896],[76.198181,28.034948],[76.213829,28.031681],[76.195877,28.021738],[76.179558,28.023293],[76.158722,28.004551],[76.162468,27.98831],[76.174217,27.97521],[76.176292,27.96106],[76.166077,27.92099],[76.175163,27.907101],[76.198639,27.898991],[76.194443,27.883942],[76.191353,27.869429],[76.20507,27.85552],[76.223282,27.840931],[76.200546,27.828911],[76.186241,27.81905],[76.167343,27.809141],[76.142677,27.827831],[76.128456,27.846922],[76.103348,27.862379],[76.08564,27.865223],[76.060028,27.85718],[76.043686,27.84885],[76.029617,27.853889],[76.005249,27.857441],[75.984276,27.862869],[75.964256,27.87151],[75.975189,27.893091],[75.967537,27.915371],[75.928833,27.916809],[75.928589,27.94175],[75.944611,27.940088],[75.973198,27.958],[75.981827,27.978312],[75.982079,27.98698],[75.955467,27.98864],[75.960518,28.0021],[75.972267,28.001341],[75.99054,28.010172],[75.972679,28.018141],[75.974358,28.03694],[76.010078,28.036711],[76.005356,28.054531],[76.033119,28.068651],[76.031212,28.083893],[76.012428,28.076351],[75.991066,28.056452],[75.974586,28.057051],[75.977066,28.084181],[75.942497,28.105631],[75.967613,28.11939],[75.994293,28.131111],[75.999756,28.156441],[76.016197,28.161079],[76.066353,28.16777],[76.065056,28.14447],[76.087936,28.143539],[76.092888,28.155218],[76.071571,28.17923],[76.056656,28.201231],[76.049751,28.209831],[76.036346,28.22711],[76.007401,28.253153],[75.986572,28.295891],[75.967628,28.324093],[75.951431,28.3335],[75.927406,28.3451],[75.922379,28.36891],[75.896866,28.389999],[75.883156,28.3867],[75.835083,28.397701],[75.816711,28.411501],[75.78759,28.404442],[75.76545,28.42078],[75.785156,28.450741],[75.735001,28.472641],[75.700691,28.495331],[75.663933,28.520861],[75.653557,28.540571],[75.629097,28.545971],[75.620018,28.59923],[75.584953,28.60638],[75.549011,28.643122],[75.537933,28.661289],[75.526031,28.74292],[75.516083,28.772228],[75.503922,28.79674],[75.513367,28.83659],[75.499153,28.850361],[75.488426,28.898319],[75.468887,28.93799],[75.502937,28.961481],[75.515251,28.991051],[75.511101,29.01083],[75.473427,29.020201],[75.43264,29.02207],[75.429756,29.056179],[75.380653,29.07032],[75.383156,29.095371],[75.391342,29.11932],[75.37381,29.13706],[75.368958,29.169958],[75.394386,29.174271],[75.396461,29.213421],[75.387299,29.22904],[75.399681,29.246778],[75.387978,29.264353],[75.357979,29.25461],[75.345306,29.22616],[75.323181,29.251751],[75.319267,29.29344],[75.289688,29.2777],[75.271729,29.25437],[75.223457,29.234951],[75.188507,29.258631],[75.16082,29.25375],[75.113747,29.242901],[75.078079,29.23245],[75.060623,29.253311],[75.050476,29.2724],[75.005867,29.28381],[74.976906,29.281118],[74.95311,29.28194],[74.940109,29.304819],[74.950966,29.326071],[74.927147,29.364639],[74.899071,29.37822],[74.870583,29.385113],[74.857193,29.39937],[74.835106,29.40148],[74.785782,29.370541],[74.731697,29.353788],[74.711243,29.36891],[74.658516,29.36998],[74.644127,29.335348],[74.595779,29.328312],[74.590538,29.37067],[74.569099,29.397301],[74.557808,29.418631],[74.531296,29.42498],[74.530746,29.457548],[74.550377,29.464479],[74.578911,29.45862],[74.614403,29.527111],[74.591179,29.543421],[74.566536,29.563499],[74.574677,29.61441],[74.581276,29.630541],[74.578522,29.654753],[74.593872,29.691433],[74.60038,29.713108],[74.605988,29.746651],[74.592537,29.76672],[74.571396,29.753248],[74.537788,29.75386],[74.511559,29.740683],[74.472,29.74403],[74.470566,29.802],[74.50589,29.832581],[74.553566,29.865641],[74.543457,29.88872],[74.51091,29.904291],[74.519066,29.94335],[74.441978,29.947088],[74.372452,29.95002],[74.28997,29.956261],[74.251907,29.955259],[74.212761,29.96039],[74.083328,29.967373],[73.996002,29.97089],[73.95694,29.969513],[73.889442,29.97761],[73.883026,29.991291],[73.885513,30.017429],[73.898407,30.05365],[73.931526,30.083811],[73.963936,30.12438],[73.960823,30.14323],[73.968109,30.184299],[73.957962,30.185747],[73.8955,30.14941],[73.787216,30.066401],[73.611183,30.022409],[73.561768,30.00563],[73.407387,29.946886],[73.385399,29.92602],[73.333679,29.749691],[73.263412,29.543161],[73.191292,29.42857],[73.092293,29.253773],[72.999817,29.146523],[72.943756,29.029911],[72.674522,28.9163],[72.519852,28.828609],[72.389969,28.768015],[72.344353,28.71604],[72.285507,28.618818],[72.203583,28.388451],[72.184425,28.358006],[72.098137,28.28285],[71.99588,28.206957],[71.930573,28.12195],[71.896301,27.956841],[71.680992,27.877239],[71.644432,27.868731],[71.38105,27.861931],[71.272957,27.841928],[71.183792,27.814411],[70.949951,27.71884],[70.884171,27.6984],[70.818993,27.704269],[70.757668,27.717209],[70.678413,27.839052],[70.672104,27.914318],[70.582321,28.002659],[70.509834,28.035543],[70.459717,28.029503],[70.366165,28.008249],[70.321877,27.96489],[70.207596,27.885384],[70.180786,27.855145],[70.08313,27.708366],[70.016266,27.555996],[69.921135,27.479399],[69.848816,27.392927],[69.793877,27.346462],[69.698708,27.277739],[69.600609,27.189398],[69.565186,27.138475],[69.513206,27.016869],[69.500938,26.900331],[69.483879,26.807638],[69.51545,26.740055],[69.689751,26.667952],[69.815361,26.592157],[69.879311,26.581085],[70.024849,26.598711],[70.066193,26.599291],[70.138931,26.574396],[70.16774,26.550743],[70.178543,26.514103],[70.181,26.469599],[70.178307,26.349771],[70.165245,26.277149],[70.172226,26.248329],[70.161636,26.201851],[70.137283,26.154898],[70.086044,26.08215],[70.091301,25.965158],[70.106682,25.92421],[70.165367,25.844231],[70.177963,25.8195],[70.223793,25.78791],[70.244133,25.766668],[70.260788,25.74231],[70.272316,25.708731],[70.285263,25.698931],[70.392296,25.6646],[70.536232,25.676731],[70.630859,25.70672],[70.660797,25.70112],[70.673286,25.685356],[70.681107,25.65214],[70.67662,25.53256],[70.685539,25.511202],[70.67572,25.387114],[70.723152,25.34515],[70.753548,25.296301],[70.809349,25.223761],[70.89431,25.144058],[70.925606,24.994711],[70.956253,24.91441],[71.023567,24.82118],[71.077034,24.707661],[71.10714,24.680651],[71.146736,24.65801],[71.297737,24.607641],[71.317772,24.63592],[71.342766,24.64823],[71.361969,24.641609],[71.372696,24.625761],[71.383057,24.621681],[71.42897,24.642561],[71.451469,24.65884],[71.527313,24.67716],[71.551422,24.670631],[71.583099,24.676531],[71.597832,24.663851],[71.616592,24.670681],[71.66156,24.633261],[71.716316,24.654329],[71.798988,24.670521],[71.812927,24.660879],[71.815536,24.618328],[71.860931,24.614059],[71.867836,24.63002],[71.86496,24.66291],[71.881332,24.675671],[71.925926,24.662083],[71.921379,24.652231],[71.928009,24.633812],[71.944191,24.62678],[71.993393,24.65671],[72.001091,24.68297],[72.040871,24.695471],[72.085251,24.697008],[72.08548,24.65872],[72.10186,24.643339],[72.125298,24.631639],[72.150726,24.634102],[72.161667,24.61581],[72.185898,24.60943],[72.242027,24.623341],[72.309326,24.611971],[72.353783,24.618101],[72.342216,24.593521],[72.314026,24.58539],[72.300331,24.600151],[72.276711,24.59918],[72.285088,24.55743],[72.29512,24.538441],[72.337013,24.544149],[72.340576,24.55751],[72.357933,24.552511],[72.375237,24.531643],[72.386322,24.500511],[72.421112,24.508068],[72.44249,24.50425],[72.446167,24.448261],[72.461273,24.426851],[72.487442,24.40542],[72.510002,24.418343],[72.511742,24.44739],[72.542137,24.504869],[72.582382,24.477461],[72.63932,24.46146],[72.684608,24.4592],[72.697533,24.452631],[72.706642,24.391333],[72.739288,24.358841],[72.83905,24.36478],[72.884293,24.360849],[72.915573,24.332809],[72.929031,24.332651],[72.991463,24.363972],[72.981277,24.380051],[72.96328,24.383739],[72.979393,24.40564],[72.983246,24.440298],[72.998001,24.46804],[73.012787,24.482401],[73.033203,24.463711],[73.098923,24.491491],[73.10833,24.426321],[73.084427,24.39765],[73.10865,24.387463],[73.127388,24.36883],[73.180176,24.35067],[73.210983,24.37542],[73.216446,24.35047],[73.186127,24.326971],[73.180626,24.301491],[73.144958,24.307858],[73.105759,24.24431],[73.101196,24.22327],[73.081963,24.19665],[73.09095,24.17528],[73.138466,24.128071],[73.186867,24.1077],[73.197601,24.11079],[73.21579,24.1017],[73.220413,24.0893],[73.198936,24.05146],[73.245827,24.01071],[73.291031,24.027403],[73.332497,24.073683],[73.335182,24.11511],[73.373466,24.128139],[73.374756,24.087082],[73.396591,24.072531],[73.411407,24.034842],[73.410812,24.00255],[73.42347,23.927601],[73.40226,23.918221],[73.366066,23.86907],[73.370422,23.814381],[73.362648,23.78743],[73.3759,23.76667],[73.400009,23.783978],[73.420486,23.779331],[73.450821,23.75259],[73.479271,23.708973],[73.508537,23.703331],[73.510941,23.673389],[73.500526,23.65073],[73.501373,23.635441],[73.510246,23.620689],[73.532242,23.613541],[73.570747,23.653511],[73.619019,23.651423],[73.650398,23.626881],[73.649788,23.57534],[73.637131,23.548019],[73.657333,23.51618],[73.640648,23.473042],[73.653206,23.440491],[73.681908,23.457081],[73.709602,23.44449],[73.720306,23.414841],[73.760651,23.456812],[73.794167,23.43557],[73.8368,23.44014],[73.90123,23.335913],[73.938896,23.341419],[73.94371,23.366341],[73.962471,23.38139],[73.98349,23.35984],[73.990776,23.337629],[74.032661,23.33235],[74.037598,23.30574],[74.049683,23.307091],[74.106583,23.294123],[74.118561,23.27537],[74.136108,23.264721],[74.138657,23.230921],[74.12252,23.19157],[74.127022,23.17885],[74.145691,23.17523],[74.16069,23.15554],[74.186607,23.152521],[74.194122,23.17856],[74.207542,23.192051],[74.246033,23.188259],[74.271828,23.15601],[74.286781,23.0917],[74.315521,23.072121],[74.339279,23.066971],[74.359543,23.0805],[74.387672,23.110441],[74.414093,23.110962],[74.433167,23.10568],[74.458237,23.087061],[74.512283,23.088831],[74.535439,23.101513],[74.547516,23.11849],[74.573631,23.137199],[74.597237,23.141993],[74.617828,23.151932],[74.654747,23.18203],[74.669159,23.20149],[74.721138,23.19698],[74.746033,23.215361],[74.740982,23.22934],[74.732948,23.223751],[74.712883,23.221359],[74.695007,23.22308],[74.713249,23.23632],[74.714897,23.25296],[74.701622,23.26675],[74.673126,23.27487],[74.646248,23.25972],[74.626556,23.275999],[74.606697,23.28536],[74.586761,23.28446],[74.567352,23.298462],[74.553467,23.28252],[74.540627,23.305113],[74.534508,23.32037],[74.520851,23.321602],[74.520287,23.331692],[74.543709,23.35899],[74.560226,23.364491],[74.572411,23.383329],[74.579666,23.422421],[74.613121,23.451551],[74.636429,23.464062],[74.658943,23.466801],[74.674461,23.485682],[74.687767,23.492201],[74.710899,23.50563],[74.733658,23.500521],[74.757072,23.522173],[74.774063,23.543303],[74.796333,23.546261],[74.812309,23.538431],[74.830093,23.54952],[74.851479,23.5574],[74.869331,23.574799],[74.874573,23.590111],[74.884941,23.60331],[74.906029,23.622952],[74.927879,23.62438],[74.93898,23.643188],[74.924217,23.668501],[74.910439,23.687981],[74.922897,23.713869],[74.940567,23.734871],[74.931877,23.75811],[74.937851,23.776711],[74.915009,23.799189],[74.913261,23.83663],[74.91024,23.852131],[74.905678,23.873911],[74.913857,23.90336],[74.923378,23.92491],[74.924316,23.93861],[74.963348,23.973671],[74.972229,24.00363],[74.992363,24.023232],[74.981216,24.04104],[74.971558,24.07786],[74.960747,24.09416],[74.954872,24.11204],[74.93898,24.12789],[74.923508,24.149281],[74.920189,24.162848],[74.897659,24.182371],[74.880173,24.21648],[74.898216,24.229071],[74.907257,24.24081],[74.897003,24.24918],[74.885307,24.26874],[74.864037,24.27396],[74.85659,24.2722],[74.838913,24.271238],[74.819649,24.27626],[74.779686,24.27261],[74.754791,24.278971],[74.757462,24.296221],[74.784821,24.321131],[74.786339,24.343861],[74.781677,24.358351],[74.788353,24.371771],[74.802277,24.387341],[74.814796,24.41069],[74.827232,24.416809],[74.845863,24.440731],[74.857498,24.451502],[74.858131,24.467333],[74.849358,24.46664],[74.83651,24.465391],[74.820107,24.4729],[74.82238,24.487801],[74.810837,24.492001],[74.795952,24.49325],[74.781532,24.484861],[74.766197,24.49065],[74.750656,24.492001],[74.727188,24.510771],[74.712906,24.50922],[74.723427,24.531151],[74.749619,24.54254],[74.752342,24.55237],[74.756348,24.559891],[74.746689,24.592993],[74.760178,24.601391],[74.781761,24.60717],[74.79055,24.617401],[74.784836,24.62929],[74.793503,24.649441],[74.799347,24.65657],[74.808739,24.669962],[74.817108,24.671671],[74.813339,24.68615],[74.791977,24.68158],[74.776062,24.68606],[74.777313,24.69669],[74.783859,24.709511],[74.787537,24.72193],[74.783867,24.73035],[74.786079,24.74692],[74.803146,24.754852],[74.798477,24.790541],[74.814957,24.78145],[74.834877,24.732],[74.849846,24.69865],[74.855316,24.699221],[74.858536,24.702181],[74.87767,24.665781],[74.892853,24.65535],[74.893532,24.663858],[74.90564,24.660339],[74.91301,24.660412],[74.929451,24.65917],[74.939178,24.661711],[74.941818,24.666821],[74.95266,24.673851],[74.959236,24.679901],[74.961823,24.683701],[74.9599,24.688751],[74.964111,24.700468],[74.996559,24.706842],[74.999413,24.713791],[74.992119,24.728262],[74.993431,24.752729],[75.021317,24.76716],[75.02005,24.77445],[75.012932,24.79381],[74.990013,24.793819],[74.955421,24.79244],[74.929413,24.795483],[74.909973,24.788219],[74.891953,24.79911],[74.88015,24.810501],[74.867851,24.81312],[74.857941,24.794621],[74.840782,24.803419],[74.852966,24.815531],[74.859032,24.82901],[74.855888,24.853201],[74.842377,24.874969],[74.837837,24.897211],[74.827133,24.89913],[74.824219,24.9401],[74.826271,24.952209],[74.83271,24.967451],[74.862099,24.965839],[74.863876,24.947571],[74.870857,24.937201],[74.884697,24.94976],[74.902603,24.937271],[74.907356,24.928671],[74.911743,24.918873],[74.916153,24.899441],[74.923683,24.892071],[74.930779,24.89397],[74.94622,24.893921],[74.950432,24.889971],[74.956337,24.87496],[74.977333,24.87748],[74.991043,24.875002],[75.015083,24.870201],[75.029747,24.86054],[75.051086,24.864889],[75.058777,24.87771],[75.05928,24.8813],[75.073532,24.88731],[75.085327,24.888891],[75.088341,24.8811],[75.118866,24.88904],[75.114937,24.91184],[75.115692,24.95365],[75.119057,24.974752],[75.13472,24.97772],[75.149086,24.98122],[75.138023,24.986362],[75.161316,24.990089],[75.166763,25.006109],[75.165253,25.02232],[75.156281,25.03544],[75.173782,25.053793],[75.191757,25.038368],[75.200562,25.034498],[75.218216,25.041441],[75.244591,25.03993],[75.278267,25.044701],[75.310486,25.04608],[75.345589,25.042801],[75.350052,25.033272],[75.350616,25.024839],[75.322487,25.01339],[75.322037,24.99613],[75.326363,24.97616],[75.335411,24.96471],[75.328751,24.945631],[75.313873,24.90044],[75.308327,24.926291],[75.302292,24.934879],[75.300186,24.946821],[75.289803,24.956112],[75.285561,24.964123],[75.271492,24.96822],[75.269997,24.95627],[75.275803,24.940271],[75.291168,24.924961],[75.287933,24.92053],[75.278679,24.917492],[75.274086,24.917048],[75.264252,24.90731],[75.261452,24.88966],[75.279282,24.88455],[75.299049,24.87026],[75.321243,24.882662],[75.350067,24.88497],[75.407539,24.891911],[75.420593,24.881632],[75.417099,24.863901],[75.36396,24.842522],[75.33744,24.83371],[75.319817,24.817793],[75.300491,24.815243],[75.29422,24.830379],[75.278938,24.853491],[75.25235,24.859509],[75.23407,24.858311],[75.236671,24.87089],[75.247749,24.899918],[75.23613,24.8993],[75.219696,24.8922],[75.212646,24.91007],[75.208206,24.897751],[75.201317,24.884201],[75.218483,24.85948],[75.225502,24.85104],[75.241043,24.846861],[75.251923,24.83717],[75.246712,24.82184],[75.222473,24.81896],[75.203568,24.801689],[75.202713,24.788801],[75.189507,24.774641],[75.185593,24.763041],[75.198189,24.756901],[75.219368,24.723051],[75.228409,24.735102],[75.262001,24.733061],[75.304367,24.720741],[75.437538,24.69553],[75.505867,24.709421],[75.541222,24.71669],[75.568993,24.7199],[75.609436,24.689993],[75.659187,24.7017],[75.723068,24.75013],[75.759682,24.764799],[75.786186,24.76553],[75.838753,24.72987],[75.831543,24.679741],[75.837067,24.669998],[75.848808,24.653061],[75.846207,24.631401],[75.83429,24.623751],[75.839203,24.608749],[75.842331,24.600243],[75.852547,24.614321],[75.874077,24.607111],[75.884361,24.581739],[75.90287,24.576811],[75.917397,24.57148],[75.909561,24.564508],[75.906616,24.5522],[75.920517,24.54381],[75.922043,24.527281],[75.902161,24.52202],[75.891052,24.509588],[75.911819,24.49242],[75.907288,24.469511],[75.903351,24.453939],[75.88649,24.43693],[75.847252,24.41897],[75.812546,24.436781],[75.816467,24.458521],[75.795647,24.473122],[75.784096,24.464731],[75.783577,24.45183],[75.775673,24.448261],[75.748726,24.42841],[75.75528,24.409309],[75.735817,24.403433],[75.726883,24.405279],[75.738571,24.3953],[75.738693,24.361258],[75.740517,24.349743],[75.765091,24.310659],[75.790016,24.311098],[75.811203,24.30345],[75.816826,24.290751],[75.811783,24.27043],[75.812691,24.256882],[75.826881,24.24641],[75.816597,24.241949],[75.807762,24.240671],[75.795349,24.22687],[75.773506,24.220892],[75.768623,24.1933],[75.758278,24.174553],[75.743492,24.139601],[75.765106,24.136631],[75.778687,24.13467],[75.784782,24.118349],[75.80835,24.113359],[75.835793,24.111351],[75.830551,24.081591],[75.829506,24.071953],[75.807266,24.0676],[75.777718,24.05714],[75.773773,24.01911],[75.763199,24.013968],[75.764153,24.005301],[75.762039,23.997952],[75.747566,23.993471],[75.738152,23.988161],[75.735512,23.98056],[75.726479,23.978771],[75.713821,23.97208],[75.697899,23.97208],[75.696136,23.990391],[75.686386,23.990549],[75.685333,24.00235],[75.682289,24.016953],[75.669197,24.033543],[75.647667,24.023201],[75.641472,24.01837],[75.634743,23.99983],[75.624718,23.998821],[75.604126,23.996281],[75.59005,23.99634],[75.580368,23.994303],[75.573769,23.99848],[75.568817,24.00461],[75.561119,24.023579],[75.531921,24.031481],[75.489197,24.000313],[75.470558,23.9872],[75.462379,23.968102],[75.45723,23.938181],[75.456497,23.92074],[75.487427,23.910843],[75.504097,23.891911],[75.528763,23.88026],[75.557159,23.862791],[75.565369,23.849861],[75.576401,23.84329],[75.572296,23.834831],[75.560081,23.836851],[75.558502,23.82016],[75.572792,23.816851],[75.5849,23.808811],[75.591682,23.802391],[75.612137,23.80662],[75.625946,23.800261],[75.643677,23.80183],[75.656807,23.791788],[75.667473,23.788198],[75.676056,23.782129],[75.68515,23.766649],[75.696716,23.78529],[75.694519,23.797543],[75.68692,23.81769],[75.702591,23.817131],[75.715691,23.817051],[75.716751,23.822121],[75.718727,23.832361],[75.717873,23.846981],[75.726372,23.853432],[75.727547,23.86451],[75.704742,23.87476],[75.698128,23.877108],[75.700943,23.894911],[75.707077,23.902889],[75.715492,23.90152],[75.731323,23.901501],[75.740059,23.89422],[75.759171,23.881329],[75.769623,23.854441],[75.783852,23.857731],[75.791023,23.87215],[75.813942,23.874269],[75.837036,23.881329],[75.853416,23.894201],[75.863518,23.895401],[75.878616,23.88456],[75.893936,23.893082],[75.931808,23.901939],[75.946587,23.920712],[75.974091,23.93153],[75.980927,23.94302],[75.980186,23.96876],[75.976753,23.981951],[75.960243,23.997461],[75.960182,24.02537],[75.979752,24.03105],[76.000282,24.03548],[76.017937,24.044559],[76.057487,24.07785],[76.084541,24.08215],[76.105156,24.095909],[76.123276,24.092333],[76.131287,24.106621],[76.130737,24.12291],[76.131737,24.143942],[76.128891,24.174858],[76.119957,24.18014],[76.12336,24.2054],[76.147049,24.22777],[76.149773,24.260981],[76.142227,24.281151],[76.149521,24.292231],[76.170021,24.30341],[76.172127,24.31558],[76.190048,24.32995],[76.20623,24.310921],[76.195602,24.290098],[76.204376,24.26902],[76.206223,24.23275],[76.218216,24.217381],[76.240463,24.226181],[76.265381,24.22155],[76.287163,24.21825],[76.293922,24.240671],[76.317879,24.251131],[76.344177,24.2519],[76.361206,24.24449],[76.391243,24.225611],[76.414436,24.20742],[76.421722,24.220671],[76.429451,24.22706],[76.447426,24.217741],[76.461021,24.22541],[76.474571,24.228703],[76.496933,24.21204],[76.508369,24.200232],[76.51738,24.166578],[76.535782,24.164211],[76.57267,24.177299],[76.569809,24.196289],[76.567276,24.206911],[76.59256,24.223871],[76.587479,24.24605],[76.600479,24.24498],[76.616348,24.26284],[76.634827,24.264059],[76.642456,24.270111],[76.668297,24.267382],[76.684769,24.28269],[76.693306,24.27405],[76.699677,24.257839],[76.698761,24.245121],[76.684883,24.224833],[76.684387,24.188641],[76.701141,24.17144],[76.720711,24.16172],[76.735893,24.171843],[76.757339,24.169703],[76.76886,24.16468],[76.790932,24.125759],[76.814667,24.126511],[76.835472,24.13125],[76.856003,24.138941],[76.876572,24.138378],[76.89994,24.131111],[76.914871,24.183371],[76.933167,24.186871],[76.944443,24.206291],[76.931656,24.209539],[76.919289,24.22069],[76.911171,24.237612],[76.874199,24.27109],[76.863609,24.289761],[76.859802,24.30529],[76.840179,24.33872],[76.836967,24.360708],[76.851677,24.370241],[76.850136,24.388969],[76.835876,24.416571],[76.846031,24.41934],[76.850662,24.437361],[76.838623,24.454161],[76.848976,24.46438],[76.846298,24.475458],[76.842323,24.49374],[76.82811,24.510363],[76.814163,24.53228],[76.826752,24.53878],[76.846046,24.55102],[76.871956,24.545891],[76.872902,24.53204],[76.888969,24.52676],[76.897766,24.543701],[76.912872,24.54357],[76.918777,24.529982],[76.91526,24.5114],[76.93084,24.4767],[76.952873,24.46393],[76.974953,24.46493],[76.992523,24.47345],[77.002556,24.4835],[77.00473,24.491961],[77.012337,24.49437],[77.024071,24.501329],[77.029106,24.523762],[77.039047,24.52663],[77.051956,24.54125],[77.064339,24.564121],[77.058456,24.59481],[77.061119,24.61051],[77.059456,24.64242],[77.03701,24.682751],[77.033463,24.70295],[77.019249,24.714951],[76.992142,24.717398],[76.968483,24.73609],[76.963303,24.75955],[76.945778,24.76405],[76.903259,24.74605],[76.886688,24.75415],[76.847298,24.750401],[76.846741,24.769993],[76.81572,24.803671],[76.801582,24.819839],[76.811188,24.828239],[76.827141,24.83836],[76.842178,24.840113],[76.863327,24.84169],[76.908432,24.845093],[76.926521,24.849783],[76.94426,24.865473],[76.946716,24.874191],[76.93573,24.878681],[76.917519,24.88479],[76.912697,24.897242],[76.924637,24.910372],[76.907417,24.92326],[76.892471,24.92909],[76.875206,24.95097],[76.871567,24.961309],[76.869659,24.991892],[76.859528,25.00691],[76.869316,25.011103],[76.876762,25.018011],[76.882027,25.0341],[76.961311,25.053989],[76.971832,25.066839],[76.993729,25.07995],[77.012352,25.074911],[77.024727,25.0718],[77.044327,25.065771],[77.068016,25.05969],[77.090416,25.06636],[77.128273,25.08905],[77.157707,25.08828],[77.169579,25.11372],[77.197388,25.116671],[77.241646,25.11272],[77.284431,25.104219],[77.302856,25.08387],[77.313896,25.087561],[77.332443,25.096571],[77.360786,25.104349],[77.37516,25.116819],[77.393188,25.11528],[77.398109,25.116411],[77.38694,25.132961],[77.391327,25.179649],[77.413727,25.19953],[77.406403,25.226292],[77.380043,25.24542],[77.362717,25.250071],[77.356682,25.265791],[77.363029,25.283758],[77.372589,25.294291],[77.374802,25.305851],[77.371788,25.320221],[77.363762,25.333],[77.336418,25.325581],[77.356041,25.367889],[77.348419,25.375551],[77.344261,25.38793],[77.353958,25.403629],[77.354347,25.424023],[77.329231,25.428572],[77.295563,25.43169],[77.259956,25.39946],[77.234673,25.385061],[77.22113,25.36108],[77.218033,25.33131],[77.209427,25.32865],[77.205261,25.33305],[77.200348,25.318729],[77.190552,25.311661],[77.167763,25.315521],[77.149002,25.315363],[77.121422,25.331251],[77.101768,25.335121],[77.07547,25.339691],[77.063461,25.32415],[77.04818,25.321091],[77.038048,25.319361],[77.017601,25.301559],[76.992668,25.30183],[76.955269,25.284599],[76.941826,25.27536],[76.93261,25.28747],[76.915352,25.308981],[76.881569,25.322861],[76.853737,25.329712],[76.833481,25.326851],[76.795273,25.321821],[76.759842,25.32268],[76.766693,25.33297],[76.753723,25.33934],[76.722298,25.345921],[76.681076,25.34548],[76.657501,25.361441],[76.625496,25.375111],[76.616867,25.381613],[76.60585,25.38867],[76.588966,25.43149],[76.564278,25.442402],[76.55632,25.479811],[76.542107,25.497431],[76.534569,25.5135],[76.520309,25.52993],[76.520279,25.5569],[76.509781,25.579821],[76.514732,25.633678],[76.500763,25.643303],[76.507797,25.676121],[76.477783,25.695061],[76.502998,25.728609],[76.530617,25.733971],[76.522659,25.774342],[76.541649,25.817402],[76.585281,25.86772],[76.616531,25.87125],[76.63559,25.895929],[76.646126,25.908852],[76.684059,25.91021],[76.714523,25.90099],[76.745468,25.909231],[76.762787,25.92531],[76.752831,25.93581],[76.760651,25.94253],[76.7948,25.944221],[76.818886,25.971251],[76.82328,25.992722],[76.84024,26.01129],[76.845726,26.040279],[76.86393,26.05168],[76.876968,26.07205],[76.887779,26.093323],[76.918343,26.10265],[76.941887,26.10811],[76.986038,26.132353],[76.999687,26.15263],[77.01123,26.1653],[77.044991,26.18495],[77.068939,26.18541],[77.096443,26.19544],[77.105873,26.21936],[77.124031,26.237951],[77.152763,26.237951],[77.16494,26.244501],[77.184532,26.23682],[77.208389,26.24424],[77.267036,26.276171],[77.308479,26.32156],[77.324059,26.348103],[77.334671,26.357231],[77.366249,26.371519],[77.385857,26.362423],[77.407822,26.36898],[77.436768,26.368141],[77.433739,26.387531],[77.427719,26.40691],[77.474968,26.414631],[77.522881,26.414911],[77.542503,26.429451],[77.559143,26.44084],[77.599083,26.454222],[77.616737,26.47187],[77.639381,26.489241],[77.667686,26.50831],[77.685989,26.50259],[77.720993,26.50852],[77.739357,26.54269],[77.758018,26.55065],[77.797653,26.55028],[77.817657,26.560211],[77.81842,26.593851],[77.834099,26.61178],[77.870377,26.61862],[77.890152,26.640518],[77.903603,26.66618],[77.947891,26.665041],[77.968796,26.67664],[77.992218,26.702641],[78.031563,26.691339],[78.056221,26.6859],[78.069389,26.678511],[78.085739,26.68305],[78.08651,26.724451],[78.096001,26.743761],[78.114822,26.758812],[78.097092,26.769421],[78.095383,26.789431],[78.11293,26.802561],[78.14048,26.79364],[78.176117,26.791492],[78.179367,26.801161],[78.163551,26.829851],[78.179558,26.83102],[78.209793,26.83609],[78.193527,26.889521],[78.22657,26.882629],[78.259537,26.91622],[78.261223,26.93178],[78.247337,26.93075],[78.230606,26.936783],[78.212196,26.949619],[78.201256,26.940323],[78.139473,26.95713],[78.114899,26.954861],[78.107948,26.948311],[78.115227,26.93819],[78.106308,26.930012],[78.095352,26.92905],[78.10276,26.909931],[78.08992,26.905748],[78.072807,26.907551],[78.060539,26.915901],[78.04863,26.913771],[78.044296,26.884531],[78.047806,26.874809],[78.03756,26.876963],[78.027222,26.862181],[78.016357,26.863819],[78.021713,26.894791],[78.014061,26.908392],[77.99189,26.9109],[77.975136,26.897528],[77.964813,26.907249],[77.941971,26.89979],[77.932129,26.91],[77.909569,26.91427],[77.906616,26.92396],[77.898582,26.915421],[77.900833,26.89514],[77.884796,26.892321],[77.871468,26.9055],[77.836372,26.919592],[77.781487,26.92771],[77.765099,26.93799],[77.744331,26.92321],[77.723923,26.922951],[77.719841,26.88674],[77.689377,26.87347],[77.678352,26.878321],[77.666977,26.862383],[77.600838,26.83423],[77.547409,26.82172],[77.520691,26.822008],[77.506668,26.847382],[77.496986,26.837971],[77.482323,26.794071],[77.489326,26.777248],[77.486359,26.761011],[77.457306,26.76214],[77.455971,26.78038],[77.427269,26.776093],[77.43824,26.80888],[77.417488,26.842791],[77.431816,26.865891],[77.450523,26.875011],[77.455177,26.889561],[77.482468,26.90378],[77.545319,26.922041],[77.58477,26.94227],[77.593796,26.93771],[77.656609,26.97406],[77.668617,26.969179],[77.701233,26.98432],[77.723282,26.988239],[77.746078,27.002941],[77.747681,27.01763],[77.738403,27.032681],[77.72216,27.02614],[77.723366,27.003908],[77.713921,26.997961],[77.698967,27.005711],[77.684303,27.04492],[77.670769,27.048901],[77.657028,27.022732],[77.634262,27.027012],[77.624252,27.016899],[77.615593,27.027399],[77.594322,27.031191],[77.583923,27.03932],[77.560677,27.03565],[77.565681,27.078011],[77.546318,27.08073],[77.52916,27.06711],[77.514297,27.070421],[77.518227,27.088093],[77.498413,27.09519],[77.508217,27.102859],[77.529373,27.104141],[77.544449,27.115601],[77.590782,27.123081],[77.59211,27.14477],[77.606537,27.15414],[77.605118,27.16848],[77.625443,27.17436],[77.635918,27.17013],[77.661247,27.182781],[77.672997,27.200361],[77.639519,27.217272],[77.644203,27.238878],[77.629578,27.255491],[77.612846,27.260302],[77.609093,27.287991],[77.591667,27.300558],[77.613503,27.31476],[77.616341,27.33831],[77.607536,27.342159],[77.574547,27.326731],[77.530746,27.35277],[77.502197,27.377359],[77.44326,27.39333],[77.429558,27.404381],[77.418282,27.442171],[77.427277,27.45101],[77.425438,27.464809],[77.392349,27.486101],[77.389557,27.505423],[77.37619,27.5186],[77.352226,27.519979],[77.332527,27.538549],[77.33844,27.549643],[77.333061,27.57604],[77.348396,27.59012],[77.328117,27.596041],[77.313217,27.617321],[77.342766,27.657202],[77.336548,27.69618],[77.330536,27.71114],[77.297607,27.718681],[77.312332,27.73868],[77.301697,27.760061],[77.304146,27.78801],[77.295387,27.799841],[77.27578,27.806549]]]},"properties":{"name":"Rajasthan","type":"State"}},
{"type":"Feature","geometry":{"type":"Polygon","coordinates":[[[88.751686,27.148211],[88.760483,27.157131],[88.760857,27.175192],[88.784676,27.18199],[88.7892,27.18992],[88.800339,27.246237],[88.835197,27.263069],[88.872414,27.258842],[88.90197,27.277239],[88.913513,27.31636],[88.922371,27.326321],[88.888611,27.338442],[88.87915,27.364441],[88.868752,27.367361],[88.858833,27.38587],[88.83831,27.37883],[88.810097,27.404758],[88.782166,27.463257],[88.788948,27.526131],[88.77636,27.53672],[88.767868,27.559971],[88.768227,27.567438],[88.785576,27.576281],[88.791779,27.590611],[88.805489,27.603251],[88.809906,27.641918],[88.820732,27.64229],[88.832237,27.65033],[88.846611,27.6689],[88.845528,27.700312],[88.838623,27.71047],[88.850006,27.717531],[88.862381,27.739],[88.852608,27.768351],[88.854263,27.816523],[88.880997,27.838961],[88.885643,27.859058],[88.881386,27.89253],[88.858948,27.92527],[88.841782,27.929831],[88.836418,27.94492],[88.84407,27.956423],[88.839058,27.99506],[88.825348,28.017059],[88.799446,28.030691],[88.782288,28.05077],[88.751083,28.073313],[88.685799,28.078979],[88.666771,28.07408],[88.621239,28.130968],[88.606728,28.126181],[88.613579,28.10869],[88.605408,28.099661],[88.574837,28.085609],[88.566917,28.088982],[88.552467,28.07762],[88.550423,28.061121],[88.538017,28.038481],[88.527763,28.036821],[88.501137,28.048931],[88.481857,28.04501],[88.455856,28.017199],[88.427071,28.008329],[88.389801,27.978081],[88.345192,27.989481],[88.316193,27.979721],[88.308891,27.972681],[88.28006,27.967611],[88.272049,27.958441],[88.247932,27.950102],[88.238251,27.95035],[88.230186,27.967773],[88.202591,27.965481],[88.195549,27.946918],[88.18866,27.94368],[88.173622,27.94471],[88.139816,27.963261],[88.123657,27.950241],[88.128952,27.93985],[88.116806,27.925781],[88.113892,27.912191],[88.129982,27.881516],[88.19548,27.854523],[88.200165,27.847969],[88.203926,27.837315],[88.179985,27.816029],[88.199921,27.790529],[88.172356,27.741341],[88.157333,27.729155],[88.150917,27.701654],[88.157425,27.69042],[88.147255,27.665403],[88.123299,27.639174],[88.108215,27.602316],[88.07782,27.571815],[88.078644,27.558416],[88.063484,27.539726],[88.062057,27.532719],[88.067818,27.529316],[88.057419,27.504314],[88.046333,27.495766],[88.052513,27.471889],[88.06971,27.457619],[88.075417,27.433615],[88.082619,27.426414],[88.06076,27.418222],[88.049431,27.405167],[88.047615,27.379715],[88.069214,27.335581],[88.044113,27.304016],[88.021629,27.228886],[88.023987,27.220661],[88.058197,27.21389],[88.068237,27.204731],[88.072327,27.17934],[88.08326,27.165043],[88.083832,27.14502],[88.092667,27.136278],[88.152313,27.11171],[88.172607,27.13032],[88.188507,27.13442],[88.213837,27.135122],[88.232506,27.119768],[88.278137,27.130831],[88.304497,27.128601],[88.331741,27.108168],[88.439621,27.084169],[88.460182,27.09585],[88.469078,27.117302],[88.496407,27.128153],[88.518707,27.1478],[88.52993,27.15015],[88.528999,27.177761],[88.591476,27.19446],[88.619019,27.187853],[88.642487,27.167158],[88.68441,27.180229],[88.711807,27.16515],[88.724541,27.138521],[88.751686,27.148211]]]},"properties":{"name":"Sikkim","type":"State"}},
{"type":"Feature","geometry":{"type":"MultiPolygon","coordinates":[[[[78.115417,8.616809],[78.109863,8.614583],[78.118469,8.610692],[78.120697,8.613751],[78.115417,8.616809]]],[[[78.12014,8.637921],[78.111252,8.631528],[78.115692,8.625693],[78.119858,8.625971],[78.118187,8.617641],[78.122643,8.62875],[78.122643,8.63403],[78.121803,8.628196],[78.115974,8.62764],[78.115677,8.631532],[78.12014,8.637921]]],[[[78.117081,8.65653],[78.117363,8.641805],[78.121529,8.644583],[78.12458,8.63847],[78.12458,8.649583],[78.117081,8.65653]]],[[[78.491806,9.093194],[78.487923,9.09042],[78.493195,9.085972],[78.491806,9.093194]]],[[[78.580414,9.112362],[78.572083,9.102922],[78.586525,9.109305],[78.580414,9.112362]]],[[[78.828194,9.17125],[78.817093,9.158751],[78.827919,9.164862],[78.828194,9.17125]]],[[[78.940697,9.184583],[78.904861,9.183473],[78.89875,9.179309],[78.940697,9.184583]]],[[[79.070137,9.208195],[79.058197,9.197079],[79.069305,9.199582],[79.087082,9.191806],[79.09153,9.19597],[79.090416,9.20014],[79.08625,9.19431],[79.075981,9.20014],[79.070137,9.208195]]],[[[79.125687,9.21792],[79.120956,9.215971],[79.135971,9.21542],[79.125687,9.21792]]],[[[79.184029,9.24903],[79.179306,9.24653],[79.180969,9.240141],[79.196251,9.232917],[79.20153,9.234031],[79.201248,9.240693],[79.198196,9.234031],[79.183197,9.24152],[79.184029,9.24903]]],[[[79.219025,9.250972],[79.208473,9.249584],[79.201248,9.241805],[79.222076,9.247079],[79.219025,9.250972]]],[[[79.312363,9.328472],[79.289307,9.31987],[79.267639,9.293195],[79.220139,9.291812],[79.204582,9.277362],[79.205696,9.27264],[79.22097,9.267642],[79.214302,9.254584],[79.22403,9.259311],[79.255142,9.259311],[79.298759,9.24681],[79.343483,9.22403],[79.439583,9.158471],[79.414581,9.182641],[79.439308,9.161527],[79.429863,9.17375],[79.324028,9.264581],[79.314583,9.28236],[79.327919,9.29431],[79.334869,9.312641],[79.312363,9.328472]]],[[[79.69986,10.309583],[79.707085,10.30375],[79.710693,10.307641],[79.69986,10.309583]]],[[[79.677361,10.309861],[79.669861,10.306807],[79.682907,10.30597],[79.677361,10.309861]]],[[[79.695976,10.321252],[79.688751,10.318471],[79.690697,10.315141],[79.716248,10.312641],[79.695976,10.321252]]],[[[79.839027,11.23653],[79.837349,11.233191],[79.841805,11.233749],[79.839027,11.23653]]],[[[79.830696,11.940249],[79.837906,11.94236],[79.849861,11.988471],[79.885139,12.065142],[80.006805,12.254583],[79.996246,12.251532],[79.977913,12.231528],[79.962082,12.222641],[79.957077,12.21236],[79.944862,12.220421],[79.982643,12.243751],[79.986526,12.251532],[80.003197,12.258196],[80.010139,12.27237],[80.004585,12.259584],[80.01236,12.26514],[80.009308,12.256527],[80.06292,12.351251],[80.053474,12.34736],[80.045418,12.336805],[80.027077,12.33431],[80.013748,12.322641],[80.010414,12.327083],[80.017082,12.330973],[80.020981,12.338752],[80.017365,12.340418],[80.042084,12.354305],[80.043472,12.363195],[80.056808,12.36764],[80.057083,12.357361],[80.063469,12.353751],[80.064026,12.34986],[80.050957,12.326251],[80.115135,12.404028],[80.155693,12.466251],[80.165695,12.524861],[80.184586,12.574583],[80.16153,12.58514],[80.170135,12.594582],[80.163483,12.594031],[80.167923,12.60041],[80.164856,12.603749],[80.181526,12.609028],[80.171524,12.597083],[80.171516,12.59097],[80.17514,12.593473],[80.170967,12.58403],[80.185417,12.577639],[80.254028,12.779031],[80.248192,12.80264],[80.238747,12.800694],[80.237923,12.78402],[80.232086,12.784311],[80.239029,12.810141],[80.232643,12.846251],[80.241531,12.80597],[80.247917,12.805152],[80.258469,12.935972],[80.277084,13.012084],[80.266808,13.013194],[80.277916,13.01736],[80.285416,13.068472],[80.290138,13.068472],[80.302917,13.089305],[80.305969,13.101531],[80.30014,13.092084],[80.295692,13.094862],[80.301529,13.09875],[80.302086,13.112922],[80.302086,13.105141],[80.305138,13.107363],[80.297913,13.12403],[80.299026,13.139321],[80.333748,13.23514],[80.319862,13.225696],[80.311531,13.209311],[80.317467,13.223752],[80.307358,13.21125],[80.306252,13.214861],[80.317642,13.226541],[80.313469,13.23153],[80.314308,13.246531],[80.318192,13.23153],[80.331528,13.23625],[80.338753,13.267921],[80.344582,13.273195],[80.34597,13.325973],[80.329582,13.401253],[80.325691,13.443191],[80.326248,13.429861],[80.31958,13.424028],[80.330414,13.393472],[80.331253,13.376251],[80.32708,13.36958],[80.329033,13.36653],[80.324303,13.370694],[80.330139,13.377641],[80.329582,13.387362],[80.322639,13.390138],[80.326248,13.39986],[80.321533,13.412922],[80.317085,13.412083],[80.320686,13.41653],[80.316254,13.428473],[80.313751,13.428195],[80.312737,13.426271],[80.311508,13.421761],[80.314507,13.399211],[80.316498,13.376372],[80.315369,13.371451],[80.306709,13.37458],[80.296921,13.381251],[80.279221,13.387362],[80.273918,13.397691],[80.276291,13.3994],[80.279846,13.39958],[80.277893,13.407532],[80.266083,13.417979],[80.258347,13.44929],[80.252037,13.458851],[80.2472,13.463601],[80.244171,13.467031],[80.240906,13.470151],[80.222046,13.480321],[80.209442,13.481802],[80.181763,13.47777],[80.163147,13.477552],[80.154167,13.478942],[80.147423,13.482821],[80.137611,13.491151],[80.135406,13.493091],[80.129509,13.49733],[80.127892,13.49895],[80.105049,13.503632],[80.096703,13.50821],[80.088669,13.52553],[80.086723,13.527241],[80.075821,13.52676],[80.067177,13.53592],[80.050987,13.530512],[80.02951,13.52359],[80.007713,13.532372],[79.989281,13.519],[80.000397,13.512372],[80.013618,13.503912],[80.032753,13.50184],[80.036041,13.48448],[80.005898,13.487771],[79.990761,13.45922],[79.968269,13.456431],[79.963066,13.440573],[79.958481,13.412851],[79.935951,13.409572],[79.935623,13.38485],[79.948036,13.367221],[79.939987,13.358111],[79.917137,13.34104],[79.903862,13.333271],[79.886078,13.321292],[79.870552,13.31176],[79.855682,13.308141],[79.836769,13.302999],[79.808487,13.30508],[79.792267,13.29164],[79.774223,13.285131],[79.750557,13.29881],[79.741493,13.276662],[79.721779,13.265731],[79.752777,13.24376],[79.784897,13.22348],[79.773567,13.21752],[79.757721,13.205571],[79.738266,13.198259],[79.732529,13.214961],[79.718567,13.222591],[79.705688,13.209231],[79.688751,13.20741],[79.696037,13.233891],[79.680687,13.228371],[79.673767,13.247021],[79.679321,13.269332],[79.662567,13.268142],[79.648628,13.273359],[79.632507,13.273542],[79.624313,13.26202],[79.610756,13.264591],[79.594856,13.263042],[79.585419,13.247101],[79.565376,13.249401],[79.546341,13.27405],[79.538872,13.300921],[79.509537,13.3147],[79.479279,13.32146],[79.41732,13.321959],[79.385628,13.294701],[79.421776,13.28666],[79.417992,13.269061],[79.408669,13.246741],[79.408653,13.21959],[79.418167,13.218462],[79.442459,13.22918],[79.421631,13.208531],[79.42157,13.193181],[79.413292,13.185849],[79.384377,13.184721],[79.370781,13.16859],[79.361206,13.156041],[79.347092,13.153951],[79.346748,13.134861],[79.344353,13.123561],[79.330688,13.121231],[79.309731,13.1069],[79.29747,13.097371],[79.28495,13.12285],[79.272667,13.12666],[79.261208,13.14075],[79.251373,13.146199],[79.24334,13.13335],[79.226357,13.13461],[79.218269,13.120431],[79.218277,13.103942],[79.202209,13.09029],[79.186996,13.07705],[79.1791,13.060112],[79.172272,13.04372],[79.17662,13.02977],[79.170593,13.01568],[79.141632,13.00982],[79.104378,13.02422],[79.060577,13.02084],[79.043892,13.04372],[79.02282,13.056401],[78.995239,13.063041],[78.979591,13.07651],[78.962936,13.07156],[78.950012,13.06609],[78.930077,13.066022],[78.910843,13.056101],[78.893463,13.035092],[78.917397,13.03255],[78.92865,13.021451],[78.915932,13.023062],[78.879372,13.025501],[78.883522,13.081989],[78.864738,13.084681],[78.843933,13.07148],[78.80809,13.07793],[78.786591,13.062152],[78.754463,13.046982],[78.732178,13.050403],[78.701256,13.04426],[78.679359,13.00897],[78.648956,13.016352],[78.637337,12.996841],[78.613663,12.97889],[78.628998,12.953111],[78.637466,12.915881],[78.62571,12.919182],[78.615547,12.89322],[78.604622,12.866],[78.591568,12.83855],[78.595627,12.81549],[78.582909,12.77622],[78.57766,12.76585],[78.550919,12.74681],[78.550308,12.738761],[78.553932,12.726061],[78.545509,12.707381],[78.551956,12.69434],[78.547737,12.689112],[78.543716,12.684601],[78.531273,12.679932],[78.520157,12.687008],[78.525612,12.69475],[78.515976,12.703521],[78.509369,12.719791],[78.503159,12.7181],[78.494316,12.730371],[78.47966,12.73002],[78.493629,12.711169],[78.509811,12.69878],[78.499786,12.696852],[78.493401,12.70347],[78.490906,12.693292],[78.489563,12.686609],[78.497406,12.67925],[78.493446,12.669591],[78.457657,12.66225],[78.461899,12.632279],[78.459618,12.61741],[78.447449,12.616501],[78.418343,12.620642],[78.399803,12.613319],[78.386139,12.613871],[78.36055,12.615111],[78.329399,12.638431],[78.294968,12.654241],[78.287003,12.65815],[78.264427,12.69184],[78.227448,12.689281],[78.213989,12.674751],[78.195313,12.67997],[78.198776,12.688711],[78.196083,12.69669],[78.209808,12.699261],[78.227226,12.715172],[78.219917,12.749621],[78.202339,12.755079],[78.190247,12.76108],[78.175308,12.763311],[78.158142,12.760221],[78.120667,12.770012],[78.109467,12.791402],[78.095146,12.800231],[78.076126,12.820511],[78.066399,12.826681],[78.050606,12.838582],[78.040009,12.838211],[78.014923,12.845921],[78.016777,12.833529],[78.008049,12.822961],[77.99987,12.819041],[78.0056,12.803269],[77.986023,12.795301],[77.974579,12.814442],[77.957466,12.82153],[77.955223,12.83871],[77.948563,12.84812],[77.933456,12.844781],[77.939903,12.829349],[77.920761,12.816219],[77.909233,12.82202],[77.915337,12.844271],[77.928787,12.854251],[77.933563,12.86169],[77.928719,12.871431],[77.917747,12.878371],[77.866898,12.85862],[77.8256,12.85899],[77.817047,12.848982],[77.78949,12.838771],[77.783562,12.828251],[77.801018,12.820809],[77.798767,12.804919],[77.796501,12.789619],[77.793533,12.783872],[77.781509,12.771031],[77.773849,12.751132],[77.782921,12.738822],[77.758369,12.72932],[77.755577,12.71557],[77.757339,12.70399],[77.747093,12.686641],[77.727257,12.682872],[77.731407,12.66398],[77.715317,12.663011],[77.703819,12.673741],[77.687531,12.6519],[77.667809,12.65064],[77.665909,12.66436],[77.638786,12.67014],[77.597839,12.65902],[77.587967,12.64269],[77.59552,12.630431],[77.593529,12.616551],[77.581459,12.584231],[77.570053,12.557932],[77.577637,12.523471],[77.595161,12.50367],[77.604736,12.494882],[77.575363,12.46838],[77.617287,12.48551],[77.618156,12.443132],[77.615829,12.404881],[77.609879,12.37365],[77.603828,12.353751],[77.586166,12.336302],[77.566032,12.316701],[77.542709,12.283711],[77.518341,12.26953],[77.493187,12.272791],[77.478447,12.269651],[77.467232,12.253182],[77.462952,12.235771],[77.47229,12.21726],[77.469238,12.196511],[77.482483,12.19012],[77.519798,12.188662],[77.531021,12.190141],[77.546677,12.190371],[77.569557,12.188071],[77.596596,12.195301],[77.615822,12.189781],[77.628906,12.186321],[77.655449,12.18775],[77.701256,12.1726],[77.726357,12.16732],[77.739067,12.14786],[77.744217,12.126692],[77.767006,12.10914],[77.76281,12.097482],[77.750526,12.08051],[77.720367,12.053352],[77.70723,12.033281],[77.689453,12.00995],[77.677193,11.984271],[77.664711,11.9397],[77.646759,11.938711],[77.636726,11.940261],[77.603722,11.930269],[77.585732,11.92946],[77.547997,11.93075],[77.514023,11.925681],[77.490433,11.92974],[77.48394,11.921472],[77.477333,11.895271],[77.476906,11.876012],[77.46743,11.88321],[77.452797,11.888531],[77.45536,11.842682],[77.446587,11.81626],[77.440872,11.791342],[77.430283,11.776671],[77.420708,11.760291],[77.412506,11.756129],[77.401451,11.764031],[77.359489,11.778791],[77.345657,11.76407],[77.306236,11.778702],[77.282356,11.79286],[77.248482,11.80086],[77.237076,11.788192],[77.203926,11.784471],[77.172302,11.77573],[77.143799,11.771299],[77.131027,11.762381],[77.113892,11.76183],[77.105301,11.75948],[77.103233,11.74588],[77.109299,11.712801],[77.07589,11.723891],[77.05011,11.75775],[77.056541,11.77712],[77.04126,11.77759],[77.030266,11.778301],[77.028557,11.78912],[77.013443,11.799171],[76.990356,11.799319],[76.973412,11.795112],[76.963303,11.7708],[76.950256,11.775431],[76.935806,11.776742],[76.913483,11.78037],[76.893356,11.777303],[76.889343,11.760601],[76.881729,11.73009],[76.864571,11.710531],[76.849106,11.68722],[76.832306,11.652661],[76.827751,11.63843],[76.833092,11.625291],[76.838257,11.615842],[76.845886,11.606051],[76.843758,11.586031],[76.833496,11.587031],[76.816513,11.59721],[76.746269,11.610541],[76.720207,11.60505],[76.679047,11.604141],[76.625656,11.603819],[76.59671,11.60338],[76.580963,11.609401],[76.553627,11.61292],[76.547058,11.635771],[76.543007,11.66297],[76.524689,11.68601],[76.487816,11.685451],[76.473778,11.68422],[76.451363,11.65512],[76.427673,11.647522],[76.435577,11.637701],[76.425888,11.629031],[76.396187,11.625312],[76.376839,11.60464],[76.365372,11.591719],[76.335587,11.578341],[76.328583,11.588551],[76.305176,11.570421],[76.293167,11.571761],[76.277939,11.58351],[76.266716,11.58932],[76.226936,11.559682],[76.24247,11.52879],[76.2332,11.51868],[76.244759,11.494321],[76.247269,11.464149],[76.278061,11.474531],[76.284073,11.46244],[76.305939,11.453351],[76.339058,11.45418],[76.410049,11.425201],[76.439346,11.39067],[76.510078,11.361151],[76.509491,11.346612],[76.5382,11.35159],[76.53524,11.316341],[76.530472,11.295742],[76.52195,11.281201],[76.513527,11.26196],[76.442879,11.200091],[76.443573,11.190899],[76.466537,11.18609],[76.487648,11.20279],[76.510246,11.195282],[76.548012,11.193142],[76.602058,11.195469],[76.641647,11.19651],[76.678169,11.21883],[76.696968,11.231331],[76.72261,11.2081],[76.717957,11.198311],[76.713753,11.178011],[76.69677,11.17188],[76.686012,11.157701],[76.696678,11.132681],[76.705559,11.136129],[76.709831,11.1403],[76.722206,11.122512],[76.738716,11.12129],[76.739372,11.103611],[76.738586,11.08396],[76.746262,11.078859],[76.734497,11.06389],[76.737099,11.04751],[76.751129,11.04676],[76.767181,11.03221],[76.793427,11.047011],[76.781837,11.028951],[76.732399,11.028971],[76.698837,11.022672],[76.680817,10.99266],[76.660446,10.96046],[76.65728,10.938681],[76.649162,10.924152],[76.684601,10.902431],[76.711426,10.89556],[76.727859,10.886799],[76.739433,10.884431],[76.761917,10.87977],[76.777733,10.87897],[76.790947,10.87097],[76.824593,10.850442],[76.83873,10.837622],[76.84343,10.8225],[76.852592,10.808501],[76.888298,10.799882],[76.896683,10.766071],[76.893143,10.750402],[76.886803,10.73675],[76.881287,10.71293],[76.875046,10.70672],[76.8619,10.680562],[76.855072,10.6724],[76.870163,10.6641],[76.872169,10.653531],[76.859528,10.6252],[76.838226,10.626711],[76.822441,10.627381],[76.805687,10.62083],[76.808479,10.60727],[76.815399,10.5883],[76.829727,10.585062],[76.825462,10.561562],[76.825729,10.54298],[76.831436,10.524571],[76.811966,10.411389],[76.822647,10.398932],[76.820488,10.38179],[76.838158,10.362641],[76.835777,10.34637],[76.826767,10.330261],[76.819618,10.30264],[76.830002,10.29111],[76.838547,10.277599],[76.840569,10.28361],[76.860573,10.290741],[76.861572,10.269629],[76.901237,10.227812],[76.920303,10.225441],[76.939209,10.221111],[76.958786,10.218732],[76.970787,10.208651],[76.987267,10.21994],[76.995773,10.22935],[77.030258,10.242932],[77.033836,10.272171],[77.051117,10.28286],[77.067551,10.290221],[77.087959,10.301761],[77.108322,10.307171],[77.126732,10.320242],[77.162956,10.346281],[77.181366,10.34317],[77.199463,10.341951],[77.222511,10.328531],[77.217209,10.298],[77.246529,10.25755],[77.2453,10.24857],[77.245537,10.226251],[77.251221,10.224361],[77.258751,10.22386],[77.274826,10.22055],[77.276207,10.203662],[77.264412,10.17974],[77.257431,10.135881],[77.261017,10.128692],[77.253273,10.111409],[77.234833,10.116651],[77.22126,10.115371],[77.212349,10.108761],[77.197876,10.10648],[77.187798,10.092502],[77.190727,10.081152],[77.204437,10.068491],[77.22068,10.050611],[77.237076,10.035202],[77.248093,10.02023],[77.240707,10.002891],[77.247726,9.99116],[77.246727,9.98149],[77.24984,9.972781],[77.258987,9.953372],[77.240211,9.943061],[77.234711,9.942831],[77.220947,9.917751],[77.206543,9.877762],[77.199112,9.865981],[77.218307,9.853471],[77.213837,9.83854],[77.208923,9.814522],[77.21946,9.808841],[77.232033,9.794411],[77.222549,9.781771],[77.218597,9.76001],[77.206039,9.73749],[77.189926,9.71551],[77.191689,9.686182],[77.182198,9.668719],[77.173088,9.65184],[77.165886,9.637951],[77.162247,9.619811],[77.151871,9.60602],[77.174568,9.597161],[77.185966,9.605922],[77.200813,9.5924],[77.209106,9.584439],[77.229897,9.575922],[77.244759,9.568611],[77.255013,9.564991],[77.275291,9.57659],[77.286491,9.587299],[77.313713,9.590139],[77.312012,9.578151],[77.321007,9.567371],[77.340897,9.595051],[77.34922,9.586499],[77.343201,9.584811],[77.343712,9.563849],[77.337433,9.55486],[77.346558,9.548561],[77.350548,9.526292],[77.366257,9.514791],[77.386398,9.506791],[77.396233,9.496542],[77.383919,9.479091],[77.38221,9.461181],[77.372238,9.445271],[77.360207,9.44368],[77.345428,9.445261],[77.334618,9.423931],[77.324127,9.40818],[77.327423,9.394061],[77.32061,9.35109],[77.30703,9.327631],[77.286873,9.326901],[77.282303,9.319619],[77.286758,9.30811],[77.277687,9.29526],[77.266823,9.29088],[77.267609,9.2624],[77.265663,9.243681],[77.259499,9.224411],[77.258179,9.20007],[77.247047,9.18926],[77.236618,9.179191],[77.24839,9.175781],[77.251778,9.143041],[77.237663,9.12997],[77.225723,9.114139],[77.209351,9.09757],[77.195862,9.088422],[77.192848,9.065031],[77.182083,9.036501],[77.153763,9.03656],[77.146896,9.021561],[77.132179,9.01185],[77.134247,8.99998],[77.143929,8.991841],[77.158447,8.978191],[77.175293,8.95083],[77.179192,8.92098],[77.184769,8.91017],[77.189766,8.919572],[77.204742,8.917411],[77.206253,8.893182],[77.221451,8.88814],[77.227127,8.871819],[77.241501,8.864782],[77.24041,8.851471],[77.242889,8.84124],[77.231956,8.81346],[77.227356,8.80056],[77.202248,8.76088],[77.183006,8.76111],[77.183708,8.74814],[77.170937,8.73338],[77.155319,8.73756],[77.161728,8.715161],[77.179291,8.699619],[77.189751,8.67738],[77.190338,8.654891],[77.205231,8.635282],[77.218697,8.61838],[77.228409,8.597813],[77.242859,8.58055],[77.265083,8.54256],[77.252487,8.517081],[77.232407,8.495919],[77.217262,8.49614],[77.192017,8.499381],[77.194626,8.469372],[77.209068,8.450681],[77.198776,8.43678],[77.180397,8.418602],[77.167091,8.39546],[77.149391,8.37544],[77.134819,8.37853],[77.143227,8.362271],[77.141533,8.34915],[77.15461,8.351399],[77.151062,8.33094],[77.159653,8.312501],[77.149773,8.321942],[77.130623,8.32423],[77.108833,8.31288],[77.098221,8.3015],[77.090698,8.297361],[77.165695,8.245693],[77.184303,8.219583],[77.223747,8.196252],[77.239304,8.176528],[77.260696,8.17042],[77.296806,8.149311],[77.305695,8.127916],[77.315971,8.120972],[77.335136,8.125972],[77.445419,8.09458],[77.527641,8.081251],[77.53125,8.077083],[77.551804,8.077083],[77.552643,8.08431],[77.565971,8.092082],[77.564583,8.099584],[77.558746,8.096528],[77.559586,8.11986],[77.577087,8.136251],[77.640137,8.157641],[77.716248,8.165693],[77.746803,8.17736],[77.754028,8.182641],[77.751816,8.185421],[77.78125,8.200416],[77.782082,8.220422],[77.798752,8.23375],[77.804031,8.248196],[77.803467,8.240141],[77.88903,8.273195],[77.900696,8.285694],[77.953751,8.314028],[77.956802,8.323473],[77.982361,8.34125],[78.022362,8.35875],[78.06736,8.371251],[78.049591,8.38042],[78.05542,8.381251],[78.065407,8.420421],[78.089027,8.454583],[78.130417,8.49764],[78.122643,8.523472],[78.138191,8.590695],[78.12764,8.616251],[78.127914,8.638472],[78.121246,8.622922],[78.125969,8.618751],[78.120972,8.61208],[78.124031,8.613195],[78.124306,8.605694],[78.116806,8.60514],[78.122086,8.597918],[78.112358,8.599859],[78.116531,8.60764],[78.110138,8.612082],[78.102081,8.592083],[78.112915,8.585695],[78.129303,8.602362],[78.125969,8.595142],[78.130974,8.598193],[78.135971,8.593751],[78.119308,8.588195],[78.114029,8.57986],[78.109863,8.584582],[78.107918,8.57986],[78.096527,8.58125],[78.095139,8.597081],[78.10099,8.596532],[78.102638,8.600691],[78.096802,8.602084],[78.107086,8.614029],[78.101807,8.615973],[78.10125,8.62875],[78.108192,8.633921],[78.100677,8.640141],[78.113472,8.642917],[78.114029,8.650971],[78.105423,8.65264],[78.122643,8.661806],[78.119583,8.65903],[78.125969,8.65903],[78.126251,8.654862],[78.121529,8.653191],[78.127357,8.650417],[78.130692,8.662921],[78.12542,8.660972],[78.131813,8.66597],[78.135971,8.689862],[78.154297,8.71153],[78.157921,8.729312],[78.169296,8.744031],[78.195137,8.752361],[78.215973,8.742921],[78.222916,8.745694],[78.214859,8.745138],[78.216248,8.751251],[78.209587,8.747921],[78.20153,8.751805],[78.197639,8.762916],[78.230133,8.749311],[78.199028,8.764862],[78.198471,8.789032],[78.191528,8.788469],[78.19458,8.77125],[78.198471,8.77486],[78.190971,8.765418],[78.186813,8.76653],[78.18792,8.769862],[78.184303,8.768189],[78.181808,8.77097],[78.18708,8.776531],[78.182083,8.773751],[78.180138,8.76764],[78.16375,8.773472],[78.157639,8.77097],[78.15847,8.776811],[78.162361,8.77515],[78.159859,8.785974],[78.16375,8.78542],[78.159584,8.803195],[78.163193,8.802361],[78.168198,8.826811],[78.164581,8.838749],[78.168472,8.880972],[78.180138,8.893191],[78.186249,8.923196],[78.209305,8.959582],[78.266808,9.002915],[78.267082,9.014031],[78.261803,9.019311],[78.268196,9.016251],[78.272636,9.005418],[78.366531,9.076805],[78.362633,9.08681],[78.365417,9.092082],[78.363472,9.08764],[78.37014,9.080973],[78.41153,9.111806],[78.460976,9.127083],[78.481796,9.127641],[78.488747,9.150138],[78.488747,9.13292],[78.484016,9.127919],[78.514305,9.135696],[78.548752,9.137642],[78.578186,9.131251],[78.614029,9.151531],[78.657639,9.157917],[78.65097,9.159032],[78.642639,9.173472],[78.657639,9.192084],[78.671249,9.198472],[78.71875,9.190415],[78.717918,9.200694],[78.72847,9.209031],[78.832359,9.243196],[78.829033,9.25486],[78.833191,9.268471],[78.830139,9.255694],[78.834862,9.24542],[78.873192,9.256528],[78.908752,9.25014],[78.924576,9.265422],[78.980698,9.274862],[79.090981,9.259861],[79.147087,9.276252],[79.190407,9.281531],[79.161247,9.284031],[79.140137,9.292083],[79.132362,9.287083],[79.109306,9.288471],[79.064041,9.30014],[78.988747,9.354306],[78.935417,9.411252],[78.901802,9.46625],[78.898178,9.489032],[78.914581,9.49403],[78.922363,9.52736],[78.918472,9.536527],[78.922081,9.564312],[78.934288,9.606811],[78.959297,9.62958],[78.975693,9.678472],[78.994026,9.708472],[79.037636,9.76264],[79.057358,9.772083],[79.079308,9.801251],[79.090141,9.826251],[79.122086,9.855139],[79.124863,9.862361],[79.119308,9.876251],[79.128471,9.894584],[79.151802,9.917084],[79.155136,9.932361],[79.198471,9.971249],[79.243187,10.02542],[79.266808,10.03847],[79.252914,10.048195],[79.252083,10.066811],[79.236526,10.074027],[79.227913,10.093751],[79.228752,10.114311],[79.237076,10.128471],[79.230415,10.130971],[79.229027,10.144311],[79.230698,10.150419],[79.239586,10.153751],[79.242638,10.183193],[79.280693,10.212915],[79.267906,10.232361],[79.294861,10.260695],[79.308472,10.26487],[79.32708,10.282361],[79.347923,10.287361],[79.347916,10.295972],[79.351517,10.28598],[79.365967,10.292642],[79.359024,10.301806],[79.37014,10.295418],[79.384308,10.316249],[79.510971,10.308751],[79.517639,10.316249],[79.457085,10.320418],[79.458191,10.32625],[79.486252,10.32625],[79.480972,10.333751],[79.46653,10.339031],[79.454857,10.336531],[79.455971,10.342083],[79.457642,10.337919],[79.467918,10.339861],[79.486526,10.335695],[79.487923,10.32986],[79.494858,10.330694],[79.487358,10.328472],[79.495972,10.318749],[79.494026,10.322362],[79.495972,10.32764],[79.49514,10.32153],[79.503746,10.32153],[79.501808,10.333751],[79.512642,10.337361],[79.509857,10.330421],[79.527351,10.33014],[79.528473,10.324579],[79.507362,10.324862],[79.525696,10.318471],[79.543472,10.32431],[79.534302,10.335695],[79.543472,10.337639],[79.538193,10.347083],[79.542923,10.339031],[79.542641,10.346252],[79.547081,10.34792],[79.574577,10.340971],[79.587082,10.343473],[79.587357,10.32958],[79.558746,10.332084],[79.549583,10.316805],[79.537918,10.312361],[79.525696,10.315695],[79.526253,10.305694],[79.722916,10.274584],[79.739586,10.27847],[79.683197,10.289861],[79.680138,10.292361],[79.690407,10.292081],[79.67347,10.30125],[79.662361,10.29764],[79.665138,10.289027],[79.551529,10.312083],[79.596252,10.308751],[79.613747,10.317917],[79.622093,10.334031],[79.619308,10.340695],[79.61042,10.34069],[79.620407,10.343751],[79.62458,10.35986],[79.62986,10.363195],[79.627083,10.34764],[79.635696,10.332921],[79.636993,10.318193],[79.710419,10.32486],[79.730141,10.310971],[79.761253,10.313195],[79.778198,10.30236],[79.75708,10.311805],[79.763466,10.30125],[79.785423,10.286812],[79.784859,10.280973],[79.768471,10.287922],[79.760414,10.282917],[79.758751,10.289581],[79.750969,10.290139],[79.747643,10.28097],[79.755692,10.275416],[79.746529,10.279582],[79.74292,10.275138],[79.838196,10.27597],[79.859016,10.281811],[79.879303,10.296528],[79.883751,10.314027],[79.865967,10.416251],[79.856247,10.587081],[79.850975,10.800971],[79.843292,10.812251],[79.819763,10.811102],[79.808197,10.831382],[79.796677,10.835892],[79.792282,10.848831],[79.803383,10.84731],[79.803459,10.85748],[79.791786,10.86395],[79.808983,10.86744],[79.767357,10.875551],[79.77636,10.88168],[79.760452,10.883152],[79.745323,10.89308],[79.741409,10.883291],[79.74485,10.896749],[79.704231,10.918871],[79.719193,10.940541],[79.709343,10.935581],[79.702873,10.945621],[79.711502,10.952271],[79.726692,10.952351],[79.740097,10.94365],[79.74456,10.954471],[79.731636,10.975291],[79.731903,10.98704],[79.765213,10.979199],[79.773926,10.971011],[79.787056,10.9698],[79.791916,10.980929],[79.801453,10.986212],[79.809799,10.982051],[79.813896,10.987149],[79.824417,10.979491],[79.850586,10.97579],[79.854858,10.977641],[79.858192,11.025138],[79.858749,11.122083],[79.84903,11.23542],[79.846802,11.242362],[79.845703,11.232361],[79.839302,11.229031],[79.833191,11.229861],[79.83403,11.234021],[79.818192,11.230691],[79.804581,11.236252],[79.817917,11.231529],[79.827362,11.23875],[79.824303,11.24125],[79.83403,11.235696],[79.844307,11.239032],[79.846802,11.24514],[79.837639,11.300131],[79.838196,11.35486],[79.835693,11.362641],[79.833191,11.35347],[79.821251,11.357639],[79.810692,11.370971],[79.810143,11.383751],[79.812363,11.370418],[79.827362,11.362922],[79.807358,11.444583],[79.76403,11.52681],[79.75708,11.56375],[79.75708,11.618472],[79.774857,11.689581],[79.774864,11.710417],[79.788483,11.743191],[79.800697,11.80708],[79.800415,11.808399],[79.792969,11.81765],[79.794022,11.83021],[79.786163,11.838402],[79.76712,11.84048],[79.760437,11.823031],[79.747307,11.832702],[79.751556,11.841661],[79.754951,11.85784],[79.743637,11.859721],[79.738403,11.835001],[79.71817,11.848362],[79.703796,11.83829],[79.695732,11.87338],[79.680367,11.870622],[79.670906,11.869831],[79.659073,11.872122],[79.668709,11.874631],[79.680656,11.881942],[79.682297,11.89185],[79.702583,11.9025],[79.691536,11.878401],[79.708313,11.873952],[79.716019,11.886681],[79.704079,11.912991],[79.694611,11.931331],[79.697823,11.916681],[79.690239,11.926183],[79.677689,11.939351],[79.685432,11.94517],[79.701553,11.952181],[79.699219,11.970031],[79.68998,11.97564],[79.681137,11.972841],[79.671143,11.97476],[79.659607,11.977051],[79.642342,11.975811],[79.644341,11.992672],[79.652367,11.998301],[79.668907,12.007292],[79.679039,12.01926],[79.690483,12.001121],[79.7099,11.976221],[79.719856,11.97646],[79.728859,11.986021],[79.749649,11.986131],[79.749069,11.972369],[79.738167,11.96705],[79.722092,11.96744],[79.714493,11.955251],[79.7369,11.927391],[79.74054,11.907161],[79.771812,11.946401],[79.790306,11.942551],[79.795273,11.96189],[79.804588,11.963141],[79.808113,11.94651],[79.818001,11.940391],[79.830696,11.940249]]]]},"properties":{"name":"Tamil Nadu","type":"State"}},
{"type":"Feature","geometry":{"type":"Polygon","coordinates":[[[92.297096,24.24954],[92.212852,24.24931],[92.26757,24.373251],[92.272499,24.379351],[92.273087,24.388451],[92.264206,24.397581],[92.262711,24.409821],[92.257477,24.43252],[92.236023,24.45022],[92.232307,24.45845],[92.228897,24.471981],[92.239418,24.489931],[92.234268,24.500441],[92.230873,24.499628],[92.192726,24.521469],[92.185196,24.522873],[92.173363,24.53397],[92.157829,24.524851],[92.155418,24.518209],[92.161461,24.5123],[92.154396,24.50489],[92.153831,24.483561],[92.159439,24.476961],[92.162819,24.44381],[92.171669,24.429081],[92.16687,24.42211],[92.155998,24.426371],[92.13913,24.42445],[92.135811,24.408171],[92.123001,24.39502],[92.123718,24.3873],[92.103088,24.382801],[92.09655,24.375481],[92.056297,24.376011],[92.017868,24.38472],[92.006683,24.383032],[92.000923,24.390671],[91.986099,24.385462],[91.986366,24.376101],[91.974091,24.388639],[91.966896,24.38438],[91.98494,24.360771],[91.997673,24.32353],[91.974518,24.331558],[91.971077,24.348751],[91.957108,24.356251],[91.926697,24.33766],[91.924927,24.320829],[91.941086,24.270651],[91.906006,24.14024],[91.888252,24.13703],[91.878532,24.147848],[91.87265,24.171209],[91.855049,24.18228],[91.841377,24.201641],[91.847427,24.19997],[91.849136,24.213968],[91.856857,24.214178],[91.851402,24.221512],[91.842583,24.221741],[91.847488,24.228321],[91.82193,24.211],[91.784576,24.224421],[91.749138,24.218309],[91.76223,24.143431],[91.747543,24.14119],[91.713257,24.150801],[91.700882,24.161621],[91.692398,24.159328],[91.664528,24.229361],[91.65612,24.224972],[91.65004,24.21096],[91.658836,24.184641],[91.653496,24.17548],[91.646088,24.175011],[91.638237,24.10568],[91.611923,24.09461],[91.596863,24.096371],[91.599266,24.088131],[91.588417,24.07723],[91.545197,24.07612],[91.498878,24.088308],[91.47551,24.100111],[91.445511,24.098261],[91.430443,24.107578],[91.410316,24.111111],[91.375427,24.107531],[91.37841,24.077761],[91.395546,24.0457],[91.390831,24.029053],[91.377151,24.01215],[91.378197,23.976879],[91.36058,23.986511],[91.344353,23.98439],[91.334747,23.99184],[91.306412,23.998569],[91.29966,23.972721],[91.29306,23.969469],[91.281563,23.980188],[91.270569,23.959822],[91.26783,23.953011],[91.276268,23.926241],[91.235588,23.927359],[91.244301,23.923889],[91.248863,23.908913],[91.232162,23.89949],[91.232506,23.883202],[91.257607,23.839651],[91.232063,23.79701],[91.234299,23.773531],[91.225937,23.743429],[91.219963,23.74119],[91.210388,23.751621],[91.172363,23.75206],[91.16394,23.746241],[91.154793,23.71645],[91.156677,23.699093],[91.163246,23.691139],[91.201012,23.69243],[91.21006,23.687551],[91.208366,23.654011],[91.198891,23.646971],[91.19062,23.656111],[91.180946,23.656351],[91.160362,23.668081],[91.167168,23.59786],[91.180206,23.594433],[91.179359,23.58799],[91.198891,23.565693],[91.198486,23.54908],[91.217537,23.549171],[91.205109,23.52079],[91.226189,23.51049],[91.224457,23.502371],[91.239021,23.503111],[91.238731,23.495531],[91.2565,23.48205],[91.259857,23.448481],[91.270782,23.43692],[91.271027,23.42635],[91.280533,23.418831],[91.286499,23.377991],[91.298439,23.37571],[91.292061,23.36932],[91.299889,23.362303],[91.296669,23.354471],[91.325607,23.36231],[91.301086,23.335373],[91.297256,23.32098],[91.304466,23.31443],[91.312561,23.315241],[91.31987,23.30599],[91.30732,23.29299],[91.311249,23.28574],[91.322563,23.282101],[91.316757,23.273901],[91.32534,23.25375],[91.332306,23.25275],[91.325737,23.245911],[91.330887,23.21579],[91.330391,23.160839],[91.33728,23.1544],[91.356285,23.095186],[91.373627,23.071211],[91.388176,23.058319],[91.411163,23.053699],[91.419891,23.061411],[91.421257,23.07736],[91.408211,23.09469],[91.408897,23.110071],[91.391472,23.15258],[91.38884,23.179461],[91.404007,23.22616],[91.403038,23.237711],[91.415672,23.244883],[91.407707,23.253981],[91.409271,23.25799],[91.414619,23.254341],[91.423691,23.275841],[91.423683,23.25502],[91.436607,23.258421],[91.459267,23.253269],[91.452019,23.246601],[91.45372,23.24197],[91.46434,23.24021],[91.474411,23.22677],[91.459976,23.219782],[91.459892,23.214691],[91.485031,23.213131],[91.488892,23.198961],[91.476898,23.193935],[91.478912,23.18631],[91.506363,23.186623],[91.510933,23.182039],[91.499138,23.17503],[91.503792,23.165791],[91.497498,23.15309],[91.506721,23.149891],[91.502769,23.14513],[91.516823,23.135441],[91.509537,23.129711],[91.522148,23.11685],[91.516129,23.10483],[91.526489,23.10041],[91.524841,23.095139],[91.533707,23.089701],[91.539291,23.062059],[91.52858,23.05364],[91.541397,23.050421],[91.538528,23.035709],[91.554047,23.032223],[91.546288,23.02112],[91.553276,23.015759],[91.546837,22.99943],[91.562492,22.98871],[91.564217,22.97541],[91.583351,22.963221],[91.597519,22.97578],[91.59964,22.969608],[91.606392,22.974941],[91.612,22.97192],[91.606697,22.956041],[91.619606,22.958879],[91.618713,22.944151],[91.627419,22.960161],[91.654419,22.98588],[91.652138,22.991951],[91.657036,22.986668],[91.66584,22.99057],[91.675438,22.98789],[91.680397,22.995901],[91.688499,22.98794],[91.693703,22.99843],[91.700729,23.000851],[91.725578,22.989321],[91.728111,22.996889],[91.746323,23.00662],[91.773376,23.04406],[91.783783,23.031549],[91.787323,23.045761],[91.778458,23.06666],[91.786659,23.071018],[91.796219,23.065704],[91.815132,23.069851],[91.834488,23.096581],[91.822899,23.10206],[91.825043,23.10673],[91.81797,23.112261],[91.820862,23.122219],[91.813858,23.11858],[91.817818,23.127682],[91.801056,23.176481],[91.799408,23.196678],[91.79274,23.20904],[91.785561,23.20784],[91.792023,23.229099],[91.772766,23.25136],[91.776146,23.280071],[91.810539,23.341551],[91.843971,23.380371],[91.838211,23.3827],[91.850456,23.402769],[91.907448,23.44211],[91.942871,23.438351],[91.947113,23.44627],[91.941811,23.46911],[91.951828,23.470371],[91.974586,23.485571],[91.97393,23.50304],[91.959557,23.52232],[91.966057,23.53289],[91.960938,23.537628],[91.962357,23.58131],[91.952133,23.58601],[91.956581,23.61429],[91.942566,23.68329],[91.957741,23.701601],[91.95932,23.72341],[91.966179,23.72975],[91.980492,23.7313],[92.022011,23.65938],[92.03553,23.661661],[92.073227,23.644861],[92.084801,23.65082],[92.090652,23.67712],[92.10466,23.67602],[92.146111,23.721531],[92.150017,23.731768],[92.177917,23.74346],[92.188019,23.710024],[92.204033,23.706556],[92.218193,23.691971],[92.213409,23.670832],[92.216492,23.661001],[92.228439,23.659191],[92.247032,23.694691],[92.24115,23.7106],[92.245651,23.720148],[92.251808,23.726521],[92.267479,23.728559],[92.268272,23.756401],[92.262337,23.80488],[92.269478,23.81778],[92.286789,23.81678],[92.274139,23.843611],[92.291969,23.871449],[92.295052,23.86548],[92.319572,23.8652],[92.317131,23.884089],[92.33049,23.907593],[92.330658,23.92145],[92.321167,23.926111],[92.312706,23.941231],[92.31263,23.970211],[92.329056,23.989651],[92.315269,24.048691],[92.32032,24.05117],[92.319183,24.069498],[92.327019,24.076443],[92.331551,24.098751],[92.328247,24.13862],[92.336311,24.14436],[92.330406,24.184832],[92.320221,24.202579],[92.324608,24.20579],[92.312737,24.210991],[92.313599,24.22113],[92.30088,24.22204],[92.297096,24.24954]]]},"properties":{"name":"Tripura","type":"State"}},
{"type":"Feature","geometry":{"type":"Polygon","coordinates":[[[83.314911,24.106981],[83.339043,24.110451],[83.349007,24.126438],[83.378227,24.20528],[83.378403,24.21686],[83.377342,24.235661],[83.393433,24.24712],[83.402916,24.276131],[83.390503,24.29652],[83.380638,24.300468],[83.375938,24.314541],[83.391403,24.326771],[83.411186,24.33955],[83.430046,24.344959],[83.445671,24.363272],[83.447639,24.368448],[83.439758,24.380131],[83.434708,24.390631],[83.429886,24.40379],[83.411972,24.410252],[83.400673,24.43714],[83.381409,24.45565],[83.388206,24.468128],[83.393463,24.48477],[83.392128,24.49711],[83.399979,24.50606],[83.453087,24.517111],[83.486717,24.524351],[83.493202,24.536079],[83.517181,24.54917],[83.524002,24.575022],[83.523506,24.58782],[83.517433,24.60323],[83.538437,24.62163],[83.53891,24.627743],[83.523941,24.64435],[83.507172,24.64937],[83.49752,24.651661],[83.502182,24.671581],[83.51265,24.683411],[83.495712,24.69622],[83.489609,24.705858],[83.480713,24.705732],[83.483276,24.722771],[83.479843,24.737831],[83.466957,24.734528],[83.444672,24.74045],[83.425423,24.763111],[83.403442,24.77667],[83.386337,24.786591],[83.3899,24.801851],[83.395668,24.815599],[83.389633,24.82715],[83.385277,24.840071],[83.38102,24.84446],[83.355751,24.86865],[83.363167,24.87697],[83.361801,24.882339],[83.355057,24.88748],[83.360016,24.89185],[83.352028,24.907841],[83.358032,24.91399],[83.357613,24.94599],[83.34938,24.95953],[83.338463,24.963551],[83.345932,24.99209],[83.343872,25.010483],[83.327652,25.016321],[83.316071,25.02734],[83.323456,25.048052],[83.324951,25.055971],[83.33017,25.05098],[83.333603,25.058031],[83.331207,25.073353],[83.336693,25.086349],[83.340126,25.1124],[83.35376,25.110373],[83.352127,25.13122],[83.35247,25.151821],[83.345093,25.166691],[83.342247,25.17886],[83.335861,25.183571],[83.347397,25.193041],[83.374557,25.202511],[83.381737,25.210798],[83.389992,25.211639],[83.401512,25.23003],[83.406906,25.24725],[83.419342,25.246361],[83.422516,25.252241],[83.431152,25.25008],[83.442947,25.25926],[83.460281,25.25197],[83.471916,25.265459],[83.480263,25.28241],[83.489616,25.28117],[83.495728,25.284403],[83.502602,25.289572],[83.517952,25.29324],[83.518066,25.302481],[83.525612,25.29954],[83.54258,25.30932],[83.544357,25.313143],[83.539467,25.31765],[83.554306,25.31407],[83.562897,25.309658],[83.572243,25.317619],[83.580818,25.32235],[83.603203,25.33157],[83.614647,25.331661],[83.624771,25.334938],[83.628479,25.341131],[83.638771,25.340153],[83.646576,25.3472],[83.650223,25.3591],[83.650208,25.36796],[83.660202,25.363871],[83.66478,25.366899],[83.678993,25.366581],[83.687843,25.374142],[83.67627,25.381701],[83.69458,25.396099],[83.701408,25.385851],[83.715401,25.399233],[83.727173,25.3985],[83.734947,25.40933],[83.741982,25.400591],[83.753326,25.404169],[83.751953,25.398392],[83.761932,25.387911],[83.765182,25.39966],[83.796608,25.408279],[83.805222,25.42453],[83.794357,25.43162],[83.817627,25.437321],[83.8302,25.43359],[83.839439,25.44211],[83.830437,25.45108],[83.81382,25.453899],[83.805557,25.453701],[83.81234,25.467901],[83.824677,25.461241],[83.847878,25.471003],[83.859779,25.489201],[83.871262,25.503193],[83.876923,25.521408],[83.892807,25.525461],[83.913567,25.55434],[83.925301,25.563152],[83.955879,25.57543],[84.014236,25.616131],[84.076508,25.637531],[84.073563,25.683573],[84.094391,25.720381],[84.135117,25.73163],[84.1315,25.72393],[84.135727,25.716883],[84.145248,25.728609],[84.167503,25.72175],[84.197197,25.69223],[84.217079,25.664061],[84.268433,25.66326],[84.290131,25.66283],[84.283577,25.677139],[84.294777,25.674158],[84.313393,25.668909],[84.323563,25.704],[84.325623,25.737101],[84.354408,25.74362],[84.371689,25.7383],[84.372963,25.74227],[84.384483,25.73768],[84.39312,25.726021],[84.39711,25.70907],[84.423607,25.69508],[84.438553,25.71068],[84.45517,25.710312],[84.463196,25.698643],[84.466507,25.685511],[84.499031,25.677391],[84.52459,25.684351],[84.535866,25.72649],[84.556396,25.68857],[84.555626,25.736408],[84.624191,25.727909],[84.626282,25.741602],[84.603188,25.75757],[84.610138,25.777281],[84.619057,25.788971],[84.616829,25.795549],[84.587158,25.819601],[84.546852,25.84132],[84.526978,25.83433],[84.528259,25.864731],[84.531647,25.872721],[84.485283,25.88925],[84.431183,25.89267],[84.424171,25.898338],[84.409286,25.924381],[84.365013,25.950533],[84.343712,25.958731],[84.303108,25.94639],[84.283661,25.955601],[84.254669,25.971088],[84.235229,25.986],[84.201813,26.000561],[84.176407,25.997751],[84.166229,25.991501],[84.159027,26.032242],[84.116051,26.074881],[84.081139,26.09977],[84.048248,26.10383],[84.043617,26.11717],[84.042397,26.13155],[84.023636,26.15414],[84.027847,26.16296],[84.013817,26.166981],[84.002113,26.19014],[84.020447,26.197559],[84.019501,26.206011],[84.024269,26.219761],[84.00946,26.223921],[84.01091,26.235811],[84.014122,26.240589],[84.024002,26.23959],[84.03363,26.232088],[84.073677,26.221031],[84.081902,26.2271],[84.091377,26.23403],[84.101357,26.243071],[84.109947,26.253098],[84.123756,26.25882],[84.14534,26.26166],[84.159348,26.245901],[84.157402,26.26092],[84.171356,26.267731],[84.169647,26.277231],[84.171509,26.303692],[84.176819,26.322491],[84.169617,26.36256],[84.15403,26.37616],[84.116753,26.385248],[84.0923,26.39043],[84.081169,26.389669],[84.077217,26.383963],[84.061516,26.390091],[84.054977,26.402048],[84.041267,26.40555],[84.036186,26.407841],[84.021782,26.425041],[84.014946,26.43947],[84.009033,26.444981],[83.990448,26.44763],[83.961296,26.437149],[83.919022,26.44553],[83.903023,26.46104],[83.904968,26.494349],[83.901756,26.510441],[83.914673,26.520241],[83.93924,26.52128],[83.942719,26.513479],[83.962547,26.5086],[83.968109,26.525841],[83.983597,26.531462],[83.99865,26.52503],[84.020042,26.53208],[84.04776,26.543489],[84.049316,26.56159],[84.081787,26.603111],[84.083527,26.618259],[84.083839,26.631411],[84.080421,26.640753],[84.094078,26.638321],[84.09935,26.633968],[84.115631,26.63743],[84.12413,26.637411],[84.139511,26.63903],[84.148537,26.627748],[84.176987,26.62454],[84.20388,26.620531],[84.230949,26.609791],[84.258888,26.607323],[84.273468,26.601351],[84.286797,26.603922],[84.295021,26.60663],[84.306519,26.617031],[84.378853,26.62184],[84.400566,26.62413],[84.404793,26.642752],[84.354843,26.678881],[84.337067,26.68144],[84.318512,26.71623],[84.306648,26.739571],[84.27861,26.75124],[84.259361,26.74082],[84.252342,26.73147],[84.233986,26.739531],[84.235489,26.766981],[84.249352,26.802273],[84.24852,26.820898],[84.25103,26.8307],[84.245636,26.858723],[84.228638,26.86981],[84.209221,26.870991],[84.185318,26.86009],[84.176949,26.849379],[84.174713,26.835781],[84.150543,26.83947],[84.139297,26.874041],[84.140739,26.883911],[84.123016,26.889021],[84.109413,26.89443],[84.09922,26.89521],[84.096832,26.886339],[84.086517,26.87892],[84.076256,26.87878],[84.059052,26.890779],[84.050797,26.901649],[84.042397,26.909128],[84.047668,26.931829],[84.036552,26.93302],[84.029808,26.939569],[84.026367,26.948961],[84.039093,26.954309],[84.044159,26.960871],[84.03643,26.984032],[84.049522,26.99081],[84.042702,27.00312],[84.035728,27.01932],[84.040817,27.04468],[84.024269,27.04472],[83.990761,27.06859],[84.01194,27.08128],[84.016098,27.091761],[84.014221,27.10008],[84.00251,27.100281],[83.990173,27.098841],[83.971207,27.091942],[83.944099,27.087252],[83.940346,27.102301],[83.93956,27.116671],[83.950813,27.126341],[83.950798,27.13908],[83.966583,27.160843],[83.9842,27.178711],[83.976608,27.203421],[83.960312,27.21666],[83.96376,27.225269],[83.955856,27.233521],[83.925316,27.242531],[83.901901,27.252131],[83.896156,27.277071],[83.910507,27.285631],[83.925652,27.30419],[83.916687,27.325331],[83.893562,27.32905],[83.859077,27.31167],[83.847977,27.313971],[83.842529,27.321312],[83.828957,27.32276],[83.829338,27.327471],[83.856247,27.347721],[83.854713,27.353716],[83.799416,27.385216],[83.609566,27.469746],[83.39093,27.47949],[83.390686,27.470543],[83.403984,27.457493],[83.386017,27.441517],[83.38665,27.435772],[83.411568,27.413588],[83.387077,27.385788],[83.384819,27.370739],[83.37442,27.364815],[83.375778,27.357122],[83.366615,27.355616],[83.354446,27.339924],[83.338135,27.33309],[83.319969,27.337196],[83.306801,27.331232],[83.294304,27.335514],[83.267654,27.365406],[83.259201,27.39399],[83.212479,27.424189],[83.190216,27.454016],[83.167252,27.457371],[83.071419,27.451416],[83.018135,27.454088],[82.956223,27.467808],[82.940681,27.492027],[82.923073,27.501129],[82.737007,27.503101],[82.751419,27.522614],[82.743942,27.531948],[82.741623,27.550098],[82.749062,27.554924],[82.745979,27.561235],[82.757584,27.587645],[82.737617,27.610416],[82.739487,27.63682],[82.730377,27.646654],[82.732246,27.65279],[82.716873,27.666149],[82.720207,27.687311],[82.707817,27.702715],[82.709747,27.721378],[82.682716,27.713615],[82.666183,27.721905],[82.640442,27.708899],[82.607018,27.705793],[82.551468,27.688643],[82.51815,27.690233],[82.483856,27.682678],[82.475121,27.676344],[82.438995,27.684914],[82.40332,27.702909],[82.369019,27.742414],[82.317116,27.766315],[82.197983,27.847521],[82.155914,27.866116],[82.141312,27.859783],[82.0933,27.894571],[82.069656,27.923393],[81.970116,27.928816],[81.95282,27.910116],[81.928017,27.859646],[81.886848,27.857159],[81.824959,27.902517],[81.806709,27.90325],[81.703545,27.985409],[81.650047,27.993277],[81.628609,28.001564],[81.53952,28.053514],[81.451782,28.141987],[81.445709,28.16214],[81.375214,28.175423],[81.369598,28.161777],[81.380188,28.155415],[81.373116,28.142216],[81.319786,28.133419],[81.316353,28.157436],[81.304008,28.167717],[81.316017,28.167625],[81.3265,28.174925],[81.322411,28.197168],[81.235657,28.287766],[81.232033,28.330313],[81.213943,28.359219],[81.081535,28.384838],[81.036606,28.413271],[81.02639,28.406601],[81.018547,28.41564],[81.027298,28.435852],[81.014832,28.438555],[81.017799,28.451784],[80.966972,28.437765],[80.981461,28.455124],[80.953415,28.447458],[80.946518,28.454716],[80.946968,28.466099],[80.927185,28.458872],[80.909691,28.463879],[80.903114,28.485615],[80.910309,28.49754],[80.883553,28.508518],[80.867287,28.489439],[80.846054,28.49542],[80.831757,28.511702],[80.786278,28.52923],[80.784416,28.546715],[80.771019,28.551762],[80.751488,28.570724],[80.728096,28.57353],[80.716301,28.567898],[80.679031,28.604292],[80.681274,28.620455],[80.658379,28.636545],[80.643219,28.643215],[80.610641,28.64567],[80.600113,28.650068],[80.599205,28.655819],[80.581848,28.661209],[80.579193,28.684525],[80.541618,28.690538],[80.505196,28.66519],[80.523315,28.576826],[80.53199,28.573425],[80.519341,28.551723],[80.508141,28.567987],[80.481621,28.585316],[80.471703,28.584303],[80.465904,28.615103],[80.452858,28.628775],[80.444305,28.62842],[80.434158,28.637199],[80.373322,28.629021],[80.355019,28.650116],[80.327583,28.666304],[80.323662,28.689375],[80.309616,28.704615],[80.273705,28.71472],[80.257904,28.729336],[80.266205,28.737722],[80.263611,28.748909],[80.252289,28.757822],[80.217728,28.755283],[80.172989,28.782001],[80.119644,28.828714],[80.076714,28.824383],[80.070137,28.829683],[80.058426,28.83526],[80.031982,28.80349],[80.032677,28.79418],[80.038162,28.77512],[80.034767,28.763231],[80.029068,28.75806],[80.005653,28.7295],[79.988258,28.717018],[79.952888,28.717522],[79.922379,28.73271],[79.918083,28.752199],[79.912048,28.764961],[79.894508,28.779001],[79.893402,28.791862],[79.901291,28.80212],[79.880127,28.79682],[79.859657,28.79845],[79.84053,28.808661],[79.849716,28.821741],[79.871239,28.81641],[79.87532,28.83024],[79.849487,28.845381],[79.833839,28.844391],[79.82235,28.841751],[79.81572,28.82468],[79.815033,28.814581],[79.794746,28.803801],[79.783363,28.80542],[79.789406,28.8197],[79.797043,28.81649],[79.801193,28.829638],[79.793671,28.83926],[79.798157,28.84804],[79.799919,28.854271],[79.808632,28.862831],[79.802803,28.87182],[79.791618,28.870398],[79.774467,28.89183],[79.749969,28.893353],[79.741287,28.885351],[79.732826,28.883091],[79.715553,28.881781],[79.706726,28.875238],[79.701897,28.8699],[79.688141,28.868191],[79.672859,28.857611],[79.666199,28.84833],[79.643936,28.852911],[79.634552,28.85844],[79.619041,28.86758],[79.603607,28.8647],[79.57428,28.8493],[79.557167,28.84569],[79.548218,28.85005],[79.551201,28.863201],[79.553741,28.874811],[79.550499,28.88418],[79.536453,28.89254],[79.525917,28.881998],[79.517326,28.870581],[79.50724,28.8633],[79.491371,28.862598],[79.476631,28.86717],[79.463387,28.860531],[79.447777,28.86006],[79.430313,28.859791],[79.419632,28.855301],[79.408768,28.858011],[79.404823,28.87113],[79.397919,28.881041],[79.401146,28.899771],[79.399002,28.916969],[79.401436,28.932261],[79.389427,28.938301],[79.377029,28.93705],[79.37252,28.94763],[79.368973,28.95768],[79.363388,28.96666],[79.35508,28.965281],[79.353897,28.95682],[79.349617,28.952101],[79.316589,28.956791],[79.30468,28.953939],[79.295479,28.9543],[79.273651,28.972872],[79.264343,28.98214],[79.243896,28.996481],[79.221542,29.01729],[79.199112,29.025278],[79.184937,29.018011],[79.165627,29.0173],[79.154518,29.027411],[79.160156,29.04332],[79.1437,29.060091],[79.137016,29.090908],[79.14222,29.119728],[79.11779,29.133881],[79.100746,29.13168],[79.059479,29.156269],[79.038231,29.16629],[79.026146,29.171961],[79.02388,29.163389],[79.028679,29.152399],[79.016968,29.153971],[79.010483,29.153028],[79.008598,29.139362],[79.018997,29.13509],[79.030968,29.13023],[79.021851,29.118921],[79.000572,29.11655],[78.995407,29.129271],[78.983536,29.137348],[78.973198,29.16082],[78.960579,29.165871],[78.960808,29.161598],[78.948883,29.152781],[78.923637,29.157131],[78.900406,29.15062],[78.895042,29.156811],[78.905716,29.165211],[78.902397,29.1745],[78.897209,29.19869],[78.887749,29.210333],[78.891037,29.216473],[78.873039,29.23226],[78.864067,29.249493],[78.853836,29.259211],[78.846687,29.258249],[78.834053,29.256191],[78.82756,29.257931],[78.813782,29.252291],[78.789948,29.262991],[78.78154,29.271231],[78.765526,29.289921],[78.738899,29.306311],[78.720802,29.312281],[78.719757,29.31842],[78.728607,29.31896],[78.72773,29.331381],[78.734787,29.331758],[78.746086,29.340919],[78.763527,29.347391],[78.76593,29.341051],[78.780891,29.343521],[78.781326,29.331961],[78.797386,29.336971],[78.791672,29.347879],[78.797203,29.355631],[78.808983,29.382879],[78.810959,29.38028],[78.823921,29.368441],[78.836258,29.371408],[78.831856,29.376581],[78.840393,29.37993],[78.860031,29.389311],[78.862587,29.394609],[78.872757,29.398569],[78.890617,29.41643],[78.907143,29.451832],[78.900337,29.456181],[78.882683,29.457842],[78.816696,29.468571],[78.785507,29.47603],[78.742256,29.501221],[78.726608,29.508711],[78.68541,29.51355],[78.639572,29.547779],[78.605247,29.561798],[78.53054,29.623932],[78.517746,29.639151],[78.509613,29.66848],[78.507446,29.69083],[78.500259,29.71534],[78.473579,29.74847],[78.432129,29.75812],[78.408386,29.773439],[78.351257,29.786251],[78.331741,29.796181],[78.264763,29.726791],[78.193527,29.710058],[78.165932,29.679529],[78.114822,29.645161],[78.097511,29.630781],[78.090622,29.624771],[78.078506,29.599543],[78.05925,29.60161],[78.039757,29.58798],[78.040749,29.575321],[78.038261,29.56144],[78.019272,29.55405],[77.994156,29.555099],[77.977058,29.558111],[77.980766,29.56876],[77.983757,29.588051],[77.978813,29.585369],[77.972687,29.583151],[77.966316,29.584511],[77.959877,29.58621],[77.951576,29.586941],[77.947289,29.590431],[77.948769,29.59549],[77.952408,29.603519],[77.949699,29.61311],[77.958221,29.614491],[77.966331,29.61175],[77.976837,29.614038],[77.97702,29.642061],[77.971687,29.644567],[77.966736,29.659521],[77.971626,29.67054],[77.972183,29.67569],[77.963196,29.6702],[77.958313,29.67683],[77.951767,29.685671],[77.944702,29.68936],[77.943596,29.69673],[77.94622,29.70377],[77.942451,29.7124],[77.924919,29.71266],[77.909546,29.70384],[77.904839,29.702553],[77.873878,29.701971],[77.866226,29.693411],[77.848633,29.684181],[77.84066,29.679359],[77.828972,29.669331],[77.804489,29.676901],[77.797447,29.69783],[77.769806,29.709921],[77.757713,29.715919],[77.769257,29.73465],[77.760857,29.752701],[77.760536,29.781281],[77.749329,29.804359],[77.743988,29.81628],[77.732033,29.834551],[77.730057,29.853081],[77.706032,29.863741],[77.703163,29.87845],[77.731117,29.911291],[77.728798,29.92856],[77.717682,29.934952],[77.728981,29.94562],[77.740143,29.9589],[77.744133,29.971861],[77.736763,29.990721],[77.744621,30.008802],[77.75325,30.017361],[77.762886,30.021631],[77.77227,30.026293],[77.773262,30.033039],[77.765701,30.03966],[77.759827,30.04493],[77.758339,30.050501],[77.76532,30.063061],[77.769783,30.06838],[77.77523,30.076311],[77.778687,30.08544],[77.782761,30.09326],[77.786438,30.09997],[77.793922,30.101088],[77.798737,30.09786],[77.804131,30.093639],[77.810707,30.089548],[77.817909,30.091579],[77.821892,30.098881],[77.826561,30.10552],[77.832832,30.108009],[77.838531,30.11227],[77.844688,30.119501],[77.857948,30.1381],[77.86132,30.144051],[77.865486,30.155071],[77.873329,30.163931],[77.879387,30.16968],[77.892807,30.18343],[77.898331,30.192261],[77.900398,30.20578],[77.904396,30.215208],[77.923172,30.231798],[77.929771,30.24181],[77.928238,30.247751],[77.92189,30.25174],[77.913628,30.25761],[77.903633,30.262678],[77.87986,30.271931],[77.868927,30.2721],[77.861031,30.271351],[77.851891,30.276583],[77.840302,30.281212],[77.828697,30.284679],[77.812408,30.290751],[77.801796,30.295992],[77.784309,30.30549],[77.76268,30.318491],[77.742577,30.327608],[77.710777,30.33876],[77.673866,30.3846],[77.6688,30.38353],[77.664108,30.38398],[77.663696,30.38752],[77.661537,30.392651],[77.651932,30.3955],[77.644508,30.402578],[77.63987,30.406401],[77.635696,30.410122],[77.630531,30.41087],[77.62207,30.40477],[77.61451,30.405821],[77.608223,30.410192],[77.587776,30.408463],[77.584679,30.408781],[77.577538,30.412458],[77.571121,30.40864],[77.567108,30.40484],[77.572922,30.393091],[77.584442,30.381361],[77.582787,30.358438],[77.570099,30.331551],[77.570351,30.31123],[77.545319,30.29414],[77.526779,30.282312],[77.519836,30.260132],[77.493721,30.22747],[77.479973,30.20216],[77.460213,30.183788],[77.446846,30.16861],[77.430611,30.16643],[77.411423,30.149691],[77.417839,30.141182],[77.408653,30.123201],[77.400612,30.11326],[77.414192,30.111111],[77.396736,30.09576],[77.373428,30.093019],[77.348427,30.076698],[77.324806,30.061802],[77.297592,30.06032],[77.280418,30.052511],[77.269882,30.04423],[77.269691,30.02747],[77.263161,30.00215],[77.22374,29.95475],[77.195572,29.927271],[77.185913,29.913052],[77.184853,29.894901],[77.182457,29.87328],[77.167587,29.84639],[77.165268,29.82449],[77.1521,29.807661],[77.152382,29.79328],[77.131996,29.77898],[77.117043,29.770901],[77.11422,29.754292],[77.122566,29.742821],[77.143326,29.705971],[77.132187,29.69948],[77.119171,29.685841],[77.131302,29.662991],[77.109703,29.64724],[77.085617,29.6008],[77.093781,29.58721],[77.109718,29.55299],[77.089417,29.544691],[77.086487,29.528261],[77.114517,29.503159],[77.120392,29.480061],[77.114296,29.461861],[77.131981,29.450491],[77.138451,29.436863],[77.12587,29.410641],[77.140068,29.39472],[77.138649,29.383909],[77.116943,29.37668],[77.117523,29.357151],[77.127579,29.344339],[77.153946,29.33548],[77.153603,29.32226],[77.144371,29.2962],[77.134987,29.266493],[77.142799,29.237791],[77.127701,29.21842],[77.138138,29.201061],[77.127342,29.16291],[77.136208,29.12784],[77.124382,29.101488],[77.1493,29.083241],[77.161636,29.052441],[77.191597,29.021292],[77.214043,29.006691],[77.203751,28.9823],[77.190788,28.946861],[77.19677,28.920931],[77.221497,28.908131],[77.205307,28.894609],[77.17804,28.885563],[77.186867,28.866819],[77.204796,28.862911],[77.210617,28.845291],[77.194611,28.815363],[77.20269,28.78941],[77.218269,28.787628],[77.217102,28.781681],[77.237991,28.75922],[77.253197,28.75279],[77.259918,28.738123],[77.276863,28.7344],[77.283653,28.718983],[77.295631,28.713039],[77.317162,28.71722],[77.319839,28.703642],[77.327133,28.68516],[77.317566,28.671619],[77.31308,28.646669],[77.320953,28.636021],[77.337082,28.621901],[77.333153,28.606712],[77.309921,28.598961],[77.293648,28.57972],[77.303062,28.550451],[77.32151,28.535851],[77.336823,28.51568],[77.360481,28.49786],[77.369362,28.480688],[77.397896,28.47117],[77.397797,28.458641],[77.425781,28.45454],[77.443993,28.42897],[77.468697,28.41753],[77.466843,28.399681],[77.492058,28.36952],[77.466408,28.341209],[77.473557,28.327881],[77.494171,28.300261],[77.488083,28.279119],[77.4673,28.26972],[77.51062,28.25489],[77.525017,28.253429],[77.535622,28.24052],[77.521576,28.21739],[77.512817,28.201681],[77.48912,28.21199],[77.501518,28.187191],[77.53019,28.192949],[77.531769,28.170259],[77.496368,28.15987],[77.487251,28.141432],[77.499641,28.127359],[77.49324,28.108179],[77.490143,28.095291],[77.478233,28.107971],[77.468872,28.086012],[77.476837,28.073313],[77.477638,28.049101],[77.495171,28.0343],[77.506523,28.022341],[77.520111,28.00655],[77.52668,27.98402],[77.510597,27.968208],[77.535919,27.965549],[77.531372,27.941818],[77.511169,27.937422],[77.495377,27.930771],[77.487961,27.94145],[77.468727,27.932911],[77.470863,27.92061],[77.472488,27.901201],[77.445847,27.878408],[77.422203,27.89448],[77.411041,27.89502],[77.40155,27.881901],[77.406296,27.869671],[77.412392,27.859072],[77.38208,27.863091],[77.36483,27.860592],[77.339333,27.859591],[77.329247,27.85199],[77.322113,27.834721],[77.30632,27.832001],[77.288887,27.82914],[77.283478,27.81592],[77.27578,27.806549],[77.295387,27.799841],[77.304146,27.78801],[77.301697,27.760061],[77.312332,27.73868],[77.297607,27.718681],[77.330536,27.71114],[77.336548,27.69618],[77.342766,27.657202],[77.313217,27.617321],[77.328117,27.596041],[77.348396,27.59012],[77.333061,27.57604],[77.33844,27.549643],[77.332527,27.538549],[77.352226,27.519979],[77.37619,27.5186],[77.389557,27.505423],[77.392349,27.486101],[77.425438,27.464809],[77.427277,27.45101],[77.418282,27.442171],[77.429558,27.404381],[77.44326,27.39333],[77.502197,27.377359],[77.530746,27.35277],[77.574547,27.326731],[77.607536,27.342159],[77.616341,27.33831],[77.613503,27.31476],[77.591667,27.300558],[77.609093,27.287991],[77.612846,27.260302],[77.629578,27.255491],[77.644203,27.238878],[77.639519,27.217272],[77.672997,27.200361],[77.661247,27.182781],[77.635918,27.17013],[77.625443,27.17436],[77.605118,27.16848],[77.606537,27.15414],[77.59211,27.14477],[77.590782,27.123081],[77.544449,27.115601],[77.529373,27.104141],[77.508217,27.102859],[77.498413,27.09519],[77.518227,27.088093],[77.514297,27.070421],[77.52916,27.06711],[77.546318,27.08073],[77.565681,27.078011],[77.560677,27.03565],[77.583923,27.03932],[77.594322,27.031191],[77.615593,27.027399],[77.624252,27.016899],[77.634262,27.027012],[77.657028,27.022732],[77.670769,27.048901],[77.684303,27.04492],[77.698967,27.005711],[77.713921,26.997961],[77.723366,27.003908],[77.72216,27.02614],[77.738403,27.032681],[77.747681,27.01763],[77.746078,27.002941],[77.723282,26.988239],[77.701233,26.98432],[77.668617,26.969179],[77.656609,26.97406],[77.593796,26.93771],[77.58477,26.94227],[77.545319,26.922041],[77.482468,26.90378],[77.455177,26.889561],[77.450523,26.875011],[77.431816,26.865891],[77.417488,26.842791],[77.43824,26.80888],[77.427269,26.776093],[77.455971,26.78038],[77.457306,26.76214],[77.486359,26.761011],[77.489326,26.777248],[77.482323,26.794071],[77.496986,26.837971],[77.506668,26.847382],[77.520691,26.822008],[77.547409,26.82172],[77.600838,26.83423],[77.666977,26.862383],[77.678352,26.878321],[77.689377,26.87347],[77.719841,26.88674],[77.723923,26.922951],[77.744331,26.92321],[77.765099,26.93799],[77.781487,26.92771],[77.836372,26.919592],[77.871468,26.9055],[77.884796,26.892321],[77.900833,26.89514],[77.898582,26.915421],[77.906616,26.92396],[77.909569,26.91427],[77.932129,26.91],[77.941971,26.89979],[77.964813,26.907249],[77.975136,26.897528],[77.99189,26.9109],[78.014061,26.908392],[78.021713,26.894791],[78.016357,26.863819],[78.027222,26.862181],[78.03756,26.876963],[78.047806,26.874809],[78.044296,26.884531],[78.04863,26.913771],[78.060539,26.915901],[78.072807,26.907551],[78.08992,26.905748],[78.10276,26.909931],[78.095352,26.92905],[78.106308,26.930012],[78.115227,26.93819],[78.107948,26.948311],[78.114899,26.954861],[78.139473,26.95713],[78.201256,26.940323],[78.212196,26.949619],[78.230606,26.936783],[78.247337,26.93075],[78.261223,26.93178],[78.259537,26.91622],[78.22657,26.882629],[78.193527,26.889521],[78.209793,26.83609],[78.236801,26.831699],[78.260887,26.82095],[78.266457,26.841],[78.276237,26.860481],[78.30201,26.86912],[78.341202,26.873951],[78.364647,26.868841],[78.38974,26.8249],[78.425873,26.832319],[78.44558,26.803431],[78.466316,26.793411],[78.515572,26.78511],[78.565849,26.75769],[78.606461,26.757521],[78.615692,26.7719],[78.650368,26.76973],[78.690071,26.796028],[78.720337,26.792742],[78.722939,26.779343],[78.73597,26.78898],[78.749046,26.784401],[78.76638,26.76454],[78.798683,26.769112],[78.864929,26.70467],[78.912788,26.710381],[78.950157,26.69404],[78.935791,26.667931],[78.943703,26.661051],[78.969658,26.680571],[78.987289,26.686041],[78.997322,26.68099],[78.998146,26.66662],[78.988991,26.651421],[79.00309,26.626659],[79.005661,26.61047],[78.982117,26.594179],[78.979523,26.58157],[78.993538,26.5788],[79.006737,26.5578],[78.99575,26.554111],[79.017242,26.55213],[79.01963,26.541441],[79.031296,26.524771],[79.041023,26.52276],[79.05088,26.500771],[79.060936,26.5033],[79.064339,26.486841],[79.046761,26.457861],[79.074173,26.445568],[79.089432,26.45093],[79.092873,26.4573],[79.124008,26.44552],[79.114899,26.415588],[79.09269,26.416149],[79.080727,26.4055],[79.088493,26.383133],[79.079247,26.372881],[79.084213,26.359713],[79.095177,26.359819],[79.132576,26.34276],[79.127312,26.33349],[79.11573,26.328491],[79.126587,26.316031],[79.108757,26.30862],[79.093849,26.311941],[79.086357,26.28367],[79.077202,26.2736],[79.075531,26.28713],[79.053276,26.2796],[79.042198,26.25996],[79.048927,26.253691],[79.058441,26.25391],[79.055267,26.232389],[79.017143,26.232168],[79.020706,26.209673],[79.010391,26.20278],[79.014946,26.19747],[78.984039,26.20067],[78.975746,26.19281],[79.003403,26.172958],[79.000717,26.15498],[78.989662,26.150709],[78.96534,26.155781],[78.945763,26.141062],[78.969223,26.123442],[78.97184,26.1087],[79.000496,26.09671],[79.002197,26.086601],[78.999153,26.077091],[78.986023,26.07608],[78.94619,26.031073],[78.943886,25.99324],[78.936218,25.985319],[78.924591,25.98431],[78.931137,25.976311],[78.925827,25.958893],[78.929527,25.94936],[78.915329,25.949369],[78.876381,25.915661],[78.885117,25.89286],[78.883453,25.87492],[78.863586,25.874672],[78.850517,25.86561],[78.846222,25.83876],[78.866463,25.82963],[78.861923,25.799198],[78.84362,25.80131],[78.841797,25.816801],[78.815826,25.831141],[78.798859,25.818211],[78.807663,25.81152],[78.822273,25.815228],[78.824081,25.80761],[78.811699,25.799141],[78.799553,25.79936],[78.765823,25.758911],[78.751282,25.752701],[78.745796,25.73802],[78.76075,25.720791],[78.792557,25.70717],[78.810608,25.665062],[78.806427,25.63303],[78.794548,25.61755],[78.732841,25.60306],[78.706589,25.603279],[78.628838,25.569],[78.62133,25.58218],[78.605736,25.588873],[78.597992,25.575611],[78.57608,25.565289],[78.536049,25.56687],[78.481087,25.580433],[78.44915,25.55274],[78.429337,25.56386],[78.409973,25.53772],[78.415298,25.521391],[78.408638,25.507999],[78.419479,25.490541],[78.416466,25.477503],[78.391899,25.468849],[78.38089,25.450451],[78.366142,25.446318],[78.349258,25.455791],[78.336563,25.43499],[78.332489,25.404551],[78.303406,25.38479],[78.294228,25.36762],[78.316269,25.359619],[78.32756,25.346451],[78.327827,25.32761],[78.310577,25.316158],[78.316452,25.304581],[78.345161,25.297941],[78.362221,25.26543],[78.35453,25.24608],[78.368889,25.241661],[78.381088,25.22381],[78.397758,25.217751],[78.383949,25.206001],[78.384277,25.199331],[78.409027,25.18203],[78.435112,25.170361],[78.443947,25.17256],[78.442848,25.157881],[78.420898,25.15764],[78.430977,25.124481],[78.410728,25.12923],[78.389687,25.126991],[78.366997,25.104521],[78.332657,25.093243],[78.326759,25.086882],[78.327179,25.067911],[78.337517,25.02079],[78.327538,24.999559],[78.262711,24.9526],[78.252449,24.939501],[78.213913,24.915571],[78.199738,24.896231],[78.170448,24.885269],[78.163322,24.870993],[78.165329,24.848171],[78.186897,24.84281],[78.223877,24.783001],[78.22039,24.74737],[78.250786,24.70557],[78.267899,24.663521],[78.258476,24.6378],[78.269852,24.615381],[78.255318,24.552299],[78.224182,24.54134],[78.219719,24.522779],[78.240173,24.509581],[78.2379,24.493582],[78.269623,24.476183],[78.26075,24.453939],[78.315201,24.412849],[78.358856,24.38719],[78.362572,24.378151],[78.325432,24.33437],[78.344536,24.303289],[78.373001,24.28636],[78.38237,24.27393],[78.403267,24.275473],[78.41449,24.288841],[78.426483,24.29018],[78.433502,24.31341],[78.470772,24.343382],[78.475327,24.36743],[78.498192,24.39278],[78.514557,24.390558],[78.525116,24.377138],[78.556892,24.361191],[78.574898,24.35935],[78.593643,24.339361],[78.604782,24.315741],[78.62281,24.309851],[78.61734,24.296122],[78.626022,24.286463],[78.639236,24.2862],[78.657799,24.268051],[78.669121,24.24502],[78.707123,24.23877],[78.721107,24.24122],[78.73526,24.25178],[78.740852,24.24017],[78.749771,24.24074],[78.756683,24.259729],[78.767746,24.217779],[78.776253,24.21002],[78.784599,24.185141],[78.802246,24.1819],[78.809082,24.204651],[78.816383,24.208651],[78.824257,24.2013],[78.838768,24.21468],[78.862831,24.214041],[78.88105,24.228889],[78.879097,24.254011],[78.91172,24.276501],[78.90773,24.29487],[78.96814,24.356951],[78.967171,24.373583],[78.987778,24.427971],[78.981987,24.447241],[78.940659,24.44598],[78.912796,24.463511],[78.900887,24.48358],[78.913811,24.500841],[78.924362,24.499081],[78.923347,24.4884],[78.943138,24.48488],[78.963913,24.49378],[78.963409,24.502041],[78.944168,24.509508],[78.942993,24.557878],[78.908501,24.58881],[78.881721,24.6397],[78.862808,24.641121],[78.852402,24.620941],[78.839058,24.62822],[78.830849,24.608891],[78.801826,24.607828],[78.776901,24.59309],[78.749466,24.60498],[78.747978,24.637051],[78.740578,24.656071],[78.773087,24.711651],[78.763199,24.76676],[78.78054,24.814972],[78.761353,24.862951],[78.731636,24.872341],[78.696342,24.894661],[78.67543,24.89854],[78.642181,24.93977],[78.642517,24.950291],[78.622047,24.964901],[78.635109,25.00433],[78.639412,25.066372],[78.629486,25.08243],[78.59668,25.103451],[78.595978,25.148581],[78.564568,25.220961],[78.562546,25.23867],[78.568581,25.25861],[78.552376,25.27088],[78.528496,25.274509],[78.520851,25.288038],[78.500809,25.288248],[78.454033,25.270601],[78.428711,25.28083],[78.435173,25.302521],[78.456802,25.299341],[78.494926,25.32069],[78.505112,25.302111],[78.525078,25.30653],[78.538933,25.320393],[78.524803,25.35475],[78.528061,25.365881],[78.556023,25.34861],[78.578903,25.355318],[78.574402,25.382231],[78.560097,25.38205],[78.563446,25.397921],[78.578903,25.390091],[78.591637,25.39654],[78.603493,25.41707],[78.619217,25.40704],[78.633797,25.409521],[78.632507,25.43301],[78.657967,25.44383],[78.677513,25.43973],[78.68576,25.44779],[78.699837,25.432301],[78.684486,25.416012],[78.659302,25.418371],[78.652046,25.413141],[78.65593,25.392172],[78.68718,25.380632],[78.692757,25.387739],[78.699821,25.381701],[78.709442,25.354321],[78.749786,25.352119],[78.765327,25.360441],[78.761223,25.38216],[78.753029,25.391951],[78.758888,25.39352],[78.758636,25.404091],[78.740303,25.40307],[78.745407,25.415541],[78.812912,25.430428],[78.795288,25.441328],[78.759972,25.430561],[78.748123,25.448441],[78.727669,25.458731],[78.73175,25.50065],[78.756546,25.476151],[78.789528,25.483513],[78.845749,25.45439],[78.832687,25.447653],[78.813873,25.446308],[78.830978,25.432032],[78.845337,25.444971],[78.85717,25.46714],[78.846039,25.491383],[78.828323,25.509981],[78.841202,25.51807],[78.876007,25.524321],[78.868408,25.54418],[78.881096,25.56019],[78.89679,25.559391],[78.913322,25.545521],[78.93074,25.559721],[78.943817,25.54092],[78.932243,25.524351],[78.916382,25.52075],[78.936127,25.487782],[78.92746,25.465691],[78.906311,25.450451],[78.929131,25.428329],[78.942589,25.441702],[78.962486,25.436359],[78.96553,25.41148],[78.975807,25.388691],[78.974472,25.372561],[78.938713,25.352831],[78.906387,25.36338],[78.892456,25.375298],[78.926369,25.37734],[78.94725,25.393181],[78.943413,25.40312],[78.915413,25.39963],[78.901077,25.389259],[78.874748,25.387659],[78.837738,25.352173],[78.845413,25.338671],[78.840263,25.33185],[78.814568,25.310961],[78.791939,25.314793],[78.783249,25.297611],[78.793289,25.2931],[78.811676,25.299841],[78.806351,25.279461],[78.823677,25.25108],[78.844627,25.23111],[78.852882,25.25885],[78.87059,25.284868],[78.867638,25.30135],[78.856438,25.316959],[78.87307,25.33083],[78.876518,25.34446],[78.92453,25.341928],[78.927612,25.331711],[78.952858,25.349871],[78.952797,25.311878],[78.964699,25.283871],[78.943787,25.280071],[78.948387,25.265911],[78.93644,25.262678],[78.9086,25.274361],[78.884567,25.247231],[78.872177,25.25079],[78.880119,25.205898],[78.867386,25.18996],[78.873932,25.163271],[78.900642,25.180538],[78.915291,25.202591],[78.94236,25.218363],[78.963921,25.219431],[78.982407,25.19915],[78.995811,25.195938],[79.000359,25.216051],[78.995003,25.232281],[78.973312,25.253681],[78.992653,25.277731],[79.014313,25.27103],[79.01162,25.249331],[79.029373,25.24934],[79.026482,25.234671],[79.056442,25.22571],[79.025726,25.18259],[79.035782,25.173901],[79.021767,25.14319],[79.038887,25.13723],[79.054558,25.14887],[79.064079,25.172491],[79.087227,25.18784],[79.090576,25.176229],[79.119209,25.163441],[79.107811,25.1437],[79.114822,25.1178],[79.129173,25.110769],[79.172363,25.118471],[79.179878,25.12883],[79.166779,25.142349],[79.18898,25.149351],[79.196716,25.142931],[79.197937,25.128189],[79.21067,25.11445],[79.220108,25.120991],[79.234886,25.11746],[79.240143,25.12019],[79.24353,25.140791],[79.223991,25.143181],[79.21965,25.15457],[79.245842,25.161961],[79.259201,25.153273],[79.25808,25.12402],[79.282181,25.13352],[79.303223,25.133329],[79.314537,25.151878],[79.301888,25.175341],[79.283516,25.189461],[79.278023,25.21064],[79.281487,25.22714],[79.273911,25.2465],[79.284012,25.2465],[79.313393,25.219551],[79.324333,25.22257],[79.325783,25.210812],[79.343376,25.20999],[79.329117,25.2299],[79.339531,25.22809],[79.344528,25.264299],[79.334541,25.275711],[79.318733,25.263071],[79.303917,25.265402],[79.286461,25.281071],[79.271111,25.266502],[79.261963,25.267731],[79.256012,25.291719],[79.267601,25.31875],[79.294083,25.339371],[79.333733,25.332581],[79.341492,25.30769],[79.331047,25.29278],[79.343086,25.290421],[79.351097,25.269951],[79.361687,25.264271],[79.369751,25.2941],[79.388611,25.286249],[79.401222,25.26236],[79.431213,25.25955],[79.453072,25.28256],[79.475212,25.279171],[79.489738,25.26564],[79.45919,25.269451],[79.432976,25.236],[79.442398,25.220951],[79.432137,25.20278],[79.409576,25.208761],[79.404213,25.19441],[79.383873,25.17028],[79.382126,25.145931],[79.393173,25.11615],[79.409187,25.11566],[79.418396,25.13352],[79.415123,25.139099],[79.431137,25.135401],[79.430672,25.108061],[79.444786,25.113091],[79.468376,25.134451],[79.482437,25.08511],[79.491127,25.084883],[79.50016,25.099201],[79.515358,25.101042],[79.51796,25.131229],[79.52858,25.138012],[79.542747,25.160551],[79.565521,25.177551],[79.576256,25.157051],[79.590523,25.146801],[79.602791,25.153843],[79.597878,25.131432],[79.666168,25.127121],[79.676598,25.13699],[79.717766,25.13382],[79.739578,25.14296],[79.751106,25.140661],[79.769218,25.125259],[79.823273,25.106409],[79.831291,25.09811],[79.855896,25.098501],[79.842682,25.116331],[79.847672,25.13339],[79.86483,25.144993],[79.854118,25.210421],[79.861366,25.220951],[79.84523,25.236551],[79.85099,25.24157],[79.865959,25.24682],[79.886627,25.24641],[79.902397,25.25692],[79.913452,25.23344],[79.932571,25.25032],[79.93438,25.26487],[79.996727,25.26865],[79.992203,25.28525],[80.008331,25.300678],[80.012657,25.330111],[80.024193,25.344591],[80.054863,25.341299],[80.093376,25.35383],[80.119133,25.342699],[80.153152,25.362801],[80.15918,25.377649],[80.182617,25.381519],[80.193916,25.416231],[80.214027,25.40423],[80.245186,25.40489],[80.26123,25.42618],[80.289642,25.41272],[80.309052,25.39184],[80.313248,25.372259],[80.302628,25.35828],[80.311737,25.334209],[80.302673,25.296961],[80.312012,25.28215],[80.340973,25.278601],[80.362892,25.24683],[80.382942,25.241951],[80.401657,25.220951],[80.423698,25.174143],[80.351288,25.144901],[80.344116,25.12492],[80.313271,25.101171],[80.310516,25.081951],[80.287636,25.066891],[80.266937,25.030243],[80.315643,25.003269],[80.324913,25.003071],[80.358849,25.026079],[80.38739,25.012421],[80.380882,25.027658],[80.371773,25.032761],[80.379066,25.044401],[80.364067,25.04772],[80.367249,25.058861],[80.394127,25.072021],[80.402687,25.060951],[80.40992,25.076719],[80.429512,25.07254],[80.435097,25.08098],[80.444283,25.081291],[80.444206,25.068171],[80.455933,25.07382],[80.470177,25.044691],[80.494209,25.045321],[80.500198,25.058771],[80.498428,25.082571],[80.494331,25.092051],[80.474716,25.09906],[80.494713,25.10494],[80.512886,25.09824],[80.517319,25.084791],[80.546768,25.06797],[80.555367,25.070898],[80.565628,25.087181],[80.578667,25.088263],[80.607307,25.07308],[80.587776,25.1091],[80.601448,25.12281],[80.590759,25.13158],[80.594589,25.155241],[80.605789,25.149281],[80.608337,25.13295],[80.624962,25.137671],[80.631233,25.119801],[80.618752,25.11808],[80.601357,25.104408],[80.617836,25.09366],[80.635239,25.097561],[80.65374,25.07646],[80.66581,25.080191],[80.668289,25.086752],[80.677887,25.073101],[80.671921,25.064569],[80.673569,25.054171],[80.727203,25.071821],[80.744102,25.06233],[80.765953,25.06114],[80.78138,25.069561],[80.752052,25.095409],[80.720497,25.101393],[80.725372,25.122883],[80.707466,25.127432],[80.699638,25.13715],[80.723053,25.148783],[80.738098,25.1346],[80.776657,25.14484],[80.786133,25.13796],[80.797867,25.14624],[80.818642,25.13055],[80.827698,25.11031],[80.84111,25.175253],[80.836281,25.19268],[80.860367,25.19059],[80.869537,25.18866],[80.904922,25.160311],[80.864983,25.12365],[80.872986,25.10257],[80.86425,25.08816],[80.870651,25.071051],[80.841133,25.051279],[80.829117,25.02998],[80.85025,25.003141],[80.818642,24.973631],[80.798798,24.974892],[80.789948,24.96718],[80.8022,24.94446],[80.856613,24.935951],[80.881233,24.9482],[80.902786,24.940161],[80.894318,24.953899],[80.933746,24.97011],[80.944847,24.96801],[80.943863,24.950701],[80.952217,24.942881],[80.955231,24.925711],[80.97226,24.939602],[80.98101,24.929661],[80.996727,24.93959],[81.011887,24.933243],[81.01799,24.935541],[81.009529,24.954321],[81.02079,24.946079],[81.023201,24.952351],[81.047157,24.9552],[81.076416,24.952261],[81.0895,24.92448],[81.134239,24.893841],[81.140083,24.916439],[81.152313,24.916281],[81.159561,24.954733],[81.169678,24.956751],[81.180626,24.949459],[81.19828,24.93405],[81.195793,24.929008],[81.211487,24.93623],[81.204376,24.95048],[81.204079,24.962841],[81.212303,24.977741],[81.204826,25.00281],[81.220238,25.00724],[81.256027,25.055719],[81.262222,25.07283],[81.248123,25.111738],[81.258179,25.123632],[81.259743,25.141182],[81.273903,25.158369],[81.271431,25.16894],[81.304871,25.167459],[81.304291,25.14529],[81.313026,25.117411],[81.322212,25.120729],[81.310966,25.14896],[81.319641,25.16806],[81.350899,25.163919],[81.366882,25.13744],[81.384369,25.13508],[81.397537,25.1217],[81.406242,25.1234],[81.400208,25.133801],[81.430222,25.133631],[81.438568,25.114],[81.435463,25.111038],[81.406891,25.112019],[81.400848,25.107771],[81.458862,25.092991],[81.465393,25.081841],[81.481186,25.075903],[81.502869,25.101721],[81.503197,25.110519],[81.48172,25.117321],[81.472046,25.133039],[81.474693,25.138121],[81.484528,25.13435],[81.500633,25.152849],[81.515663,25.14534],[81.525177,25.147532],[81.528847,25.161331],[81.510742,25.173681],[81.50779,25.184971],[81.548767,25.18865],[81.566399,25.195749],[81.585609,25.186621],[81.581779,25.16827],[81.607033,25.168051],[81.610001,25.173653],[81.617371,25.163898],[81.618927,25.14909],[81.599182,25.13983],[81.594147,25.129513],[81.602303,25.11751],[81.601227,25.10021],[81.616753,25.12262],[81.625343,25.117811],[81.63166,25.10148],[81.593796,25.0798],[81.608551,25.063311],[81.602722,25.063042],[81.617256,25.057121],[81.632011,25.06148],[81.656502,25.078621],[81.683067,25.056763],[81.685539,25.042183],[81.713387,25.04006],[81.732391,25.04871],[81.789223,25.010139],[81.834976,25.018282],[81.84938,25.00601],[81.881386,24.999493],[81.887726,24.993401],[81.89402,25.00346],[81.888229,25.010981],[81.898468,25.009621],[81.898346,24.975321],[81.909622,24.937149],[81.896446,24.892509],[81.910103,24.88044],[81.923668,24.87627],[81.93177,24.856491],[81.957176,24.83213],[81.964981,24.841421],[81.991547,24.8465],[82.024277,24.844631],[82.056488,24.828079],[82.081871,24.822111],[82.100006,24.80995],[82.107788,24.79368],[82.128922,24.799763],[82.159393,24.792261],[82.162811,24.804981],[82.191269,24.81772],[82.181297,24.80085],[82.201363,24.800652],[82.204933,24.785509],[82.194038,24.78326],[82.172882,24.739571],[82.202606,24.740789],[82.216049,24.736151],[82.199486,24.752069],[82.223389,24.764179],[82.238373,24.75441],[82.24366,24.775751],[82.24395,24.716381],[82.234001,24.696569],[82.229927,24.66964],[82.235519,24.67639],[82.253052,24.666092],[82.263367,24.686411],[82.281738,24.671741],[82.296417,24.670012],[82.29834,24.612421],[82.33506,24.62295],[82.35392,24.604471],[82.393593,24.5975],[82.414566,24.606392],[82.403648,24.63098],[82.408966,24.649561],[82.406799,24.674419],[82.420151,24.705252],[82.464027,24.680071],[82.501297,24.67841],[82.523987,24.657141],[82.573967,24.663],[82.657928,24.700397],[82.692307,24.680229],[82.693459,24.661579],[82.702072,24.642113],[82.727463,24.646473],[82.7658,24.64163],[82.762978,24.604811],[82.785423,24.59951],[82.800766,24.552681],[82.71611,24.55714],[82.714149,24.5362],[82.73378,24.48724],[82.726021,24.46084],[82.732712,24.432741],[82.719368,24.421631],[82.707161,24.38518],[82.734787,24.37118],[82.756889,24.37594],[82.763268,24.34243],[82.757057,24.2757],[82.743317,24.231611],[82.726997,24.223261],[82.736137,24.16835],[82.720367,24.13899],[82.670853,24.15847],[82.657387,24.134798],[82.705223,24.08573],[82.766258,24.077868],[82.743141,24.03488],[82.745888,24.013111],[82.801468,24.001062],[82.798721,23.97662],[82.807777,23.963058],[82.8489,23.946833],[82.865692,23.922663],[82.890343,23.90456],[82.922516,23.892691],[82.933083,23.8794],[82.95359,23.87277],[83.020523,23.882698],[83.043457,23.879391],[83.127411,23.89002],[83.138786,23.904371],[83.189568,23.921101],[83.211212,23.960358],[83.216026,23.989403],[83.233521,23.99831],[83.236977,24.009958],[83.276077,24.023281],[83.276802,24.04567],[83.284172,24.06465],[83.311073,24.09276],[83.314911,24.106981]]]},"properties":{"name":"Uttar Pradesh","type":"State"}},
{"type":"Feature","geometry":{"type":"Polygon","coordinates":[[[79.194778,31.353622],[79.129646,31.43808],[79.07621,31.45825],[79.053368,31.472019],[79.045197,31.468121],[79.036987,31.457371],[79.034172,31.428011],[79.013748,31.4086],[78.994568,31.379271],[78.991608,31.364031],[78.936966,31.34248],[78.925377,31.33176],[78.916649,31.266628],[78.913086,31.260721],[78.905853,31.250181],[78.919617,31.223091],[78.933243,31.214552],[78.944862,31.196939],[78.960922,31.186432],[78.97187,31.182371],[78.977676,31.154831],[78.98481,31.14094],[78.990776,31.130878],[78.996582,31.115339],[78.965652,31.11537],[78.942116,31.105028],[78.920471,31.10759],[78.903793,31.115471],[78.896797,31.105631],[78.880043,31.10384],[78.85202,31.126211],[78.828979,31.136339],[78.815872,31.153931],[78.800507,31.178261],[78.801117,31.193911],[78.795036,31.20504],[78.764603,31.19591],[78.720383,31.19702],[78.700699,31.19639],[78.665756,31.202473],[78.647697,31.19467],[78.636002,31.21958],[78.600601,31.235851],[78.579399,31.235003],[78.556328,31.227381],[78.514137,31.20392],[78.470108,31.203751],[78.457222,31.227812],[78.427063,31.25598],[78.405083,31.248671],[78.393082,31.262278],[78.381363,31.281471],[78.363358,31.2901],[78.342476,31.288973],[78.316933,31.285078],[78.296806,31.28447],[78.28846,31.2642],[78.258141,31.260363],[78.249741,31.250551],[78.237511,31.24394],[78.218437,31.23872],[78.203987,31.234091],[78.187561,31.222219],[78.171417,31.23181],[78.147827,31.231571],[78.137146,31.222422],[78.1138,31.20623],[78.100792,31.199791],[78.080078,31.190708],[78.059158,31.192369],[78.03875,31.187151],[78.01622,31.171513],[78.014236,31.15494],[77.985229,31.16802],[77.954758,31.17878],[77.939217,31.167301],[77.909416,31.1555],[77.887489,31.154701],[77.872757,31.123211],[77.850136,31.1042],[77.837463,31.077511],[77.81955,31.064911],[77.809608,31.061371],[77.804916,31.058771],[77.815117,31.03393],[77.82106,31.02108],[77.825333,31.008133],[77.810287,31.002131],[77.807541,30.993841],[77.806213,30.98348],[77.798721,30.976118],[77.797401,30.967758],[77.813248,30.962448],[77.819321,30.956841],[77.807541,30.953711],[77.787613,30.965721],[77.763878,30.97699],[77.736343,30.963591],[77.734879,30.944012],[77.739243,30.93668],[77.747368,30.92872],[77.758247,30.920382],[77.771622,30.924191],[77.788742,30.926281],[77.795616,30.9238],[77.80085,30.912741],[77.790886,30.900671],[77.784439,30.888371],[77.783501,30.872061],[77.789368,30.858549],[77.768997,30.862951],[77.76178,30.87509],[77.754547,30.882441],[77.744522,30.881191],[77.741013,30.869921],[77.735733,30.85705],[77.733383,30.847488],[77.744408,30.829851],[77.734032,30.824068],[77.724083,30.811041],[77.717102,30.7995],[77.704529,30.77902],[77.688286,30.768669],[77.691757,30.755051],[77.693947,30.74617],[77.717651,30.738861],[77.722496,30.733358],[77.730682,30.72448],[77.737282,30.713469],[77.7369,30.705009],[77.733398,30.693501],[77.742752,30.680561],[77.758812,30.67239],[77.769501,30.66419],[77.777061,30.665588],[77.770256,30.655149],[77.774979,30.641121],[77.771278,30.628481],[77.78199,30.619358],[77.767113,30.618181],[77.75563,30.616199],[77.74971,30.60137],[77.734787,30.60816],[77.73127,30.601521],[77.73864,30.592871],[77.749489,30.579969],[77.757271,30.56558],[77.770912,30.562401],[77.786377,30.561399],[77.798271,30.564131],[77.806877,30.55426],[77.812202,30.53805],[77.804123,30.52037],[77.799179,30.511391],[77.767616,30.50436],[77.747528,30.494049],[77.721443,30.47777],[77.699188,30.468699],[77.67907,30.451731],[77.646652,30.452459],[77.635681,30.44434],[77.616722,30.436232],[77.590416,30.433781],[77.567902,30.421719],[77.563057,30.40449],[77.56958,30.4079],[77.574959,30.411741],[77.584366,30.409981],[77.58699,30.40806],[77.607071,30.409632],[77.611229,30.407572],[77.618187,30.405331],[77.625526,30.407082],[77.634216,30.410879],[77.639412,30.407101],[77.643013,30.404543],[77.647621,30.398071],[77.658058,30.394011],[77.661263,30.39323],[77.66301,30.390572],[77.663208,30.384731],[77.666878,30.383659],[77.673302,30.385651],[77.709938,30.339911],[77.751297,30.32465],[77.77301,30.31307],[77.783203,30.306419],[77.799309,30.29763],[77.809052,30.292179],[77.824059,30.28636],[77.836296,30.28229],[77.847557,30.27877],[77.857887,30.272371],[77.867142,30.271101],[77.87397,30.274151],[77.900299,30.264408],[77.910301,30.259312],[77.919968,30.254049],[77.9254,30.248711],[77.930267,30.243002],[77.927132,30.23642],[77.91806,30.224791],[77.907623,30.21699],[77.902298,30.209761],[77.898956,30.19488],[77.895996,30.186293],[77.887939,30.178749],[77.87664,30.16696],[77.868713,30.1588],[77.864441,30.149939],[77.859093,30.140482],[77.852333,30.13093],[77.847237,30.123461],[77.842743,30.116779],[77.836067,30.109953],[77.828423,30.106121],[77.819969,30.093639],[77.81308,30.08963],[77.805481,30.091961],[77.801018,30.096178],[77.795036,30.100611],[77.789566,30.10153],[77.785133,30.096781],[77.780052,30.089163],[77.775856,30.07765],[77.771896,30.072491],[77.767937,30.06694],[77.76149,30.055443],[77.758209,30.046541],[77.763893,30.04217],[77.772552,30.033701],[77.773537,30.02957],[77.767799,30.02294],[77.757561,30.01952],[77.746429,30.011341],[77.740807,29.99412],[77.731003,29.984331],[77.743477,29.963779],[77.729462,29.95188],[77.720673,29.93903],[77.724167,29.930052],[77.733017,29.913481],[77.724831,29.905901],[77.71302,29.891573],[77.702507,29.8857],[77.703262,29.86767],[77.713348,29.85648],[77.729187,29.837561],[77.74234,29.824633],[77.742149,29.809521],[77.764702,29.78546],[77.76165,29.75576],[77.767357,29.73781],[77.763756,29.726101],[77.762039,29.711788],[77.794922,29.70046],[77.792519,29.681921],[77.821297,29.668991],[77.83844,29.67552],[77.847069,29.68063],[77.858513,29.688061],[77.870033,29.69878],[77.882187,29.700003],[77.91021,29.698938],[77.908379,29.702869],[77.90963,29.706369],[77.920158,29.71386],[77.940819,29.7146],[77.951981,29.70537],[77.941147,29.700041],[77.943779,29.68943],[77.96228,29.670271],[77.97126,29.67577],[77.972771,29.672531],[77.96788,29.66151],[77.967506,29.649071],[77.97538,29.64427],[77.973129,29.63199],[77.975418,29.618311],[77.970253,29.61352],[77.959862,29.61228],[77.951866,29.616039],[77.951012,29.60779],[77.950928,29.59844],[77.948326,29.59137],[77.949829,29.588131],[77.955986,29.58445],[77.963371,29.58383],[77.969551,29.58519],[77.977043,29.58333],[77.982323,29.58901],[77.984047,29.579861],[77.976753,29.563841],[77.988022,29.54586],[78.016617,29.554621],[78.03688,29.552629],[78.042641,29.571913],[78.036507,29.58086],[78.05069,29.598051],[78.073158,29.599911],[78.088676,29.6133],[78.096832,29.6306],[78.109138,29.6367],[78.139122,29.6761],[78.192299,29.706591],[78.2314,29.70409],[78.302933,29.757591],[78.338539,29.79254],[78.398422,29.772133],[78.424316,29.76165],[78.464737,29.751011],[78.490211,29.724918],[78.50602,29.69389],[78.511513,29.65069],[78.527359,29.624363],[78.576477,29.58057],[78.621498,29.552891],[78.676559,29.521351],[78.708267,29.50942],[78.739059,29.50498],[78.77475,29.48094],[78.811386,29.46983],[78.830063,29.46851],[78.875427,29.459978],[78.896019,29.456181],[78.922928,29.456181],[78.882797,29.4048],[78.865997,29.39312],[78.858887,29.391479],[78.856796,29.38559],[78.832512,29.38135],[78.8358,29.372288],[78.828819,29.368181],[78.811768,29.372311],[78.811607,29.384701],[78.806847,29.373152],[78.790123,29.350401],[78.797913,29.33832],[78.788841,29.329283],[78.782463,29.346441],[78.769623,29.340651],[78.765327,29.34573],[78.747047,29.34334],[78.741501,29.332621],[78.728348,29.33416],[78.721107,29.31946],[78.71386,29.31735],[78.731392,29.31101],[78.761078,29.293331],[78.758636,29.286671],[78.787369,29.265331],[78.799881,29.257853],[78.822899,29.255791],[78.833191,29.25942],[78.845192,29.258141],[78.852623,29.261311],[78.857872,29.252201],[78.873596,29.235252],[78.870148,29.228531],[78.886879,29.217831],[78.892258,29.212851],[78.899162,29.202593],[78.905731,29.177488],[78.90332,29.167681],[78.899612,29.161421],[78.898346,29.154888],[78.920776,29.152861],[78.944389,29.14959],[78.956108,29.160372],[78.96035,29.1646],[78.966629,29.16555],[78.982628,29.146959],[78.992622,29.133633],[78.998383,29.12294],[79.017006,29.117861],[79.029701,29.125431],[79.023521,29.133129],[79.008759,29.136221],[79.012787,29.14913],[79.013351,29.15769],[79.026398,29.14986],[79.027512,29.160749],[79.023071,29.170792],[79.033783,29.171101],[79.054382,29.155182],[79.092239,29.136742],[79.113617,29.130663],[79.133842,29.124161],[79.143196,29.098949],[79.136986,29.06934],[79.165413,29.051258],[79.154213,29.032921],[79.164101,29.02059],[79.177597,29.019621],[79.197586,29.022091],[79.211166,29.023701],[79.239372,28.999901],[79.258018,28.98695],[79.270523,28.97543],[79.286003,28.960503],[79.301506,28.95285],[79.312157,28.958061],[79.343903,28.953131],[79.354767,28.953411],[79.352852,28.961231],[79.359673,28.97048],[79.367432,28.959949],[79.372246,28.95118],[79.374901,28.93939],[79.384979,28.937311],[79.398308,28.93516],[79.401398,28.92137],[79.401237,28.901861],[79.395653,28.885441],[79.406219,28.862251],[79.417122,28.855843],[79.427528,28.85725],[79.439766,28.86105],[79.459717,28.859159],[79.467766,28.86491],[79.486549,28.864599],[79.502487,28.862761],[79.514061,28.867592],[79.522598,28.876329],[79.533089,28.89031],[79.543327,28.890661],[79.55397,28.878521],[79.551262,28.86611],[79.547676,28.8543],[79.553596,28.845051],[79.56234,28.84791],[79.571899,28.84902],[79.598053,28.86492],[79.613548,28.868731],[79.630753,28.858858],[79.643272,28.85323],[79.65947,28.847731],[79.667091,28.854099],[79.68644,28.867001],[79.69706,28.870281],[79.705643,28.872353],[79.712189,28.88068],[79.728363,28.885073],[79.74044,28.883181],[79.748703,28.891541],[79.761971,28.88969],[79.791252,28.87381],[79.796967,28.870451],[79.806938,28.86631],[79.808121,28.856291],[79.7967,28.84955],[79.794312,28.843031],[79.80146,28.83329],[79.797821,28.82081],[79.791893,28.81517],[79.782143,28.81319],[79.79203,28.80304],[79.80304,28.80559],[79.809052,28.810751],[79.81591,28.81226],[79.816208,28.821741],[79.813797,28.831711],[79.829651,28.84668],[79.844139,28.84354],[79.854683,28.84141],[79.871017,28.83065],[79.875633,28.81834],[79.854233,28.820829],[79.843323,28.815041],[79.853363,28.8008],[79.873077,28.796461],[79.894806,28.801451],[79.898132,28.794888],[79.892097,28.78126],[79.905716,28.772099],[79.911728,28.759281],[79.922333,28.738291],[79.940872,28.721458],[79.974831,28.716751],[80.002869,28.72695],[80.022972,28.748671],[80.033447,28.761381],[80.034546,28.769041],[80.03624,28.79072],[80.025688,28.79985],[80.034088,28.80983],[80.069611,28.829891],[80.07238,28.829744],[80.062912,28.883163],[80.097717,28.975216],[80.119514,28.98172],[80.128777,29.005985],[80.137947,29.009548],[80.129364,29.021067],[80.130402,29.060923],[80.146027,29.103001],[80.183205,29.135332],[80.205185,29.129297],[80.211388,29.121767],[80.2397,29.12122],[80.270798,29.140532],[80.26001,29.16576],[80.259621,29.187416],[80.242592,29.203724],[80.254387,29.221434],[80.259506,29.210751],[80.295258,29.197599],[80.292542,29.229761],[80.319893,29.302767],[80.318642,29.313396],[80.292931,29.330189],[80.272903,29.363728],[80.276901,29.392179],[80.243347,29.411587],[80.249001,29.432419],[80.244736,29.441132],[80.258682,29.450018],[80.276016,29.449476],[80.282211,29.457518],[80.282204,29.451008],[80.304375,29.453907],[80.288437,29.477221],[80.301414,29.490547],[80.30584,29.486137],[80.316147,29.492626],[80.315033,29.497824],[80.335289,29.512796],[80.342125,29.509872],[80.358414,29.529528],[80.347755,29.540976],[80.350578,29.555357],[80.3657,29.556711],[80.365364,29.564056],[80.40947,29.594887],[80.409828,29.615135],[80.412712,29.625324],[80.422813,29.630215],[80.421921,29.639114],[80.415947,29.654156],[80.39222,29.664501],[80.377045,29.718155],[80.367729,29.724915],[80.37133,29.734436],[80.367012,29.746418],[80.387489,29.750513],[80.391266,29.759949],[80.398117,29.758615],[80.408485,29.789774],[80.437714,29.805716],[80.449219,29.798916],[80.455963,29.802416],[80.494118,29.795315],[80.509026,29.823042],[80.525719,29.829115],[80.554016,29.85001],[80.563278,29.866442],[80.558609,29.87064],[80.57402,29.894501],[80.572815,29.915115],[80.592133,29.948408],[80.631561,29.965204],[80.658119,29.955126],[80.673119,29.957392],[80.721291,30.000378],[80.749397,30.00663],[80.767319,30.051916],[80.782265,30.05802],[80.803413,30.085615],[80.824997,30.099884],[80.847054,30.102285],[80.843575,30.110487],[80.875755,30.12627],[80.869919,30.175732],[80.887215,30.188314],[80.911919,30.223215],[80.922981,30.231655],[80.978882,30.23896],[80.990463,30.246817],[81.014214,30.239515],[81.019997,30.250683],[81.01207,30.261978],[80.998291,30.268541],[80.811287,30.319981],[80.773872,30.345621],[80.756721,30.379313],[80.734512,30.400101],[80.665947,30.44339],[80.638206,30.450413],[80.579422,30.488798],[80.568733,30.48929],[80.555603,30.467161],[80.535057,30.46402],[80.528038,30.455219],[80.519958,30.456581],[80.492973,30.486795],[80.448059,30.49637],[80.416237,30.51063],[80.400551,30.53117],[80.383705,30.52523],[80.368286,30.526871],[80.319969,30.551203],[80.307167,30.56682],[80.272217,30.57406],[80.258026,30.56741],[80.253181,30.575159],[80.238647,30.56566],[80.21096,30.5823],[80.20594,30.60125],[80.211319,30.61503],[80.199059,30.619329],[80.208443,30.645309],[80.181213,30.67482],[80.185547,30.682308],[80.217178,30.69521],[80.220901,30.701139],[80.236893,30.736563],[80.223839,30.764099],[80.217262,30.766991],[80.197273,30.76],[80.190117,30.76491],[80.184059,30.78709],[80.156738,30.81254],[80.139511,30.811159],[80.138702,30.79805],[80.107872,30.779011],[80.101082,30.781507],[80.083061,30.79529],[80.066483,30.822111],[80.046608,30.840733],[80.017822,30.847879],[79.967644,30.882238],[79.911591,30.898741],[79.897537,30.921749],[79.87471,30.930441],[79.871201,30.94919],[79.855972,30.97735],[79.823479,30.983042],[79.804993,30.97777],[79.742149,31.00679],[79.724792,30.990881],[79.696877,30.98181],[79.653946,30.98575],[79.642616,30.967609],[79.615753,30.9618],[79.589577,30.942888],[79.534317,30.971411],[79.536133,30.992189],[79.523071,30.992559],[79.521927,31.00835],[79.505402,31.023123],[79.50209,31.038],[79.421753,31.03583],[79.40976,31.052361],[79.408424,31.072542],[79.400421,31.080099],[79.392357,31.079811],[79.381851,31.118351],[79.325096,31.12981],[79.307617,31.142101],[79.28569,31.169661],[79.283043,31.18158],[79.288147,31.189528],[79.27282,31.23074],[79.265182,31.242599],[79.24334,31.246931],[79.232872,31.261942],[79.248451,31.295],[79.221466,31.319391],[79.222717,31.331579],[79.21505,31.342678],[79.194778,31.353622]]]},"properties":{"name":"Uttaranchal","type":"State"}},
{"type":"Feature","geometry":{"type":"MultiPolygon","coordinates":[[[[88.018608,21.572779],[88.014999,21.580833],[88.020279,21.566668],[88.018608,21.572779]]],[[[88.497711,21.599754],[88.485832,21.587221],[88.481705,21.554726],[88.503891,21.544445],[88.509697,21.55794],[88.503052,21.565281],[88.511673,21.557779],[88.507233,21.541111],[88.531113,21.5425],[88.53389,21.57806],[88.497711,21.599754]]],[[[88.17778,21.60111],[88.169441,21.599451],[88.167778,21.592501],[88.174446,21.566668],[88.186668,21.559999],[88.188889,21.581381],[88.179443,21.58889],[88.17778,21.60111]]],[[[88.834724,21.607222],[88.828613,21.57583],[88.842781,21.553888],[88.874168,21.54917],[88.89917,21.552221],[88.903893,21.559439],[88.892502,21.579447],[88.870552,21.59528],[88.846107,21.599722],[88.834724,21.607222]]],[[[88.728851,21.637081],[88.720276,21.637777],[88.713051,21.62528],[88.70726,21.59387],[88.714157,21.57889],[88.735283,21.571953],[88.746666,21.577499],[88.748138,21.590952],[88.757187,21.59898],[88.735374,21.611372],[88.728851,21.637081]]],[[[88.537216,21.63862],[88.524071,21.652889],[88.523056,21.624166],[88.510277,21.601389],[88.536598,21.588394],[88.557777,21.603333],[88.536949,21.58695],[88.54361,21.566669],[88.549446,21.56389],[88.57663,21.575317],[88.586548,21.588404],[88.587219,21.602221],[88.569443,21.624451],[88.537216,21.63862]]],[[[88.892357,21.65209],[88.888893,21.653891],[88.89389,21.649166],[88.892357,21.65209]]],[[[88.771942,21.653063],[88.765396,21.654551],[88.748199,21.64562],[88.735031,21.644329],[88.729568,21.63995],[88.736076,21.61241],[88.758362,21.599663],[88.74868,21.587688],[88.749443,21.578335],[88.756111,21.57583],[88.787781,21.580557],[88.798058,21.591946],[88.794746,21.59936],[88.782219,21.596945],[88.790558,21.602221],[88.773888,21.61972],[88.771942,21.653063]]],[[[88.965767,21.641535],[88.962021,21.64868],[88.961853,21.663351],[88.955208,21.677092],[88.93972,21.646946],[88.942383,21.63975],[88.958611,21.622499],[88.956413,21.61742],[88.983078,21.613056],[88.9925,21.616667],[88.995003,21.628201],[88.99086,21.644041],[88.980095,21.644081],[88.969482,21.640291],[88.965767,21.641535]]],[[[88.634445,21.656666],[88.640656,21.678389],[88.629448,21.664167],[88.631111,21.64917],[88.634445,21.656666]]],[[[88.576881,21.691734],[88.567528,21.69047],[88.570999,21.666847],[88.553711,21.640465],[88.591942,21.618053],[88.605461,21.625076],[88.593773,21.653551],[88.586113,21.657501],[88.576881,21.691734]]],[[[88.591942,21.694166],[88.587791,21.701441],[88.591942,21.690559],[88.580521,21.68354],[88.588715,21.657553],[88.599716,21.665279],[88.606339,21.679977],[88.591942,21.694166]]],[[[88.984489,21.705688],[88.972702,21.697361],[88.950836,21.700361],[88.963089,21.66345],[88.96402,21.645741],[88.968857,21.64168],[88.982895,21.645912],[88.992363,21.64414],[88.999725,21.602072],[89.029053,21.605091],[89.037491,21.61813],[89.022339,21.636095],[89.023048,21.653591],[88.994301,21.648981],[88.987907,21.652981],[88.987907,21.6663],[88.993889,21.673059],[88.989723,21.70083],[88.984489,21.705688]]],[[[88.806656,21.706673],[88.764717,21.693062],[88.758331,21.682501],[88.746109,21.681944],[88.740555,21.689444],[88.730553,21.684721],[88.759163,21.663334],[88.770546,21.665562],[88.784996,21.66028],[88.794441,21.664167],[88.787224,21.659164],[88.797501,21.655832],[88.806946,21.664721],[88.81028,21.693611],[88.806656,21.706673]]],[[[88.311081,21.70635],[88.300369,21.704029],[88.315834,21.677114],[88.305756,21.629061],[88.307922,21.611485],[88.315002,21.608055],[88.338387,21.621792],[88.349998,21.643333],[88.35807,21.647501],[88.34639,21.653332],[88.351112,21.675556],[88.344719,21.690191],[88.32917,21.704708],[88.311081,21.70635]]],[[[88.454033,21.709341],[88.438599,21.707331],[88.419411,21.689178],[88.420273,21.65247],[88.437767,21.63299],[88.442497,21.615],[88.453613,21.623619],[88.465279,21.67473],[88.467216,21.6675],[88.470734,21.673845],[88.454033,21.709341]]],[[[88.697121,21.712879],[88.687042,21.683331],[88.698067,21.669279],[88.709724,21.663055],[88.723152,21.638329],[88.735497,21.645288],[88.749466,21.647249],[88.750511,21.650173],[88.707123,21.68162],[88.697121,21.712879]]],[[[88.204506,21.721182],[88.188332,21.707769],[88.181396,21.686947],[88.194817,21.63241],[88.212219,21.601942],[88.212189,21.621698],[88.231667,21.643333],[88.226936,21.669418],[88.20414,21.672529],[88.195282,21.682781],[88.198891,21.694721],[88.216248,21.70001],[88.204506,21.721182]]],[[[89.059204,21.721804],[89.024445,21.716675],[89.020988,21.709232],[89.009956,21.705278],[89.019997,21.701668],[89.024521,21.695143],[89.026337,21.687433],[89.020905,21.662357],[89.033043,21.654675],[89.026405,21.658133],[89.028847,21.63505],[89.037628,21.64056],[89.034691,21.633303],[89.051437,21.617741],[89.082207,21.62788],[89.082695,21.633232],[89.085846,21.630411],[89.092857,21.63693],[89.095184,21.646585],[89.084892,21.677828],[89.072655,21.689732],[89.064606,21.69001],[89.07058,21.701754],[89.059204,21.721804]]],[[[88.977997,21.726875],[88.970558,21.720833],[88.9925,21.701391],[88.995819,21.672501],[88.989647,21.66404],[88.990402,21.653358],[89.008057,21.6525],[89.017403,21.660851],[89.024124,21.687145],[89.019653,21.69935],[89.009712,21.701361],[89.007866,21.707439],[89.01989,21.71456],[88.999725,21.715279],[88.977997,21.726875]]],[[[88.54567,21.73613],[88.536507,21.733511],[88.529213,21.719778],[88.51722,21.711401],[88.533333,21.6686],[88.529579,21.652653],[88.540581,21.6401],[88.550919,21.63649],[88.552223,21.647501],[88.569168,21.669443],[88.565323,21.70228],[88.56076,21.705379],[88.55278,21.70278],[88.556946,21.70639],[88.56398,21.705801],[88.567436,21.701105],[88.567627,21.692841],[88.573921,21.69379],[88.568298,21.709761],[88.559303,21.712339],[88.552208,21.7232],[88.543053,21.723673],[88.552361,21.724197],[88.559502,21.713558],[88.569679,21.710861],[88.580246,21.684681],[88.590553,21.69154],[88.586349,21.698565],[88.58744,21.709278],[88.570831,21.7325],[88.560417,21.729307],[88.54567,21.73613]]],[[[88.883057,21.745279],[88.87278,21.720833],[88.873055,21.694445],[88.882774,21.681944],[88.887497,21.658609],[88.900276,21.652781],[88.920555,21.632223],[88.937225,21.670835],[88.940277,21.695278],[88.918053,21.7125],[88.913887,21.725561],[88.883057,21.745279]]],[[[88.412338,21.73126],[88.401772,21.737825],[88.401047,21.75024],[88.394997,21.755001],[88.387184,21.734516],[88.368637,21.727341],[88.371269,21.723644],[88.392754,21.725674],[88.403732,21.71574],[88.398743,21.698454],[88.379723,21.680832],[88.387779,21.64694],[88.383316,21.631981],[88.389999,21.622499],[88.387367,21.611481],[88.398888,21.595556],[88.407486,21.599514],[88.407219,21.615555],[88.412781,21.622221],[88.424721,21.61944],[88.431946,21.62781],[88.411339,21.658274],[88.41156,21.685673],[88.428566,21.702559],[88.412338,21.73126]]],[[[88.220909,21.76215],[88.214699,21.75518],[88.211067,21.726011],[88.220551,21.700657],[88.197853,21.688538],[88.20462,21.675936],[88.226334,21.675055],[88.23333,21.666389],[88.234703,21.635754],[88.216393,21.616388],[88.233063,21.608061],[88.242767,21.596109],[88.243683,21.568121],[88.265831,21.558332],[88.27861,21.559444],[88.288063,21.566401],[88.291389,21.563053],[88.305557,21.57972],[88.304443,21.586945],[88.286667,21.602779],[88.28833,21.623058],[88.298615,21.647778],[88.294441,21.64889],[88.299721,21.649721],[88.311432,21.672781],[88.284805,21.706465],[88.275528,21.72681],[88.261909,21.730631],[88.271492,21.754675],[88.220909,21.76215]]],[[[88.927101,21.76195],[88.922249,21.761303],[88.931107,21.73583],[88.923058,21.719723],[88.950241,21.70233],[88.972221,21.69861],[88.983879,21.70639],[88.970276,21.718056],[88.969719,21.72333],[88.98748,21.74472],[88.96785,21.73951],[88.963791,21.752392],[88.927101,21.76195]]],[[[88.365387,21.764166],[88.351677,21.763672],[88.343109,21.754841],[88.34861,21.727221],[88.347298,21.720871],[88.337593,21.711321],[88.351944,21.690556],[88.360283,21.68667],[88.398056,21.71361],[88.388336,21.718889],[88.369446,21.718611],[88.364723,21.72333],[88.359779,21.734173],[88.35981,21.746201],[88.371002,21.763241],[88.365387,21.764166]]],[[[89.005119,21.764977],[88.999733,21.763611],[89.001396,21.75181],[89.01693,21.731211],[89.017258,21.718422],[89.030212,21.720552],[89.029518,21.724424],[89.05806,21.72464],[89.036552,21.740429],[89.025673,21.756741],[89.005119,21.764977]]],[[[88.831673,21.766109],[88.809998,21.74889],[88.791107,21.74917],[88.786667,21.740833],[88.793053,21.73583],[88.780518,21.731062],[88.78138,21.715656],[88.762642,21.700689],[88.772072,21.700722],[88.803566,21.716619],[88.815002,21.710001],[88.823059,21.67111],[88.808899,21.63879],[88.815987,21.62896],[88.845833,21.620001],[88.841377,21.629841],[88.841965,21.643703],[88.828613,21.650555],[88.84182,21.646074],[88.843498,21.62739],[88.847496,21.630001],[88.851891,21.626942],[88.86055,21.63969],[88.842224,21.68111],[88.839722,21.71417],[88.849167,21.73778],[88.86528,21.758612],[88.831673,21.766109]]],[[[88.384903,21.764441],[88.380821,21.767151],[88.372231,21.762636],[88.361259,21.747169],[88.361908,21.732698],[88.386093,21.740009],[88.390327,21.758638],[88.384903,21.764441]]],[[[88.200546,21.768608],[88.194443,21.764441],[88.196388,21.7575],[88.202499,21.76306],[88.200546,21.768608]]],[[[88.582222,21.777781],[88.569,21.769178],[88.583366,21.748821],[88.580002,21.725561],[88.59243,21.719021],[88.615311,21.727091],[88.620979,21.734463],[88.616112,21.740833],[88.585953,21.75341],[88.582222,21.777781]]],[[[88.30249,21.724562],[88.302803,21.755079],[88.289642,21.778456],[88.27803,21.72817],[88.297279,21.705601],[88.302185,21.709778],[88.30249,21.724562]]],[[[88.50528,21.78299],[88.505836,21.787786],[88.501015,21.781832],[88.50528,21.78299]]],[[[88.999672,21.785469],[88.989197,21.788612],[88.951553,21.758554],[88.965759,21.75223],[88.968353,21.740841],[88.988243,21.746309],[88.988884,21.740322],[88.976669,21.728611],[89.004837,21.716131],[89.01445,21.718601],[89.015038,21.727921],[89.001396,21.745951],[88.996666,21.768021],[89.011612,21.779943],[88.999672,21.785469]]],[[[88.609726,21.790279],[88.591537,21.78376],[88.58625,21.756598],[88.6175,21.74361],[88.623055,21.736666],[88.619156,21.725561],[88.598679,21.715172],[88.609169,21.708061],[88.619492,21.717663],[88.630836,21.7425],[88.62056,21.779881],[88.609726,21.790279]]],[[[88.273964,21.790791],[88.263626,21.792011],[88.283058,21.769444],[88.286911,21.785433],[88.273964,21.790791]]],[[[88.458611,21.788651],[88.445549,21.797611],[88.438789,21.78035],[88.423363,21.767725],[88.426933,21.751881],[88.423447,21.741783],[88.42942,21.7283],[88.426453,21.71706],[88.433533,21.704691],[88.441483,21.709841],[88.455917,21.711418],[88.456947,21.72584],[88.466393,21.735001],[88.474998,21.788061],[88.468758,21.79388],[88.464218,21.789478],[88.458611,21.788651]]],[[[88.716202,21.807381],[88.711113,21.805],[88.710831,21.783611],[88.695007,21.74472],[88.711113,21.69018],[88.748047,21.658331],[88.754997,21.66564],[88.730774,21.682032],[88.729538,21.68713],[88.741219,21.69076],[88.744713,21.68416],[88.757782,21.683664],[88.762756,21.69293],[88.757225,21.699722],[88.758057,21.709909],[88.746765,21.706005],[88.736389,21.720001],[88.748833,21.70715],[88.773827,21.718],[88.776108,21.72361],[88.752533,21.732],[88.752228,21.74861],[88.759262,21.759218],[88.745827,21.771391],[88.728058,21.777779],[88.727203,21.791786],[88.716202,21.807381]]],[[[88.171112,21.808611],[88.165833,21.802778],[88.16861,21.791111],[88.173607,21.79694],[88.171112,21.808611]]],[[[88.544571,21.81032],[88.526382,21.80028],[88.504448,21.771667],[88.504723,21.762625],[88.521736,21.77191],[88.535027,21.792063],[88.525482,21.773661],[88.504494,21.757891],[88.519447,21.719166],[88.526535,21.719189],[88.534042,21.732817],[88.542168,21.737654],[88.554039,21.736355],[88.560547,21.73],[88.572502,21.735556],[88.562225,21.771391],[88.57222,21.787783],[88.562576,21.800701],[88.544571,21.81032]]],[[[88.421806,21.81109],[88.38266,21.7791],[88.402191,21.75145],[88.403343,21.738358],[88.411659,21.733961],[88.423393,21.72014],[88.42086,21.767231],[88.436943,21.783251],[88.442688,21.79965],[88.430122,21.799372],[88.421806,21.81109]]],[[[88.999573,21.81167],[88.994461,21.811199],[88.990349,21.789751],[89.012787,21.7798],[88.998108,21.768612],[89.023636,21.759542],[89.014122,21.79003],[89.016479,21.81197],[88.999573,21.81167]]],[[[88.750633,21.795401],[88.75103,21.813951],[88.737236,21.797665],[88.727776,21.793886],[88.728615,21.779722],[88.746292,21.77249],[88.75528,21.779722],[88.750633,21.795401]]],[[[88.828079,21.804029],[88.830589,21.810341],[88.821671,21.822901],[88.783897,21.76552],[88.791397,21.74972],[88.808891,21.74972],[88.830002,21.76667],[88.821083,21.78487],[88.828079,21.804029]]],[[[88.787498,21.745001],[88.782501,21.7675],[88.795563,21.785831],[88.787247,21.796318],[88.793327,21.799932],[88.794167,21.80583],[88.781662,21.825003],[88.766579,21.787155],[88.749756,21.76965],[88.764389,21.759291],[88.754883,21.745422],[88.756317,21.733742],[88.776909,21.731091],[88.786217,21.73612],[88.783607,21.740557],[88.787498,21.745001]]],[[[88.915833,21.825834],[88.883057,21.807501],[88.89666,21.787783],[88.90667,21.79389],[88.898056,21.78639],[88.900833,21.778053],[88.894722,21.755556],[88.897781,21.751944],[88.912781,21.75528],[88.911392,21.761671],[88.91861,21.769444],[88.923332,21.788055],[88.918053,21.792225],[88.936668,21.816101],[88.935539,21.822227],[88.920563,21.823059],[88.915833,21.825834]]],[[[88.181946,21.825829],[88.17778,21.825293],[88.185486,21.819632],[88.181946,21.825829]]],[[[88.484879,21.83469],[88.477615,21.83466],[88.47139,21.82556],[88.450012,21.81472],[88.45755,21.801668],[88.486389,21.799166],[88.498848,21.81032],[88.49778,21.822227],[88.489288,21.835173],[88.484879,21.83469]]],[[[88.941391,21.847221],[88.93528,21.84528],[88.932777,21.836945],[88.924446,21.835833],[88.926392,21.824167],[88.934998,21.824444],[88.938896,21.81694],[88.92028,21.7925],[88.924446,21.7875],[88.92083,21.77],[88.912781,21.76111],[88.915001,21.755833],[88.923599,21.76667],[88.947502,21.763891],[88.957497,21.769444],[88.959724,21.775555],[88.939972,21.783064],[88.940277,21.793055],[88.95417,21.80806],[88.970001,21.802778],[88.974442,21.81389],[88.974998,21.822781],[88.955276,21.824438],[88.941391,21.847221]]],[[[88.592216,21.85],[88.582726,21.842279],[88.576042,21.817034],[88.59005,21.798052],[88.613892,21.798056],[88.607498,21.816942],[88.61805,21.829245],[88.592216,21.85]]],[[[88.519958,21.854637],[88.515831,21.839445],[88.525002,21.835276],[88.527496,21.84333],[88.519958,21.854637]]],[[[88.331131,21.860687],[88.311943,21.854271],[88.315353,21.84466],[88.307022,21.829691],[88.274689,21.818871],[88.259773,21.804207],[88.26387,21.794174],[88.285561,21.78941],[88.296013,21.77405],[88.299622,21.783863],[88.30957,21.783972],[88.310349,21.793486],[88.293892,21.80278],[88.311089,21.79504],[88.311111,21.783056],[88.300301,21.782358],[88.29837,21.776741],[88.30957,21.73431],[88.306412,21.714954],[88.316505,21.709009],[88.33223,21.71044],[88.345001,21.721666],[88.339996,21.74856],[88.343765,21.760557],[88.356911,21.766855],[88.378044,21.769444],[88.379677,21.788481],[88.362938,21.794832],[88.35128,21.82247],[88.352486,21.854574],[88.331131,21.860687]]],[[[88.85611,21.86528],[88.837219,21.843056],[88.841393,21.807501],[88.835556,21.781111],[88.864441,21.779171],[88.877502,21.764721],[88.881111,21.747223],[88.913887,21.728333],[88.921387,21.74361],[88.916107,21.74778],[88.89917,21.746666],[88.891937,21.752781],[88.898056,21.77861],[88.881943,21.798328],[88.87722,21.85111],[88.857498,21.855556],[88.855278,21.858061],[88.85611,21.86528]]],[[[88.136948,21.875],[88.134293,21.877172],[88.12175,21.865311],[88.072853,21.780182],[88.061386,21.734442],[88.044098,21.717052],[88.03727,21.677191],[88.041389,21.649721],[88.070557,21.63389],[88.082497,21.635],[88.108887,21.62611],[88.141388,21.632223],[88.154724,21.650833],[88.15583,21.679173],[88.143684,21.67915],[88.154816,21.685085],[88.156113,21.705002],[88.170944,21.745102],[88.163666,21.80015],[88.171936,21.812502],[88.153656,21.835905],[88.136948,21.875]]],[[[88.789169,21.878611],[88.776947,21.866953],[88.781944,21.858889],[88.771111,21.852779],[88.765831,21.830553],[88.768333,21.826944],[88.785004,21.825834],[88.789719,21.82111],[88.794998,21.810556],[88.79528,21.80139],[88.789169,21.795555],[88.794441,21.79167],[88.821114,21.825556],[88.818886,21.851667],[88.822777,21.85111],[88.821945,21.840555],[88.82972,21.862221],[88.821663,21.871111],[88.808334,21.866945],[88.801941,21.867781],[88.798889,21.870832],[88.800827,21.877501],[88.79361,21.866667],[88.788612,21.863331],[88.78611,21.866945],[88.792221,21.87361],[88.789169,21.878611]]],[[[88.979057,21.89349],[88.969482,21.88969],[88.979126,21.867441],[88.965736,21.859591],[88.950287,21.838091],[88.956848,21.826813],[88.970886,21.827539],[88.978516,21.822683],[88.976418,21.804468],[88.967499,21.799471],[88.953926,21.803295],[88.942787,21.786501],[88.970497,21.775091],[88.985275,21.787777],[88.993073,21.813063],[89.014267,21.814919],[89.009071,21.822977],[89.017822,21.816151],[89.029762,21.832766],[89.027748,21.845858],[89.006775,21.853474],[88.997223,21.869722],[88.990021,21.868067],[88.997849,21.87118],[89.009346,21.853203],[89.024757,21.849216],[89.03038,21.85479],[89.029236,21.865377],[88.979057,21.89349]]],[[[88.621666,21.897779],[88.605835,21.880278],[88.595001,21.854166],[88.606392,21.846109],[88.609726,21.83639],[88.621666,21.83028],[88.611946,21.816669],[88.622543,21.792803],[88.638893,21.784718],[88.653442,21.868021],[88.633614,21.869722],[88.634705,21.8773],[88.621666,21.897779]]],[[[88.816948,21.901112],[88.811386,21.896389],[88.808891,21.882778],[88.802498,21.878328],[88.800278,21.870556],[88.807777,21.868055],[88.82222,21.872225],[88.82972,21.865],[88.840553,21.887501],[88.830826,21.897511],[88.816948,21.901112]]],[[[88.56234,21.897461],[88.546242,21.90443],[88.540916,21.902122],[88.550262,21.880959],[88.540428,21.86989],[88.542503,21.85556],[88.530556,21.847778],[88.533852,21.834131],[88.550713,21.817406],[88.554443,21.823891],[88.550003,21.831671],[88.554573,21.82752],[88.563118,21.830931],[88.572777,21.859165],[88.576111,21.889168],[88.570503,21.901199],[88.56234,21.897461]]],[[[88.44648,21.904921],[88.440346,21.906141],[88.433609,21.901112],[88.419006,21.902403],[88.41861,21.888948],[88.399986,21.872499],[88.392517,21.832602],[88.402206,21.79777],[88.418861,21.81193],[88.424591,21.812311],[88.430626,21.800489],[88.445457,21.801661],[88.461678,21.78986],[88.463989,21.795502],[88.449471,21.804743],[88.448318,21.81572],[88.476379,21.836945],[88.488808,21.83828],[88.489723,21.858261],[88.481621,21.888021],[88.458679,21.894436],[88.451668,21.90489],[88.44648,21.904921]]],[[[88.718056,21.907223],[88.697128,21.848797],[88.704178,21.85778],[88.717499,21.855831],[88.704178,21.85611],[88.696663,21.838055],[88.702766,21.824718],[88.70472,21.829445],[88.716118,21.827499],[88.728058,21.8375],[88.716667,21.826111],[88.705002,21.827499],[88.707497,21.81139],[88.71833,21.80806],[88.72583,21.794447],[88.736946,21.799166],[88.749733,21.816393],[88.752502,21.812502],[88.753052,21.788061],[88.758057,21.781391],[88.777222,21.821671],[88.764168,21.828611],[88.768608,21.852209],[88.780563,21.85944],[88.771111,21.876398],[88.756111,21.880278],[88.748047,21.896111],[88.726669,21.899164],[88.718056,21.907223]]],[[[88.106949,21.8936],[88.112503,21.910555],[88.104446,21.897779],[88.109299,21.883881],[88.111946,21.888338],[88.106949,21.8936]]],[[[88.504723,21.912781],[88.488609,21.91028],[88.476936,21.898611],[88.49028,21.889444],[88.509163,21.91083],[88.504723,21.912781]]],[[[88.452454,21.906338],[88.455612,21.914131],[88.442184,21.908045],[88.452454,21.906338]]],[[[88.639999,21.92168],[88.623451,21.900869],[88.636131,21.8787],[88.635002,21.870556],[88.652779,21.87356],[88.667503,21.912777],[88.639999,21.92168]]],[[[88.134789,21.926744],[88.125,21.925833],[88.116112,21.91778],[88.129448,21.89889],[88.144463,21.915537],[88.134789,21.926744]]],[[[88.836555,21.917892],[88.820503,21.92877],[88.823608,21.915831],[88.854164,21.889444],[88.854446,21.869167],[88.861115,21.864445],[88.856667,21.85972],[88.86055,21.85611],[88.878052,21.853889],[88.880554,21.820833],[88.888046,21.812222],[88.914223,21.827276],[88.922501,21.824444],[88.922783,21.83556],[88.931946,21.838333],[88.933327,21.845831],[88.939163,21.85],[88.925552,21.85111],[88.92083,21.854721],[88.914726,21.861111],[88.913887,21.879168],[88.907501,21.879169],[88.915558,21.880278],[88.917778,21.860558],[88.926941,21.852209],[88.938896,21.853613],[88.94722,21.840563],[88.952766,21.851391],[88.950279,21.864166],[88.956665,21.870277],[88.948059,21.885],[88.941948,21.883333],[88.949722,21.886391],[88.958885,21.869722],[88.952225,21.864445],[88.955559,21.853889],[88.976669,21.868889],[88.96611,21.891666],[88.97361,21.897778],[88.914566,21.92812],[88.888107,21.914511],[88.836555,21.917892]]],[[[88.72361,21.931944],[88.716942,21.918608],[88.719437,21.908609],[88.729156,21.899721],[88.75,21.896391],[88.758057,21.880833],[88.770271,21.878611],[88.776108,21.86972],[88.786942,21.878889],[88.791397,21.878889],[88.793602,21.874161],[88.786942,21.866112],[88.790833,21.865278],[88.796669,21.876671],[88.807503,21.88361],[88.808609,21.89389],[88.814453,21.90139],[88.800003,21.919167],[88.786942,21.9175],[88.756111,21.926947],[88.735275,21.918333],[88.72361,21.931944]]],[[[88.16333,21.937222],[88.159721,21.92861],[88.165001,21.916389],[88.171669,21.929171],[88.16333,21.937222]]],[[[88.745392,21.979738],[88.725441,21.978848],[88.723732,21.973816],[88.722397,21.942631],[88.73333,21.924721],[88.741699,21.922247],[88.758774,21.930805],[88.789421,21.92028],[88.799393,21.925928],[88.805275,21.937351],[88.788902,21.940714],[88.785957,21.952612],[88.77504,21.941641],[88.751198,21.954458],[88.754517,21.973808],[88.745392,21.979738]]],[[[88.759163,21.998608],[88.758713,22.007065],[88.742172,21.989813],[88.742561,21.983713],[88.75222,21.988058],[88.759163,21.998608]]],[[[88.659973,22.019213],[88.65358,22.01935],[88.634857,21.995951],[88.628647,21.958031],[88.634903,21.951078],[88.657806,21.95392],[88.677872,21.94306],[88.687416,21.95299],[88.667778,21.953331],[88.690849,21.955618],[88.694733,21.96139],[88.684982,21.97357],[88.691429,21.984304],[88.6875,21.991671],[88.692871,21.984053],[88.686737,21.97296],[88.692596,21.969769],[88.715736,22.000549],[88.674904,22.018877],[88.659973,22.019213]]],[[[88.141388,22.02639],[88.093887,22.011391],[88.075546,21.99778],[88.051971,21.947559],[88.047226,21.911671],[88.085556,21.930828],[88.143326,22.02084],[88.141388,22.02639]]],[[[88.812767,22.019442],[88.801392,22.029722],[88.78083,22.016388],[88.761726,22.014908],[88.761391,22.007961],[88.772499,22.012218],[88.761482,22.006334],[88.760277,21.996943],[88.753609,21.988058],[88.775002,21.991116],[88.789406,21.985682],[88.781746,21.974861],[88.800293,21.970453],[88.781036,21.973642],[88.783257,21.982449],[88.775558,21.98889],[88.751953,21.984732],[88.756668,21.974722],[88.752502,21.956112],[88.775276,21.943611],[88.78389,21.95389],[88.78833,21.95417],[88.791397,21.941391],[88.829941,21.937601],[88.838821,21.927385],[88.856583,21.91906],[88.888298,21.920732],[88.907272,21.929537],[88.904167,22.007223],[88.899719,22.01306],[88.878891,22.011667],[88.86528,22.024446],[88.848343,22.017771],[88.812767,22.019442]]],[[[88.763809,22.05167],[88.75161,22.05102],[88.761673,22.021391],[88.77861,22.020281],[88.791428,22.031332],[88.779556,22.036551],[88.776062,22.049383],[88.763809,22.05167]]],[[[88.902786,22.045334],[88.902687,22.050364],[88.886398,22.057774],[88.892044,22.049337],[88.889641,22.04558],[88.851952,22.041683],[88.871109,22.027224],[88.876663,22.015093],[88.891701,22.014725],[88.90136,22.01832],[88.902786,22.045334]]],[[[89.016197,22.05092],[89.015686,22.062931],[89.007774,22.050833],[89.001701,22.059353],[88.985168,22.055223],[88.985504,22.045916],[88.968063,22.015202],[88.979156,22.004721],[88.974617,21.993292],[88.982208,21.993532],[88.999359,22.007105],[88.982529,21.992495],[88.976387,21.991116],[88.990005,21.985271],[88.992867,21.97394],[89.005386,21.988333],[89.032501,22.002083],[89.0298,21.996532],[89.00544,21.98649],[89.01561,21.983536],[89.018066,21.975534],[88.999519,21.949608],[89.030327,21.926443],[89.049461,21.92985],[89.041466,21.932631],[89.041389,21.950632],[89.042641,21.933825],[89.06015,21.932123],[89.07029,21.955017],[89.069321,21.984373],[89.072357,21.969271],[89.077789,21.982052],[89.073845,22.003408],[89.04081,22.048872],[89.016197,22.05092]]],[[[88.635826,22.050819],[88.630836,22.063068],[88.628899,22.053881],[88.635826,22.050819]]],[[[88.811859,22.060755],[88.805092,22.064331],[88.794472,22.054241],[88.787575,22.059629],[88.780022,22.038233],[88.794662,22.03089],[88.805847,22.033281],[88.81295,22.025251],[88.831863,22.026976],[88.831429,22.050241],[88.818398,22.061295],[88.811859,22.060755]]],[[[88.87056,22.078939],[88.869156,22.081366],[88.853378,22.078871],[88.8424,22.072014],[88.836029,22.072832],[88.837433,22.067183],[88.834831,22.06415],[88.833466,22.06391],[88.828987,22.070135],[88.819443,22.063057],[88.83329,22.051691],[88.845131,22.061522],[88.841293,22.055328],[88.845001,22.053612],[88.833717,22.050085],[88.831665,22.043798],[88.838066,22.024166],[88.859627,22.026039],[88.850037,22.041033],[88.853493,22.044434],[88.890289,22.047832],[88.87001,22.063305],[88.87056,22.078939]]],[[[88.904083,22.084208],[88.895973,22.08917],[88.882027,22.084164],[88.869789,22.086592],[88.872223,22.07863],[88.871292,22.063852],[88.891182,22.060892],[88.894173,22.075422],[88.904083,22.084208]]],[[[88.722305,22.099134],[88.692032,22.08552],[88.692886,22.078077],[88.722305,22.099134]]],[[[88.803467,22.085274],[88.798531,22.108728],[88.784271,22.107174],[88.771217,22.08502],[88.756973,22.078257],[88.748299,22.057791],[88.772957,22.054281],[88.781021,22.048435],[88.787498,22.071943],[88.793549,22.055784],[88.805214,22.065737],[88.813446,22.06201],[88.828766,22.071501],[88.833778,22.065073],[88.836212,22.066339],[88.827782,22.086035],[88.814583,22.080591],[88.803467,22.085274]]],[[[88.817902,22.12303],[88.807037,22.125521],[88.798691,22.110929],[88.805901,22.084753],[88.813736,22.081944],[88.825493,22.087851],[88.821182,22.092022],[88.819206,22.104422],[88.822121,22.092663],[88.832207,22.083612],[88.838089,22.073078],[88.851685,22.079487],[88.867233,22.08222],[88.838661,22.089922],[88.843719,22.098093],[88.841782,22.090034],[88.867943,22.08502],[88.849609,22.103441],[88.845726,22.119421],[88.832016,22.12443],[88.817902,22.12303]]],[[[88.729279,22.113621],[88.736275,22.128777],[88.730103,22.12397],[88.729279,22.113621]]],[[[88.865143,22.16699],[88.84861,22.168583],[88.860321,22.14282],[88.830696,22.127081],[88.845863,22.121962],[88.852539,22.102852],[88.872719,22.087683],[88.881302,22.085562],[88.894547,22.090853],[88.889511,22.101519],[88.89222,22.114449],[88.890526,22.101042],[88.896286,22.09115],[88.908089,22.087023],[88.915276,22.090046],[88.923126,22.10758],[88.906433,22.129263],[88.89994,22.148092],[88.885452,22.165091],[88.865143,22.16699]]],[[[88.949966,22.189192],[88.942642,22.190285],[88.946419,22.1859],[88.945251,22.182358],[88.932663,22.174513],[88.925362,22.175213],[88.926086,22.167562],[88.919716,22.161112],[88.893936,22.169699],[88.912796,22.130392],[88.926796,22.123732],[88.937866,22.126699],[88.938698,22.128382],[88.929573,22.135914],[88.930527,22.13896],[88.936478,22.142813],[88.930603,22.13785],[88.940208,22.128572],[88.93898,22.125875],[88.930229,22.122501],[88.923248,22.122942],[88.930573,22.097775],[88.90876,22.078756],[88.901703,22.065655],[88.909531,22.052092],[88.907829,22.034803],[88.915535,22.015806],[88.91272,21.99436],[88.937943,21.934607],[88.966423,21.923109],[88.970261,21.92905],[88.962502,21.934723],[88.974983,21.939728],[88.976387,21.946112],[88.975716,21.938543],[88.964722,21.934433],[88.97197,21.928654],[88.969246,21.920832],[88.994705,21.905846],[89.012573,21.901995],[89.020943,21.922121],[89.011269,21.934183],[88.996376,21.940893],[88.990936,21.951935],[89.013367,21.979361],[89.009003,21.981911],[88.992233,21.970003],[88.987747,21.983381],[88.973053,21.987223],[88.975807,22.003775],[88.962219,22.016668],[88.977058,22.037901],[88.961113,22.049532],[88.963951,22.056581],[88.941231,22.06222],[88.93486,22.05514],[88.93528,22.025835],[88.946388,22.00028],[88.930946,22.001329],[88.923889,22.024673],[88.924637,22.064592],[88.936668,22.0725],[88.965843,22.07778],[88.967499,22.080002],[88.963196,22.090891],[88.955414,22.096666],[88.951668,22.10528],[88.955978,22.10177],[88.957573,22.096256],[88.963707,22.091963],[88.967239,22.083075],[88.969193,22.082829],[88.984917,22.127123],[88.985466,22.137869],[88.98175,22.132524],[88.978638,22.131311],[88.968681,22.14226],[88.969093,22.155493],[88.952751,22.158468],[88.970032,22.156301],[88.969635,22.143328],[88.980797,22.13323],[88.98497,22.139832],[88.984863,22.148481],[88.969406,22.165071],[88.960663,22.189352],[88.949966,22.189192]]],[[[89.00193,22.199171],[88.972687,22.193438],[88.976044,22.170525],[88.990761,22.154135],[88.996941,22.138027],[88.980667,22.080091],[88.962486,22.06082],[88.965843,22.055502],[88.962433,22.050631],[88.978409,22.039881],[88.984833,22.056841],[89.00209,22.059999],[89.007629,22.052462],[89.014999,22.064367],[89.018021,22.060858],[89.01741,22.051977],[89.025566,22.05266],[89.028938,22.060503],[89.027603,22.07778],[89.022453,22.078526],[89.027687,22.079153],[89.028931,22.076216],[89.029991,22.059799],[89.027672,22.053522],[89.038544,22.053831],[89.03167,22.087103],[89.035561,22.108908],[89.014847,22.114529],[89.029427,22.122904],[89.016296,22.114193],[89.035561,22.110668],[89.050346,22.13105],[89.018974,22.153379],[89.013901,22.194731],[89.00193,22.199171]]],[[[88.69519,22.208612],[88.684158,22.207474],[88.680832,22.187502],[88.652863,22.163391],[88.634171,22.106798],[88.654167,22.076202],[88.664032,22.023611],[88.677277,22.022184],[88.702812,22.007067],[88.715309,22.010208],[88.721046,22.005301],[88.739441,22.0173],[88.736038,22.031019],[88.690834,22.057323],[88.68425,22.066896],[88.683327,22.08139],[88.692535,22.093092],[88.72213,22.112141],[88.728157,22.12425],[88.738533,22.134911],[88.753929,22.14502],[88.766388,22.146111],[88.789169,22.168612],[88.769279,22.179728],[88.764977,22.1922],[88.741188,22.197111],[88.732399,22.19401],[88.69519,22.208612]]],[[[88.844749,22.189192],[88.835037,22.20719],[88.827698,22.207712],[88.826767,22.198359],[88.840508,22.17494],[88.838562,22.16745],[88.830063,22.165091],[88.809196,22.179411],[88.776093,22.14612],[88.749733,22.13529],[88.734856,22.104443],[88.702927,22.07884],[88.705498,22.064224],[88.717499,22.057871],[88.739166,22.056992],[88.749077,22.080271],[88.769058,22.091949],[88.777641,22.111221],[88.794266,22.113949],[88.804611,22.130541],[88.82106,22.126696],[88.855888,22.144453],[88.845612,22.148203],[88.851418,22.15513],[88.843323,22.166681],[88.850792,22.173565],[88.868286,22.171186],[88.863846,22.197611],[88.859612,22.2041],[88.852791,22.203871],[88.849968,22.191771],[88.844749,22.189192]]],[[[88.932373,22.225],[88.919098,22.23105],[88.916534,22.207865],[88.908134,22.195787],[88.931282,22.177155],[88.944687,22.184765],[88.940407,22.189722],[88.941902,22.19248],[88.957397,22.191683],[88.961441,22.196644],[88.954514,22.221025],[88.932373,22.225]]],[[[88.812599,22.283392],[88.795052,22.276075],[88.791565,22.258436],[88.772842,22.250212],[88.769432,22.240931],[88.762047,22.241417],[88.752586,22.230913],[88.747177,22.199011],[88.767441,22.19421],[88.77079,22.185116],[88.788078,22.178843],[88.794441,22.170511],[88.809082,22.183338],[88.834053,22.166853],[88.837776,22.176111],[88.827766,22.194441],[88.817871,22.195858],[88.815575,22.204741],[88.80584,22.208052],[88.798637,22.225531],[88.799919,22.227694],[88.814682,22.230185],[88.825676,22.241442],[88.82653,22.263472],[88.815277,22.264404],[88.812599,22.283392]]],[[[88.849861,22.362917],[88.836113,22.358335],[88.818047,22.358608],[88.80455,22.330097],[88.812233,22.315832],[88.806381,22.286242],[88.81559,22.282633],[88.816948,22.271669],[88.827515,22.265034],[88.829498,22.253157],[88.827499,22.240555],[88.81855,22.23094],[88.800537,22.226252],[88.805611,22.220955],[88.806717,22.208952],[88.816368,22.205843],[88.820129,22.196161],[88.829178,22.20999],[88.836792,22.20706],[88.84462,22.190285],[88.848007,22.191174],[88.850372,22.202471],[88.855186,22.206381],[88.860466,22.204851],[88.86554,22.198088],[88.881538,22.200331],[88.882278,22.211599],[88.849464,22.209789],[88.841026,22.21232],[88.839478,22.216103],[88.858353,22.244444],[88.876045,22.252649],[88.860016,22.244642],[88.840828,22.214808],[88.849327,22.211399],[88.883896,22.211981],[88.883438,22.200052],[88.86618,22.194147],[88.872269,22.17137],[88.885757,22.16754],[88.898224,22.177908],[88.919098,22.165628],[88.920723,22.176092],[88.904488,22.197243],[88.913681,22.216438],[88.885941,22.235722],[88.893333,22.251944],[88.886932,22.265272],[88.876167,22.27368],[88.865303,22.269941],[88.843613,22.290003],[88.84948,22.289621],[88.864639,22.271112],[88.876221,22.274549],[88.887123,22.266287],[88.895447,22.252836],[88.88726,22.235994],[88.913528,22.219891],[88.918312,22.232916],[88.954079,22.225241],[88.951347,22.242731],[88.935829,22.25139],[88.929871,22.261679],[88.936928,22.299112],[88.915833,22.309446],[88.911392,22.305834],[88.8908,22.343731],[88.870552,22.357782],[88.864723,22.356672],[88.849861,22.362917]]],[[[88.984756,22.382433],[88.988869,22.39156],[88.967361,22.40769],[88.974167,22.395002],[88.967819,22.388582],[88.964622,22.367441],[88.954025,22.360136],[88.9533,22.27944],[88.947502,22.255001],[88.961395,22.242714],[88.972519,22.209711],[88.985077,22.205561],[89.007858,22.210688],[89.019753,22.205387],[89.027206,22.187712],[89.023529,22.16538],[89.034576,22.15333],[89.055557,22.142492],[89.062187,22.128429],[89.08979,22.1453],[89.096367,22.154531],[89.092552,22.15777],[89.077736,22.145035],[89.068642,22.147362],[89.060867,22.166761],[89.068932,22.18943],[89.066757,22.198536],[89.037048,22.226713],[89.031883,22.257624],[89.014191,22.251921],[89.011627,22.258623],[89.017746,22.268312],[88.994164,22.285555],[88.993965,22.293098],[89.00029,22.298063],[89.023331,22.297503],[89,22.323336],[88.990067,22.321142],[88.983505,22.325644],[88.988487,22.363394],[88.98275,22.372135],[88.984756,22.382433]]],[[[88.861946,22.398888],[88.861664,22.410555],[88.855408,22.387133],[88.860832,22.370832],[88.876915,22.361483],[88.899445,22.337778],[88.903107,22.346071],[88.89917,22.357782],[88.894722,22.356112],[88.897781,22.36388],[88.883751,22.371992],[88.875023,22.386318],[88.880577,22.403212],[88.873047,22.400282],[88.87278,22.387503],[88.86528,22.386669],[88.866386,22.397499],[88.861946,22.398888]]],[[[87.911942,22.43222],[87.90889,22.43],[87.91832,22.43],[87.911942,22.43222]]],[[[88.859169,22.469444],[88.856941,22.472502],[88.85611,22.458891],[88.859169,22.469444]]],[[[88.781387,22.500563],[88.804276,22.444086],[88.818748,22.432482],[88.834473,22.433674],[88.821945,22.434452],[88.827347,22.445671],[88.812767,22.453611],[88.810204,22.480593],[88.798416,22.487518],[88.79248,22.49835],[88.781387,22.500563]]],[[[88.897697,22.548861],[88.89489,22.55419],[88.889999,22.548334],[88.888336,22.553892],[88.869156,22.530832],[88.869667,22.54088],[88.868065,22.5226],[88.855591,22.509373],[88.843613,22.507399],[88.845703,22.501699],[88.859657,22.500645],[88.867767,22.487371],[88.858582,22.482529],[88.860344,22.468052],[88.856758,22.455482],[88.861046,22.445482],[88.854782,22.437922],[88.85598,22.423391],[88.861481,22.413212],[88.882187,22.403637],[88.876602,22.386917],[88.886391,22.372498],[88.888931,22.37636],[88.898056,22.366667],[88.888046,22.378332],[88.894173,22.378061],[88.898163,22.386499],[88.921669,22.400553],[88.902779,22.414724],[88.908058,22.433641],[88.892326,22.465353],[88.896591,22.474424],[88.892502,22.485003],[88.905235,22.497789],[88.894997,22.501669],[88.896942,22.507223],[88.902779,22.503887],[88.905731,22.521803],[88.902321,22.527281],[88.900482,22.545853],[88.897697,22.548861]]],[[[88.934196,22.564032],[88.930008,22.563128],[88.933052,22.55806],[88.934196,22.564032]]],[[[88.920166,22.565306],[88.895042,22.559641],[88.901863,22.546442],[88.904228,22.526262],[88.910004,22.524166],[88.906387,22.519171],[88.910553,22.520002],[88.914444,22.51111],[88.906113,22.508333],[88.909721,22.505556],[88.906113,22.494162],[88.896606,22.485252],[88.898651,22.475674],[88.894722,22.467222],[88.904228,22.44532],[88.920616,22.42631],[88.907776,22.415833],[88.92614,22.405802],[88.928009,22.398306],[88.921944,22.391668],[88.93,22.39028],[88.922783,22.384451],[88.915291,22.391872],[88.896431,22.379829],[88.907036,22.336271],[88.928673,22.313311],[88.941673,22.309881],[88.953453,22.365141],[88.94474,22.37042],[88.944695,22.380968],[88.934044,22.396376],[88.940247,22.40139],[88.939705,22.419485],[88.946602,22.420031],[88.940208,22.418501],[88.941963,22.400282],[88.93528,22.396391],[88.946663,22.381392],[88.946953,22.370283],[88.957222,22.364721],[88.970001,22.39361],[88.964165,22.409166],[88.998611,22.430292],[88.988327,22.44306],[88.995277,22.466944],[88.978333,22.4825],[88.959709,22.549021],[88.933502,22.55612],[88.920166,22.565306]]],[[[88.751686,27.148211],[88.724541,27.138521],[88.711807,27.16515],[88.68441,27.180229],[88.642487,27.167158],[88.619019,27.187853],[88.591476,27.19446],[88.528999,27.177761],[88.52993,27.15015],[88.518707,27.1478],[88.496407,27.128153],[88.469078,27.117302],[88.460182,27.09585],[88.439621,27.084169],[88.331741,27.108168],[88.304497,27.128601],[88.278137,27.130831],[88.232506,27.119768],[88.213837,27.135122],[88.188507,27.13442],[88.172607,27.13032],[88.152313,27.11171],[88.092667,27.136278],[88.083832,27.14502],[88.08326,27.165043],[88.072327,27.17934],[88.068237,27.204731],[88.058197,27.21389],[88.023987,27.220661],[88.014305,27.203524],[88.021492,27.171907],[88.009926,27.14296],[87.991417,27.123316],[87.991905,27.116373],[87.997887,27.103207],[88.004341,27.104681],[88.023491,27.082037],[88.029594,27.053047],[88.042923,27.036373],[88.062263,27.028734],[88.079506,27.035082],[88.095039,27.00404],[88.117683,26.988485],[88.137428,26.985331],[88.1259,26.969591],[88.12574,26.959784],[88.133453,26.938322],[88.148621,26.920416],[88.139305,26.900251],[88.17347,26.869175],[88.176361,26.856256],[88.171143,26.841501],[88.187523,26.782812],[88.189125,26.740067],[88.184662,26.719185],[88.169998,26.698927],[88.160805,26.635672],[88.144646,26.625483],[88.132507,26.601028],[88.132721,26.573286],[88.128052,26.577169],[88.113945,26.567951],[88.116188,26.559368],[88.107971,26.554287],[88.105476,26.53904],[88.106148,26.535624],[88.137657,26.514193],[88.15744,26.518742],[88.168266,26.537361],[88.17868,26.53087],[88.182426,26.542931],[88.196686,26.54356],[88.20742,26.535221],[88.216896,26.541561],[88.21389,26.55077],[88.231201,26.551983],[88.225822,26.52664],[88.18634,26.500071],[88.183403,26.4884],[88.193756,26.472021],[88.22596,26.472021],[88.224602,26.45575],[88.26561,26.42338],[88.263153,26.41501],[88.230446,26.393961],[88.23761,26.375378],[88.267593,26.381161],[88.289139,26.351139],[88.272438,26.33054],[88.265266,26.336491],[88.25631,26.330118],[88.211159,26.280001],[88.189369,26.275101],[88.167061,26.2572],[88.144447,26.2528],[88.137413,26.243771],[88.135826,26.22821],[88.113907,26.22398],[88.074829,26.18128],[88.05233,26.171673],[88.040466,26.176811],[88.017517,26.15556],[88.015091,26.142908],[87.999107,26.14039],[87.982109,26.15918],[87.964058,26.151979],[87.968773,26.139351],[87.95713,26.12886],[87.975632,26.12163],[87.954948,26.105682],[87.957657,26.09709],[87.969482,26.091648],[87.968132,26.081362],[87.936943,26.07975],[87.931129,26.068951],[87.916527,26.079699],[87.895729,26.07987],[87.877693,26.057911],[87.849152,26.04497],[87.841652,26.032301],[87.826042,25.988312],[87.831261,25.9641],[87.824806,25.943661],[87.829933,25.935452],[87.817871,25.93302],[87.803581,25.920721],[87.803558,25.913948],[87.817261,25.909189],[87.81459,25.898842],[87.822838,25.871468],[87.867661,25.86445],[87.878746,25.858459],[87.899452,25.859831],[87.910912,25.851749],[87.895309,25.833179],[87.88765,25.83287],[87.890968,25.826509],[87.897957,25.82765],[87.9076,25.809393],[87.896729,25.81106],[87.901886,25.803989],[87.897743,25.771811],[87.929199,25.772091],[87.938629,25.748541],[87.979668,25.71846],[87.987709,25.72002],[88.017517,25.702499],[88.016159,25.691719],[88.030167,25.698811],[88.039856,25.698139],[88.04863,25.690571],[88.046143,25.644411],[88.035553,25.636831],[88.054298,25.63286],[88.039429,25.6273],[88.041397,25.605499],[88.031311,25.598263],[88.038589,25.595041],[88.026497,25.585901],[88.033928,25.565901],[88.027046,25.55327],[88.035713,25.53673],[88.055977,25.52993],[88.066879,25.51642],[88.06385,25.50617],[88.072853,25.503901],[88.061676,25.48559],[88.042137,25.48539],[88.034508,25.492731],[88.028687,25.48897],[88.009949,25.500971],[88.007477,25.510391],[88.004242,25.49404],[87.986633,25.50263],[87.986038,25.52483],[87.964088,25.533081],[87.926048,25.536213],[87.9161,25.53191],[87.900513,25.507231],[87.879219,25.51597],[87.860863,25.486052],[87.864288,25.46789],[87.82769,25.458832],[87.820923,25.439772],[87.806801,25.434778],[87.792603,25.44562],[87.765862,25.424292],[87.771271,25.411558],[87.759102,25.405041],[87.765701,25.377991],[87.788826,25.37225],[87.781593,25.3384],[87.797287,25.322081],[87.820351,25.31282],[87.853302,25.28937],[87.856522,25.277773],[87.849251,25.253428],[87.841583,25.25358],[87.830246,25.23966],[87.832306,25.200781],[87.810043,25.211733],[87.785187,25.20908],[87.77121,25.138731],[87.772667,25.099098],[87.792877,25.075731],[87.834938,25.057018],[87.864342,25.03985],[87.880821,25.020538],[87.903366,24.9984],[87.91851,24.972851],[87.939049,24.95573],[87.956276,24.94141],[87.969971,24.92358],[87.972282,24.90337],[87.969368,24.88512],[87.952347,24.87686],[87.928741,24.865883],[87.897018,24.854353],[87.894669,24.847759],[87.895691,24.83959],[87.895912,24.82757],[87.890709,24.82288],[87.874718,24.82272],[87.86631,24.820749],[87.872108,24.811863],[87.875839,24.80311],[87.876663,24.79369],[87.872337,24.791931],[87.866547,24.78245],[87.865387,24.774321],[87.854538,24.764311],[87.842468,24.762859],[87.833763,24.76586],[87.836876,24.777349],[87.837532,24.787802],[87.828369,24.776703],[87.82209,24.76672],[87.813896,24.753361],[87.825333,24.752211],[87.861038,24.731251],[87.874939,24.735088],[87.884232,24.733471],[87.890778,24.722589],[87.902153,24.718498],[87.902916,24.709938],[87.897507,24.70647],[87.897789,24.694971],[87.889412,24.68178],[87.890381,24.67033],[87.903198,24.66696],[87.913406,24.65856],[87.907852,24.64683],[87.906296,24.632643],[87.900002,24.629421],[87.888863,24.63142],[87.887146,24.62447],[87.898857,24.62574],[87.90139,24.620029],[87.899483,24.611401],[87.891182,24.6122],[87.882156,24.61359],[87.874832,24.61552],[87.873543,24.60932],[87.877998,24.609449],[87.888023,24.60533],[87.898697,24.60807],[87.907738,24.604368],[87.909973,24.593868],[87.905449,24.583801],[87.897377,24.582451],[87.890259,24.57473],[87.880737,24.56296],[87.86586,24.560831],[87.860466,24.555262],[87.850479,24.557833],[87.848213,24.55105],[87.834801,24.55633],[87.823883,24.563353],[87.816856,24.57007],[87.808998,24.576231],[87.798897,24.57781],[87.785362,24.582331],[87.767921,24.576021],[87.777748,24.571381],[87.796173,24.562382],[87.804817,24.549221],[87.803596,24.54011],[87.797981,24.535358],[87.799019,24.52091],[87.799721,24.511721],[87.799942,24.50425],[87.792603,24.497229],[87.798531,24.491859],[87.803429,24.50164],[87.805267,24.50964],[87.807343,24.506191],[87.811783,24.499001],[87.810211,24.49209],[87.81868,24.49206],[87.821907,24.496441],[87.821457,24.490089],[87.816856,24.48608],[87.809097,24.476591],[87.814789,24.47006],[87.817726,24.46232],[87.815247,24.4536],[87.806877,24.452599],[87.799721,24.44545],[87.795952,24.4394],[87.789787,24.43466],[87.792267,24.42687],[87.786209,24.418621],[87.792976,24.410631],[87.805222,24.41814],[87.80899,24.409231],[87.804253,24.403549],[87.794769,24.40008],[87.794693,24.392179],[87.797577,24.386061],[87.782356,24.360231],[87.772629,24.34938],[87.764519,24.33856],[87.764206,24.32522],[87.760078,24.319521],[87.758499,24.307831],[87.748199,24.301481],[87.740463,24.292728],[87.733047,24.28791],[87.723953,24.287493],[87.71032,24.29207],[87.708336,24.28039],[87.705437,24.271709],[87.702637,24.25992],[87.688667,24.25561],[87.681358,24.246441],[87.670677,24.24428],[87.661903,24.244951],[87.657036,24.235399],[87.649857,24.24366],[87.641731,24.249861],[87.636581,24.23818],[87.643158,24.2246],[87.637726,24.21158],[87.659019,24.207401],[87.67379,24.200491],[87.683533,24.189053],[87.693993,24.181978],[87.696411,24.17131],[87.693642,24.15917],[87.684357,24.14917],[87.667778,24.15144],[87.650543,24.15453],[87.63633,24.157381],[87.621666,24.16387],[87.604156,24.164],[87.590378,24.160091],[87.576698,24.15888],[87.576469,24.15276],[87.590042,24.1441],[87.601196,24.13518],[87.604813,24.12657],[87.592621,24.124241],[87.579651,24.115011],[87.572113,24.109711],[87.570648,24.09547],[87.576157,24.08526],[87.556282,24.08231],[87.544197,24.086561],[87.530968,24.09487],[87.526939,24.103781],[87.513672,24.110821],[87.502937,24.112801],[87.493599,24.11521],[87.495369,24.105471],[87.49585,24.097151],[87.49353,24.09309],[87.490013,24.085468],[87.502167,24.08329],[87.503571,24.077669],[87.499786,24.07254],[87.489731,24.073231],[87.491852,24.055531],[87.501373,24.04751],[87.508453,24.04254],[87.506706,24.032],[87.501312,24.026091],[87.494766,24.024351],[87.486427,24.015951],[87.476196,24.013012],[87.469246,24.011562],[87.454903,24.014961],[87.446251,24.01429],[87.436501,24.010942],[87.436783,24.007811],[87.444237,24.0091],[87.444878,24.00576],[87.443306,24.00094],[87.450676,23.999241],[87.459801,23.984833],[87.448982,23.984291],[87.436562,23.979151],[87.427589,23.983971],[87.422127,23.990801],[87.400307,23.993921],[87.389763,24.001963],[87.374008,24.006578],[87.356636,24.00919],[87.350983,23.999203],[87.337288,23.994951],[87.319893,23.99918],[87.315811,24.00709],[87.32225,24.013163],[87.332329,24.01754],[87.332359,24.03101],[87.313736,24.032391],[87.296547,24.030163],[87.282646,24.02693],[87.269188,24.03301],[87.253456,24.03734],[87.237976,24.04122],[87.232651,24.024599],[87.240349,24.01066],[87.245399,23.99855],[87.246872,23.997021],[87.248161,23.996321],[87.249603,23.995871],[87.251091,23.99571],[87.252602,23.995871],[87.254089,23.996361],[87.25531,23.997169],[87.25621,23.99827],[87.260818,24.002901],[87.26693,23.98778],[87.260727,23.97809],[87.264526,23.963482],[87.286667,23.957491],[87.291931,23.938751],[87.287689,23.920231],[87.292587,23.890141],[87.27832,23.881948],[87.261749,23.878172],[87.25631,23.898149],[87.25666,23.907593],[87.244316,23.900391],[87.2453,23.88061],[87.251526,23.84766],[87.245728,23.828072],[87.233757,23.82535],[87.218559,23.830801],[87.227966,23.842901],[87.236237,23.853069],[87.216759,23.850943],[87.191643,23.840443],[87.195419,23.850861],[87.184273,23.852911],[87.172951,23.85622],[87.156693,23.864889],[87.14077,23.865101],[87.130928,23.866961],[87.12944,23.8549],[87.145813,23.836611],[87.162209,23.82762],[87.153648,23.79845],[87.139206,23.80006],[87.112999,23.79681],[87.116333,23.80197],[87.107712,23.80187],[87.091301,23.80961],[87.076607,23.809111],[87.056946,23.816259],[87.013458,23.846943],[86.980133,23.85638],[86.963043,23.864773],[86.955757,23.849611],[86.936378,23.84486],[86.924156,23.865881],[86.895012,23.879951],[86.880089,23.866501],[86.882263,23.856611],[86.884743,23.83049],[86.884377,23.819201],[86.87693,23.821331],[86.871216,23.844181],[86.854469,23.832478],[86.825912,23.813198],[86.809303,23.814131],[86.806473,23.8281],[86.797386,23.831869],[86.79747,23.824039],[86.808411,23.788271],[86.819336,23.75227],[86.808006,23.743811],[86.79351,23.706013],[86.795677,23.69348],[86.758507,23.67848],[86.736549,23.688761],[86.693848,23.694521],[86.648849,23.682871],[86.615807,23.67164],[86.588509,23.665442],[86.565247,23.646271],[86.528656,23.628981],[86.501717,23.631578],[86.466423,23.62962],[86.438477,23.627792],[86.439636,23.6091],[86.427277,23.610331],[86.413567,23.601332],[86.400192,23.589453],[86.380928,23.58436],[86.382881,23.57202],[86.364227,23.55135],[86.357971,23.54306],[86.359657,23.53067],[86.367653,23.522558],[86.356903,23.51289],[86.358597,23.48959],[86.372147,23.486078],[86.368507,23.483961],[86.348976,23.4725],[86.347038,23.461163],[86.340416,23.452393],[86.328636,23.454981],[86.315117,23.452671],[86.300148,23.44371],[86.30999,23.437611],[86.31424,23.428289],[86.289673,23.422871],[86.280678,23.43961],[86.267197,23.440001],[86.257843,23.438219],[86.246651,23.434153],[86.250839,23.422211],[86.239891,23.422581],[86.23111,23.42952],[86.227356,23.44961],[86.232269,23.47072],[86.22406,23.457251],[86.203262,23.458681],[86.17878,23.46773],[86.167923,23.476089],[86.142677,23.477331],[86.14518,23.49399],[86.154556,23.51915],[86.149696,23.54118],[86.148468,23.55551],[86.148193,23.56542],[86.13607,23.569269],[86.119438,23.573912],[86.101547,23.573898],[86.087959,23.56764],[86.071442,23.57848],[86.046867,23.58387],[86.011009,23.561241],[86.018547,23.542431],[86.031563,23.520967],[86.048607,23.502621],[86.047226,23.493643],[86.029068,23.48716],[86.015457,23.485161],[86.001373,23.4788],[85.975662,23.47073],[85.952896,23.459629],[85.937943,23.455139],[85.906372,23.47175],[85.874123,23.476231],[85.863548,23.45949],[85.859756,23.44162],[85.872223,23.408531],[85.881721,23.403721],[85.884781,23.387341],[85.890579,23.381033],[85.895691,23.37059],[85.875031,23.36828],[85.873016,23.356899],[85.871597,23.330158],[85.877983,23.323709],[85.860771,23.31498],[85.852409,23.29446],[85.839127,23.28208],[85.830673,23.243231],[85.830727,23.21064],[85.831558,23.19512],[85.84391,23.19413],[85.859848,23.19239],[85.876579,23.16128],[85.88916,23.15176],[85.919571,23.126951],[85.925812,23.130651],[85.946739,23.13088],[85.956299,23.139471],[85.981941,23.145901],[86.002586,23.14617],[86.013893,23.141642],[86.028358,23.145712],[86.041992,23.135969],[86.046539,23.120687],[86.059288,23.10556],[86.083221,23.100931],[86.097107,23.091669],[86.114182,23.091961],[86.128647,23.08573],[86.133636,23.069901],[86.146042,23.055721],[86.153656,23.03723],[86.16671,23.026951],[86.178383,23.011721],[86.204361,23.01321],[86.206429,22.99407],[86.227066,22.99287],[86.238632,22.994888],[86.261292,22.995531],[86.265007,23.000401],[86.27552,23.0086],[86.291992,23.010071],[86.294823,23.009142],[86.298256,23.013283],[86.300423,23.00832],[86.305908,23.002489],[86.31218,22.995211],[86.332153,22.988901],[86.346489,22.993019],[86.359978,22.996681],[86.380447,22.990749],[86.387306,22.97673],[86.400307,22.983141],[86.431702,22.99033],[86.445229,22.98509],[86.463089,22.985218],[86.479362,22.98885],[86.504013,22.97802],[86.512238,22.966261],[86.520767,22.97283],[86.54203,22.97434],[86.532448,22.962233],[86.523392,22.948681],[86.507576,22.945358],[86.497726,22.945129],[86.49247,22.944231],[86.484528,22.93428],[86.470123,22.946623],[86.458206,22.932961],[86.432823,22.923403],[86.448456,22.90192],[86.451019,22.882971],[86.446671,22.86945],[86.432838,22.860491],[86.433006,22.835333],[86.417969,22.78982],[86.421989,22.774191],[86.443886,22.758591],[86.466667,22.740231],[86.481621,22.724741],[86.496536,22.715481],[86.50956,22.702263],[86.516449,22.714781],[86.539253,22.72065],[86.630379,22.66251],[86.636757,22.630819],[86.634003,22.604012],[86.648277,22.59161],[86.651703,22.57579],[86.672798,22.57238],[86.706017,22.58036],[86.759941,22.57243],[86.76696,22.55603],[86.771263,22.548311],[86.777893,22.54541],[86.782806,22.52437],[86.791779,22.513439],[86.798607,22.498821],[86.797012,22.488758],[86.795563,22.479683],[86.782516,22.47735],[86.760666,22.47891],[86.745407,22.475679],[86.75148,22.45068],[86.75795,22.435659],[86.769257,22.421581],[86.80526,22.416491],[86.838753,22.40136],[86.843597,22.387642],[86.830063,22.3384],[86.836899,22.316751],[86.872589,22.298771],[86.88623,22.294121],[86.888603,22.2757],[86.885559,22.26343],[86.873138,22.254471],[86.858353,22.254431],[86.850151,22.25927],[86.833717,22.2596],[86.820343,22.260611],[86.813828,22.25802],[86.811333,22.259481],[86.808952,22.246469],[86.803947,22.243971],[86.796913,22.243061],[86.796417,22.24991],[86.790688,22.253231],[86.797562,22.23395],[86.809868,22.238003],[86.791367,22.217541],[86.77906,22.211521],[86.782501,22.225363],[86.786819,22.22934],[86.772751,22.230343],[86.775223,22.214628],[86.755096,22.207981],[86.733757,22.21122],[86.719963,22.21019],[86.717216,22.18557],[86.715347,22.17441],[86.715446,22.143492],[86.739532,22.145082],[86.771538,22.14678],[86.786812,22.153723],[86.799263,22.13909],[86.797096,22.126131],[86.806633,22.12536],[86.806213,22.114161],[86.820831,22.113621],[86.831329,22.100691],[86.846031,22.09515],[86.922256,22.08576],[86.944267,22.08198],[86.967056,22.077751],[87.000931,22.045],[87.017616,22.041281],[87.023506,22.021021],[87.027969,21.998423],[87.032242,21.986101],[87.0149,21.95326],[87.002518,21.922359],[86.997932,21.907501],[87.014786,21.889683],[87.025116,21.87035],[87.062103,21.860189],[87.092918,21.874203],[87.093147,21.88987],[87.088768,21.898121],[87.099556,21.91098],[87.107857,21.917419],[87.114243,21.922171],[87.130913,21.918011],[87.147827,21.925928],[87.158287,21.93055],[87.161278,21.953899],[87.167442,21.97341],[87.188377,21.95701],[87.209572,21.957371],[87.224403,21.95402],[87.234848,21.95438],[87.232231,21.940361],[87.252403,21.917803],[87.236519,21.902721],[87.248978,21.86652],[87.247627,21.848207],[87.258888,21.835011],[87.263573,21.8272],[87.267807,21.81971],[87.265427,21.812891],[87.273148,21.805799],[87.273338,21.8036],[87.286987,21.803848],[87.294487,21.798422],[87.306053,21.793859],[87.317963,21.79055],[87.322861,21.785961],[87.330116,21.787703],[87.335732,21.781212],[87.339226,21.780809],[87.352081,21.78573],[87.367798,21.774639],[87.370117,21.760073],[87.373489,21.766411],[87.390961,21.770441],[87.393158,21.766138],[87.399933,21.762569],[87.412086,21.76375],[87.439308,21.76436],[87.443306,21.742121],[87.45137,21.73241],[87.454193,21.729431],[87.466057,21.725191],[87.460831,21.720501],[87.469292,21.69845],[87.468391,21.683781],[87.465073,21.671101],[87.460419,21.657129],[87.467766,21.645651],[87.478561,21.627941],[87.481712,21.613831],[87.482216,21.608891],[87.54361,21.62833],[87.553886,21.63611],[87.56118,21.633064],[87.630119,21.64673],[87.644379,21.659981],[87.643471,21.650631],[87.653336,21.648611],[87.689728,21.657501],[87.74778,21.683889],[87.753334,21.699722],[87.777222,21.693611],[87.790276,21.695278],[87.808891,21.705832],[87.832222,21.73522],[87.88472,21.779444],[87.870003,21.760441],[87.878952,21.766314],[87.894447,21.783056],[87.889023,21.792761],[87.899445,21.789442],[87.898613,21.794722],[87.929169,21.800556],[87.93972,21.82],[87.980278,21.85778],[88.053047,22.01083],[88.017769,22.040279],[88.008606,22.072781],[87.981461,22.09881],[87.969833,22.09432],[87.95961,22.09691],[87.963753,22.10372],[87.993889,22.100561],[87.996956,22.091108],[88.031944,22.063887],[88.027496,22.04722],[88.061386,22.013891],[88.084442,22.022221],[88.148613,22.059721],[88.188889,22.099167],[88.193611,22.111944],[88.135559,22.184723],[88.102776,22.191668],[88.089996,22.185833],[88.075546,22.18667],[88.064453,22.190559],[88.050003,22.205],[88.032776,22.209444],[88.022781,22.199444],[88.0075,22.201944],[87.981056,22.21616],[87.970673,22.237652],[87.940002,22.260279],[87.932777,22.309999],[87.936386,22.326111],[87.930832,22.333055],[87.940002,22.33],[87.936111,22.316944],[87.94722,22.333059],[87.948059,22.346392],[87.937225,22.355558],[87.944168,22.35722],[87.939445,22.361944],[87.943047,22.36194],[87.941528,22.368191],[87.928612,22.404722],[87.911942,22.421665],[87.89389,22.424166],[87.880836,22.438055],[87.883331,22.440828],[87.896126,22.43434],[87.921936,22.43528],[87.927498,22.420555],[87.946663,22.405281],[87.957138,22.36092],[87.958687,22.28467],[87.984863,22.245701],[88.026108,22.2225],[88.048607,22.220001],[88.075279,22.252781],[88.078613,22.28417],[88.088608,22.3025],[88.105003,22.304699],[88.103058,22.28833],[88.088608,22.262781],[88.084999,22.235559],[88.070831,22.211109],[88.116669,22.209169],[88.135559,22.201666],[88.165558,22.198891],[88.187767,22.18667],[88.203056,22.166941],[88.224442,22.091669],[88.224167,22.077497],[88.208054,22.023058],[88.178741,21.98214],[88.153603,21.95863],[88.176941,21.927221],[88.16333,21.879444],[88.208885,21.8025],[88.217781,21.778061],[88.217224,21.764444],[88.272781,21.755751],[88.26329,21.732231],[88.27224,21.73065],[88.282532,21.758038],[88.271286,21.76429],[88.25457,21.782921],[88.251663,21.801943],[88.256401,21.782803],[88.27108,21.7663],[88.282211,21.76132],[88.263626,21.788],[88.258858,21.807211],[88.276649,21.821665],[88.305603,21.830318],[88.313812,21.846783],[88.299889,21.859201],[88.260201,21.858061],[88.25528,21.871941],[88.2696,21.885193],[88.256157,21.87089],[88.261116,21.85903],[88.300591,21.861326],[88.309799,21.877684],[88.30159,21.861031],[88.309418,21.856211],[88.326927,21.86216],[88.35318,21.856924],[88.363533,21.871361],[88.369156,21.89661],[88.361839,21.915663],[88.350693,21.927389],[88.360611,21.919649],[88.370514,21.898272],[88.365829,21.87298],[88.355003,21.85474],[88.355316,21.821621],[88.364647,21.797491],[88.381638,21.791588],[88.390831,21.800058],[88.387047,21.842833],[88.393402,21.851448],[88.397499,21.885281],[88.385468,21.894348],[88.382912,21.901276],[88.38575,21.906651],[88.406242,21.920212],[88.393036,21.936285],[88.398056,21.951944],[88.373962,21.9632],[88.37278,21.965],[88.375,21.969168],[88.393311,21.971701],[88.37722,21.968891],[88.373886,21.965279],[88.398811,21.953093],[88.394188,21.937311],[88.406387,21.924471],[88.407158,21.916904],[88.389465,21.906986],[88.384743,21.899153],[88.407059,21.884811],[88.41468,21.89023],[88.419518,21.906376],[88.43264,21.902775],[88.458817,21.919895],[88.451485,21.942026],[88.469055,21.957258],[88.465347,21.961679],[88.445328,21.964155],[88.448059,21.983301],[88.441795,21.991499],[88.450401,22.009161],[88.46077,22.011534],[88.450546,22.007221],[88.443359,21.990122],[88.449432,21.98399],[88.445915,21.966557],[88.465424,21.963001],[88.470207,21.9589],[88.468971,21.953751],[88.452896,21.940054],[88.462196,21.922777],[88.455826,21.89953],[88.473869,21.895515],[88.485207,21.910789],[88.521248,21.916611],[88.521828,21.939011],[88.494583,21.955822],[88.491409,21.96624],[88.50016,21.978573],[88.51757,21.988728],[88.525383,21.98884],[88.537178,21.98003],[88.541702,21.982031],[88.555267,22.022848],[88.554764,22.035444],[88.555984,22.020838],[88.542999,21.981655],[88.536621,21.978943],[88.51976,21.9883],[88.493874,21.967405],[88.493988,21.95871],[88.521248,21.943199],[88.525513,21.930155],[88.521774,21.913742],[88.507286,21.90325],[88.494522,21.87858],[88.528053,21.853056],[88.537109,21.857759],[88.539169,21.871664],[88.547768,21.881191],[88.540276,21.903486],[88.545601,21.90589],[88.562393,21.89888],[88.570541,21.903608],[88.548843,21.921848],[88.548912,21.938173],[88.541039,21.958939],[88.541389,21.9673],[88.545792,21.97331],[88.558167,21.972895],[88.56778,21.958328],[88.556389,21.97279],[88.54361,21.970001],[88.543327,21.95389],[88.551109,21.935831],[88.550278,21.921391],[88.572502,21.907223],[88.580559,21.925831],[88.586388,21.927776],[88.573059,21.905828],[88.578056,21.889721],[88.608612,21.916111],[88.610191,21.92762],[88.601387,21.93528],[88.611534,21.931894],[88.614738,21.937538],[88.598343,21.96833],[88.614349,22.01935],[88.599907,22.023596],[88.604973,22.04756],[88.596107,22.061571],[88.596901,22.067715],[88.601906,22.072639],[88.596733,22.063297],[88.606377,22.047268],[88.603401,22.02356],[88.618301,22.021511],[88.636581,22.04574],[88.627426,22.054453],[88.619965,22.104549],[88.606667,22.107779],[88.60939,22.11554],[88.597572,22.130621],[88.603607,22.158396],[88.584366,22.166336],[88.581123,22.170641],[88.581108,22.180717],[88.572746,22.1891],[88.577187,22.198433],[88.573776,22.18931],[88.582291,22.180868],[88.582779,22.1702],[88.60463,22.159775],[88.598892,22.129723],[88.610329,22.116865],[88.609558,22.1084],[88.619286,22.108841],[88.631027,22.134691],[88.630547,22.145281],[88.633003,22.13666],[88.640839,22.144718],[88.638336,22.155281],[88.643059,22.16361],[88.664268,22.18498],[88.672539,22.201799],[88.666412,22.207981],[88.639343,22.20812],[88.630981,22.221609],[88.657257,22.250978],[88.660576,22.26622],[88.679169,22.29417],[88.666336,22.339174],[88.670563,22.326391],[88.690277,22.326944],[88.678886,22.323063],[88.684761,22.293871],[88.667633,22.267019],[88.657776,22.239166],[88.637947,22.225719],[88.63488,22.216881],[88.651985,22.211338],[88.66626,22.217291],[88.681213,22.209198],[88.701538,22.20957],[88.733612,22.195555],[88.742783,22.200279],[88.739441,22.214167],[88.745834,22.201389],[88.749588,22.220243],[88.743332,22.228613],[88.760345,22.242121],[88.768372,22.242689],[88.772552,22.251516],[88.790543,22.259481],[88.793358,22.277075],[88.804672,22.283241],[88.803215,22.296543],[88.810486,22.316605],[88.802849,22.32983],[88.818886,22.363611],[88.832626,22.359201],[88.849083,22.364502],[88.862801,22.35828],[88.870827,22.358892],[88.875908,22.354921],[88.874748,22.358118],[88.861404,22.364712],[88.852501,22.386946],[88.846107,22.388332],[88.852501,22.392221],[88.856071,22.40801],[88.848343,22.430565],[88.818947,22.430468],[88.803047,22.443022],[88.77755,22.506882],[88.752327,22.515554],[88.733932,22.50989],[88.707802,22.527695],[88.698929,22.523245],[88.689255,22.52405],[88.689949,22.533352],[88.680916,22.536388],[88.681129,22.543692],[88.672157,22.550688],[88.677406,22.593498],[88.68087,22.577385],[88.674232,22.56642],[88.673592,22.550022],[88.681923,22.54421],[88.683121,22.53686],[88.690781,22.53459],[88.690933,22.524191],[88.701942,22.530561],[88.701111,22.525557],[88.705269,22.528311],[88.710571,22.528505],[88.734146,22.51092],[88.750778,22.516966],[88.768883,22.513592],[88.782776,22.524721],[88.764442,22.528055],[88.770271,22.530001],[88.764572,22.533892],[88.761101,22.549673],[88.766113,22.560835],[88.762207,22.550055],[88.766022,22.533749],[88.784164,22.525],[88.772079,22.513058],[88.793182,22.499222],[88.799561,22.488804],[88.811768,22.481012],[88.81472,22.455833],[88.829552,22.447203],[88.824127,22.43659],[88.852081,22.432871],[88.854233,22.439932],[88.859489,22.446175],[88.851944,22.456114],[88.851669,22.475561],[88.85611,22.474722],[88.857262,22.483232],[88.86525,22.487516],[88.857491,22.500132],[88.847778,22.499949],[88.843658,22.502043],[88.843163,22.508345],[88.854721,22.510283],[88.866592,22.523031],[88.869164,22.545835],[88.878548,22.544643],[88.896385,22.563334],[88.937057,22.569656],[88.936676,22.593481],[88.957787,22.611502],[88.956276,22.618088],[88.932991,22.61833],[88.929817,22.641533],[88.910278,22.675001],[88.901848,22.676554],[88.885002,22.666424],[88.863785,22.663748],[88.857498,22.677221],[88.860825,22.694349],[88.847679,22.691374],[88.847237,22.706549],[88.809341,22.709291],[88.805771,22.7332],[88.808914,22.753431],[88.819931,22.749865],[88.81488,22.742338],[88.825691,22.739031],[88.835152,22.746778],[88.839996,22.735643],[88.846909,22.749617],[88.832497,22.753889],[88.847305,22.751741],[88.846848,22.743992],[88.840546,22.735086],[88.836655,22.736732],[88.834229,22.745453],[88.827606,22.737379],[88.814461,22.74058],[88.812843,22.744038],[88.818047,22.74958],[88.809082,22.751137],[88.809258,22.711084],[88.847977,22.70903],[88.848953,22.693533],[88.859535,22.697008],[88.864159,22.693277],[88.864853,22.664869],[88.906204,22.678926],[88.920555,22.66651],[88.931602,22.64642],[88.945518,22.65793],[88.959442,22.68889],[88.919502,22.737461],[88.919197,22.757778],[88.932587,22.781219],[88.957741,22.79355],[88.967529,22.842628],[88.946716,22.87571],[88.937698,22.869114],[88.91008,22.876478],[88.903397,22.90387],[88.914261,22.916811],[88.901772,22.92412],[88.896988,22.949301],[88.861473,22.955151],[88.869202,22.980532],[88.862076,22.99411],[88.846863,23.003901],[88.873413,23.004341],[88.878792,23.04081],[88.866028,23.0742],[88.870071,23.09605],[88.897453,23.106081],[88.911331,23.12356],[88.921471,23.127451],[88.922691,23.139481],[88.931351,23.13858],[88.937897,23.16918],[88.952332,23.17511],[88.964111,23.191141],[88.981956,23.18198],[88.992897,23.214849],[88.979637,23.222052],[88.949249,23.203066],[88.926872,23.212721],[88.914276,23.21055],[88.919388,23.220531],[88.913467,23.23],[88.852966,23.224701],[88.837753,23.237921],[88.824318,23.231991],[88.830933,23.24469],[88.817879,23.25099],[88.80867,23.248911],[88.808731,23.23308],[88.814903,23.222893],[88.807953,23.21699],[88.783699,23.21847],[88.769653,23.238581],[88.757416,23.2349],[88.720863,23.252649],[88.723717,23.26963],[88.696777,23.29285],[88.703827,23.30485],[88.721069,23.29895],[88.726959,23.316759],[88.743652,23.306631],[88.747307,23.31436],[88.73761,23.32597],[88.733582,23.34306],[88.746529,23.35004],[88.749573,23.35763],[88.762306,23.36175],[88.753479,23.387442],[88.753082,23.39772],[88.760048,23.40589],[88.757408,23.419008],[88.764427,23.44211],[88.780899,23.4363],[88.789963,23.440653],[88.788353,23.458893],[88.799728,23.480768],[88.795303,23.485283],[88.798508,23.49489],[88.777573,23.49659],[88.770256,23.49176],[88.772018,23.48131],[88.759621,23.48604],[88.7481,23.47921],[88.725166,23.50923],[88.700569,23.51502],[88.685143,23.53669],[88.655968,23.557381],[88.647957,23.584311],[88.639717,23.592422],[88.64492,23.607601],[88.587433,23.599953],[88.581802,23.60663],[88.590187,23.6147],[88.592422,23.636572],[88.561676,23.642071],[88.573936,23.67],[88.564568,23.71163],[88.578796,23.765341],[88.55957,23.785372],[88.580322,23.788],[88.58197,23.79615],[88.592178,23.800741],[88.589279,23.8134],[88.600182,23.816063],[88.58757,23.835711],[88.587639,23.849051],[88.575981,23.859751],[88.587273,23.869761],[88.60376,23.86441],[88.616669,23.875259],[88.629379,23.861811],[88.663559,23.869921],[88.664482,23.88076],[88.685356,23.889023],[88.692337,23.899712],[88.704933,23.90003],[88.702118,23.91288],[88.733261,23.914339],[88.732483,23.926579],[88.742271,23.938601],[88.733818,23.960091],[88.734718,23.97748],[88.748062,23.98575],[88.768898,23.981831],[88.770447,23.989481],[88.762413,24.005251],[88.746033,24.00388],[88.727188,23.994501],[88.737457,24.023251],[88.73542,24.04656],[88.723289,24.0525],[88.737381,24.056631],[88.736328,24.062651],[88.722763,24.064871],[88.721611,24.09951],[88.698479,24.095779],[88.694687,24.1134],[88.697632,24.11817],[88.710197,24.118919],[88.707581,24.138861],[88.698906,24.154449],[88.719887,24.197741],[88.732269,24.205681],[88.737686,24.260212],[88.734177,24.275459],[88.722969,24.29628],[88.702507,24.310659],[88.664841,24.31403],[88.651802,24.306671],[88.647957,24.310362],[88.629753,24.306082],[88.625557,24.314859],[88.607788,24.316628],[88.603989,24.3109],[88.587311,24.32468],[88.568108,24.326641],[88.551376,24.302692],[88.528709,24.344181],[88.507187,24.344681],[88.498291,24.35306],[88.437759,24.380833],[88.384796,24.37348],[88.354446,24.374891],[88.33786,24.38076],[88.270851,24.441441],[88.20546,24.457911],[88.170998,24.493488],[88.14785,24.50563],[88.10376,24.548931],[88.04615,24.637421],[88.010567,24.66666],[88.06263,24.717871],[88.07312,24.74369],[88.067329,24.7498],[88.074821,24.759398],[88.072151,24.770931],[88.082779,24.77257],[88.089828,24.78252],[88.107361,24.78166],[88.107391,24.80448],[88.122459,24.82163],[88.130989,24.80596],[88.136108,24.805311],[88.134636,24.82847],[88.147606,24.850231],[88.162537,24.848511],[88.167656,24.85906],[88.173233,24.859411],[88.164543,24.865271],[88.154968,24.88657],[88.170593,24.890211],[88.140282,24.92074],[88.14119,24.937031],[88.157547,24.934738],[88.167892,24.947229],[88.203217,24.957861],[88.230537,24.957981],[88.263573,24.918261],[88.263573,24.875763],[88.268921,24.877769],[88.275871,24.895679],[88.279396,24.88731],[88.295898,24.887911],[88.305733,24.871248],[88.322739,24.881552],[88.328201,24.869532],[88.341408,24.87991],[88.347397,24.895481],[88.335793,24.89847],[88.326332,24.9107],[88.327599,24.916601],[88.336159,24.91783],[88.341728,24.939011],[88.365707,24.951521],[88.371857,24.94244],[88.387657,24.938499],[88.401497,24.94569],[88.394562,24.963301],[88.397461,24.96912],[88.405792,24.97444],[88.416168,24.9727],[88.415436,24.996611],[88.421982,25.004379],[88.437881,25.009121],[88.453819,25.03866],[88.439148,25.04368],[88.437057,25.053871],[88.451996,25.079781],[88.443291,25.122028],[88.459236,25.135071],[88.462181,25.1472],[88.459358,25.16267],[88.444611,25.18557],[88.445847,25.196289],[88.472603,25.20018],[88.479362,25.21324],[88.499718,25.211679],[88.500877,25.205421],[88.537483,25.198811],[88.53569,25.19054],[88.545113,25.19607],[88.559258,25.19405],[88.55864,25.179382],[88.565811,25.177691],[88.580032,25.17942],[88.589592,25.18528],[88.591446,25.193951],[88.606003,25.197201],[88.613869,25.205351],[88.649887,25.205601],[88.670403,25.200663],[88.682167,25.21007],[88.702637,25.20927],[88.730278,25.20084],[88.752541,25.177917],[88.772987,25.191038],[88.777786,25.18037],[88.806053,25.17281],[88.828857,25.194872],[88.830948,25.203968],[88.842461,25.21117],[88.855103,25.201139],[88.866356,25.199692],[88.866547,25.19083],[88.873802,25.1908],[88.875877,25.181971],[88.897621,25.18454],[88.91304,25.177931],[88.919411,25.1681],[88.929771,25.184971],[88.944939,25.18191],[88.948097,25.186029],[88.946747,25.19706],[88.935699,25.202641],[88.935799,25.212151],[88.936737,25.218479],[88.951103,25.213671],[88.958878,25.219601],[88.95121,25.241341],[88.958092,25.26088],[88.975983,25.268513],[88.985527,25.27939],[89.007607,25.2766],[89.011253,25.292381],[88.981056,25.305462],[88.976013,25.302101],[88.956207,25.307798],[88.942436,25.303511],[88.939178,25.309731],[88.930908,25.304359],[88.922249,25.30555],[88.906487,25.33555],[88.893471,25.334221],[88.888649,25.322533],[88.872223,25.338251],[88.868286,25.3496],[88.856812,25.359119],[88.847649,25.359913],[88.842796,25.365433],[88.843887,25.39333],[88.826752,25.39901],[88.820137,25.406528],[88.820442,25.411951],[88.82811,25.41128],[88.83696,25.425091],[88.829552,25.43775],[88.841568,25.455841],[88.839073,25.469591],[88.831924,25.485397],[88.817162,25.485653],[88.81385,25.489861],[88.8069,25.521049],[88.798019,25.52165],[88.782249,25.51269],[88.762856,25.52132],[88.762337,25.510139],[88.772766,25.499151],[88.769096,25.4923],[88.741913,25.48683],[88.74295,25.498131],[88.737091,25.50148],[88.712372,25.496811],[88.707039,25.47518],[88.700188,25.470261],[88.665047,25.470701],[88.659737,25.47975],[88.646446,25.48035],[88.647957,25.494951],[88.626511,25.49478],[88.606369,25.513552],[88.598022,25.503941],[88.573372,25.506491],[88.552101,25.516649],[88.542923,25.50662],[88.533707,25.540083],[88.5233,25.533081],[88.519897,25.54369],[88.501892,25.54929],[88.4963,25.562021],[88.500046,25.581263],[88.470749,25.58275],[88.458473,25.596281],[88.446831,25.596304],[88.4505,25.620548],[88.457542,25.625431],[88.456726,25.6605],[88.407143,25.669319],[88.407402,25.68078],[88.394783,25.68181],[88.392227,25.691158],[88.373947,25.696781],[88.378601,25.71163],[88.360916,25.719881],[88.360016,25.725698],[88.323997,25.73769],[88.316933,25.751961],[88.292511,25.771582],[88.277466,25.776293],[88.269928,25.80814],[88.264267,25.811821],[88.251701,25.810621],[88.24749,25.803461],[88.238899,25.80678],[88.234688,25.797972],[88.220428,25.798071],[88.211357,25.786661],[88.188202,25.79863],[88.174767,25.78446],[88.162827,25.784712],[88.154381,25.774191],[88.144699,25.78137],[88.146477,25.78846],[88.13855,25.795198],[88.11898,25.79491],[88.116676,25.799231],[88.120949,25.807638],[88.107338,25.822269],[88.111633,25.836271],[88.103569,25.84318],[88.115341,25.85244],[88.103287,25.884371],[88.107376,25.891069],[88.095337,25.892931],[88.09864,25.89723],[88.091026,25.90209],[88.087936,25.914438],[88.093727,25.9296],[88.11348,25.93577],[88.120346,25.948881],[88.119522,25.96039],[88.128746,25.96689],[88.124977,25.977249],[88.146767,26.000719],[88.143997,26.01182],[88.15757,26.019201],[88.176811,26.018579],[88.187172,26.025822],[88.175987,26.03026],[88.178253,26.03883],[88.173149,26.0436],[88.181343,26.046619],[88.178711,26.05681],[88.183662,26.057291],[88.186241,26.06649],[88.170723,26.082939],[88.16362,26.073721],[88.160957,26.077982],[88.167137,26.08292],[88.162407,26.096401],[88.175636,26.108919],[88.180389,26.12179],[88.179573,26.142771],[88.187866,26.15206],[88.198273,26.153191],[88.198669,26.160851],[88.208038,26.158098],[88.229446,26.16729],[88.227623,26.170141],[88.238823,26.175098],[88.234779,26.178841],[88.247971,26.188498],[88.254211,26.184078],[88.27729,26.187391],[88.280777,26.19265],[88.286873,26.191891],[88.285469,26.197069],[88.294861,26.200769],[88.300537,26.195843],[88.311676,26.202971],[88.328056,26.204411],[88.329147,26.210293],[88.349533,26.21854],[88.360466,26.24188],[88.351387,26.24884],[88.35244,26.28216],[88.366203,26.29916],[88.389427,26.313688],[88.41613,26.315971],[88.40696,26.33042],[88.417366,26.336111],[88.438103,26.337049],[88.445557,26.359951],[88.459969,26.374041],[88.460762,26.362181],[88.487022,26.34922],[88.490257,26.359838],[88.506783,26.36092],[88.507202,26.34803],[88.518372,26.35132],[88.524773,26.360929],[88.516899,26.362808],[88.525032,26.373602],[88.516281,26.372311],[88.519379,26.389801],[88.515442,26.386681],[88.506538,26.398571],[88.511803,26.403891],[88.504829,26.40284],[88.496758,26.409771],[88.502892,26.417261],[88.493896,26.41769],[88.498337,26.424723],[88.49147,26.429029],[88.497551,26.435671],[88.487999,26.449718],[88.479507,26.452539],[88.483246,26.461109],[88.437546,26.465679],[88.426376,26.47241],[88.420746,26.466228],[88.403236,26.485371],[88.393951,26.479628],[88.367607,26.487053],[88.362587,26.48406],[88.366493,26.470098],[88.355911,26.44581],[88.341103,26.4778],[88.335052,26.4776],[88.334549,26.49357],[88.350899,26.509899],[88.361313,26.547819],[88.373329,26.562241],[88.370186,26.57461],[88.377541,26.59351],[88.388649,26.602291],[88.398232,26.60125],[88.389801,26.61273],[88.400887,26.626921],[88.416748,26.632971],[88.422966,26.570843],[88.437813,26.545118],[88.451698,26.536222],[88.463997,26.545851],[88.486061,26.541311],[88.48439,26.531481],[88.490372,26.53174],[88.492371,26.516123],[88.523613,26.507622],[88.526657,26.481741],[88.559036,26.488119],[88.5522,26.477621],[88.562798,26.473751],[88.558113,26.461882],[88.562157,26.456421],[88.596901,26.45002],[88.594269,26.470091],[88.620697,26.471069],[88.625877,26.434351],[88.649658,26.42724],[88.651306,26.421247],[88.646469,26.41901],[88.660942,26.416712],[88.670517,26.40703],[88.685043,26.411522],[88.687698,26.401251],[88.673309,26.397173],[88.689346,26.395559],[88.685951,26.392469],[88.689926,26.38726],[88.699791,26.389881],[88.70137,26.38616],[88.68528,26.383171],[88.683273,26.378429],[88.696686,26.36306],[88.696571,26.344341],[88.706726,26.3328],[88.713997,26.34376],[88.728096,26.34549],[88.734161,26.35367],[88.749191,26.353241],[88.76091,26.331701],[88.757973,26.313791],[88.762207,26.300968],[88.804146,26.3118],[88.815453,26.30508],[88.821701,26.2969],[88.816162,26.28269],[88.820923,26.258348],[88.831131,26.25609],[88.8349,26.24386],[88.849136,26.23374],[88.885109,26.23885],[88.883896,26.245291],[88.878723,26.243568],[88.870102,26.254601],[88.867859,26.26539],[88.874802,26.28492],[88.888351,26.291571],[88.934853,26.2883],[88.955536,26.251711],[88.965553,26.243092],[89.038757,26.249929],[89.042557,26.244659],[89.054039,26.243582],[89.061073,26.2582],[89.067451,26.255308],[89.065163,26.29394],[89.055893,26.297171],[89.049057,26.28685],[89.033081,26.28623],[89.028656,26.29335],[89.033226,26.30624],[89.02562,26.308701],[89.021538,26.292801],[89.015869,26.304211],[89.004189,26.293192],[89.001549,26.302019],[88.990768,26.30723],[88.99221,26.320221],[89.002289,26.316603],[88.999443,26.323103],[89.007263,26.33131],[88.991226,26.33864],[88.990479,26.344551],[88.995926,26.341431],[88.994293,26.347641],[88.968369,26.354271],[88.963799,26.33267],[88.958557,26.338921],[88.962799,26.3482],[88.953621,26.34897],[88.964508,26.36503],[88.960869,26.367701],[88.952843,26.359371],[88.935196,26.36762],[88.926376,26.362539],[88.918396,26.373192],[88.928009,26.381111],[88.916771,26.384911],[88.924309,26.38938],[88.925926,26.40147],[88.913353,26.411659],[88.930946,26.41045],[88.936623,26.416821],[88.931427,26.428011],[88.939133,26.43154],[88.933311,26.43339],[88.936432,26.43648],[88.948792,26.429029],[88.958046,26.439501],[88.955078,26.45294],[88.97052,26.456301],[88.966492,26.463501],[88.988708,26.451168],[88.991043,26.44359],[88.985893,26.44006],[88.990433,26.428593],[89.006027,26.41741],[89.001762,26.425117],[89.012398,26.422791],[89.014603,26.415501],[89.024963,26.417381],[89.041328,26.397991],[89.048149,26.4028],[89.083969,26.39542],[89.093536,26.399233],[89.089813,26.39263],[89.102287,26.39164],[89.097511,26.388512],[89.098106,26.373671],[89.086853,26.366117],[89.102898,26.36191],[89.107132,26.338001],[89.090767,26.322561],[89.104706,26.329679],[89.110489,26.32485],[89.115303,26.327242],[89.120438,26.319721],[89.143707,26.321821],[89.139763,26.312891],[89.143196,26.309959],[89.134827,26.305641],[89.139847,26.30138],[89.126282,26.28974],[89.112518,26.31699],[89.108849,26.30687],[89.114143,26.293831],[89.110016,26.287731],[89.115562,26.275618],[89.132057,26.26482],[89.128311,26.25374],[89.145111,26.237551],[89.154007,26.20635],[89.140587,26.180099],[89.16217,26.160742],[89.154617,26.15662],[89.162392,26.138731],[89.17511,26.12915],[89.199509,26.123051],[89.208366,26.126871],[89.230171,26.122641],[89.254059,26.10218],[89.256851,26.094009],[89.272118,26.089991],[89.261208,26.07004],[89.264801,26.063221],[89.278549,26.061108],[89.285141,26.065948],[89.282806,26.05015],[89.299286,26.04567],[89.306549,26.048571],[89.332947,26.03241],[89.352448,26.010509],[89.397423,26.006781],[89.397057,26.02013],[89.41655,26.040131],[89.429543,26.045618],[89.436943,26.03927],[89.435966,26.010241],[89.477257,25.996901],[89.49353,26.006342],[89.508293,26.00034],[89.522308,26.007698],[89.541382,26.00457],[89.553658,25.99988],[89.540131,25.985472],[89.54348,25.97073],[89.557899,25.964581],[89.572586,25.977951],[89.576927,25.96686],[89.581276,25.971943],[89.578011,25.97941],[89.59066,25.975651],[89.59137,25.992071],[89.582489,26.00787],[89.584068,26.024509],[89.588623,26.025921],[89.585632,26.03199],[89.600533,26.03945],[89.595963,26.044241],[89.616676,26.052973],[89.60878,26.063881],[89.621597,26.05279],[89.633713,26.062222],[89.652687,26.063589],[89.635658,26.081461],[89.641678,26.087568],[89.632668,26.10697],[89.628563,26.108313],[89.625366,26.09997],[89.616531,26.10211],[89.619781,26.096922],[89.61145,26.088181],[89.597778,26.09936],[89.603996,26.104321],[89.59803,26.10741],[89.601379,26.11208],[89.618797,26.106428],[89.631607,26.11545],[89.632156,26.12266],[89.628471,26.127831],[89.619278,26.12092],[89.614967,26.12689],[89.607071,26.11768],[89.609276,26.125151],[89.601402,26.13242],[89.594696,26.15704],[89.602066,26.159531],[89.611526,26.15201],[89.612679,26.16103],[89.619926,26.165531],[89.613968,26.170563],[89.618027,26.17692],[89.624481,26.177971],[89.624756,26.17137],[89.634697,26.178209],[89.638756,26.176451],[89.635658,26.17115],[89.649353,26.164131],[89.659523,26.173361],[89.659042,26.17893],[89.639198,26.17951],[89.629837,26.18619],[89.63604,26.194891],[89.644516,26.185011],[89.651703,26.188372],[89.636833,26.213079],[89.640808,26.22805],[89.657173,26.21847],[89.6745,26.219063],[89.674202,26.227188],[89.682701,26.233891],[89.68486,26.227091],[89.689346,26.228281],[89.68277,26.22286],[89.692451,26.22073],[89.681526,26.21611],[89.685173,26.210482],[89.693916,26.2103],[89.688667,26.20595],[89.679558,26.207731],[89.676361,26.201361],[89.687279,26.197731],[89.685043,26.18873],[89.689842,26.181381],[89.703926,26.172352],[89.687851,26.167881],[89.683357,26.162889],[89.689713,26.158241],[89.713097,26.154421],[89.715523,26.166571],[89.725098,26.17161],[89.733757,26.17337],[89.702538,26.17712],[89.697578,26.190861],[89.708221,26.186838],[89.716133,26.191328],[89.71727,26.20561],[89.725662,26.206079],[89.731277,26.214911],[89.703079,26.213291],[89.697227,26.21723],[89.705559,26.21706],[89.712807,26.22897],[89.728767,26.238201],[89.715027,26.248972],[89.71537,26.256491],[89.700996,26.25919],[89.708946,26.270821],[89.711426,26.263269],[89.732277,26.26034],[89.737457,26.271101],[89.717056,26.293053],[89.717827,26.3057],[89.719803,26.298632],[89.731796,26.2929],[89.748886,26.2894],[89.75914,26.292591],[89.751663,26.322161],[89.768532,26.323803],[89.781036,26.33584],[89.780891,26.352171],[89.820419,26.370621],[89.811546,26.36071],[89.815567,26.35146],[89.82341,26.355249],[89.827873,26.381121],[89.840927,26.37776],[89.855072,26.38203],[89.850327,26.398281],[89.827972,26.393478],[89.83329,26.412291],[89.849808,26.414209],[89.869431,26.457281],[89.852692,26.48778],[89.8535,26.517233],[89.862267,26.537291],[89.861526,26.57456],[89.877548,26.584242],[89.872543,26.59757],[89.877228,26.61305],[89.859001,26.61721],[89.861267,26.635559],[89.876373,26.6495],[89.868286,26.660761],[89.871429,26.683531],[89.855026,26.702848],[89.807213,26.715021],[89.774399,26.699558],[89.756607,26.716805],[89.758942,26.735558],[89.72287,26.72393],[89.706566,26.73506],[89.669518,26.739246],[89.66243,26.72208],[89.654587,26.71759],[89.614296,26.725634],[89.615852,26.732641],[89.645889,26.751999],[89.649246,26.775286],[89.639915,26.783213],[89.626053,26.776016],[89.618027,26.785301],[89.566772,26.801718],[89.561897,26.813725],[89.555496,26.81505],[89.541931,26.812628],[89.529526,26.818546],[89.506042,26.813829],[89.500099,26.80481],[89.480461,26.802589],[89.455757,26.808504],[89.454376,26.826843],[89.447983,26.834761],[89.389503,26.84185],[89.384445,26.861773],[89.372963,26.866653],[89.359741,26.863371],[89.333939,26.84601],[89.324936,26.84428],[89.318886,26.85346],[89.255592,26.81687],[89.235649,26.82074],[89.189789,26.808521],[89.174934,26.821428],[89.131073,26.808069],[89.102028,26.836309],[89.103249,26.861891],[89.088081,26.871798],[89.095276,26.88607],[89.09034,26.893532],[89.060677,26.904051],[89.046455,26.90365],[89.045906,26.920151],[89.025139,26.940109],[88.994156,26.92395],[88.972733,26.92029],[88.962379,26.924131],[88.939865,26.94241],[88.955727,26.96077],[88.948593,26.976124],[88.917229,26.99597],[88.891922,26.97196],[88.888397,26.959871],[88.874985,26.951546],[88.871719,27.01623],[88.878716,27.040209],[88.868141,27.109158],[88.858543,27.106873],[88.835747,27.115629],[88.810692,27.12575],[88.8013,27.135931],[88.752892,27.142141],[88.751686,27.148211]]]]},"properties":{"name":"West Bengal","type":"State"}}
]}