{"type":"FeatureCollection", "features": [
{"type":"Feature","geometry":{"type":"Polygon","coordinates":[[[99.230567,52.963186],[99.273846,52.931484],[99.231227,52.868699],[98.937518,52.937471],[98.850266,52.832802],[98.950745,52.786999],[98.941329,52.671743],[98.785657,52.604331],[98.830236,52.534661],[98.63053,52.415023],[98.685505,52.355912],[98.657076,52.263283],[98.832896,52.273913],[98.821147,52.196187],[98.969217,52.1434],[99.025,52.0634],[99.2802,52.0226],[99.2629,51.966],[99.3485,51.9388],[99.7478,51.9037],[99.8643,51.7698],[100.6497,51.7263],[100.8573,51.6008],[101.0921,51.5862],[101.3923,51.4501],[101.5388,51.4965],[102.1177,51.3591],[102.1862,51.2915],[102.1075,51.2437],[102.244,50.9719],[102.2178,50.8148],[102.3282,50.7463],[102.3109,50.6766],[102.5482,50.5768],[102.6512,50.4063],[102.9298,50.31],[103.2311,50.3222],[103.2864,50.1908],[104.1428,50.1455],[104.387,50.3097],[104.7981,50.3434],[104.9034,50.4113],[105.1185,50.3922],[105.3526,50.4798],[105.9839,50.4187],[106.2581,50.3036],[106.7442,50.3172],[107.0157,50.1959],[107.0816,50.0679],[107.2371,49.9888],[107.759212,49.971554],[107.795316,50.031947],[107.734021,50.153214],[107.941416,50.241707],[107.967331,50.321736],[108.110622,50.305489],[108.206819,50.411713],[108.339359,50.393902],[108.690608,50.511016],[108.181822,50.649003],[108.060542,50.774557],[108.264092,50.822873],[108.341118,51.062878],[108.561342,51.120566],[108.557588,51.17786],[108.375583,51.25607],[108.503069,51.40557],[108.618639,51.408569],[108.628189,51.492491],[108.920459,51.431544],[109.063616,51.517914],[109.225135,51.365903],[109.393267,51.353722],[109.422078,51.431482],[109.619022,51.448509],[109.975382,51.616509],[110.687543,51.508567],[110.846259,51.585337],[110.84181,51.675205],[111.000971,51.724921],[111.014541,51.79132],[111.71496,51.975609],[112.069747,52.282547],[112.177772,52.302828],[112.381304,52.202993],[112.511075,52.249215],[112.546581,52.346365],[112.922137,52.329699],[113.152477,52.452545],[113.590877,52.448327],[113.815093,52.614289],[114.077388,52.66222],[114.260773,52.816221],[114.235388,52.897394],[114.368291,53.05173],[114.143608,53.075783],[114.205566,53.17746],[113.948776,53.249935],[113.937326,53.358602],[113.826728,53.41774],[113.882472,53.516155],[113.799125,53.615391],[113.967153,53.643506],[114.003458,53.727496],[114.51207,53.814304],[114.577046,53.915647],[114.973639,53.993024],[115.161819,54.189431],[115.596138,54.410469],[116.17372,54.510857],[116.516078,54.45995],[116.515102,54.515471],[116.720588,54.529272],[116.780771,54.607405],[116.74571,54.662903],[116.867049,54.699362],[116.848854,54.76924],[116.913562,54.793782],[116.836253,55.031198],[116.472505,55.229117],[116.472506,55.316436],[116.377619,55.379369],[116.106803,55.343843],[115.902383,55.409705],[115.961588,55.444722],[115.873891,55.507943],[115.908067,55.650583],[115.828624,55.676457],[115.83697,55.856333],[115.904963,55.926943],[115.779897,55.986148],[115.753803,56.124861],[115.832181,56.148693],[115.67019,56.303672],[115.676227,56.409143],[115.795792,56.441252],[115.69336,56.486321],[115.67836,56.572132],[115.415513,56.620234],[115.586226,56.714107],[115.587648,56.879848],[115.729827,56.962428],[116.250508,57.138381],[116.152067,57.230633],[115.845042,57.24828],[115.653909,57.12056],[115.069984,57.112084],[114.988184,57.033512],[115.082717,56.98249],[114.914467,56.911919],[114.767439,56.686957],[114.49633,56.703305],[114.423021,56.643713],[114.157627,56.697082],[113.85827,56.520305],[113.788065,56.613572],[113.496386,56.684807],[113.322493,56.630184],[112.866245,56.685793],[112.720988,56.773132],[112.67696,56.870134],[112.738001,56.948522],[112.680348,56.965787],[112.402457,56.857649],[112.217937,56.857332],[112.083403,56.956536],[111.789741,56.909677],[111.532251,57.131254],[111.333906,56.969545],[111.342361,56.896154],[111.160855,56.822461],[110.756987,56.887228],[110.576459,56.835035],[110.085546,56.988024],[109.886764,56.898718],[109.846152,56.846413],[109.890831,56.793695],[109.768487,56.707834],[109.423648,56.738455],[109.060805,56.610665],[108.670854,56.566617],[108.740097,56.504686],[108.5593,56.32099],[108.651599,56.241405],[108.80515,56.234776],[108.986295,56.006484],[109.240161,56.018805],[109.267174,55.961668],[109.187989,55.90775],[108.969228,55.938905],[108.823035,55.848072],[108.792171,55.639142],[108.682294,55.605975],[108.704029,55.499434],[108.606511,55.439832],[108.796959,55.166257],[108.686059,55.02013],[108.760949,54.932696],[108.701884,54.656122],[108.546178,54.543454],[109.068144,54.426243],[109.001352,54.335516],[108.373418,53.764052],[108.013798,53.235626],[106.172533,52.361055],[105.602595,51.851716],[104.601498,51.631356],[104.672738,51.337817],[104.589789,51.286868],[104.196914,51.284058],[103.810084,51.130227],[103.800815,51.434838],[103.586472,51.490601],[103.364374,51.433988],[103.241083,51.506176],[103.181311,51.619315],[103.226932,51.80512],[102.764301,51.994902],[102.56782,52.219569],[102.153423,52.282259],[101.926968,52.220832],[101.899609,52.284786],[101.963041,52.315434],[101.68666,52.404721],[101.677511,52.475645],[101.416426,52.632261],[100.91058,52.783194],[100.599521,52.95031],[100.377597,53.104531],[100.335512,53.161319],[100.421104,53.249162],[100.265894,53.372066],[99.872321,53.31212],[99.841302,53.19678],[99.372187,53.101895],[99.369922,53.034086],[99.230567,52.963186]]]},"properties":{"name":"Бурятия","cartodb_id":10,"created_at":"2013-12-04T04:23:51+0100","updated_at":"2013-12-04T08:04:02+0100","name_latin":"Republic of Buryatia"}},
{"type":"Feature","geometry":{"type":"Polygon","coordinates":[[[41.736821,44.473134],[41.592001,44.363556],[41.74398,44.268377],[41.698912,44.171185],[41.47975,44.000926],[41.315039,43.979784],[41.246592,44.009949],[41.291116,44.085462],[40.891276,44.142995],[40.935459,44.017353],[40.684137,43.7202],[40.713602,43.532771],[41.073667,43.387552],[41.393641,43.366229],[41.619072,43.222305],[41.889105,43.248081],[42.040998,43.187409],[42.414023,43.256817],[42.456074,43.621092],[42.675528,43.69786],[42.678289,43.809695],[42.584567,44.026377],[42.480224,43.966421],[42.293279,44.038985],[42.378722,44.168116],[42.609648,44.269443],[42.553418,44.368318],[42.341392,44.310887],[42.029404,44.35275],[41.9218,44.40993],[41.933232,44.496139],[41.736821,44.473134]]]},"properties":{"name":"Карачаево-Черкесская республика","cartodb_id":13,"created_at":"2013-12-04T04:23:51+0100","updated_at":"2013-12-04T08:04:37+0100","name_latin":"Karachay-Cherkess Republic"}},
{"type":"Feature","geometry":{"type":"MultiPolygon","coordinates":[[[[146.178942,43.505024],[146.060372,43.523615],[146.116688,43.458625],[146.178942,43.505024]]],[[[145.898437,43.418565],[145.955216,43.424929],[145.863431,43.456645],[145.898437,43.418565]]],[[[146.862947,43.874848],[146.613566,43.820646],[146.586781,43.747419],[146.64333,43.702189],[146.789621,43.744251],[146.915169,43.820755],[146.862947,43.874848]]],[[[145.546875,43.654267],[145.590294,43.869827],[145.776654,43.932147],[145.941585,44.151773],[146.100882,44.257827],[146.484904,44.355141],[146.569677,44.450427],[146.350118,44.416674],[146.172427,44.514437],[146.0788,44.471128],[145.732712,44.044957],[145.404508,43.840441],[145.433907,43.719344],[145.54759,43.729442],[145.546875,43.654267]]],[[[146.953325,44.427237],[147.597351,44.853774],[147.639198,44.984649],[147.902546,44.960935],[148.31465,45.220412],[148.843139,45.336887],[148.833881,45.461201],[148.893356,45.511794],[148.654604,45.538591],[148.443194,45.350852],[148.223399,45.264526],[148.036727,45.267528],[147.963754,45.420552],[147.899014,45.42698],[147.871711,45.226834],[147.729484,45.190888],[147.635683,45.07536],[147.498014,45.107984],[147.516246,45.000408],[147.245675,44.810174],[147.102242,44.817319],[147.191272,44.706882],[147.012094,44.660986],[147.00418,44.581065],[146.94849,44.631086],[146.858556,44.452946],[146.953325,44.427237]]],[[[154.6875,49.267986],[154.827771,49.297917],[154.813774,49.471705],[154.922689,49.610695],[154.814231,49.632955],[154.612851,49.359879],[154.6875,49.267986]]],[[[154.468131,49.759376],[154.436399,49.817068],[154.385837,49.752955],[154.468131,49.759376]]],[[[144.67425,48.64275],[144.74675,48.64775],[144.67325,48.72525],[144.6905,48.857],[144.387,49.04425],[144.24,49.50025],[143.78525,50.33325],[143.341,51.70625],[143.1875,51.96125],[143.1965,51.8475],[143.1105,51.92575],[143.179,51.9865],[143.143,52.222],[143.28325,52.45275],[143.33675,52.832],[143.20825,53.31275],[142.89843,53.846649],[142.9875,54.11475],[142.72589,54.420721],[142.525015,54.299631],[142.258208,54.308126],[142.69325,53.94625],[142.60175,53.6795],[142.476,53.66025],[142.51425,53.5465],[142.56225,53.597],[142.6635,53.519],[142.4155,53.37575],[142.245,53.38575],[142.251307,53.539026],[141.6925,53.38975],[141.80625,53.405],[141.75725,53.36975],[141.79,53.263],[141.921,53.03525],[141.8245,52.54925],[141.62925,52.3265],[141.692,52.15225],[141.63275,52.10125],[141.62625,51.88775],[141.827,51.7695],[141.67525,51.73875],[142.074,51.47725],[142.25475,51.11175],[142.095,50.78975],[142.03475,50.79875],[142.09275,50.773],[142.04325,50.53625],[142.157,50.31675],[142.14375,49.51675],[141.97675,48.87325],[141.84775,48.7665],[142.14325,48.325],[142.20175,47.984],[141.96175,47.62],[141.96475,47.30075],[142.057288,47.076953],[141.80975,46.60025],[141.949523,46.205696],[141.922651,46.04352],[142.02675,45.93175],[142.077,45.901],[142.17175,46.016],[142.405543,46.586474],[142.553831,46.711804],[142.707672,46.749138],[142.77025,46.608],[143.25225,46.553],[143.422,46.21325],[143.41075,46.025],[143.6165,46.37175],[143.47625,46.82625],[143.30025,46.79875],[143.1,46.90675],[143.017,47.25075],[142.691,47.49925],[142.526,47.77775],[142.58975,48.1915],[142.9795,48.89825],[142.97175,49.11625],[143.14825,49.239],[143.41975,49.308],[144.0585,49.25],[144.56325,48.891],[144.67425,48.64275]]],[[[154.494572,49.084273],[154.597724,49.130066],[154.45967,49.165224],[154.494572,49.084273]]],[[[154.04324,48.733117],[154.22375,48.887996],[154.09544,48.887748],[154.08834,48.811155],[153.974179,48.739362],[154.04324,48.733117]]],[[[153.032848,47.710934],[153.0444,47.808097],[152.962919,47.713057],[153.032848,47.710934]]],[[[156.410086,50.643935],[156.513569,50.764623],[156.482115,50.868536],[156.201804,50.772297],[156.17341,50.707731],[156.273718,50.635183],[156.410086,50.643935]]],[[[155.661599,50.811512],[155.63006,50.908998],[155.457438,50.880079],[155.527693,50.808083],[155.661599,50.811512]]],[[[155.41502,50.015386],[155.522469,50.144873],[155.88825,50.246462],[156.042454,50.466229],[156.169304,50.507841],[156.148689,50.747269],[156.015558,50.763504],[155.901795,50.689448],[155.649464,50.377775],[155.20887,50.291107],[155.26154,50.207803],[155.225955,50.04801],[155.41502,50.015386]]],[[[151.814252,46.773976],[152.285214,47.150919],[152.179611,47.148673],[151.87733,46.864251],[151.705576,46.838072],[151.814252,46.773976]]],[[[152.512811,47.298164],[152.512508,47.37215],[152.4162,47.360332],[152.429763,47.300535],[152.512811,47.298164]]],[[[149.5274,45.573551],[150.121907,45.887043],[150.221496,46.01854],[150.5706,46.227092],[150.217778,46.187751],[150.186735,46.108496],[150.051622,46.09021],[149.77705,45.854914],[149.667834,45.851105],[149.396952,45.577967],[149.5274,45.573551]]]]},"properties":{"name":"Сахалинская область","cartodb_id":11,"created_at":"2013-12-04T04:23:51+0100","updated_at":"2013-12-04T08:06:03+0100","name_latin":"Sakhalin Oblast"}},
{"type":"Feature","geometry":{"type":"Polygon","coordinates":[[[38.292611,51.96594],[38.429118,51.94475],[38.399056,51.782003],[38.518174,51.747509],[38.135846,51.640672],[38.297481,51.521305],[38.293467,51.394089],[38.376395,51.387401],[38.356969,51.30172],[38.288584,51.296352],[38.519389,51.211023],[38.52222,51.163495],[38.380353,51.150207],[38.387686,51.077056],[38.633258,50.998237],[38.760884,51.074385],[38.856455,51.036004],[38.804784,50.983853],[38.878355,50.909739],[38.726079,50.899699],[38.706516,50.800234],[38.848768,50.783758],[38.76859,50.719567],[39.11927,50.624593],[39.046488,50.617566],[39.127046,50.507278],[38.981448,50.438618],[39.101595,50.339723],[39.034382,50.287401],[39.117791,50.268059],[39.116441,50.156293],[39.280925,50.035237],[39.179732,49.888659],[39.28522,49.75536],[39.61052,49.73373],[39.6603,49.61494],[39.80604,49.55795],[40.135392,49.617102],[40.535614,49.577769],[40.636967,49.672992],[40.921617,49.700629],[41.047121,49.809186],[41.082125,49.943371],[41.38435,50.08111],[41.288934,50.16324],[41.400994,50.202806],[41.522312,50.362297],[41.420479,50.498893],[41.539097,50.574381],[41.168874,50.776314],[41.420919,50.831443],[41.471846,50.949818],[41.778361,51.019382],[41.928097,51.194125],[42.553001,51.144735],[42.708392,51.247608],[42.880894,51.233025],[42.947337,51.26722],[42.858106,51.316673],[42.85907,51.397253],[42.520795,51.596072],[42.264695,51.612489],[42.306212,51.689461],[42.227836,51.718875],[42.118229,51.730848],[42.136364,51.631887],[42.089973,51.629231],[41.462463,51.805777],[41.002491,51.716182],[40.882178,51.738862],[40.945671,51.891089],[40.53414,51.945692],[40.132234,51.999536],[39.7599,51.927417],[39.484369,51.977717],[39.473172,52.073549],[39.299772,52.103184],[39.145478,52.082697],[39.073572,51.98316],[38.877206,52.09655],[38.786778,52.029204],[38.706769,52.098242],[38.292611,51.96594]]]},"properties":{"name":"Воронежская область","cartodb_id":16,"created_at":"2013-12-04T04:23:51+0100","updated_at":"2013-12-04T08:06:32+0100","name_latin":"Voronezh Oblast"}},
{"type":"Feature","geometry":{"type":"Polygon","coordinates":[[[75.108237,58.576245],[75.376835,58.454101],[75.056664,58.339153],[75.242489,58.202615],[75.071473,58.116793],[75.565762,57.934585],[75.550039,57.625218],[75.704124,57.624997],[75.848267,57.3858],[75.965411,57.393694],[76.095015,57.235533],[76.916861,57.160251],[78.463438,57.16501],[78.440323,57.113345],[79.588576,56.92316],[80.263517,56.422445],[81.220274,56.537593],[81.573403,56.241888],[82.766773,56.406629],[82.825137,56.436062],[82.807971,56.516173],[83.109831,56.549519],[83.288813,56.443041],[83.143915,56.37556],[83.192988,56.327988],[83.06484,56.230477],[83.212234,56.208177],[83.135373,56.119503],[83.302317,56.095736],[83.229571,56.012005],[83.400827,55.895182],[83.210779,55.730319],[83.445489,55.723099],[83.443539,55.670225],[83.615655,55.66466],[83.952621,56.015014],[84.202577,56.059193],[84.336326,55.981167],[84.45382,56.043149],[84.897481,56.162817],[84.986862,56.107777],[85.231645,56.225658],[85.671139,56.211846],[85.562492,56.280707],[86.11507,56.499507],[86.216043,56.628059],[86.338887,56.636074],[86.382675,56.548036],[86.67819,56.643265],[86.909466,56.540903],[87.118012,56.535604],[87.225251,56.574715],[87.158864,56.588387],[87.172663,56.664294],[87.383977,56.645611],[87.36458,56.592957],[87.596665,56.663656],[87.654309,56.543607],[88.362446,56.827376],[88.597557,56.802198],[88.714554,57.092294],[88.506549,57.125246],[88.734155,57.208035],[88.869036,57.476367],[89.063639,57.457552],[89.160477,57.492393],[89.098764,57.517209],[89.130337,57.615341],[89.355248,57.615657],[89.372526,57.866694],[89.29641,57.948954],[88.858954,57.955186],[88.687253,58.036199],[88.106659,58.112772],[88.069853,58.220064],[88.016988,58.214258],[87.924013,58.511345],[88.382657,58.893119],[88.82866,59.022604],[88.575826,59.212216],[88.626467,59.295126],[87.902226,59.256238],[87.514225,59.66441],[87.174086,59.682528],[87.078047,59.879074],[86.636499,59.948654],[84.681663,59.89955],[84.575203,59.983973],[84.633451,60.029796],[84.616018,60.168548],[84.791487,60.352366],[84.26311,60.862518],[83.949694,60.836217],[83.476909,61.035672],[83.156683,61.026795],[82.376451,60.706879],[82.409601,60.608155],[82.167305,60.51634],[81.879534,60.639791],[81.10419,60.642048],[81.052447,60.755725],[80.704837,60.802779],[80.200997,60.675322],[79.39887,60.63584],[79.296047,60.707553],[79.308211,60.794421],[79.188381,60.828644],[78.795277,60.750058],[78.699992,60.825356],[77.969963,60.740696],[77.704323,60.81999],[77.107935,60.858414],[77.097546,60.70529],[76.963016,60.651213],[77.048133,60.62515],[77.072209,60.533701],[76.799347,60.468751],[76.763255,60.376239],[76.866349,60.271042],[76.713994,60.115036],[76.772889,59.991184],[76.664888,59.571174],[76.177166,59.530001],[75.992856,59.380677],[75.898666,59.399905],[75.841198,59.280213],[75.639673,59.211579],[75.701148,58.968584],[75.131297,58.663889],[75.199295,58.618682],[75.108237,58.576245]]]},"properties":{"name":"Томская область","cartodb_id":18,"created_at":"2013-12-04T04:23:51+0100","updated_at":"2013-12-04T08:06:39+0100","name_latin":"Tomsk Oblast"}},
{"type":"Feature","geometry":{"type":"Polygon","coordinates":[[[76.095015,57.235533],[76.289127,56.696968],[76.038233,56.61783],[75.83133,56.417848],[76.108368,56.445576],[76.055935,56.416088],[76.078777,56.292992],[76.306639,56.157246],[75.731579,56.112635],[75.262427,55.844122],[75.367335,55.805322],[75.369374,55.740665],[75.08801,55.72683],[75.256359,55.625503],[75.140769,55.583898],[75.312433,55.537969],[75.091515,55.376632],[75.275133,55.242491],[75.261625,55.128938],[75.409602,54.990939],[75.332079,54.911162],[75.514151,54.913308],[75.528951,54.803294],[75.638859,54.81005],[75.684226,54.674746],[75.79866,54.698176],[75.851846,54.607591],[75.804033,54.540152],[75.691058,54.546033],[75.688494,54.123289],[76.2166,54.2625],[76.2625,54.3592],[76.6741,54.3424],[76.9254,54.4555],[76.9591,54.4173],[76.774,54.3778],[76.8768,54.3017],[76.7573,54.1651],[76.4543,54.1691],[76.4342,54.1209],[76.54,54.0029],[77.907228,53.290941],[77.888953,53.367194],[77.967922,53.388269],[77.922449,53.448716],[78.072408,53.47323],[77.931764,53.503355],[77.915788,53.571123],[78.23162,53.617058],[78.252246,53.499146],[78.362871,53.474204],[78.645884,53.512538],[78.615323,53.636928],[78.689492,53.652117],[79.421441,53.679585],[79.893523,53.844579],[79.877019,53.91411],[80.090906,53.990135],[80.050953,54.044987],[80.518178,54.103298],[80.570223,54.126622],[80.530918,54.168949],[80.863601,54.244752],[80.813605,54.343228],[80.951709,54.375622],[81.126424,54.114532],[81.592356,54.024697],[81.540528,53.904625],[81.663408,53.979562],[81.831192,53.964117],[81.835744,53.869857],[81.7209,53.841738],[81.715781,53.779803],[81.819644,53.685664],[82.194454,53.677011],[82.1504,53.605745],[82.48125,53.496473],[82.583722,53.512562],[82.502413,53.547223],[82.666972,53.642676],[82.620109,53.670102],[82.759724,53.749143],[82.71492,53.776833],[83.198057,54.065828],[83.301232,54.084927],[83.349197,53.934281],[83.451631,53.94698],[83.55414,54.109229],[83.883979,54.121393],[83.861432,54.078915],[84.221649,54.191214],[84.550122,54.162061],[84.670733,54.291852],[85.116875,54.437789],[84.931938,54.60875],[85.004037,54.680076],[84.894531,54.72854],[85.088092,54.816346],[84.841651,54.992675],[84.927188,55.163608],[84.818268,55.227091],[84.916447,55.321729],[84.621925,55.403696],[84.784063,55.525339],[84.709612,55.668201],[84.539147,55.718644],[84.60457,55.798618],[84.455401,55.894249],[84.569463,56.004814],[84.45382,56.043149],[84.336326,55.981167],[84.202577,56.059193],[83.952621,56.015014],[83.615655,55.66466],[83.443539,55.670225],[83.445489,55.723099],[83.210779,55.730319],[83.400827,55.895182],[83.229571,56.012005],[83.302317,56.095736],[83.135373,56.119503],[83.212234,56.208177],[83.06484,56.230477],[83.192988,56.327988],[83.143915,56.37556],[83.288813,56.443041],[83.109831,56.549519],[82.807971,56.516173],[82.825137,56.436062],[82.766773,56.406629],[81.573403,56.241888],[81.220274,56.537593],[80.263517,56.422445],[79.588576,56.92316],[78.440323,57.113345],[78.463438,57.16501],[76.916861,57.160251],[76.095015,57.235533]]]},"properties":{"name":"Новосибирская область","cartodb_id":19,"created_at":"2013-12-04T04:23:51+0100","updated_at":"2013-12-04T08:06:47+0100","name_latin":"Novosibirsk Oblast"}},
{"type":"Feature","geometry":{"type":"MultiPolygon","coordinates":[[[[53.99357,68.33912],[53.85562,68.34758],[53.94378,68.28448],[53.99357,68.33912]]],[[[64.735405,69.120174],[64.79243,69.20386],[64.71056,69.24807],[64.91855,69.30673],[64.19828,69.51889],[63.11251,69.68389],[60.85261,69.85567],[60.72426,69.81042],[60.77824,69.72505],[60.695428,69.711506],[60.71187,69.66861],[60.33067,69.65964],[60.21076,69.62066],[60.19453,69.55162],[60.63019,69.25949],[60.67108,69.11272],[60.89686,69.12361],[60.950349,69.069026],[60.935937,68.914484],[61.152406,68.8411],[60.890238,68.885911],[60.449281,68.695349],[59.95577,68.70693],[59.80391,68.62714],[59.980264,68.449907],[59.688665,68.314083],[59.121555,68.405081],[59.17006,68.519281],[59.059821,68.573676],[59.18976,68.66436],[59.47685,68.68188],[59.46543,68.75365],[58.94613,68.91921],[59.31609,68.97214],[58.87205,68.97541],[58.000338,68.811541],[58.038619,68.746734],[57.94266,68.712546],[57.646416,68.709312],[57.879704,68.694972],[57.50358,68.639503],[57.317842,68.525669],[56.006075,68.642414],[55.339857,68.541284],[54.86102,68.31464],[54.950863,68.256992],[54.87286,68.15061],[54.67317,68.16991],[54.4688,68.29073],[54.2368,68.21796],[54.09897,68.04445],[53.84616,67.95049],[54.12939,68.11048],[54.17487,68.2315],[54.31199,68.25527],[54.35187,68.33675],[54.03646,68.21451],[53.19732,68.26396],[53.4316,68.36464],[53.65419,68.31781],[53.68771,68.3776],[53.83269,68.31566],[53.83147,68.37169],[53.94356,68.4073],[53.88042,68.54047],[53.71971,68.617],[53.98652,68.8387],[53.603932,68.872443],[54.579209,68.965585],[53.86959,68.95966],[52.30121,68.60206],[52.50002,68.6043],[52.74548,68.47148],[52.40647,68.32776],[52.1635,68.37494],[52.38239,68.46672],[52.04419,68.50754],[52.2792,68.55994],[52.22624,68.57509],[51.553042,68.484645],[51.54664,68.41987],[50.80856,68.34853],[51.48547,68.47929],[51.11735,68.48162],[49.87614,68.03445],[49.17477,67.85292],[48.79978,67.84222],[48.59174,67.9136],[48.77764,67.82903],[48.74404,67.71037],[49.03948,67.64787],[48.65199,67.69083],[47.83432,67.57919],[47.94092,67.46367],[47.7721,67.33413],[47.784,67.23106],[47.67629,67.18889],[47.75696,67.14492],[47.7553,67.06116],[47.57755,66.90961],[47.61528,66.88762],[47.44192,66.9184],[46.66005,66.81624],[46.53789,66.86543],[46.01835,66.82475],[45.79683,66.90835],[45.55918,67.16605],[44.91894,67.32359],[44.9611,67.47277],[45.30771,67.57398],[45.355964,67.713432],[46.69268,67.80836],[46.70472,67.89007],[46.549753,68.004489],[46.52459,68.12938],[46.026618,68.311569],[46.035037,68.329932],[45.804537,68.467915],[46.0182,68.431988],[45.541967,68.516122],[45.27978,68.538782],[44.08428,68.53075],[43.26921,68.65691],[44.223036,68.267871],[44.15004,67.91385],[44.30146,67.89284],[44.1184,67.87917],[44.14363,67.77398],[44.08505,67.69211],[44.17424,67.67175],[44.06816,67.6598],[43.77045,67.24105],[43.90122,67.15354],[44.17763,67.13091],[44.51659,66.90833],[44.36741,66.75927],[44.55714,66.64626],[44.43767,66.63015],[44.38362,66.4993],[44.249558,66.436164],[44.854938,66.230571],[45.72583,66.069019],[46.347105,66.038287],[47.144758,65.821305],[47.797418,65.837895],[47.843529,65.855339],[47.749226,65.906458],[47.911042,66.032277],[48.029132,66.013281],[48.084647,66.129254],[48.999789,66.113264],[51.545125,66.773977],[51.488714,66.834436],[51.526506,66.939329],[51.776404,66.919384],[51.830438,67.000177],[52.14922,67.099397],[53.874727,67.000361],[59.9735,67.000443],[59.924997,66.951591],[60.109855,67.000637],[61.597206,66.992392],[61.729305,67.09571],[62.863958,67.369734],[62.916956,67.445954],[62.834253,67.519865],[63.144213,67.691409],[63.425642,67.768995],[63.758087,67.725028],[63.706344,67.803668],[63.996996,67.901222],[63.866319,68.032518],[64.581889,68.200339],[64.527994,68.278748],[64.580261,68.357235],[65.472578,68.417891],[65.670532,68.563628],[65.436069,68.646778],[65.448928,68.73369],[65.35088,68.729614],[65.396731,68.793298],[64.784693,68.892985],[64.557261,68.867615],[64.624637,68.932736],[64.518135,68.978933],[64.538948,69.028795],[64.735405,69.120174]]],[[[54.2596,68.80047],[54.409,68.78607],[54.19609,68.82208],[54.2596,68.80047]]],[[[49.069586,68.672424],[48.766771,68.7034],[49.61632,68.83084],[49.82894,68.89719],[49.7189,68.87978],[50.05231,69.12778],[50.310921,69.106853],[50.29365,69.15372],[50.05344,69.28447],[49.243904,69.499519],[48.74279,69.45983],[48.331418,69.259389],[48.22081,69.03347],[48.2423,68.78689],[48.4415,68.71566],[49.069586,68.672424]]],[[[65.083685,69.260027],[64.938761,69.255769],[64.896678,69.177919],[65.083685,69.260027]]],[[[59.26652,69.18584],[59.2537,69.2461],[58.74116,69.36402],[59.18526,69.23241],[59.33396,69.10719],[59.26652,69.18584]]],[[[59.47718,69.83231],[59.52475,69.87051],[59.692284,69.795748],[59.52092,69.72095],[59.98386,69.65691],[60.04617,69.68117],[60.00798,69.7156],[60.197239,69.668764],[60.49722,69.70604],[60.47451,69.74974],[60.55874,69.79131],[60.45402,69.92929],[59.586295,70.204451],[59.076855,70.462788],[58.79788,70.42445],[58.66922,70.31499],[58.49428,70.32853],[58.81603,70.20006],[58.40523,70.23596],[58.65757,70.12387],[58.55507,70.11457],[58.63021,70.11032],[58.6137,70.06215],[59.06608,69.85728],[59.18353,69.85229],[59.11787,69.8963],[59.18431,69.91685],[59.47718,69.83231]]]]},"properties":{"name":"Ненецкий автономный округ","cartodb_id":3,"created_at":"2013-12-04T04:23:51+0100","updated_at":"2013-12-04T04:31:19+0100","name_latin":"Nenets Autonomous Okrug"}},
{"type":"Feature","geometry":{"type":"MultiPolygon","coordinates":[[[[150.46875,59.001261],[150.782084,59.093661],[150.705467,59.145585],[150.46875,59.001261]]],[[[149.059943,59.161935],[149.138756,59.210458],[149.04658,59.205286],[149.059943,59.161935]]],[[[158.543444,66.335235],[158.403346,66.21974],[158.500697,66.093502],[158.188291,66.142603],[157.744936,66.099459],[157.444713,66.000241],[157.449326,65.912874],[157.335158,65.891827],[156.961833,65.956736],[157.034383,66.007334],[156.674004,66.189043],[156.42702,66.038272],[156.06531,66.046131],[155.747972,66.161196],[155.402757,66.125378],[155.170693,66.182483],[154.894973,66.109322],[154.585952,66.217985],[154.394493,66.182848],[154.364956,66.103399],[154.228944,66.047978],[154.430058,65.994357],[154.266841,65.806328],[154.089677,65.783536],[154.087433,65.850263],[153.956673,65.873049],[153.532184,65.810303],[153.483706,65.747972],[153.577082,65.689843],[153.442342,65.48533],[153.585837,65.398429],[153.500533,65.345736],[153.148186,65.244046],[152.733014,65.227087],[152.66147,65.168483],[152.518397,64.91846],[152.585915,64.811292],[152.847283,64.701393],[152.376811,64.5329],[152.4448,64.389408],[152.332168,64.368045],[152.131617,64.356607],[151.974573,64.489108],[151.496874,64.425812],[151.410216,64.330624],[150.63959,64.337741],[150.58689,64.304575],[150.675331,64.267998],[150.668293,64.1927],[150.54882,64.166332],[150.196246,64.226865],[150.016771,64.350929],[150.143723,64.469472],[149.871263,64.56237],[149.339492,64.376755],[149.041135,64.431475],[148.708723,64.402203],[148.327615,64.528079],[148.04783,64.407899],[148.1235,64.295166],[148.314505,64.220696],[148.159692,64.102504],[148.176595,64.023366],[148.01834,63.936136],[147.670816,64.011346],[147.651769,64.066943],[147.73276,64.115184],[147.643774,64.178001],[147.342367,64.111444],[147.38328,64.081941],[147.294615,64.018729],[147.012052,64.133424],[146.368627,64.185881],[146.33349,64.0701],[146.165684,63.927209],[145.567507,63.807865],[145.668741,63.774762],[145.675889,63.673529],[145.4683,63.526303],[145.440458,63.378698],[145.25786,63.242875],[145.24951,63.161006],[145.409515,62.866673],[145.353052,62.746696],[145.45657,62.707403],[145.39044,62.680707],[145.450265,62.632283],[145.39705,62.599234],[145.484044,62.539551],[145.137654,62.478539],[145.19959,62.278872],[144.990204,62.238915],[144.98684,62.156606],[144.87762,62.158284],[144.73642,62.045483],[144.956246,62.066851],[145.05248,61.996843],[145.450543,61.949333],[145.620791,61.974948],[145.634243,62.05328],[145.965418,62.004494],[146.347697,61.841445],[146.389128,61.743088],[146.603855,61.615183],[146.580909,61.531723],[146.739752,61.468605],[146.68859,61.408637],[146.747149,61.38622],[146.698001,61.306826],[146.756434,61.093282],[146.664852,61.067675],[146.75447,61.003652],[146.499321,60.941147],[146.534597,60.842448],[146.455747,60.785163],[146.444025,60.671125],[146.085257,60.73658],[145.525005,60.45554],[145.657322,60.38814],[145.561934,60.311641],[145.857411,60.170272],[146.372387,60.250587],[146.53747,60.097224],[146.689112,60.087294],[146.70214,59.971554],[146.80077,59.905055],[147.03927,59.947898],[147.21618,59.73206],[147.12605,59.696004],[147.168798,59.646334],[147.108655,59.408506],[146.94151,59.368693],[147.543269,59.235704],[147.633733,59.307373],[147.78866,59.260638],[147.845018,59.306055],[147.79018,59.347443],[147.897533,59.387941],[148.30262,59.404633],[148.396142,59.379121],[148.417729,59.252959],[148.833934,59.279755],[148.92935,59.233191],[148.984452,59.37752],[148.75087,59.357185],[148.7247,59.463897],[148.872694,59.547873],[148.931771,59.452423],[149.22707,59.462187],[149.05514,59.620913],[149.559874,59.758226],[150.458648,59.616481],[150.57045,59.544863],[150.76856,59.563798],[150.51982,59.485919],[150.75029,59.488516],[150.744944,59.436121],[150.93902,59.454417],[150.910515,59.563437],[151.448893,59.55747],[151.665498,59.45669],[151.770517,59.354568],[151.737714,59.299734],[152.135524,59.301957],[152.324506,59.223475],[151.935165,59.130899],[151.462741,59.16546],[151.10261,59.105401],[151.34423,58.837093],[152.052423,58.887874],[152.180556,58.989727],[152.396661,59.010879],[152.35045,59.053656],[152.548048,58.951346],[152.896431,58.904743],[153.00082,59.057842],[153.3385,59.087346],[153.358606,59.202979],[153.449298,59.231235],[153.842278,59.167472],[154.054987,59.048943],[154.306998,59.091444],[154.359674,59.11522],[154.331264,59.191283],[154.485694,59.220455],[154.80969,59.129182],[154.833478,59.196817],[155.18237,59.174145],[155.1576,59.295403],[155.210009,59.347138],[154.973462,59.494808],[154.793095,59.463744],[154.646021,59.542089],[154.412486,59.550834],[154.525854,59.415175],[154.421008,59.417894],[154.386136,59.535373],[154.29368,59.437391],[154.126276,59.457883],[154.076277,59.522036],[154.229049,59.664024],[154.372535,59.578902],[154.230156,59.728769],[154.213977,59.8766],[154.453777,59.888249],[154.397961,59.838687],[154.482931,59.890996],[154.512982,60.030918],[154.863667,60.312356],[155.484276,60.534152],[155.807562,60.726689],[155.901879,60.700099],[155.993492,60.942109],[156.38085,61.150996],[156.662202,61.21158],[156.62282,61.371826],[156.681034,61.524955],[156.887329,61.535622],[157.030349,61.645997],[157.341218,61.678396],[157.493099,61.788777],[158.078528,61.730884],[158.288293,61.827182],[158.844561,61.819087],[159.029658,61.923297],[159.393808,61.877454],[159.351384,61.816935],[159.53917,61.791509],[159.513731,61.692082],[159.57116,61.65143],[159.875564,61.704447],[160.0574,61.852078],[160.35579,61.937482],[160.410913,61.760754],[160.258273,61.692256],[160.322113,61.666963],[160.279156,61.558877],[159.881825,61.318943],[159.9861,61.283171],[159.768085,61.239034],[159.939222,61.24461],[160.001731,61.114429],[159.78751,60.932634],[159.861323,60.900708],[160.181576,61.036976],[160.428963,61.034602],[160.180377,60.819982],[160.251326,60.73796],[160.144618,60.654975],[160.148024,60.574846],[160.436062,60.74865],[160.404053,60.704202],[160.677574,60.757235],[160.795222,60.718985],[160.910054,60.897332],[161.44583,61.11903],[161.409864,61.151376],[161.478891,61.197757],[161.58026,61.188063],[161.821519,61.373451],[161.908064,61.345488],[161.875221,61.426164],[162.007348,61.383303],[162.465934,61.664844],[162.454713,61.75018],[162.39184,61.763266],[162.474504,61.799887],[162.290041,61.926275],[162.49143,61.954996],[162.524472,62.083215],[162.168011,62.149184],[162.735341,62.265161],[162.781384,62.450964],[162.68119,62.571277],[162.827429,62.66117],[162.609587,62.713452],[162.564559,62.830213],[162.25655,62.934577],[162.379768,63.108078],[162.781144,63.194177],[162.735715,63.265603],[162.784129,63.306274],[162.65821,63.38458],[162.971038,63.480369],[162.996049,63.624408],[162.711949,63.785416],[162.940992,63.866758],[162.808538,64.129553],[162.990678,64.185611],[163.179747,64.157311],[163.255132,64.292853],[163.49569,64.35813],[163.192556,64.536858],[163.17736,64.619065],[163.264824,64.693339],[162.75248,64.662186],[162.650107,64.74098],[161.798907,64.84045],[161.718085,65.003001],[161.283016,65.153645],[160.501978,65.178038],[160.092682,65.502233],[159.811506,65.511256],[159.566812,65.620281],[158.909324,65.744476],[158.93302,65.892842],[159.247032,66.142494],[159.229895,66.236302],[158.543444,66.335235]]]]},"properties":{"name":"Магаданская область","cartodb_id":7,"created_at":"2013-12-04T04:23:51+0100","updated_at":"2013-12-04T04:31:38+0100","name_latin":"Magadan Oblast"}},
{"type":"Feature","geometry":{"type":"MultiPolygon","coordinates":[[[[163.502542,58.469103],[163.58034,58.569573],[164.139152,58.800427],[164.623291,58.865331],[164.730031,59.047988],[164.589724,59.239594],[164.311029,59.113077],[163.726103,59.007428],[163.68815,58.987723],[163.920527,58.994604],[163.773119,58.885397],[163.597282,58.599199],[163.414424,58.554064],[163.502542,58.469103]]],[[[168.070494,54.526167],[167.9413,54.65007],[167.435608,54.875227],[167.56033,54.750578],[168.070494,54.526167]]],[[[166.59527,54.716653],[166.679341,54.695153],[166.643356,54.865991],[166.294762,55.115842],[166.242435,55.265452],[166.300743,55.299678],[165.966107,55.36553],[165.75371,55.285838],[165.978433,55.227131],[166.200583,54.94046],[166.376477,54.827685],[166.485479,54.835878],[166.59527,54.716653]]],[[[162.465934,61.664844],[162.753976,61.591188],[162.616996,61.661051],[162.854869,61.709008],[162.941221,61.647116],[162.858363,61.619738],[163.016196,61.514116],[163.130237,61.622446],[163.324523,61.658488],[163.33682,61.710075],[162.966066,61.808833],[163.191324,62.067142],[163.11064,62.075147],[163.083447,62.220768],[163.370079,62.339451],[163.191259,62.434479],[163.27486,62.526376],[164.439064,62.693863],[164.615204,62.68026],[164.719732,62.57409],[165.115225,62.448463],[164.527223,62.438244],[164.156419,62.274039],[164.076202,62.096228],[164.054094,61.692082],[163.870535,61.651032],[163.750901,61.468828],[163.772037,61.414261],[163.957185,61.426423],[164.022196,61.337477],[163.940185,61.226577],[163.48849,61.004766],[163.762959,60.920555],[163.729926,60.872137],[162.890815,60.752296],[162.705991,60.608211],[162.514912,60.607612],[161.94371,60.420334],[161.92021,60.207293],[161.492786,60.042433],[160.881224,59.619429],[160.489811,59.549208],[160.396683,59.388208],[159.856902,59.124376],[159.71842,58.978041],[159.760929,58.938636],[159.706026,58.844754],[159.09609,58.437268],[158.224782,58.031872],[158.315899,57.986315],[157.6795,58.016502],[157.432823,57.787881],[157.124433,57.781005],[157.010642,57.85404],[156.859516,57.802415],[156.774398,57.724125],[156.908301,57.668023],[157.000161,57.492307],[156.902065,57.291223],[156.727048,57.068698],[156.537832,57.093038],[156.466052,56.952016],[156.118425,56.809742],[155.959314,56.632953],[155.651971,55.966687],[155.557861,55.194755],[155.977471,53.701291],[156.14714,52.846309],[156.451874,52.193823],[156.534526,51.3208],[156.712246,51.201887],[156.701142,51.084786],[156.764098,51.057812],[156.669007,50.865627],[157.472625,51.358836],[157.564335,51.502234],[157.9103,51.63102],[158.272326,51.960163],[158.396477,52.227997],[158.548983,52.29043],[158.483382,52.34397],[158.57194,52.37994],[158.546001,52.418533],[158.40579,52.405357],[158.526395,52.527352],[158.391579,52.646134],[158.550993,52.628142],[158.602402,52.693404],[158.480683,52.769541],[158.564672,52.777053],[158.645252,52.895433],[158.446975,52.895956],[158.421675,53.014202],[158.583947,53.059203],[158.70548,52.885221],[159.079881,53.105378],[159.616745,53.256755],[160.03629,53.097948],[160.016735,53.261317],[159.945792,53.212199],[159.904394,53.252743],[159.974941,53.321104],[159.84498,53.402539],[159.956065,53.538762],[159.840662,53.758919],[160.072101,54.188079],[160.81267,54.551057],[161.143209,54.588342],[161.274682,54.479239],[161.568869,54.467165],[162.138235,54.754031],[162.154342,54.852783],[161.865908,55.081186],[161.742848,55.373919],[161.773233,55.608425],[162.07778,56.08124],[162.602756,56.228954],[162.817815,56.061454],[163.0212,56.005462],[163.361531,56.183326],[163.355769,56.31258],[163.24989,56.441229],[163.244493,56.733355],[162.930341,56.693063],[162.777985,56.774572],[162.852234,57.029931],[162.781006,57.345741],[163.095982,57.483291],[163.321122,57.725897],[163.212689,57.81864],[162.701919,57.94972],[162.55341,57.930814],[162.4965,57.870034],[162.529223,57.749953],[162.379383,57.669437],[162.482684,57.771929],[162.092852,57.874746],[161.989369,58.084408],[162.27223,58.525405],[162.20774,58.572806],[162.309096,58.561781],[162.550288,58.749953],[163.07262,58.992313],[162.903704,59.118726],[163.02419,59.149289],[163.239989,59.080969],[163.164482,59.042033],[163.223298,59.038245],[163.25056,59.083416],[163.229476,59.140218],[163.08661,59.182737],[163.075109,59.249642],[163.327896,59.287694],[163.279328,59.218967],[163.342867,59.273038],[163.333853,59.401173],[163.202761,59.50183],[163.272084,59.549353],[163.205763,59.535405],[163.413531,59.618721],[163.369127,59.732084],[163.42718,59.83441],[163.690716,59.879555],[163.763437,59.951849],[163.65495,60.011746],[164.293037,59.982696],[164.338675,59.990849],[164.314139,60.072346],[164.488842,60.100263],[164.710116,59.998569],[164.832619,59.786454],[165.133103,59.903272],[165.207789,59.990896],[165.138192,60.038737],[165.190531,60.082774],[166.272498,60.473525],[166.385279,60.407012],[166.256989,60.394208],[166.313364,60.195061],[166.208071,60.127473],[166.089485,59.822728],[166.285723,59.809629],[166.841615,60.223075],[167.0879,60.321053],[167.051659,60.401483],[167.23029,60.338964],[167.786864,60.469542],[167.799466,60.531498],[168.447068,60.596221],[169.41249,60.514553],[169.737939,60.39544],[169.967083,60.067532],[170.329263,59.932693],[170.422447,59.96973],[170.526557,60.257786],[170.690309,60.313287],[170.616824,60.355319],[170.644383,60.409646],[171.393932,60.61374],[171.473749,60.695621],[171.629718,60.717242],[171.7138,60.834401],[171.944278,60.82799],[172.011657,60.886868],[172.071416,60.836761],[172.216631,60.967315],[172.031789,61.087335],[172.27685,61.005144],[172.483466,61.050119],[172.29717,61.102705],[172.443714,61.13935],[172.339288,61.204655],[172.650527,61.166544],[172.969942,61.283973],[172.762432,61.424513],[172.897832,61.463641],[173.07056,61.382295],[173.203441,61.405291],[173.31099,61.455212],[173.304711,61.511374],[173.493702,61.542863],[173.49299,61.707727],[173.583935,61.737655],[173.833931,61.644261],[174.214317,61.79745],[174.475429,61.808114],[174.440917,61.848414],[174.51887,61.870161],[174.43822,61.909319],[174.49087,61.973976],[174.451898,62.023903],[174.158877,62.084907],[174.137134,62.203946],[174.00031,62.281329],[174.151094,62.33786],[174.158895,62.42429],[173.894196,62.437186],[173.67219,62.546819],[172.854532,62.347644],[172.561024,62.445272],[172.28989,62.371698],[172.20788,62.464736],[172.07791,62.465021],[171.852391,62.412222],[171.895871,62.360447],[171.4849,62.294897],[171.382744,62.354319],[171.248154,62.319866],[171.314958,62.372576],[171.25856,62.383176],[170.83724,62.250558],[170.194294,62.295329],[170.06948,62.455599],[170.11876,62.49084],[169.99225,62.5228],[170.09316,62.636479],[170.048049,62.674604],[169.85202,62.656463],[169.158696,62.966315],[168.922245,62.943581],[168.46637,63.083485],[168.744975,63.180026],[168.709444,63.22675],[169.232317,63.511282],[169.527422,63.564474],[169.641674,63.654413],[169.568073,63.698947],[169.571695,63.807671],[169.386581,63.862377],[169.387495,63.940075],[168.876823,63.984723],[168.800179,64.183616],[168.652026,64.193683],[168.480252,64.317216],[168.038053,64.265495],[167.809568,64.345986],[167.69068,64.318488],[167.231553,64.623183],[166.787804,64.518863],[166.185739,64.620014],[165.845867,64.548706],[165.820972,64.586512],[165.901555,64.608768],[165.732861,64.659654],[165.758397,64.714798],[165.685052,64.750314],[165.445495,64.733335],[165.137212,64.854638],[165.024031,64.838332],[165.012585,64.675938],[164.864242,64.681064],[164.797048,64.767849],[164.218241,64.936724],[163.907742,64.848028],[163.544892,64.928587],[163.357314,64.80002],[163.125913,64.793097],[163.264824,64.693339],[163.17736,64.619065],[163.192556,64.536858],[163.49569,64.35813],[163.255132,64.292853],[163.179747,64.157311],[162.990678,64.185611],[162.808538,64.129553],[162.940992,63.866758],[162.711949,63.785416],[162.996049,63.624408],[162.971038,63.480369],[162.65821,63.38458],[162.784129,63.306274],[162.735715,63.265603],[162.781144,63.194177],[162.379768,63.108078],[162.25655,62.934577],[162.564559,62.830213],[162.609587,62.713452],[162.827429,62.66117],[162.68119,62.571277],[162.781384,62.450964],[162.735341,62.265161],[162.168011,62.149184],[162.524472,62.083215],[162.49143,61.954996],[162.290041,61.926275],[162.474504,61.799887],[162.39184,61.763266],[162.454713,61.75018],[162.465934,61.664844]]]]},"properties":{"name":"Камчатский край","cartodb_id":8,"created_at":"2013-12-04T04:23:51+0100","updated_at":"2013-12-04T04:31:47+0100","name_latin":"Kamchatka Krai"}},
{"type":"Feature","geometry":{"type":"Polygon","coordinates":[[[134.005313,46.655228],[133.840541,46.465615],[133.939175,46.399749],[133.861724,46.337028],[133.909717,46.263715],[133.687012,46.155863],[133.734603,46.054317],[133.666413,45.939761],[133.456318,45.828477],[133.466157,45.616438],[133.1879,45.5009],[133.0915,45.2868],[133.1266,45.149],[133.031799,45.058498],[132.938,45.0189],[131.98641,45.256402],[131.8784,45.3399],[131.7851,45.2072],[131.6813,45.2196],[131.6803,45.1127],[131.475188,44.963653],[131.1501,44.9464],[130.9633,44.856],[131.1036,44.7061],[131.3029,44.0586],[131.2382,43.9698],[131.1944,43.5589],[131.3084,43.3994],[131.1162,43.0601],[131.1087,42.9134],[130.6709,42.8495],[130.4001,42.7226],[130.615513,42.629029],[130.55327,42.518445],[130.650598,42.328587],[130.699718,42.292987],[130.86748,42.51674],[130.77464,42.57673],[130.79726,42.63258],[130.92324,42.59255],[131.11725,42.66985],[131.21817,42.55411],[131.25663,42.76843],[131.38016,42.7789],[131.35329,42.81447],[131.47143,42.88358],[131.39563,42.87262],[131.37668,42.94255],[131.49061,42.93963],[131.70509,43.19061],[131.77773,43.17989],[131.70024,43.19971],[131.77748,43.31718],[131.948094,43.314782],[131.969491,43.261266],[132.064096,43.309341],[131.70696,42.97834],[131.71131,42.90253],[131.75252,42.98149],[131.90754,42.95931],[131.848773,43.079399],[131.962805,43.05762],[132.292365,43.316384],[132.35027,43.295976],[132.318341,43.211459],[132.388722,43.2017],[132.314564,43.164774],[132.317826,42.842646],[132.405716,42.947906],[132.570511,42.837737],[132.770497,42.907056],[132.806844,42.758749],[132.873322,42.738971],[132.907998,42.832828],[132.985589,42.83031],[133.087942,42.73857],[133.02907,42.742261],[133.03979,42.672522],[133.522824,42.833829],[133.728646,42.808269],[133.876961,42.90969],[133.922966,42.866676],[134.18801,43.072169],[135.136118,43.501083],[135.21558,43.705963],[135.434723,43.76631],[135.52497,43.900262],[135.459202,43.877452],[135.452032,43.94265],[135.518792,43.922706],[135.530232,44.008526],[135.631634,44.035611],[135.65187,44.178542],[135.881101,44.412533],[136.146601,44.495624],[136.24014,44.677038],[136.338634,44.724248],[136.303157,44.750024],[136.379945,44.805808],[136.450114,44.772749],[136.44218,44.830183],[136.764804,45.092838],[136.801636,45.19866],[137.138798,45.375255],[137.359169,45.61437],[137.687942,45.810815],[138.109005,46.246613],[138.165634,46.434088],[138.341911,46.53869],[138.351735,46.694083],[138.561197,47.030055],[139.032543,47.396181],[138.862704,47.469589],[138.53684,47.481983],[138.6304,47.60423],[138.506695,47.67705],[138.76266,47.763384],[138.831636,47.868139],[138.577998,48.029218],[138.723572,48.14093],[138.703497,48.210105],[138.52233,48.21394],[138.474111,48.414451],[138.310583,48.464346],[138.19317,48.419026],[138.17634,48.335274],[137.88281,48.210842],[137.591927,48.245299],[137.308267,48.104368],[137.605242,47.924028],[137.413487,47.805803],[138.05247,47.696654],[137.972363,47.616192],[138.070063,47.586509],[138.077857,47.511982],[137.46519,47.209447],[137.037267,47.284049],[136.926116,47.080067],[136.978112,47.024922],[136.624928,46.79827],[136.234199,46.775458],[136.087006,46.868224],[135.949447,46.797242],[135.704517,46.917338],[135.752588,46.964765],[135.361515,46.920717],[135.415134,47.059782],[135.29866,47.160907],[135.085318,47.2134],[135.009433,47.133498],[134.66213,47.124291],[134.550996,46.973296],[134.43814,46.970805],[134.432745,46.697497],[134.005313,46.655228]]]},"properties":{"name":"Приморский край","cartodb_id":12,"created_at":"2013-12-04T04:23:51+0100","updated_at":"2013-12-04T04:32:08+0100","name_latin":"Primorsky Krai"}},
{"type":"Feature","geometry":{"type":"Polygon","coordinates":[[[41.160898,45.951688],[41.272136,45.758834],[41.169374,45.759651],[41.167237,45.674439],[40.847968,45.694229],[40.846043,45.51692],[40.923175,45.516862],[41.036139,45.225292],[41.278997,45.263847],[41.456479,44.988263],[41.654051,44.986251],[41.594201,44.768236],[41.427077,44.708474],[41.589707,44.515929],[41.736821,44.473134],[41.933232,44.496139],[41.9218,44.40993],[42.029404,44.35275],[42.341392,44.310887],[42.553418,44.368318],[42.609648,44.269443],[42.378722,44.168116],[42.293279,44.038985],[42.480224,43.966421],[42.584567,44.026377],[42.678289,43.809695],[43.147711,43.895076],[43.147482,43.958934],[43.224112,43.958254],[43.317604,43.799546],[43.47387,43.86562],[43.731517,43.819418],[43.770114,43.926558],[43.920306,44.018403],[44.270705,43.917312],[44.419364,44.016451],[44.291438,43.810387],[44.789621,43.817085],[44.83243,43.681956],[45.063143,43.718963],[45.054674,43.958372],[45.201686,43.956407],[45.200171,43.876309],[45.437874,43.875638],[45.441289,44.009733],[45.487471,44.010095],[45.503624,44.175802],[45.103629,44.191674],[45.136672,44.253797],[45.37151,44.290144],[45.429086,44.428803],[45.22674,44.467518],[45.239472,44.556773],[45.521916,44.679398],[45.655536,44.803692],[45.613474,44.873985],[45.705116,44.977363],[45.590027,45.125784],[44.829657,45.437607],[44.319047,45.551302],[43.91811,45.944987],[43.46974,45.988886],[42.931787,46.236062],[42.554668,46.006404],[42.319871,45.968447],[42.31472,46.13554],[42.170947,46.111897],[42.151814,45.941748],[41.71441,45.982428],[41.160898,45.951688]]]},"properties":{"name":"Ставропольский край","cartodb_id":15,"created_at":"2013-12-04T04:23:51+0100","updated_at":"2013-12-04T04:32:15+0100","name_latin":"Stavropol Krai"}},
{"type":"Feature","geometry":{"type":"Polygon","coordinates":[[[85.116875,54.437789],[84.670733,54.291852],[84.550122,54.162061],[84.221649,54.191214],[83.861432,54.078915],[83.883979,54.121393],[83.55414,54.109229],[83.451631,53.94698],[83.349197,53.934281],[83.301232,54.084927],[83.198057,54.065828],[82.71492,53.776833],[82.759724,53.749143],[82.620109,53.670102],[82.666972,53.642676],[82.502413,53.547223],[82.583722,53.512562],[82.48125,53.496473],[82.1504,53.605745],[82.194454,53.677011],[81.819644,53.685664],[81.715781,53.779803],[81.7209,53.841738],[81.835744,53.869857],[81.831192,53.964117],[81.663408,53.979562],[81.540528,53.904625],[81.592356,54.024697],[81.126424,54.114532],[80.951709,54.375622],[80.813605,54.343228],[80.863601,54.244752],[80.530918,54.168949],[80.570223,54.126622],[80.518178,54.103298],[80.050953,54.044987],[80.090906,53.990135],[79.877019,53.91411],[79.893523,53.844579],[79.421441,53.679585],[78.689492,53.652117],[78.615323,53.636928],[78.645884,53.512538],[78.362871,53.474204],[78.252246,53.499146],[78.23162,53.617058],[77.915788,53.571123],[77.931764,53.503355],[78.072408,53.47323],[77.922449,53.448716],[77.967922,53.388269],[77.888953,53.367194],[77.907228,53.290941],[79.179853,51.931089],[80.069,50.7426],[80.0682,50.8505],[80.1882,50.8226],[80.1926,50.8963],[80.4832,50.9726],[80.4365,51.1812],[80.6366,51.2052],[80.6787,51.3177],[81.0503,51.1815],[81.1429,51.21163],[81.1789,51.1598],[81.0657,50.9449],[81.4173,50.9719],[81.4565,50.7535],[81.6704,50.7508],[81.7693,50.8182],[82.1687,50.7315],[82.5699,50.7429],[82.7294,50.8423],[82.7268,50.9249],[82.9825,50.8842],[83.1219,51.0103],[83.4128,51.0137],[83.8264,50.8749],[84.073109,50.634915],[84.473729,50.687078],[84.589258,50.821747],[84.438297,50.859238],[84.490696,50.948059],[83.941707,51.069879],[83.932803,51.136925],[84.096635,51.143349],[84.120656,51.071237],[84.256471,51.282613],[84.414168,51.2717],[84.995946,51.514356],[85.193015,51.485428],[85.444258,51.563389],[85.474099,51.696491],[85.676337,51.717379],[85.776959,51.819516],[85.721399,51.841342],[85.853561,51.891053],[85.81753,51.971154],[85.889903,52.026922],[85.800245,52.053135],[85.918843,52.105662],[86.143888,52.084258],[86.227959,52.011468],[86.395733,52.033191],[86.464294,52.125406],[86.801044,52.158722],[86.72418,52.199242],[86.781098,52.294582],[86.693579,52.294799],[86.62298,52.406021],[86.679427,52.43683],[86.627469,52.527269],[86.796288,52.515051],[86.809315,52.648361],[87.1327,52.617593],[87.163682,52.71021],[87.066492,52.695915],[86.912424,52.846971],[87.007914,52.899184],[87.054982,53.041002],[86.64421,53.180464],[86.630132,53.248627],[86.8487,53.319581],[86.930329,53.503674],[86.812873,53.451549],[86.393733,53.597287],[86.295755,53.829757],[86.184139,53.811626],[86.124254,53.982905],[85.871253,54.037556],[85.624222,54.214501],[85.425309,54.187304],[85.116875,54.437789]]]},"properties":{"name":"Алтайский край","cartodb_id":17,"created_at":"2013-12-04T04:23:51+0100","updated_at":"2013-12-04T04:32:23+0100","name_latin":"Altai Krai"}},
{"type":"Feature","geometry":{"type":"MultiPolygon","coordinates":[[[[37.045003,55.142201],[37.169879,55.164339],[37.219005,55.253109],[37.405315,55.250576],[37.384066,55.316204],[37.471193,55.390449],[37.394573,55.469007],[37.538293,55.43757],[37.611354,55.489635],[37.60032,55.575374],[37.967428,55.716249],[37.563216,55.951335],[37.40942,55.880688],[37.413904,55.954532],[37.335026,55.953589],[37.411159,55.871002],[37.342022,55.860207],[37.393919,55.829862],[37.332302,55.771934],[37.415457,55.664765],[37.087353,55.590355],[37.1418,55.443081],[36.816053,55.508359],[36.856056,55.380332],[37.026036,55.283021],[36.93724,55.241391],[37.045003,55.142201]]],[[[37.131602,56.016446],[37.146611,55.963719],[37.261109,55.968067],[37.131602,56.016446]]]]},"properties":{"name":"Москва","cartodb_id":42,"created_at":"2013-12-04T04:23:51+0100","updated_at":"2013-12-04T04:32:35+0100","name_latin":"Moscow"}},
{"type":"Feature","geometry":{"type":"Polygon","coordinates":[[[88.791531,51.553761],[89.008876,51.394259],[88.960719,51.2283],[89.049849,51.159806],[89.055555,51.046395],[89.398663,50.850525],[89.644048,50.581307],[89.848757,50.526519],[89.8189,50.411201],[89.655163,50.369729],[89.50291,50.459801],[89.496835,50.363912],[89.381479,50.338889],[89.308428,50.207937],[89.525583,50.183729],[89.511507,50.119309],[89.585893,50.082043],[89.524695,50.03935],[89.62479,49.970855],[89.5915,49.9111],[89.97483,49.971259],[90.0673,50.0873],[90.285204,50.110916],[90.4834,50.2282],[90.6691,50.2132],[90.7308,50.2434],[90.7064,50.3129],[90.911,50.3528],[90.9208,50.4185],[91.415,50.4507],[91.4582,50.552],[91.6491,50.5885],[91.7784,50.7194],[92.2696,50.7343],[92.3581,50.8851],[92.6465,50.7055],[92.754,50.7275],[92.7877,50.8056],[93.0089,50.7932],[92.9594,50.6619],[93.1219,50.5862],[93.4202,50.6333],[94.2824,50.5812],[94.388264,50.219791],[94.607,50.037],[94.9775,50.05],[95.0826,49.9635],[95.4364,49.9578],[95.5336,49.8971],[95.8528,50.0461],[95.9806,49.9683],[96.2648,49.9769],[96.4184,49.8731],[96.5219,49.9446],[96.6119,49.8719],[96.7289,49.9273],[96.9796,49.8951],[97.2287,49.7445],[97.3312,49.7559],[97.7621,50.0005],[97.8949,49.929],[97.8674,49.972],[98.0699,50.0359],[98.3072,50.3261],[98.2665,50.4185],[98.3315,50.4981],[98.008,50.6692],[97.9497,50.8081],[98.0309,50.861],[97.8859,50.9235],[97.8321,51.0292],[98.0501,51.4502],[98.2241,51.4567],[98.2204,51.587],[98.354,51.7315],[98.7643,51.8699],[98.8615,52.1361],[98.969217,52.1434],[98.821147,52.196187],[98.832896,52.273913],[98.657076,52.263283],[98.685505,52.355912],[98.63053,52.415023],[98.830236,52.534661],[98.785657,52.604331],[98.941329,52.671743],[98.950745,52.786999],[98.850266,52.832802],[98.937518,52.937471],[99.231227,52.868699],[99.273846,52.931484],[99.230567,52.963186],[98.999776,53.027406],[99.054015,53.109028],[98.927803,53.153476],[98.31211,53.094827],[98.295093,53.227152],[98.002828,53.249523],[97.9825,53.348161],[97.58953,53.376688],[97.602759,53.425895],[97.456561,53.455465],[97.329068,53.588836],[96.88758,53.73011],[96.734819,53.724722],[96.689007,53.645835],[96.658672,53.56417],[96.439737,53.513467],[96.240931,53.618767],[96.232057,53.517146],[96.103488,53.504484],[96.110523,53.451726],[95.732224,53.52522],[95.405126,53.365634],[95.212813,53.468174],[95.035869,53.366121],[94.954593,53.404864],[94.618345,53.33111],[94.716503,53.240799],[94.602437,53.167803],[94.525925,52.910019],[94.141842,52.831178],[94.102883,52.68589],[93.767515,52.451383],[93.676812,52.212364],[93.337751,52.128059],[92.873698,51.836023],[92.07567,51.773091],[91.804399,51.886579],[91.259746,51.876564],[91.072364,51.95189],[90.849343,51.900384],[90.751753,52.070303],[90.486733,52.195871],[90.143443,52.148488],[90.158465,52.060766],[90.011789,51.958472],[90.136214,51.764436],[89.926926,51.757194],[89.658952,51.539275],[89.439673,51.606774],[89.24937,51.543225],[89.263824,51.641242],[89.20975,51.658379],[88.791531,51.553761]]]},"properties":{"name":"Тыва","cartodb_id":76,"created_at":"2013-12-04T04:23:51+0100","updated_at":"2013-12-04T04:32:59+0100","name_latin":"Tuva Republic"}},
{"type":"Feature","geometry":{"type":"Polygon","coordinates":[[[40.169999,53.312082],[40.087045,53.213545],[40.155331,53.046237],[40.074883,53.004513],[40.122762,52.939562],[40.037574,52.912903],[40.095751,52.879469],[40.083271,52.754594],[39.915694,52.708851],[40.046364,52.545786],[40.325873,52.458656],[40.293363,52.391964],[40.733435,52.251247],[40.764775,52.201607],[40.637032,52.174902],[40.590303,52.091979],[40.641422,52.036222],[40.536676,52.008933],[40.53414,51.945692],[40.945671,51.891089],[40.882178,51.738862],[41.002491,51.716182],[41.462463,51.805777],[42.089973,51.629231],[42.136364,51.631887],[42.118229,51.730848],[42.227836,51.718875],[42.306212,51.689461],[42.264695,51.612489],[42.520795,51.596072],[42.515436,51.712054],[42.665625,51.809889],[42.72749,52.006383],[42.820193,52.022105],[42.771364,52.183776],[42.888997,52.213045],[42.918202,52.360338],[43.039706,52.370635],[43.081329,52.404693],[43.024048,52.486763],[43.121771,52.510893],[43.058242,52.559391],[43.248087,52.63634],[42.957555,52.930946],[42.547553,53.122359],[42.509028,53.17019],[42.571364,53.179832],[42.412166,53.33802],[42.240536,53.357158],[42.295901,53.452083],[42.109533,53.515339],[42.143951,53.712079],[42.081739,53.748005],[42.144531,53.802341],[41.405822,53.78474],[41.353684,53.525571],[41.144602,53.417168],[40.956619,53.500541],[40.833516,53.461358],[40.700873,53.555919],[40.471904,53.444714],[40.421771,53.496213],[40.381569,53.350524],[40.300297,53.381491],[40.169999,53.312082]]]},"properties":{"name":"Тамбовская область","cartodb_id":73,"created_at":"2013-12-04T04:23:51+0100","updated_at":"2013-12-04T04:33:27+0100","name_latin":"Tambov Oblast"}},
{"type":"Feature","geometry":{"type":"Polygon","coordinates":[[[59.348463,61.66377],[59.44521,61.415145],[59.252806,61.260553],[59.369371,60.968356],[59.475006,60.939248],[59.423639,60.635472],[59.149756,60.341837],[59.137965,60.205882],[58.963427,59.977965],[58.988792,59.907617],[58.839456,59.931982],[58.800246,59.843002],[58.693449,59.85661],[58.602325,59.693481],[58.479048,59.711673],[58.362935,59.46464],[58.524931,59.435023],[58.681216,59.26849],[59.196787,59.147133],[59.092924,59.000481],[59.20694,58.953952],[59.080028,58.906096],[59.105835,58.77378],[59.153582,58.717546],[59.398591,58.708066],[59.453623,58.478057],[59.287457,58.419285],[59.18624,58.278588],[59.105526,58.288069],[59.137063,58.259842],[58.924693,58.28101],[58.586743,58.041514],[58.728266,57.852053],[58.863791,57.838097],[58.847335,57.725834],[58.537085,57.564072],[58.460452,57.582358],[58.446871,57.673931],[58.154722,57.695192],[58.094477,57.658863],[58.119009,57.602701],[58.030354,57.611408],[57.940085,57.296469],[58.047489,57.248701],[57.98641,57.21175],[58.032166,57.150674],[58.124395,57.142605],[58.039704,57.114243],[58.069369,57.049412],[57.872988,57.055695],[57.826571,56.962411],[57.665146,56.910806],[57.371511,56.955349],[57.248349,56.884779],[57.347261,56.748935],[57.317492,56.705601],[57.438894,56.677265],[57.338556,56.609783],[57.418168,56.580454],[57.312763,56.390579],[57.406237,56.34266],[57.50828,56.19462],[57.480225,56.122618],[57.598601,56.085196],[57.861552,56.148356],[58.384528,56.081776],[58.559694,56.172639],[58.900497,56.053224],[59.04205,56.168357],[59.168521,56.198713],[59.198336,56.271061],[59.141941,56.330622],[59.222805,56.355335],[59.714008,56.323517],[59.634706,56.248048],[59.757861,56.223543],[60.258947,56.199749],[60.553838,56.221309],[60.576364,56.318084],[60.679792,56.310093],[60.65546,56.214968],[61.103532,56.181438],[61.185875,56.208264],[61.091777,56.319243],[61.161025,56.366287],[61.668357,56.317422],[61.870744,56.222679],[61.836979,56.177833],[62.061058,56.130821],[62.07111,56.297018],[62.267765,56.339687],[62.271055,56.419793],[62.518812,56.563641],[62.651286,56.48652],[62.890995,56.590835],[63.18414,56.586739],[63.31507,56.567783],[63.358256,56.49102],[63.400279,56.610414],[63.520765,56.609643],[63.829419,56.481103],[64.178836,56.460685],[64.183935,56.58758],[64.343056,56.644276],[64.327899,56.756542],[64.830508,56.842297],[64.927055,56.7724],[65.169683,56.764035],[65.253148,56.920506],[65.111006,56.886083],[65.009481,56.966165],[64.962519,57.156659],[65.005086,57.233812],[64.827192,57.29312],[64.897929,57.332372],[64.849863,57.451283],[64.990901,57.56174],[64.833088,57.64825],[65.417822,57.837011],[65.519744,57.741236],[65.684633,57.838084],[65.634185,57.859273],[65.668128,57.898469],[65.794769,57.874798],[65.824986,57.932635],[66.184857,58.01097],[66.000058,58.248693],[65.95016,58.614779],[65.655676,58.658463],[65.371533,58.900124],[65.238066,59.204537],[65.122358,59.216259],[65.074329,59.310298],[64.020466,59.381857],[63.874313,59.461301],[63.824946,59.744732],[63.60257,60.138054],[63.18084,60.224474],[63.22573,60.294206],[62.867383,60.653825],[62.760156,60.853321],[62.825031,61.001313],[62.483555,61.260973],[61.194279,61.663824],[59.993321,61.718358],[59.944242,61.756864],[59.972501,61.882798],[59.486699,61.946069],[59.327587,61.842219],[59.418551,61.753706],[59.348463,61.66377]]]},"properties":{"name":"Свердловская область","cartodb_id":72,"created_at":"2013-12-04T04:23:51+0100","updated_at":"2013-12-04T04:33:32+0100","name_latin":"Sverdlovsk Oblast"}},
{"type":"Feature","geometry":{"type":"Polygon","coordinates":[[[62.000444,65.717736],[61.626756,65.561903],[61.298457,65.327348],[61.364851,65.2496],[61.295941,65.183228],[61.137374,65.174495],[60.948215,65.014577],[60.807062,65.024702],[60.72944,64.925505],[60.609563,64.920501],[60.417476,65.066288],[60.203559,65.076943],[59.626861,64.803015],[59.626092,64.724716],[59.745304,64.657241],[59.615089,64.64667],[59.464282,64.495798],[59.598435,64.497467],[59.653717,64.376185],[59.55983,64.247737],[59.836947,64.087144],[59.72279,63.962117],[59.561302,63.908559],[59.467974,63.548],[59.313,63.390018],[59.373036,63.370917],[59.32203,63.314058],[59.365877,63.251827],[59.288405,63.184708],[59.322027,63.123271],[59.203794,63.027597],[59.464346,62.893049],[59.434096,62.779641],[59.360391,62.752291],[59.442619,62.565955],[59.635447,62.548454],[59.612653,62.366442],[59.400125,62.157112],[59.486699,61.946069],[59.972501,61.882798],[59.944242,61.756864],[59.993321,61.718358],[61.194279,61.663824],[62.483555,61.260973],[62.825031,61.001313],[62.760156,60.853321],[62.867383,60.653825],[63.22573,60.294206],[63.18084,60.224474],[63.60257,60.138054],[63.824946,59.744732],[63.874313,59.461301],[64.020466,59.381857],[65.074329,59.310298],[65.122358,59.216259],[65.238066,59.204537],[65.371533,58.900124],[65.655676,58.658463],[65.95016,58.614779],[66.365657,58.579901],[66.785238,58.656545],[66.772472,58.923282],[66.969014,58.972043],[67.052156,58.932059],[67.612735,59.104868],[67.731584,59.19886],[68.269337,59.24606],[68.402848,59.306112],[68.573023,59.588331],[68.728619,59.568394],[69.308508,59.769741],[69.072155,59.904664],[69.267802,59.989634],[69.623534,59.967746],[69.651104,59.909822],[70.134467,59.949768],[70.395593,59.839298],[70.743119,59.884664],[70.999745,59.827671],[71.179328,59.907066],[71.257995,59.78872],[72.086949,59.530923],[72.442125,59.300034],[72.418788,59.209837],[72.527045,59.148466],[72.975619,59.126382],[72.928297,59.053141],[73.099956,58.951689],[73.02481,58.874928],[73.718792,58.856215],[74.144895,58.730214],[75.131297,58.663889],[75.701148,58.968584],[75.639673,59.211579],[75.841198,59.280213],[75.898666,59.399905],[75.992856,59.380677],[76.177166,59.530001],[76.664888,59.571174],[76.772889,59.991184],[76.713994,60.115036],[76.866349,60.271042],[76.763255,60.376239],[76.799347,60.468751],[77.072209,60.533701],[77.048133,60.62515],[76.963016,60.651213],[77.097546,60.70529],[77.107935,60.858414],[77.704323,60.81999],[77.969963,60.740696],[78.699992,60.825356],[78.795277,60.750058],[79.188381,60.828644],[79.308211,60.794421],[79.296047,60.707553],[79.39887,60.63584],[80.200997,60.675322],[80.704837,60.802779],[81.052447,60.755725],[81.10419,60.642048],[81.879534,60.639791],[82.167305,60.51634],[82.409601,60.608155],[82.376451,60.706879],[83.156683,61.026795],[83.476909,61.035672],[83.949694,60.836217],[84.26311,60.862518],[85.696583,61.283815],[85.640731,61.36709],[85.976673,61.48261],[85.842513,61.593921],[85.712839,61.572615],[85.406556,61.687147],[84.677915,61.80813],[84.519392,61.927839],[84.440859,62.195657],[84.298348,62.269345],[84.23908,62.381468],[84.029004,62.400176],[83.814028,62.569876],[83.324248,62.458029],[82.758996,62.659955],[82.761864,62.749446],[82.159325,62.813008],[81.741175,62.705005],[81.291249,62.858547],[81.319859,62.909914],[81.09632,63.011204],[81.037018,63.147459],[80.921948,63.156636],[80.680919,63.115941],[80.550595,62.989025],[79.908321,62.785033],[79.84344,62.608557],[78.739462,62.602213],[78.092906,62.464098],[77.136819,62.811422],[77.025323,62.97192],[76.666942,63.03481],[76.34005,62.951344],[75.778408,63.117148],[74.524322,63.036364],[74.253194,63.173027],[73.498183,63.187955],[73.054297,63.426791],[72.66308,63.281521],[72.128306,63.296786],[71.645484,63.192752],[71.536975,63.472687],[71.563007,63.571948],[71.455856,63.683308],[70.922692,63.702792],[70.558903,64.015282],[70.766496,64.112367],[70.770934,64.191113],[70.451002,64.2487],[70.293517,64.343852],[69.396756,64.386862],[69.252204,64.480255],[68.858472,64.438539],[69.043761,64.329374],[68.914756,64.225913],[68.448825,64.287694],[67.783301,64.019195],[67.677623,64.076902],[67.284903,64.073888],[67.173003,64.121351],[67.199669,64.159666],[66.837673,64.212394],[66.847343,64.340373],[66.977605,64.423956],[66.970269,64.508071],[66.197823,64.59119],[65.376371,64.555241],[65.178586,64.468122],[64.603817,64.442677],[64.482332,64.371083],[63.61126,64.270514],[63.410065,64.333669],[63.516973,64.363156],[63.477518,64.456145],[63.247328,64.520418],[62.913436,64.467695],[62.557643,64.558547],[62.589629,64.640373],[62.811534,64.736448],[62.807012,64.840715],[62.695222,64.872818],[62.823741,65.054607],[62.872114,65.290589],[62.454152,65.339291],[62.366543,65.43211],[62.425405,65.503702],[62.31297,65.535157],[62.265281,65.632344],[62.000444,65.717736]]]},"properties":{"name":"Ханты-Мансийский автономный округ - Югра","cartodb_id":71,"created_at":"2013-12-04T04:23:51+0100","updated_at":"2013-12-04T04:33:44+0100","name_latin":"Khanty–Mansi Autonomous Okrug – Yugra"}},
{"type":"Feature","geometry":{"type":"MultiPolygon","coordinates":[[[[-172.65802,64.59757],[-172.44667,64.62141],[-172.73144,64.61886],[-172.65802,64.59757]]],[[[-172.517336,64.6875],[-172.06389,64.75523],[-172.39336,64.83716],[-172.63752,64.7023],[-172.517336,64.6875]]],[[[-169.05486,65.74933],[-169.00713,65.81151],[-169.09628,65.80344],[-169.11755,65.7597],[-169.05486,65.74933]]],[[[-174.71865,67.15423],[-174.74656,67.06882],[-174.69402,67.01488],[-174.71865,67.15423]]],[[[-180,65.037387],[-179.684786,65.135471],[-179.537328,65.239421],[-179.487754,65.410605],[-179.27283,65.526352],[-179.338236,65.567211],[-179.27436,65.63008],[-179.58452,65.7198],[-179.77679,65.88575],[-179.76384,66.07259],[-179.67921,66.16781],[-179.53446,66.12034],[-179.63362,66.11089],[-179.28504,66.13246],[-179.19606,66.19457],[-179.38156,66.31961],[-179.16086,66.26362],[-179.07313,66.36564],[-179.05079,66.26443],[-179.10906,66.25336],[-178.84359,66.15656],[-178.5004,66.38113],[-178.44404,66.35207],[-178.49348,66.24207],[-178.44412,66.22165],[-178.506,66.11482],[-178.67757,66.08719],[-178.657,66.02102],[-178.75334,65.97761],[-178.92447,66.04142],[-178.82078,65.94001],[-178.88145,65.9081],[-178.63194,65.75388],[-178.40475,65.70159],[-178.53335,65.49175],[-177.56925,65.44428],[-176.94593,65.60341],[-176.00014,65.43774],[-175.88894,65.35386],[-176.03575,65.38993],[-175.73298,65.13381],[-175.89211,65.0013],[-175.36619,64.84264],[-175.45339,64.80033],[-175.41704,64.77476],[-174.7822,64.76391],[-174.03947,64.52989],[-173.99219,64.41593],[-173.6207,64.32528],[-173.29964,64.43635],[-173.34105,64.58845],[-173.21855,64.51742],[-173.25364,64.4171],[-173.16741,64.43426],[-173.36107,64.36219],[-173.3665,64.29148],[-173.10702,64.24146],[-172.8369,64.29985],[-172.79092,64.42654],[-173.02391,64.44757],[-172.9637,64.48778],[-172.75943,64.50776],[-172.72462,64.39817],[-172.59303,64.37203],[-172.23433,64.40772],[-172.42591,64.54372],[-172.77267,64.61121],[-172.96663,64.57396],[-172.82991,64.65592],[-173.05804,64.6574],[-172.74089,64.76175],[-172.91009,64.83692],[-173.18204,64.77408],[-172.9595,64.86352],[-172.75963,64.83315],[-172.40726,64.91901],[-172.09847,65.06075],[-172.21172,65.33275],[-172.09062,65.47536],[-170.98729,65.50025],[-170.97952,65.58769],[-171.23782,65.65323],[-171.46438,65.83324],[-171.17901,65.70496],[-170.58032,65.60553],[-170.49298,65.67661],[-170.52944,65.76904],[-170.47555,65.80261],[-170.53557,65.86034],[-169.98248,66.04268],[-169.71952,66.00531],[-169.65189,66.07863],[-169.72661,66.15265],[-170.57554,66.35139],[-171.31798,66.65513],[-171.38763,66.71965],[-171.33777,66.75914],[-171.68001,66.85903],[-171.63068,66.9119],[-171.71649,66.95091],[-173.65313,67.11201],[-174.61565,67.06033],[-174.03712,66.96672],[-173.92234,66.67946],[-174.26372,66.569307],[-173.8332,66.51016],[-173.6881,66.42828],[-173.99619,66.21205],[-174.03529,66.25787],[-173.93215,66.33458],[-173.9833,66.41934],[-173.94296,66.44582],[-174.21118,66.46702],[-174.14828,66.42019],[-174.38132,66.33788],[-174.47571,66.39147],[-174.40204,66.47194],[-174.444559,66.532771],[-174.9207,66.64518],[-174.819471,66.734395],[-174.69913,66.730742],[-174.76272,66.90432],[-174.691741,66.915062],[-174.85333,66.97845],[-174.9107,67.08716],[-174.865273,67.268466],[-174.74908,67.3097],[-175.23662,67.55315],[-175.281363,67.669211],[-177.376,68.25068],[-177.66131,68.22677],[-177.61803,68.29461],[-177.45803,68.26601],[-178.88122,68.7658],[-179.43087,68.9188],[-179.67769,68.89909],[-180,68.977636],[-180,65.360292],[-179.846474,65.319493],[-180,65.33153],[-180,65.037387]]],[[[-174.71865,67.15423],[-174.663293,67.161011],[-174.69948,67.22687],[-174.71865,67.15423]]],[[[180,71.531777],[178.906028,71.220213],[178.627837,71.072018],[178.635444,71.00728],[178.78898,70.800333],[179.583651,70.865324],[180,70.97585],[180,71.531777]]],[[[-179.55594,71.58955],[-180,71.531777],[-180,70.97585],[-179.23504,70.88406],[-177.90552,71.02401],[-177.58367,71.1026],[-177.43262,71.22459],[-178.25487,71.52726],[-179.34749,71.59975],[-179.02174,71.57634],[-179.29127,71.53058],[-179.55594,71.58955]]],[[[162.469443,69.654961],[162.32411,69.590994],[162.412578,69.549421],[162.32461,69.52943],[162.43208,69.454206],[162.3495,69.406387],[162.543629,69.372961],[162.562997,69.28877],[162.82646,69.183649],[162.531907,69.105638],[162.539667,68.982584],[162.855209,68.831229],[162.591608,68.777632],[162.603191,68.68753],[162.751685,68.583955],[162.563824,68.483344],[162.616563,68.43732],[162.447526,68.284103],[161.44974,68.377936],[160.73171,68.247989],[159.944142,68.259624],[159.743854,68.17864],[159.656572,68.222842],[158.893296,68.10158],[158.646984,68.127407],[158.325145,68.060556],[158.215908,67.934821],[158.103566,67.914021],[158.081936,67.836157],[158.249488,67.824492],[158.362234,67.723638],[157.810091,67.674568],[157.730565,67.518002],[157.907708,67.420455],[157.807727,67.351499],[157.839066,67.286079],[158.71176,67.038389],[158.960036,66.760587],[158.77551,66.726084],[158.504391,66.4629],[158.368873,66.430309],[158.543444,66.335235],[159.229895,66.236302],[159.247032,66.142494],[158.93302,65.892842],[158.909324,65.744476],[159.566812,65.620281],[159.811506,65.511256],[160.092682,65.502233],[160.501978,65.178038],[161.283016,65.153645],[161.718085,65.003001],[161.798907,64.84045],[162.650107,64.74098],[162.75248,64.662186],[163.264824,64.693339],[163.125913,64.793097],[163.357314,64.80002],[163.544892,64.928587],[163.907742,64.848028],[164.218241,64.936724],[164.797048,64.767849],[164.864242,64.681064],[165.012585,64.675938],[165.024031,64.838332],[165.137212,64.854638],[165.445495,64.733335],[165.685052,64.750314],[165.758397,64.714798],[165.732861,64.659654],[165.901555,64.608768],[165.820972,64.586512],[165.845867,64.548706],[166.185739,64.620014],[166.787804,64.518863],[167.231553,64.623183],[167.69068,64.318488],[167.809568,64.345986],[168.038053,64.265495],[168.480252,64.317216],[168.652026,64.193683],[168.800179,64.183616],[168.876823,63.984723],[169.387495,63.940075],[169.386581,63.862377],[169.571695,63.807671],[169.568073,63.698947],[169.641674,63.654413],[169.527422,63.564474],[169.232317,63.511282],[168.709444,63.22675],[168.744975,63.180026],[168.46637,63.083485],[168.922245,62.943581],[169.158696,62.966315],[169.85202,62.656463],[170.048049,62.674604],[170.09316,62.636479],[169.99225,62.5228],[170.11876,62.49084],[170.06948,62.455599],[170.194294,62.295329],[170.83724,62.250558],[171.25856,62.383176],[171.314958,62.372576],[171.248154,62.319866],[171.382744,62.354319],[171.4849,62.294897],[171.895871,62.360447],[171.852391,62.412222],[172.07791,62.465021],[172.20788,62.464736],[172.28989,62.371698],[172.561024,62.445272],[172.854532,62.347644],[173.67219,62.546819],[173.894196,62.437186],[174.158895,62.42429],[174.151094,62.33786],[174.00031,62.281329],[174.137134,62.203946],[174.158877,62.084907],[174.451898,62.023903],[174.49087,61.973976],[174.43822,61.909319],[174.51887,61.870161],[174.440917,61.848414],[174.475429,61.808114],[176.949431,62.516548],[178.062093,62.533371],[179.026579,62.338331],[179.100799,62.274018],[179.183327,62.321371],[179.146985,62.463461],[179.36393,62.477101],[179.597354,62.626785],[179.632208,62.687565],[179.565406,62.839048],[179.366919,62.877203],[179.282488,62.962921],[179.32346,63.046962],[179.466599,63.059384],[179.452484,63.11619],[179.046399,63.299251],[178.870417,63.458711],[178.655676,64.025726],[178.233294,64.433558],[178.33307,64.324488],[178.127458,64.234645],[178.145349,64.184117],[177.85534,64.233678],[177.48646,64.409028],[177.412616,64.51232],[177.539547,64.732873],[177.35907,64.751194],[177.092446,64.706079],[176.790098,64.541801],[176.520984,64.669658],[176.098003,64.525226],[176.437047,64.686753],[176.222127,64.87938],[176.442733,64.8461],[176.447981,64.795228],[176.90788,64.837142],[177.08183,64.754036],[177.34333,64.808388],[177.262101,64.847936],[177.290783,64.916163],[177.482996,64.917198],[177.528415,64.836999],[177.40553,64.81488],[177.546461,64.799958],[177.63212,64.697805],[178.022489,64.637871],[178.759149,64.675962],[178.81724,64.646992],[178.556046,64.560954],[178.79191,64.629394],[179.146494,64.762187],[179.511675,64.796242],[180,65.037387],[180,65.312032],[179.915189,65.348314],[180,65.360292],[180,68.977636],[179.388116,69.235601],[178.76119,69.405234],[176.90357,69.642104],[176.091892,69.877614],[174.119734,69.875832],[173.772063,69.865739],[173.738707,69.812671],[173.467191,69.933753],[173.246846,69.902989],[173.184851,69.848928],[173.29472,69.897469],[173.511673,69.796558],[173.225758,69.763792],[173.219083,69.832],[172.75257,69.964814],[172.463188,69.938567],[170.562214,70.123045],[170.433962,70.09732],[170.574691,70.077585],[170.523513,69.908108],[170.605002,69.763953],[170.248167,69.705023],[170.155679,69.5926],[170.64499,69.567333],[170.762103,69.369159],[170.929464,69.272788],[170.88874,69.16577],[171.03292,69.094287],[170.683196,68.925143],[170.67885,68.866798],[170.431346,68.85464],[170.527488,68.79774],[170.43047,68.784527],[169.581914,68.77413],[169.411239,68.865246],[169.424859,69.006038],[169.331869,69.079628],[168.306418,69.215069],[168.221011,69.341305],[168.284776,69.541244],[167.966209,69.641093],[168.101889,69.674565],[168.055284,69.744462],[167.7319,69.773052],[168.037854,69.761905],[168.1681,69.679268],[168.609907,69.592799],[169.18327,69.553644],[169.301126,69.649516],[169.282421,69.759208],[169.451999,69.79509],[169.430218,69.857116],[168.518425,70.019777],[168.104975,69.982051],[167.608207,69.711237],[166.929598,69.477212],[165.80671,69.570371],[164.686606,69.570927],[164.016757,69.754014],[163.78426,69.677157],[162.469443,69.654961]]],[[[170.141127,69.710184],[170.24972,69.774145],[169.971814,69.733002],[170.141127,69.710184]]]]},"properties":{"name":"Чукотский автономный округ","cartodb_id":68,"created_at":"2013-12-04T04:23:51+0100","updated_at":"2013-12-04T04:34:06+0100","name_latin":"Chukotka Autonomous Okrug"}},
{"type":"Feature","geometry":{"type":"Polygon","coordinates":[[[65.95016,58.614779],[66.000058,58.248693],[66.184857,58.01097],[65.824986,57.932635],[65.794769,57.874798],[65.668128,57.898469],[65.634185,57.859273],[65.684633,57.838084],[65.519744,57.741236],[65.417822,57.837011],[64.833088,57.64825],[64.990901,57.56174],[64.849863,57.451283],[64.897929,57.332372],[64.827192,57.29312],[65.005086,57.233812],[64.962519,57.156659],[65.009481,56.966165],[65.111006,56.886083],[65.253148,56.920506],[65.169683,56.764035],[64.927055,56.7724],[64.991291,56.717528],[64.972266,56.643221],[65.028727,56.641531],[64.996718,56.504587],[65.213432,56.364235],[65.122002,56.307573],[65.683123,56.269664],[65.84187,56.068988],[66.020971,55.993602],[66.161296,56.068576],[66.473329,55.956088],[66.723401,56.042495],[66.76387,55.975632],[67.303046,55.9629],[67.40392,55.727855],[67.822177,55.729012],[67.920944,55.654964],[68.177142,55.72036],[68.188755,55.589124],[68.714266,55.347519],[69.0092,55.2853],[68.9193,55.3832],[68.9855,55.4416],[69.2061,55.3301],[69.3627,55.389],[69.659829,55.349568],[69.58182,55.416656],[69.676348,55.4804],[69.683825,55.350708],[69.9517,55.2097],[70.2294,55.1471],[70.460501,55.279672],[70.498739,55.330814],[70.439596,55.407525],[70.756972,55.584722],[70.563457,55.650732],[70.550487,55.791749],[70.828713,55.834617],[70.585787,55.822901],[70.47174,55.851273],[70.480612,55.905967],[70.80854,55.902622],[70.913828,56.085713],[70.732229,56.253127],[70.948417,56.304836],[70.927466,56.379234],[70.736817,56.424495],[71.084598,56.524166],[71.113689,56.624043],[71.020382,56.682954],[71.369887,56.631768],[71.677329,56.765223],[71.604991,56.932929],[71.115604,57.202398],[71.065009,57.350892],[70.983217,57.387105],[70.786795,57.364979],[70.701809,57.201325],[70.372349,57.329437],[70.418236,57.415114],[70.690201,57.553787],[70.598864,57.577222],[70.557686,57.718741],[70.392336,57.782465],[70.426527,57.893057],[70.358304,57.900312],[70.852774,58.529271],[71.053455,58.511108],[71.111075,58.434179],[71.311412,58.383055],[71.237838,58.327859],[71.214219,58.054221],[71.990196,58.115843],[72.167156,58.014698],[72.811536,57.996748],[73.128287,58.155304],[74.219631,58.136298],[74.628585,58.288288],[75.108237,58.576245],[75.199295,58.618682],[75.131297,58.663889],[74.144895,58.730214],[73.718792,58.856215],[73.02481,58.874928],[73.099956,58.951689],[72.928297,59.053141],[72.975619,59.126382],[72.527045,59.148466],[72.418788,59.209837],[72.442125,59.300034],[72.086949,59.530923],[71.257995,59.78872],[71.179328,59.907066],[70.999745,59.827671],[70.743119,59.884664],[70.395593,59.839298],[70.134467,59.949768],[69.651104,59.909822],[69.623534,59.967746],[69.267802,59.989634],[69.072155,59.904664],[69.308508,59.769741],[68.728619,59.568394],[68.573023,59.588331],[68.402848,59.306112],[68.269337,59.24606],[67.731584,59.19886],[67.612735,59.104868],[67.052156,58.932059],[66.969014,58.972043],[66.772472,58.923282],[66.785238,58.656545],[66.365657,58.579901],[65.95016,58.614779]]]},"properties":{"name":"Тюменская область","cartodb_id":20,"created_at":"2013-12-04T04:23:51+0100","updated_at":"2013-12-04T08:06:53+0100","name_latin":"Tyumen Oblast"}},
{"type":"Feature","geometry":{"type":"Polygon","coordinates":[[[38.318131,56.658578],[38.358751,56.57327],[38.27379,56.531804],[38.446269,56.3865],[38.396988,56.283185],[38.527775,56.213561],[38.576002,55.998682],[38.838383,55.91481],[39.057092,55.942105],[39.05917,55.857344],[39.327174,55.864863],[39.325843,55.773018],[39.470275,55.74699],[39.889102,55.833195],[39.903052,55.741896],[40.093163,55.607689],[40.048871,55.526498],[40.200484,55.497414],[40.141305,55.450727],[40.190923,55.365007],[40.363867,55.349775],[40.358068,55.289607],[40.567896,55.356139],[40.527195,55.302347],[40.600251,55.200483],[41.002091,55.271881],[41.090419,55.175732],[41.294505,55.233472],[41.443436,55.145457],[41.795935,55.103672],[41.908336,55.210282],[41.860527,55.241109],[41.972521,55.286605],[41.946544,55.34757],[42.166871,55.443995],[42.06483,55.587369],[42.136665,55.681753],[42.393333,55.788542],[42.531744,55.95661],[42.716769,55.968332],[42.678957,56.083946],[42.96122,56.140375],[42.903545,56.209389],[42.763367,56.192849],[42.773942,56.331789],[42.614182,56.406734],[42.20424,56.450181],[42.046402,56.352363],[41.882941,56.528111],[41.146142,56.475979],[40.561214,56.60283],[40.192821,56.435786],[39.916613,56.495401],[39.957077,56.533707],[39.824012,56.610172],[39.900942,56.770205],[39.402019,56.771048],[39.273024,56.536674],[39.174764,56.579128],[38.972406,56.535227],[38.769532,56.610467],[38.55302,56.541787],[38.562259,56.613802],[38.422891,56.70089],[38.318131,56.658578]]]},"properties":{"name":"Владимирская область","cartodb_id":22,"created_at":"2013-12-04T04:23:51+0100","updated_at":"2013-12-04T08:07:07+0100","name_latin":"Vladimir Oblast"}},
{"type":"Feature","geometry":{"type":"Polygon","coordinates":[[[35.148495,55.957501],[35.330782,55.792565],[35.32325,55.665981],[35.391128,55.60589],[35.294308,55.555006],[35.329487,55.429493],[35.258645,55.329882],[35.334221,55.271752],[35.446271,55.229013],[35.741156,55.295578],[36.264784,55.171484],[36.38434,55.293977],[36.600825,55.35128],[36.621329,55.265391],[36.763246,55.269828],[36.813606,55.194054],[36.93724,55.241391],[37.026036,55.283021],[36.856056,55.380332],[36.816053,55.508359],[37.1418,55.443081],[37.087353,55.590355],[37.415457,55.664765],[37.332302,55.771934],[37.393919,55.829862],[37.342022,55.860207],[37.411159,55.871002],[37.335026,55.953589],[37.413904,55.954532],[37.40942,55.880688],[37.563216,55.951335],[37.967428,55.716249],[37.60032,55.575374],[37.611354,55.489635],[37.538293,55.43757],[37.394573,55.469007],[37.471193,55.390449],[37.384066,55.316204],[37.405315,55.250576],[37.219005,55.253109],[37.169879,55.164339],[37.045003,55.142201],[37.192994,54.923256],[37.165285,54.86658],[37.272035,54.839777],[37.446294,54.841587],[37.547996,54.737604],[37.682832,54.717463],[37.775636,54.771395],[37.74816,54.83237],[37.938469,54.849673],[38.027778,54.718491],[38.456644,54.653588],[38.516588,54.59149],[38.377215,54.526831],[38.386291,54.466623],[38.527101,54.395264],[38.510521,54.296849],[38.665982,54.256714],[38.712983,54.348532],[38.940648,54.407989],[38.779489,54.47923],[38.849023,54.62562],[39.226063,54.635703],[39.232055,54.718611],[39.370879,54.747372],[39.321955,54.75371],[39.517518,54.983877],[39.804256,55.005216],[39.862565,55.111142],[39.715144,55.130186],[40.154644,55.264389],[40.190923,55.365007],[40.141305,55.450727],[40.200484,55.497414],[40.048871,55.526498],[40.093163,55.607689],[39.903052,55.741896],[39.889102,55.833195],[39.470275,55.74699],[39.325843,55.773018],[39.327174,55.864863],[39.05917,55.857344],[39.057092,55.942105],[38.838383,55.91481],[38.576002,55.998682],[38.527775,56.213561],[38.396988,56.283185],[38.446269,56.3865],[38.27379,56.531804],[38.358751,56.57327],[38.318131,56.658578],[38.244299,56.793463],[37.99271,56.767322],[37.984001,56.865396],[37.698307,56.958512],[37.531958,56.909493],[37.574944,56.873177],[37.463114,56.776999],[37.066831,56.755621],[37.17425,56.696425],[37.055548,56.526247],[36.803018,56.597475],[36.681721,56.498062],[36.126592,56.399513],[36.088667,56.335662],[35.735272,56.389721],[35.62024,56.477052],[35.434271,56.458656],[35.42172,56.38132],[35.520323,56.39541],[35.465698,56.330621],[35.50231,56.259486],[35.315791,56.227991],[35.363129,56.178871],[35.287279,56.103389],[35.338992,56.094214],[35.148495,55.957501]],[[37.131602,56.016446],[37.261109,55.968067],[37.146611,55.963719],[37.131602,56.016446]]]},"properties":{"name":"Московская область","cartodb_id":23,"created_at":"2013-12-04T04:23:51+0100","updated_at":"2013-12-04T08:07:12+0100","name_latin":"Moscow Oblast"}},
{"type":"Feature","geometry":{"type":"Polygon","coordinates":[[[42.880894,51.233025],[42.708392,51.247608],[42.553001,51.144735],[41.928097,51.194125],[41.778361,51.019382],[41.471846,50.949818],[41.420919,50.831443],[41.168874,50.776314],[41.539097,50.574381],[41.420479,50.498893],[41.522312,50.362297],[41.400994,50.202806],[41.610802,50.041515],[41.617367,49.959574],[41.87773,49.907268],[42.184355,49.675666],[42.039484,49.405585],[42.105854,49.272548],[42.021112,49.133835],[42.339804,49.139264],[42.38979,49.013372],[42.682567,48.935906],[42.747807,48.822529],[42.657963,48.700576],[42.704482,48.586598],[42.085691,48.415706],[42.181006,48.276915],[42.062792,48.265648],[42.12905,48.140898],[42.03161,48.10616],[42.020433,48.023011],[42.525202,48.018644],[42.720173,47.87587],[42.92499,47.507356],[43.164356,47.553664],[43.155268,47.466015],[43.251113,47.447352],[43.711218,47.474225],[43.667597,47.548888],[43.714769,47.717624],[43.945831,47.753096],[44.08259,47.899435],[44.390048,47.891534],[44.424307,48.042363],[44.325132,48.041328],[44.326409,48.238797],[44.544157,48.188073],[44.541511,48.049884],[44.809767,48.050632],[44.925662,48.120248],[44.959474,48.270909],[45.06461,48.461715],[45.212676,48.514505],[45.333911,48.433358],[45.424031,48.495571],[45.329391,48.471901],[45.224644,48.557904],[45.715611,48.649088],[46.019104,48.899223],[46.329392,48.862662],[46.627097,48.679148],[46.779498,48.951999],[46.9697,49.025613],[47.048208,49.158317],[46.779693,49.337954],[46.902044,49.863013],[47.181973,49.934973],[47.352685,50.093983],[47.257387,50.191595],[47.334775,50.237773],[47.299714,50.302702],[47.430817,50.376814],[47.235211,50.371022],[47.205309,50.509006],[46.911452,50.489874],[46.870767,50.577215],[46.803181,50.575686],[46.856582,50.641039],[46.727447,50.703916],[46.583388,50.712288],[46.56871,50.61463],[46.45836,50.617155],[46.495777,50.553459],[46.275643,50.57293],[46.278413,50.527697],[46.06146,50.526166],[46.091598,50.665005],[45.842266,50.756178],[45.715632,50.737716],[45.684345,50.575624],[45.192553,50.585635],[45.234198,50.698987],[45.18518,50.710334],[45.27866,50.718574],[45.321317,50.877965],[45.203797,50.967902],[45.220229,51.039943],[44.993972,51.146763],[44.939155,51.106577],[44.896617,51.162866],[44.643897,51.178614],[44.593444,51.11936],[44.499365,51.205177],[44.228199,51.198982],[44.184978,51.093284],[44.018499,51.072218],[44.019169,51.159132],[43.916286,51.160594],[43.357075,50.998832],[42.880894,51.233025]]]},"properties":{"name":"Волгоградская область","cartodb_id":29,"created_at":"2013-12-04T04:23:51+0100","updated_at":"2013-12-04T08:07:56+0100","name_latin":"Volgograd Oblast"}},
{"type":"Feature","geometry":{"type":"Polygon","coordinates":[[[50.768482,51.773511],[50.87,51.7555],[50.8919,51.6884],[51.2578,51.6909],[51.3832,51.6438],[51.3855,51.5683],[51.2456,51.5678],[51.2927,51.4939],[51.604132,51.550436],[51.656046,51.448826],[51.813533,51.497057],[51.771901,51.582016],[51.86327,51.673711],[52.090178,51.658756],[52.362828,51.773279],[52.564678,51.455342],[52.765147,51.519366],[52.961749,51.462424],[53.1897,51.5359],[53.3513,51.5112],[53.6283,51.392],[53.601,51.3152],[53.6612,51.2402],[54.0473,51.1522],[54.2949,50.9019],[54.5325,50.8515],[54.4145,50.6205],[54.510581,50.538894],[54.7267,50.6235],[54.6601,50.8262],[54.701,50.8891],[54.5399,50.9253],[54.5551,51.0147],[54.7048,51.043],[54.8959,50.9179],[55.0879,50.9176],[55.1347,50.8842],[55.0594,50.8172],[55.7112,50.5504],[56.1449,50.7567],[56.1856,50.9378],[56.3753,50.9037],[56.5184,51.0861],[56.7147,50.9741],[56.704,51.0775],[57.1812,51.1147],[57.3328,50.9454],[57.5072,50.8809],[57.5604,50.9364],[57.7523,50.9273],[57.772124,51.138578],[58.0897,51.1233],[58.172686,51.062474],[58.325977,51.173995],[58.3868,51.0734],[58.6205,51.0245],[58.5749,50.9406],[58.5953,50.8729],[58.6826,50.8897],[58.6599,50.8108],[58.7836,50.8181],[58.8741,50.7032],[59.4758,50.6444],[59.5669,50.5778],[59.4685,50.5862],[59.5034,50.5001],[59.8117,50.5387],[59.9869,50.6775],[59.9691,50.7759],[60.035842,50.845367],[60.2015,50.8242],[60.1609,50.7908],[60.3255,50.6671],[60.4407,50.6598],[60.8115,50.6556],[61.4486,50.8061],[61.566,51.231],[61.689672,51.255852],[61.4972,51.411],[60.9618,51.489],[60.9302,51.6143],[60.4425,51.6345],[60.3541,51.6846],[60.5143,51.8007],[60.152,51.9083],[60.1621,51.8636],[60.0656,51.8729],[60.0096,51.9938],[59.905441,52.082243],[60.173892,52.260282],[60.162998,52.400119],[59.824166,52.480058],[59.501736,52.398978],[59.412303,52.484694],[59.249241,52.476566],[59.165674,52.276502],[59.001908,52.361888],[59.001885,52.42465],[58.854927,52.425806],[58.837006,52.355784],[58.945428,52.339689],[58.952477,52.28167],[58.670231,52.297299],[58.616724,52.136593],[58.712842,52.037409],[58.655809,52.034295],[58.574905,51.771697],[58.164657,51.718366],[58.109535,51.791877],[57.655329,51.86881],[57.628705,51.750428],[57.395935,51.727277],[57.22046,51.575738],[56.811799,51.768614],[56.892302,51.606433],[56.723,51.591497],[56.769913,51.763697],[56.610845,51.827073],[56.630384,51.899192],[56.734256,51.918219],[56.65455,51.959442],[56.704598,52.060058],[56.399491,52.159855],[56.466166,52.211192],[56.347727,52.128616],[56.202373,52.142327],[56.236995,52.219032],[56.453994,52.297024],[56.486556,52.451204],[56.381999,52.420007],[56.3508,52.496325],[56.423645,52.603841],[56.26441,52.545861],[56.035274,52.647084],[56.006415,52.548907],[55.867592,52.545781],[55.887662,52.407831],[55.823417,52.364962],[55.525097,52.38756],[55.525192,52.513938],[55.474527,52.523159],[55.544844,52.534839],[55.524102,52.604216],[55.437028,52.58536],[55.463937,52.624612],[55.368152,52.675262],[55.280618,52.630418],[55.216321,52.721853],[55.367311,52.683087],[55.427082,52.733112],[55.338549,52.767307],[55.400338,52.827063],[55.1395,52.814367],[54.927072,53.211115],[54.827796,53.275814],[54.615454,53.217025],[54.547572,53.355177],[54.151671,53.387978],[53.850762,53.684026],[53.644587,53.753514],[53.500606,54.056129],[53.36886,53.974244],[53.236603,54.113463],[53.062389,54.065377],[53.096854,54.125289],[52.950733,54.212322],[53.143489,54.251756],[53.056297,54.352738],[52.98129,54.268161],[52.696425,54.360757],[52.568276,54.340128],[52.330786,54.279075],[52.373215,54.255467],[52.307525,54.129953],[52.488814,54.054396],[52.371914,53.971878],[52.408185,53.893012],[52.188837,53.55588],[52.097669,53.558273],[52.091388,53.470991],[52.211862,53.380847],[52.136642,53.166116],[52.066289,53.129354],[52.162267,53.087759],[52.050012,53.090567],[52.054539,52.964347],[51.715014,52.876347],[51.766511,52.800333],[51.720098,52.651894],[51.523228,52.676763],[51.471709,52.628534],[51.510147,52.564558],[51.451672,52.568762],[51.461006,52.510296],[51.548065,52.428867],[51.37108,52.365158],[51.409321,52.22836],[51.462982,52.226136],[51.39142,52.069258],[50.768482,51.773511]]]},"properties":{"name":"Оренбургская область","cartodb_id":30,"created_at":"2013-12-04T04:23:51+0100","updated_at":"2013-12-04T08:08:03+0100","name_latin":"Orenburg Oblast"}},
{"type":"Feature","geometry":{"type":"Polygon","coordinates":[[[50.092459,54.5066],[50.242641,54.217581],[50.182345,54.023657],[49.97804,53.978772],[49.931196,53.905269],[50.037275,53.880285],[50.035857,53.819146],[49.850446,53.831996],[49.816593,53.889757],[49.60166,53.802623],[48.994669,53.872317],[48.994808,53.706596],[48.4851,53.76967],[48.533131,53.666707],[48.348159,53.652527],[48.345203,53.593476],[48.465294,53.556244],[48.382128,53.545555],[48.369543,53.474137],[48.035817,53.471305],[47.936798,53.362035],[48.15998,53.229979],[48.109719,53.178832],[48.212984,53.137229],[48.124697,53.051808],[48.22456,53.004761],[48.327158,53.068815],[48.359846,52.957338],[48.588749,52.895802],[48.428632,52.814407],[48.309744,52.683711],[48.693213,52.639141],[48.7272,52.542621],[48.834615,52.541915],[48.882121,52.40757],[48.960312,52.492513],[49.17145,52.49976],[49.35214,52.464734],[49.286427,52.385932],[49.434658,52.39862],[49.450203,52.320162],[49.570031,52.395936],[49.65935,52.282221],[49.624494,52.24782],[49.733409,52.272851],[49.798156,52.172336],[50.223421,52.129312],[50.156395,52.009824],[50.352111,52.044856],[50.352399,51.981541],[50.70172,51.932973],[50.701438,51.819657],[50.768482,51.773511],[51.39142,52.069258],[51.462982,52.226136],[51.409321,52.22836],[51.37108,52.365158],[51.548065,52.428867],[51.461006,52.510296],[51.451672,52.568762],[51.510147,52.564558],[51.471709,52.628534],[51.523228,52.676763],[51.720098,52.651894],[51.766511,52.800333],[51.715014,52.876347],[52.054539,52.964347],[52.050012,53.090567],[52.162267,53.087759],[52.066289,53.129354],[52.136642,53.166116],[52.211862,53.380847],[52.091388,53.470991],[52.097669,53.558273],[52.188837,53.55588],[52.408185,53.893012],[52.371914,53.971878],[52.488814,54.054396],[52.307525,54.129953],[52.373215,54.255467],[52.330786,54.279075],[52.568276,54.340128],[52.431969,54.474165],[52.367222,54.398661],[52.298205,54.447029],[52.09553,54.391193],[52.092545,54.328304],[52.036276,54.355165],[52.065442,54.418411],[51.904274,54.412542],[51.928783,54.535055],[51.633644,54.565003],[51.538825,54.649721],[51.381752,54.588079],[51.389252,54.677006],[51.190287,54.659565],[51.008365,54.549436],[50.95126,54.342639],[50.736443,54.40472],[50.521263,54.324949],[50.374246,54.493499],[50.273491,54.44163],[50.092459,54.5066]]]},"properties":{"name":"Самарская область","cartodb_id":31,"created_at":"2013-12-04T04:23:51+0100","updated_at":"2013-12-04T08:08:11+0100","name_latin":"Samara Oblast"}},
{"type":"Feature","geometry":{"type":"MultiPolygon","coordinates":[[[[46.442228,45.445634],[46.857051,45.453028],[46.887071,45.527964],[46.657629,45.548772],[46.442228,45.445634]]],[[[44.959474,48.270909],[45.538544,48.000163],[45.709239,48.031621],[45.756974,47.999506],[45.739711,47.830349],[46.01468,47.560119],[46.267429,47.420222],[46.399411,47.413074],[46.703184,47.606652],[46.849366,47.558483],[46.537442,47.402958],[46.812525,46.999756],[46.961775,46.973802],[46.957767,46.718362],[46.865823,46.619374],[46.966353,46.445819],[46.663456,46.440756],[46.409834,46.31735],[46.502882,46.280836],[46.460982,45.972329],[46.287833,45.919122],[46.400368,45.819715],[46.550585,45.799342],[46.501358,45.680098],[46.813717,45.567917],[47.518467,45.657173],[47.602443,45.581712],[47.665978,45.648516],[47.769061,45.460068],[47.806054,45.583797],[47.909394,45.476651],[47.909051,45.618627],[47.834582,45.647414],[47.891283,45.696838],[48.087666,45.634476],[48.561784,45.689648],[48.588624,45.610198],[48.729629,45.617089],[48.783298,45.786319],[48.73873,45.913838],[48.813249,45.914426],[48.841911,45.815884],[48.93009,45.978582],[49.031608,45.925628],[49.02823,46.117954],[49.230768,45.997942],[49.249826,46.102457],[49.320579,46.065043],[49.247631,46.154911],[49.325705,46.136539],[49.275671,46.237426],[49.317983,46.275273],[48.787066,46.541891],[48.5487,46.5763],[48.6217,46.6066],[48.4842,46.6732],[48.5651,46.7622],[48.6563,46.774],[48.7502,46.6867],[49.018,46.7629],[48.7206,47.0786],[48.5168,47.4124],[48.4462,47.4191],[48.2104,47.6932],[47.4145,47.8317],[47.3863,47.6819],[47.1952,47.7611],[47.0521,47.9903],[47.2123,48.0844],[47.0963,48.1037],[47.1246,48.2697],[46.4936,48.4336],[46.627097,48.679148],[46.329392,48.862662],[46.019104,48.899223],[45.715611,48.649088],[45.224644,48.557904],[45.329391,48.471901],[45.424031,48.495571],[45.333911,48.433358],[45.212676,48.514505],[45.06461,48.461715],[44.959474,48.270909]]]]},"properties":{"name":"Астраханская область","cartodb_id":33,"created_at":"2013-12-04T04:23:51+0100","updated_at":"2013-12-04T08:08:29+0100","name_latin":"Astrakhan Oblast"}},
{"type":"Feature","geometry":{"type":"Polygon","coordinates":[[[38.684018,44.951415],[38.781602,44.967617],[39.090759,44.817163],[39.556268,44.806862],[39.64016,44.895798],[39.471249,45.035691],[39.622129,45.049037],[39.598588,44.982751],[39.692425,44.951403],[39.884915,45.023241],[39.98539,44.830456],[39.939072,44.82703],[40.029016,44.746998],[39.910078,44.713004],[39.845903,44.353173],[40.089498,44.250888],[40.092788,44.128114],[39.993302,44.076403],[39.865027,44.184307],[39.768596,44.180348],[39.829143,44.084684],[39.777775,43.961767],[39.851457,43.92423],[39.922985,43.97254],[40.093347,43.845227],[40.183671,43.87378],[40.249407,43.762116],[40.365667,43.773269],[40.408318,43.934826],[40.47699,43.958813],[40.359829,44.246745],[40.482902,44.315372],[40.383468,44.479314],[40.415038,44.534995],[40.342871,44.580927],[40.404299,44.673173],[40.366447,44.71686],[40.565331,44.742213],[40.66681,44.552516],[40.619524,44.465084],[40.775739,44.465024],[40.588461,44.862637],[40.227033,45.117757],[39.969446,45.080813],[39.628562,45.216601],[39.22314,44.990298],[39.020384,44.969078],[38.897701,45.053791],[38.809261,44.995944],[38.705554,45.065505],[38.684018,44.951415]]]},"properties":{"name":"Адыгея","cartodb_id":37,"created_at":"2013-12-04T04:23:51+0100","updated_at":"2013-12-04T08:09:06+0100","name_latin":"Republic of Adygea"}},
{"type":"Feature","geometry":{"type":"Polygon","coordinates":[[[43.711218,47.474225],[43.793497,47.26782],[43.939513,47.25875],[43.964133,47.40023],[44.132611,47.413516],[44.13358,47.544736],[44.310809,47.478534],[44.256393,46.899115],[43.915336,46.71508],[43.808097,46.574571],[43.930569,46.535045],[43.957575,46.319154],[43.860376,46.271525],[43.885215,46.315049],[43.733905,46.410843],[43.623158,46.177832],[43.339229,46.167136],[42.93173,46.446915],[42.692415,46.367575],[42.397084,46.511122],[42.049948,46.545913],[42.170595,46.297562],[41.962308,46.297794],[41.911261,46.203514],[41.962656,46.176349],[41.863031,46.143873],[41.635671,46.186534],[41.71441,45.982428],[42.151814,45.941748],[42.170947,46.111897],[42.31472,46.13554],[42.319871,45.968447],[42.554668,46.006404],[42.931787,46.236062],[43.46974,45.988886],[43.91811,45.944987],[44.319047,45.551302],[44.829657,45.437607],[45.590027,45.125784],[45.705116,44.977363],[46.504579,44.934296],[46.812566,44.762929],[46.895027,44.8121],[46.978904,44.950127],[47.060443,44.837275],[47.10456,44.874147],[47.040359,44.994453],[47.149192,44.945632],[47.282058,45.172384],[47.256996,45.249299],[47.415267,45.366888],[47.367791,45.431235],[47.525402,45.516259],[47.536615,45.618315],[47.518467,45.657173],[46.813717,45.567917],[46.501358,45.680098],[46.550585,45.799342],[46.400368,45.819715],[46.287833,45.919122],[46.460982,45.972329],[46.502882,46.280836],[46.409834,46.31735],[46.663456,46.440756],[46.966353,46.445819],[46.865823,46.619374],[46.957767,46.718362],[46.961775,46.973802],[46.812525,46.999756],[46.537442,47.402958],[46.849366,47.558483],[46.703184,47.606652],[46.399411,47.413074],[46.267429,47.420222],[46.01468,47.560119],[45.739711,47.830349],[45.756974,47.999506],[45.709239,48.031621],[45.538544,48.000163],[44.959474,48.270909],[44.925662,48.120248],[44.809767,48.050632],[44.541511,48.049884],[44.544157,48.188073],[44.326409,48.238797],[44.325132,48.041328],[44.424307,48.042363],[44.390048,47.891534],[44.08259,47.899435],[43.945831,47.753096],[43.714769,47.717624],[43.667597,47.548888],[43.711218,47.474225]],[[46.442228,45.445634],[46.657629,45.548772],[46.887071,45.527964],[46.857051,45.453028],[46.442228,45.445634]]]},"properties":{"name":"Республика Калмыкия","cartodb_id":38,"created_at":"2013-12-04T04:23:51+0100","updated_at":"2013-12-04T08:09:18+0100","name_latin":"Republic of Kalmykia"}},
{"type":"Feature","geometry":{"type":"Polygon","coordinates":[[[38.685837,46.870703],[38.442314,46.845572],[38.395578,46.749186],[38.60191,46.68276],[38.508533,46.643441],[38.336148,46.662897],[38.29353,46.741414],[38.006059,46.635765],[37.729275,46.68733],[37.924768,46.401774],[38.09715,46.397216],[38.283101,46.269619],[38.154167,46.00482],[38.104935,45.953399],[38.118116,46.050845],[37.970874,46.033585],[37.838271,45.761433],[37.616005,45.664555],[37.596887,45.453258],[37.520138,45.375011],[37.220562,45.332895],[36.785133,45.442244],[36.619865,45.30284],[36.768034,45.411925],[36.841891,45.381778],[36.766062,45.375317],[36.800195,45.303005],[36.993061,45.291539],[36.597915,45.195378],[37.260272,44.974602],[37.455077,44.70643],[37.726726,44.649426],[37.812425,44.670426],[37.802747,44.72823],[38.203325,44.417926],[38.793077,44.279909],[39.948326,43.399204],[40.008494,43.385291],[40.109773,43.569601],[40.713602,43.532771],[40.684137,43.7202],[40.935459,44.017353],[40.891276,44.142995],[41.291116,44.085462],[41.246592,44.009949],[41.315039,43.979784],[41.47975,44.000926],[41.698912,44.171185],[41.74398,44.268377],[41.592001,44.363556],[41.736821,44.473134],[41.589707,44.515929],[41.427077,44.708474],[41.594201,44.768236],[41.654051,44.986251],[41.456479,44.988263],[41.278997,45.263847],[41.036139,45.225292],[40.923175,45.516862],[40.846043,45.51692],[40.847968,45.694229],[41.167237,45.674439],[41.169374,45.759651],[41.272136,45.758834],[41.160898,45.951688],[41.069513,46.11333],[40.978788,46.113405],[40.990422,46.298363],[40.925535,46.295277],[40.925714,46.229994],[40.74449,46.229063],[40.743525,46.285549],[40.272275,46.314493],[40.285994,46.448445],[40.221454,46.537824],[40.064291,46.534309],[40.141978,46.736044],[40.063222,46.771941],[39.262562,46.794294],[39.20242,46.60978],[38.90208,46.634822],[38.902433,46.560099],[38.869483,46.731926],[38.933296,46.841291],[38.685737,46.826137],[38.685837,46.870703]],[[38.684018,44.951415],[38.705554,45.065505],[38.809261,44.995944],[38.897701,45.053791],[39.020384,44.969078],[39.22314,44.990298],[39.628562,45.216601],[39.969446,45.080813],[40.227033,45.117757],[40.588461,44.862637],[40.775739,44.465024],[40.619524,44.465084],[40.66681,44.552516],[40.565331,44.742213],[40.366447,44.71686],[40.404299,44.673173],[40.342871,44.580927],[40.415038,44.534995],[40.383468,44.479314],[40.482902,44.315372],[40.359829,44.246745],[40.47699,43.958813],[40.408318,43.934826],[40.365667,43.773269],[40.249407,43.762116],[40.183671,43.87378],[40.093347,43.845227],[39.922985,43.97254],[39.851457,43.92423],[39.777775,43.961767],[39.829143,44.084684],[39.768596,44.180348],[39.865027,44.184307],[39.993302,44.076403],[40.092788,44.128114],[40.089498,44.250888],[39.845903,44.353173],[39.910078,44.713004],[40.029016,44.746998],[39.939072,44.82703],[39.98539,44.830456],[39.884915,45.023241],[39.692425,44.951403],[39.598588,44.982751],[39.622129,45.049037],[39.471249,45.035691],[39.64016,44.895798],[39.556268,44.806862],[39.090759,44.817163],[38.781602,44.967617],[38.684018,44.951415]]]},"properties":{"name":"Краснодарский край","cartodb_id":39,"created_at":"2013-12-04T04:23:51+0100","updated_at":"2013-12-04T08:09:28+0100","name_latin":"Krasnodar Krai"}},
{"type":"Feature","geometry":{"type":"Polygon","coordinates":[[[40.135392,49.617102],[40.16962,49.56877],[40.03899,49.52053],[40.02954,49.45358],[40.20035,49.34595],[40.22198,49.25102],[40.03092,49.17944],[39.93805,49.05619],[39.69326,49.05052],[39.66322,49.00108],[39.82715,48.88624],[40.079895,48.870249],[39.97599,48.79286],[39.801117,48.842855],[39.660537,48.607719],[39.84844,48.56953],[39.942518,48.346588],[39.84106,48.30963],[39.925,48.27152],[39.98663,48.31701],[40.02062,48.2535],[39.83419,48.06707],[39.883388,48.041607],[39.77651,48.03944],[39.7954,47.87069],[39.54288,47.82503],[38.87692,47.87593],[38.79006,47.81516],[38.77324,47.68461],[38.35095,47.6162],[38.28512,47.54419],[38.30332,47.39176],[38.22075,47.30541],[38.33353,47.26919],[38.23397,47.2316],[38.231281,47.119614],[38.865411,47.173844],[38.956867,47.204524],[38.954653,47.268802],[39.097484,47.288388],[39.241203,47.250562],[39.231458,47.088796],[39.295127,47.021758],[39.106956,47.041564],[38.685837,46.870703],[38.685737,46.826137],[38.933296,46.841291],[38.869483,46.731926],[38.902433,46.560099],[38.90208,46.634822],[39.20242,46.60978],[39.262562,46.794294],[40.063222,46.771941],[40.141978,46.736044],[40.064291,46.534309],[40.221454,46.537824],[40.285994,46.448445],[40.272275,46.314493],[40.743525,46.285549],[40.74449,46.229063],[40.925714,46.229994],[40.925535,46.295277],[40.990422,46.298363],[40.978788,46.113405],[41.069513,46.11333],[41.160898,45.951688],[41.71441,45.982428],[41.635671,46.186534],[41.863031,46.143873],[41.962656,46.176349],[41.911261,46.203514],[41.962308,46.297794],[42.170595,46.297562],[42.049948,46.545913],[42.397084,46.511122],[42.692415,46.367575],[42.93173,46.446915],[43.339229,46.167136],[43.623158,46.177832],[43.733905,46.410843],[43.885215,46.315049],[43.860376,46.271525],[43.957575,46.319154],[43.930569,46.535045],[43.808097,46.574571],[43.915336,46.71508],[44.256393,46.899115],[44.310809,47.478534],[44.13358,47.544736],[44.132611,47.413516],[43.964133,47.40023],[43.939513,47.25875],[43.793497,47.26782],[43.711218,47.474225],[43.251113,47.447352],[43.155268,47.466015],[43.164356,47.553664],[42.92499,47.507356],[42.720173,47.87587],[42.525202,48.018644],[42.020433,48.023011],[42.03161,48.10616],[42.12905,48.140898],[42.062792,48.265648],[42.181006,48.276915],[42.085691,48.415706],[42.704482,48.586598],[42.657963,48.700576],[42.747807,48.822529],[42.682567,48.935906],[42.38979,49.013372],[42.339804,49.139264],[42.021112,49.133835],[42.105854,49.272548],[42.039484,49.405585],[42.184355,49.675666],[41.87773,49.907268],[41.617367,49.959574],[41.610802,50.041515],[41.400994,50.202806],[41.288934,50.16324],[41.38435,50.08111],[41.082125,49.943371],[41.047121,49.809186],[40.921617,49.700629],[40.636967,49.672992],[40.535614,49.577769],[40.135392,49.617102]]]},"properties":{"name":"Ростовская область","cartodb_id":40,"created_at":"2013-12-04T04:23:51+0100","updated_at":"2013-12-04T08:09:41+0100","name_latin":"Rostov Oblast"}},
{"type":"Feature","geometry":{"type":"Polygon","coordinates":[[[33.146063,66.554993],[33.54628,66.50723],[33.2821,66.60098],[33.32051,66.63774],[32.89967,66.70796],[32.954102,66.730573],[32.480181,66.889576],[32.584564,66.983949],[32.63955,66.9603],[32.55706,67.02861],[32.61444,67.06225],[32.375113,67.039416],[32.312881,67.084651],[32.497924,67.095146],[32.319175,67.141976],[32.890805,67.081542],[32.79105,67.02423],[33.273409,66.785118],[33.654095,66.692996],[33.700951,66.722957],[33.587705,66.777908],[33.705255,66.786311],[33.88334,66.68902],[34.44931,66.64276],[34.32131,66.61666],[34.45758,66.5423],[34.90499,66.59365],[35.553892,66.383733],[37.06417,66.2521],[38.27381,66.05781],[39.10524,66.1016],[39.99729,66.25427],[40.55781,66.45092],[40.69392,66.57514],[41.11665,66.7607],[41.4058,67.10152],[41.30942,67.13875],[41.31397,67.21669],[41.08076,67.25545],[41.11903,67.40745],[40.98124,67.46835],[40.96469,67.554],[41.0374,67.63388],[40.98285,67.69554],[40.54355,67.8396],[40.45522,67.82974],[40.56475,67.75667],[40.41782,67.75773],[40.2934,67.83157],[40.40691,67.84428],[40.37697,67.88571],[40.00933,67.98565],[39.744,68.15746],[39.86595,68.035],[39.60092,68.02968],[38.64853,68.37477],[38.4102,68.36677],[37.56993,68.7227],[35.80584,69.20476],[35.1549,69.25325],[35.27859,69.20153],[35.154166,69.167416],[34.225,69.29813],[34.400133,69.337502],[34.12633,69.38763],[33.96253,69.34248],[34.16345,69.30903],[33.59508,69.30119],[33.41989,69.35794],[33.49699,69.40296],[33.43791,69.42459],[33.15025,69.43888],[32.88881,69.30703],[33.0743,69.4466],[32.51255,69.47162],[32.39345,69.52428],[32.43754,69.55484],[31.98119,69.63445],[32.15979,69.71117],[32.1942,69.62929],[32.89437,69.5736],[33.08635,69.64058],[33.10369,69.73463],[32.53548,69.7914],[31.942346,69.953861],[31.8878,69.90444],[32.07646,69.77261],[31.73366,69.8165],[31.68619,69.7052],[31.8088,69.6593],[31.40399,69.63871],[31.41644,69.7081],[30.827672,69.791213],[30.9523,69.637712],[30.863889,69.536667],[30.515963,69.540426],[30.085325,69.658111],[30.188101,69.565826],[30.04452,69.429667],[29.286096,69.294096],[29.24223,69.11306],[29.04147,69.01083],[28.929294,69.051915],[28.416086,68.915251],[28.800731,68.869303],[28.43412,68.539794],[28.646077,68.196031],[29.326526,68.074817],[29.658791,67.802906],[30.017341,67.673569],[29.93051,67.522821],[29.040559,66.961819],[29.105561,66.790069],[29.322073,66.662859],[31.575857,66.654003],[31.621161,66.502378],[31.791938,66.495233],[31.83003,66.371375],[31.936984,66.351047],[32.342661,66.345393],[32.360389,66.475171],[32.548149,66.479487],[32.587114,66.582213],[33.146063,66.554993]]]},"properties":{"name":"Мурманская область","cartodb_id":43,"created_at":"2013-12-04T04:23:51+0100","updated_at":"2013-12-04T08:09:53+0100","name_latin":"Murmansk Oblast"}},
{"type":"Feature","geometry":{"type":"Polygon","coordinates":[[[27.737764,58.97789],[27.357337,58.787222],[27.552989,58.366271],[27.490969,58.224633],[27.634458,58.097153],[27.694911,57.907453],[27.81309,57.859975],[27.552423,57.834173],[27.494324,57.788902],[27.525588,57.709414],[27.431497,57.709217],[27.404757,57.612573],[27.317455,57.579984],[27.352455,57.518662],[27.55635,57.537774],[27.517335,57.426961],[27.870156,57.289795],[27.816832,57.142388],[27.722212,57.100357],[27.768726,57.085606],[27.714762,57.007441],[27.76852,57.002505],[27.659445,56.834365],[27.847328,56.880125],[27.967822,56.836846],[27.900609,56.759879],[28.053618,56.584799],[28.143571,56.571691],[28.097587,56.511152],[28.194577,56.442573],[28.165597,56.374708],[28.241665,56.278862],[28.155489,56.14332],[28.3152,56.0598],[28.67303,56.10297],[28.63544,56.07619],[28.737046,55.969152],[29.088155,56.034096],[29.44626,55.958552],[29.479157,55.918962],[29.394538,55.902046],[29.35847,55.76462],[29.48241,55.70652],[29.89955,55.86101],[30.1331,55.83046],[30.16811,55.87784],[30.51581,55.79433],[30.75151,55.59734],[30.931557,55.623159],[31.064901,55.694619],[31.038165,55.758896],[31.483134,55.718642],[31.347419,55.942652],[31.501066,56.034807],[31.451065,56.139812],[31.507486,56.161019],[31.46057,56.242247],[31.509342,56.307795],[31.229027,56.338444],[31.211736,56.427769],[30.987103,56.485795],[31.085384,56.640155],[30.881864,56.643172],[30.774251,56.731075],[30.978757,56.969897],[30.837601,56.932488],[30.686505,56.984573],[30.687549,57.149025],[30.62847,57.176504],[30.745663,57.263208],[30.464248,57.350097],[30.522653,57.395435],[30.427384,57.367475],[30.515634,57.501436],[30.463377,57.521873],[30.680627,57.644054],[30.45226,57.687999],[30.496683,57.772213],[30.41721,57.781691],[30.544553,57.86399],[29.901395,57.941441],[29.876784,57.997024],[29.993884,58.042747],[29.628881,58.100909],[29.689452,58.188816],[29.617957,58.252625],[29.822478,58.258278],[29.933063,58.3626],[29.894085,58.445747],[29.747405,58.423666],[29.423153,58.590329],[29.3275,58.560201],[29.403052,58.591945],[29.264289,58.594676],[29.278399,58.701028],[29.035966,58.725303],[29.033775,58.832772],[28.436471,58.881046],[28.294324,58.826191],[28.096588,59.000958],[27.737764,58.97789]]]},"properties":{"name":"Псковская область","cartodb_id":44,"created_at":"2013-12-04T04:23:51+0100","updated_at":"2013-12-04T08:10:03+0100","name_latin":"Pskov Oblast"}},
{"type":"Feature","geometry":{"type":"Polygon","coordinates":[[[29.647559,59.929828],[30.12769,59.809289],[30.040947,59.719632],[30.100898,59.699199],[30.162925,59.796426],[30.28985,59.790402],[30.218223,59.673069],[30.254172,59.633783],[30.757012,59.743751],[30.493413,59.847083],[30.534726,59.992412],[30.259144,60.125758],[29.758015,60.242701],[29.521152,60.233286],[29.457377,60.169779],[29.92224,60.1463],[29.96286,60.04118],[29.86793,60.02984],[30.207782,59.97941],[30.218879,59.929249],[30.031479,59.861721],[29.683596,59.932642],[29.700798,59.988343],[29.813863,59.989638],[29.634058,60.03146],[29.69848,60.00075],[29.647559,59.929828]]]},"properties":{"name":"Санкт-Петербург","cartodb_id":45,"created_at":"2013-12-04T04:23:51+0100","updated_at":"2013-12-04T08:10:10+0100","name_latin":"Saint Petersburg"}},
{"type":"Feature","geometry":{"type":"MultiPolygon","coordinates":[[[[27.85833,59.99354],[27.89974,60.00401],[27.79696,60.02259],[27.85833,59.99354]]],[[[29.305928,61.329293],[28.818984,61.121647],[28.649205,60.948126],[28.52467,60.957137],[28.173368,60.778629],[27.77617,60.48693],[28.23191,60.51062],[28.339,60.6153],[28.47153,60.58679],[28.38989,60.63602],[28.44426,60.65182],[28.70099,60.48628],[28.67993,60.43177],[28.42365,60.5745],[28.61998,60.35087],[28.81361,60.34453],[29.00997,60.18249],[29.457377,60.169779],[29.521152,60.233286],[29.758015,60.242701],[30.259144,60.125758],[30.534726,59.992412],[30.493413,59.847083],[30.757012,59.743751],[30.254172,59.633783],[30.218223,59.673069],[30.28985,59.790402],[30.162925,59.796426],[30.100898,59.699199],[30.040947,59.719632],[30.12769,59.809289],[29.647559,59.929828],[29.12991,59.98683],[28.988939,59.913568],[29.061495,59.864999],[28.964706,59.81191],[28.755664,59.774174],[28.47145,59.82715],[28.39727,59.667219],[28.22104,59.68713],[28.19369,59.77211],[28.07541,59.81075],[27.9962,59.69338],[28.0945,59.59457],[28.046065,59.466505],[28.210017,59.370368],[27.899999,59.235855],[27.737764,58.97789],[28.096588,59.000958],[28.294324,58.826191],[28.436471,58.881046],[29.033775,58.832772],[29.035966,58.725303],[29.278399,58.701028],[29.264289,58.594676],[29.403052,58.591945],[29.3275,58.560201],[29.423153,58.590329],[29.747405,58.423666],[29.894085,58.445747],[30.069715,58.447409],[30.171235,58.530442],[30.072681,58.628347],[30.121606,58.745329],[30.6824,58.713746],[30.728272,58.813919],[30.68272,58.858718],[30.922426,58.921503],[31.003275,59.000292],[30.97115,59.043847],[31.129491,59.08929],[31.222168,59.005089],[31.365912,59.026348],[31.580584,59.231836],[31.552404,59.369069],[31.800679,59.313024],[31.963515,59.432369],[32.202941,59.303646],[32.260159,59.333208],[32.199722,59.289634],[32.475441,59.152277],[32.389173,59.142433],[32.447236,59.107971],[32.725908,59.148458],[32.732449,59.271441],[33.020992,59.426387],[33.262062,59.320932],[33.342771,59.315153],[33.348401,59.385252],[33.630295,59.382494],[33.62203,59.327798],[33.773571,59.28302],[33.800101,59.200665],[33.93254,59.234674],[34.076767,59.140523],[34.341462,59.204132],[34.722362,59.084852],[34.834593,59.127253],[34.863305,59.215629],[35.396223,59.317561],[35.299507,59.340982],[35.442389,59.404345],[35.316317,59.520275],[35.512622,59.503458],[35.40948,59.530044],[35.493687,59.535701],[35.49466,59.651901],[35.605574,59.614381],[35.615236,59.712406],[35.407351,59.719425],[35.375027,59.8579],[35.446386,59.977593],[35.145554,60.020779],[35.213954,60.074013],[35.162628,60.256032],[35.274424,60.336265],[35.298761,60.601439],[35.175541,60.770072],[35.696684,61.003459],[35.697879,61.207401],[35.393668,61.141498],[35.350481,61.177392],[35.393194,61.282483],[35.084506,61.23741],[34.770245,61.312745],[34.545519,61.274948],[34.442786,61.145134],[34.236106,61.244265],[33.550967,61.21201],[33.450692,61.153015],[33.544948,61.078634],[33.738691,61.130023],[33.9194,61.073669],[33.785424,60.93703],[33.449051,61.003278],[33.466504,60.927591],[33.179558,60.820888],[33.264762,60.794883],[32.915654,60.679797],[30.384933,61.120144],[29.582921,61.177989],[29.305928,61.329293]]],[[[28.41616,60.36164],[28.72033,60.28485],[28.43748,60.4643],[28.50025,60.3643],[28.41616,60.36164]]]]},"properties":{"name":"Ленинградская область","cartodb_id":46,"created_at":"2013-12-04T04:23:51+0100","updated_at":"2013-12-04T08:10:28+0100","name_latin":"Leningrad Oblast"}},
{"type":"Feature","geometry":{"type":"Polygon","coordinates":[[[42.442662,54.825224],[42.3891,54.830207],[42.412899,54.707919],[42.602024,54.699853],[42.688461,54.580993],[42.530773,54.440734],[42.628586,54.375868],[42.299961,54.226212],[42.163367,54.258106],[42.288121,54.153619],[42.433386,54.25705],[42.689115,54.129681],[42.579333,54.165228],[42.520645,54.132308],[42.572044,54.083319],[42.49808,54.070025],[42.451234,54.122406],[42.283234,54.104851],[42.444625,53.995998],[42.35023,53.853669],[42.311894,53.799125],[42.498596,53.734776],[42.562126,53.733439],[42.494995,53.778096],[42.555995,53.830742],[42.547844,53.749295],[42.739018,53.81679],[42.727085,53.739494],[42.759604,53.825475],[43.072694,53.810782],[43.09672,53.87381],[43.156781,53.820004],[43.126751,53.977284],[43.535252,54.014353],[43.846455,53.924113],[43.933371,53.85666],[43.859671,53.805976],[43.982364,53.740151],[44.371566,53.721574],[44.53682,53.677686],[44.505153,53.649065],[44.715204,53.680125],[44.590701,53.844816],[44.831459,53.963251],[45.176467,53.971527],[45.35717,53.870064],[45.540873,53.92937],[45.704491,53.895757],[45.813633,53.975716],[45.967396,54.154323],[46.254055,54.172458],[46.705543,54.326711],[46.729482,54.401948],[46.500991,54.428505],[46.571612,54.502561],[46.459293,54.48158],[46.521321,54.587969],[46.403024,54.574192],[46.535834,54.631893],[46.421202,54.688222],[46.441731,54.761445],[46.410591,54.874072],[46.243187,54.977962],[46.293037,55.028402],[46.226845,55.083002],[46.154598,54.973984],[46.061001,55.047639],[45.722519,54.991403],[45.783599,55.116384],[45.703121,55.190268],[45.486402,55.112268],[45.422554,55.038037],[45.426846,54.885528],[45.230701,54.877285],[45.189256,54.751461],[45.111952,54.800055],[45.034551,54.742691],[45.08741,54.652352],[45.011049,54.570761],[45.141635,54.52816],[45.099935,54.468519],[44.769772,54.520891],[44.58624,54.471508],[44.658824,54.514816],[44.598596,54.570262],[44.536737,54.517904],[44.200579,54.596459],[44.06844,54.648567],[44.09598,54.734113],[43.921118,54.739324],[43.957756,54.806086],[43.690637,54.831749],[43.386935,54.956907],[43.169227,54.897769],[43.086784,54.775022],[42.444321,54.798354],[42.509725,54.750742],[42.433575,54.793561],[42.442662,54.825224]]]},"properties":{"name":"Республика Мордовия","cartodb_id":48,"created_at":"2013-12-04T04:23:51+0100","updated_at":"2013-12-04T08:10:41+0100","name_latin":"Republic of Mordovia"}},
{"type":"Feature","geometry":{"type":"Polygon","coordinates":[[[48.406167,55.825699],[48.266329,55.78055],[48.23507,55.689446],[48.129499,55.646347],[48.083966,55.694768],[48.010683,55.629275],[48.147589,55.565033],[48.107967,55.524123],[47.969208,55.51546],[47.780374,55.333057],[47.645109,55.33553],[47.699566,55.285032],[47.669943,55.214213],[47.783703,55.23867],[47.804031,55.302955],[47.901726,55.262231],[47.872431,55.321496],[48.016183,55.28475],[48.086793,55.093943],[47.900018,55.052815],[48.028034,55.039695],[48.011604,54.98553],[47.763722,54.954319],[47.823539,54.803411],[47.735823,54.908911],[47.744786,54.812796],[47.409066,54.880576],[47.387674,54.752798],[47.267867,54.673486],[47.290809,54.674267],[47.370814,54.697904],[47.405286,54.638393],[47.355589,54.627395],[47.424562,54.498545],[47.438299,54.563704],[47.616532,54.55753],[47.717752,54.735028],[47.822985,54.728389],[47.770618,54.682118],[47.816443,54.641706],[47.928628,54.64042],[47.920709,54.719614],[48.08097,54.713872],[48.103415,54.766523],[48.465153,54.625211],[48.881741,54.625206],[48.88178,54.79602],[49.09039,54.788549],[49.288299,54.891446],[49.525816,54.723598],[49.479729,54.688562],[49.551035,54.668061],[49.560315,54.56201],[50.092459,54.5066],[50.273491,54.44163],[50.374246,54.493499],[50.521263,54.324949],[50.736443,54.40472],[50.95126,54.342639],[51.008365,54.549436],[51.190287,54.659565],[51.389252,54.677006],[51.381752,54.588079],[51.538825,54.649721],[51.633644,54.565003],[51.928783,54.535055],[51.904274,54.412542],[52.065442,54.418411],[52.036276,54.355165],[52.092545,54.328304],[52.09553,54.391193],[52.298205,54.447029],[52.367222,54.398661],[52.431969,54.474165],[52.568276,54.340128],[52.696425,54.360757],[52.98129,54.268161],[53.056297,54.352738],[53.143489,54.251756],[52.950733,54.212322],[53.096854,54.125289],[53.062389,54.065377],[53.236603,54.113463],[53.36886,53.974244],[53.500606,54.056129],[53.386261,54.41684],[53.422711,54.564303],[53.6149,54.7044],[53.648184,54.908455],[53.553362,54.878503],[53.158294,55.165716],[53.616626,55.214323],[53.602269,55.262642],[53.8827,55.3707],[53.966076,55.529181],[54.265888,55.704039],[53.697341,55.925082],[53.240618,55.872167],[53.200002,55.926013],[53.568052,56.125731],[53.575332,56.236981],[53.233604,56.239378],[53.350944,56.165816],[53.383501,56.090312],[53.33283,56.062106],[53.155232,56.158943],[53.064148,56.129808],[53.065107,56.21165],[52.999291,56.177529],[52.945273,56.282013],[53.006075,56.43261],[53.144828,56.524698],[53.033488,56.543349],[52.889844,56.500476],[52.969235,56.459967],[52.924081,56.400796],[52.777968,56.397833],[52.55531,56.242863],[52.882179,56.159847],[52.845043,56.080128],[52.712548,56.130197],[52.756727,55.989558],[52.45639,56.082527],[52.499403,56.032898],[52.379718,56.019136],[52.242984,56.098086],[52.24645,55.967358],[52.156222,55.904398],[51.952489,55.989862],[51.78097,55.886564],[51.711387,55.941683],[51.742772,55.981557],[51.456185,55.922552],[51.397933,56.029644],[51.645638,56.110942],[51.444008,56.127376],[51.320319,56.060762],[51.058532,56.112816],[51.002717,56.203645],[50.875488,56.196212],[50.832155,56.240606],[50.917326,56.278355],[50.883545,56.371771],[50.741588,56.409196],[50.827078,56.347222],[50.742046,56.312816],[50.579791,56.349373],[50.639824,56.404603],[50.547752,56.408043],[50.489004,56.480112],[50.534738,56.506487],[50.438251,56.550561],[50.491241,56.60972],[50.410307,56.575783],[50.345692,56.674661],[50.081423,56.611177],[50.201345,56.557124],[49.970484,56.431381],[49.928538,56.458441],[49.987235,56.494623],[49.86106,56.425313],[49.753835,56.454004],[49.813884,56.501165],[49.756333,56.537227],[49.569368,56.502881],[49.506447,56.421256],[49.417629,56.473483],[49.334157,56.329954],[49.21585,56.390075],[49.051564,56.34479],[48.922421,56.256181],[49.069652,56.206555],[48.848632,56.115987],[48.829928,56.050319],[48.691852,56.059126],[48.726219,56.013638],[48.666195,55.938391],[48.415802,55.91449],[48.383295,55.867481],[48.459321,55.825284],[48.406167,55.825699]]]},"properties":{"name":"Татарстан","cartodb_id":50,"created_at":"2013-12-04T04:23:51+0100","updated_at":"2013-12-04T08:10:49+0100","name_latin":"Republic of Tatarstan"}},
{"type":"Feature","geometry":{"type":"Polygon","coordinates":[[[47.072164,60.844481],[46.964361,60.657176],[47.038023,60.544604],[46.873836,60.513505],[46.871727,60.414204],[46.758457,60.36478],[46.843537,60.358231],[46.763025,60.233679],[46.264862,60.229691],[46.329626,60.214766],[46.352685,60.110449],[46.770376,60.040178],[47.034772,60.126381],[46.922349,59.765497],[47.152877,59.752233],[47.117822,59.598969],[47.048947,59.369321],[47.247709,59.352628],[47.209394,59.201214],[47.368364,59.133551],[47.478533,59.15915],[47.444002,59.093717],[47.552276,59.056821],[47.639515,58.916855],[47.286914,58.919338],[47.249268,58.869416],[47.306781,58.788067],[47.108838,58.779399],[47.007589,58.718198],[47.017877,58.618604],[46.658063,58.588497],[46.560507,58.480485],[46.579335,58.399094],[46.394919,58.375077],[46.439635,58.356283],[46.34493,58.062218],[46.436307,58.004617],[47.417182,58.006856],[47.771781,57.888717],[47.617145,57.859228],[47.481365,57.515179],[47.293717,57.561322],[47.021939,57.487807],[46.752933,57.521511],[46.821639,57.446632],[46.687803,57.406496],[46.771638,57.409316],[46.68254,57.343308],[46.856562,57.221494],[46.749178,57.161911],[46.813988,57.077163],[46.721544,56.963392],[47.095051,56.926632],[47.162052,56.879444],[47.107907,56.823804],[47.261413,56.80731],[47.434973,56.88289],[47.510934,56.850756],[47.685069,57.001636],[47.782673,56.998604],[47.764379,57.03932],[47.954068,56.957774],[48.206062,57.0135],[48.13753,57.069662],[48.328936,57.16609],[48.416842,57.110189],[48.555442,57.171718],[48.824609,57.165219],[48.840072,57.092782],[48.947945,57.082648],[49.044261,57.190278],[49.007399,57.289029],[49.169038,57.342734],[49.214115,57.288103],[49.138697,57.17991],[49.247377,57.041502],[49.695383,57.057719],[49.730864,56.891185],[50.019966,56.869405],[50.104437,56.792259],[50.026035,56.657554],[50.081423,56.611177],[50.345692,56.674661],[50.410307,56.575783],[50.491241,56.60972],[50.438251,56.550561],[50.534738,56.506487],[50.489004,56.480112],[50.547752,56.408043],[50.639824,56.404603],[50.579791,56.349373],[50.742046,56.312816],[50.827078,56.347222],[50.741588,56.409196],[50.883545,56.371771],[50.917326,56.278355],[50.832155,56.240606],[50.875488,56.196212],[51.002717,56.203645],[51.058532,56.112816],[51.320319,56.060762],[51.444008,56.127376],[51.498864,56.205728],[51.357483,56.198388],[51.403791,56.286327],[51.286024,56.323433],[51.299262,56.421902],[51.127693,56.511828],[51.180423,56.684637],[51.393202,56.666895],[51.391373,56.766567],[51.536232,56.885229],[51.392154,56.908362],[51.430318,56.93549],[51.216643,57.044933],[51.240272,57.139464],[51.124165,57.243277],[51.165254,57.440762],[51.590067,57.460752],[51.626881,57.531568],[51.832307,57.571415],[51.864777,57.729299],[51.954249,57.766864],[51.820076,57.843814],[51.924883,58.000705],[51.824628,58.017371],[51.790292,58.146398],[51.685395,58.148137],[51.72312,58.249386],[51.820346,58.285681],[51.786873,58.36115],[52.173006,58.489411],[52.843074,58.392879],[52.910892,58.536977],[53.160052,58.542172],[53.160667,58.450482],[53.24802,58.443735],[53.213692,58.401361],[53.373651,58.384282],[53.504666,58.454353],[53.785599,58.455538],[53.702641,58.602127],[53.739067,58.691258],[53.931242,58.773891],[53.753649,58.964697],[53.902916,59.086836],[53.725112,59.181336],[53.72213,59.117775],[53.384022,59.152672],[53.222744,59.358456],[53.357126,59.461552],[53.449701,59.702848],[53.597778,59.687428],[53.6303,59.742317],[53.685846,60.001456],[53.625636,60.114233],[53.436561,60.223524],[53.37263,60.155608],[53.075593,60.150712],[52.317282,60.227188],[52.065457,60.308487],[51.973869,60.279334],[51.467194,59.915573],[51.179065,60.048892],[51.047665,60.031904],[50.831023,59.863324],[50.402529,59.838961],[50.268901,59.7488],[49.988744,59.778361],[49.982241,59.723801],[50.084931,59.680315],[49.859414,59.655265],[49.798092,59.484999],[49.870036,59.477682],[49.815425,59.210155],[49.519772,59.216079],[49.568798,59.392349],[49.344454,59.409331],[49.347335,59.465417],[49.151193,59.507078],[49.039664,59.482398],[49.101547,59.661699],[48.523224,59.706844],[48.492226,60.195156],[48.785465,60.354924],[48.530512,60.400429],[48.632908,60.423506],[48.496136,60.472218],[48.560666,60.551513],[48.419677,60.837206],[47.96653,60.879171],[47.897198,61.016821],[47.19318,61.067393],[47.072164,60.844481]]]},"properties":{"name":"Кировская область","cartodb_id":52,"created_at":"2013-12-04T04:23:51+0100","updated_at":"2013-12-04T08:11:08+0100","name_latin":"Kirov Oblast"}},
{"type":"Feature","geometry":{"type":"Polygon","coordinates":[[[40.930072,58.576336],[41.190459,58.333909],[40.906813,58.199678],[40.893266,58.107787],[40.774589,58.066146],[40.809087,58.006626],[40.597672,57.897109],[40.718094,57.662102],[40.631984,57.56882],[40.440885,57.542821],[40.50458,57.517849],[40.40563,57.493452],[40.430464,57.285829],[40.864246,57.353118],[41.018309,57.31818],[41.151576,57.422957],[41.567387,57.45253],[41.632585,57.538482],[41.569898,57.634141],[41.599156,57.736762],[42.22089,57.554981],[42.460068,57.636223],[42.715006,57.613792],[42.783707,57.690568],[42.883711,57.654661],[42.806918,57.527843],[42.89554,57.37111],[43.161065,57.405714],[43.19295,57.554294],[43.224945,57.418325],[43.304617,57.428877],[43.496505,57.604608],[43.853393,57.417485],[44.365285,57.528337],[44.597113,57.700878],[44.766505,57.712414],[44.880783,57.881924],[44.800976,57.959861],[44.869006,58.076712],[45.50891,58.028511],[45.612942,57.919409],[45.842632,58.050935],[46.34493,58.062218],[46.439635,58.356283],[46.394919,58.375077],[46.579335,58.399094],[46.560507,58.480485],[46.658063,58.588497],[47.017877,58.618604],[47.007589,58.718198],[47.108838,58.779399],[47.306781,58.788067],[47.249268,58.869416],[47.286914,58.919338],[47.639515,58.916855],[47.552276,59.056821],[47.444002,59.093717],[47.478533,59.15915],[47.368364,59.133551],[47.209394,59.201214],[47.247709,59.352628],[47.048947,59.369321],[47.117822,59.598969],[46.408911,59.618645],[46.368871,59.343196],[46.020292,59.323947],[45.979028,59.171648],[45.340468,59.216042],[45.056262,59.198298],[45.039644,59.121812],[44.352629,59.132541],[44.190221,59.17012],[44.171108,59.237329],[43.94817,59.208092],[43.776377,59.268368],[43.534962,59.1785],[43.504048,59.305888],[43.33743,59.266158],[43.382571,59.204406],[43.143818,59.292548],[43.028181,59.202897],[42.799691,59.170034],[42.636381,59.328185],[42.279223,59.261537],[42.202767,59.327548],[42.216254,59.408483],[42.034862,59.429549],[41.938463,59.27723],[42.098663,59.24982],[42.058869,59.125959],[41.906841,59.07355],[41.72852,59.110905],[41.349027,58.951944],[41.190382,58.95622],[41.182087,58.895598],[41.263991,58.898907],[41.156287,58.803261],[41.22104,58.713521],[40.930072,58.576336]]]},"properties":{"name":"Костромская область","cartodb_id":53,"created_at":"2013-12-04T04:23:51+0100","updated_at":"2013-12-04T08:11:14+0100","name_latin":"Kostroma Oblast"}},
{"type":"Feature","geometry":{"type":"Polygon","coordinates":[[[30.978757,56.969897],[30.774251,56.731075],[30.881864,56.643172],[31.085384,56.640155],[30.987103,56.485795],[31.211736,56.427769],[31.229027,56.338444],[31.509342,56.307795],[31.46057,56.242247],[31.507486,56.161019],[31.451065,56.139812],[31.501066,56.034807],[31.347419,55.942652],[31.483134,55.718642],[31.777728,55.696992],[31.887769,55.787895],[32.114438,55.721271],[32.057776,55.649347],[32.382798,55.72166],[32.452336,55.672605],[32.497858,55.740422],[32.522683,55.643046],[32.709038,55.692979],[33.117237,55.636496],[33.53347,55.77377],[33.648069,55.844485],[33.650924,55.956405],[33.802508,55.932911],[33.798613,56.014915],[33.915505,56.067054],[34.381548,56.022678],[34.605539,55.911879],[34.745045,55.977857],[35.148495,55.957501],[35.338992,56.094214],[35.287279,56.103389],[35.363129,56.178871],[35.315791,56.227991],[35.50231,56.259486],[35.465698,56.330621],[35.520323,56.39541],[35.42172,56.38132],[35.434271,56.458656],[35.62024,56.477052],[35.735272,56.389721],[36.088667,56.335662],[36.126592,56.399513],[36.681721,56.498062],[36.803018,56.597475],[37.055548,56.526247],[37.17425,56.696425],[37.066831,56.755621],[37.463114,56.776999],[37.574944,56.873177],[37.531958,56.909493],[37.698307,56.958512],[37.984001,56.865396],[37.99271,56.767322],[38.244299,56.793463],[38.100071,56.85531],[38.194199,56.902533],[38.154234,56.985256],[38.251866,57.028605],[38.148415,57.224503],[38.313427,57.259914],[38.3032,57.358673],[38.016234,57.336215],[37.882599,57.39494],[37.806651,57.440711],[37.85767,57.5797],[37.814211,57.625256],[37.630062,57.66343],[37.488926,57.811498],[37.380219,57.820446],[37.433831,57.869276],[37.33033,57.88546],[37.444756,57.907217],[37.354008,57.990045],[37.499023,57.96861],[37.51363,58.041175],[37.714982,58.077988],[37.327909,58.236644],[37.435102,58.276002],[37.381726,58.36244],[37.624237,58.420457],[37.628222,58.482944],[37.292556,58.645339],[37.195804,58.814279],[37.070959,58.863139],[36.765447,58.800944],[36.829193,58.742107],[36.66368,58.701748],[36.503051,58.515478],[36.181682,58.51165],[35.939633,58.423027],[35.644882,58.46017],[35.304491,58.408005],[35.247637,58.381558],[35.257167,58.274199],[35.11844,58.212464],[34.793484,58.245972],[34.689496,58.200132],[34.736603,58.172142],[34.671645,58.07347],[34.170765,58.212845],[33.705874,58.170305],[33.529306,58.061171],[33.692728,57.990429],[33.684006,57.905601],[33.547352,57.851164],[33.593119,57.727617],[33.306631,57.648529],[33.318586,57.583298],[33.233437,57.545719],[33.264033,57.42192],[32.78858,57.467192],[32.384981,57.230085],[32.236373,57.255114],[32.250349,57.202555],[31.913784,57.07957],[31.880087,57.130835],[31.755728,57.114047],[31.647391,57.026185],[31.702837,56.99325],[31.396194,56.909396],[30.978757,56.969897]]]},"properties":{"name":"Тверская область","cartodb_id":54,"created_at":"2013-12-04T04:23:51+0100","updated_at":"2013-12-04T08:11:22+0100","name_latin":"Tver Oblast"}},
{"type":"Feature","geometry":{"type":"Polygon","coordinates":[[[37.272035,54.839777],[37.121643,54.551012],[36.970507,54.604839],[36.894968,54.563494],[36.941926,54.50975],[36.854939,54.478772],[36.972763,54.429393],[36.966846,54.291658],[36.500357,54.290598],[36.205167,54.155902],[35.969872,54.181488],[36.211557,54.06245],[36.09868,54.006953],[36.141287,53.940373],[36.047179,53.95588],[35.90491,53.854942],[35.965145,53.824244],[35.917532,53.777077],[35.963249,53.715868],[36.070743,53.699502],[35.991189,53.626273],[36.030538,53.560296],[36.296466,53.549973],[36.32032,53.473698],[36.494591,53.388288],[36.699603,53.395036],[36.784136,53.295815],[37.590463,53.278939],[37.609804,53.098542],[37.730973,53.127954],[37.866469,53.012217],[38.122278,53.054437],[38.326953,52.946357],[38.492193,53.036499],[38.565863,52.99108],[38.671049,53.129568],[38.583309,53.160284],[38.643444,53.215751],[38.528911,53.302222],[38.763755,53.357529],[38.722323,53.528485],[38.937824,53.574779],[38.873412,53.636502],[38.944571,53.743881],[38.793945,53.829663],[38.855252,53.847962],[38.794824,53.909446],[38.887845,53.919273],[38.779377,53.968812],[38.777785,54.033004],[38.721745,53.992699],[38.748425,54.050772],[38.684832,54.098183],[38.781663,54.156209],[38.665982,54.256714],[38.510521,54.296849],[38.527101,54.395264],[38.386291,54.466623],[38.377215,54.526831],[38.516588,54.59149],[38.456644,54.653588],[38.027778,54.718491],[37.938469,54.849673],[37.74816,54.83237],[37.775636,54.771395],[37.682832,54.717463],[37.547996,54.737604],[37.446294,54.841587],[37.272035,54.839777]]]},"properties":{"name":"Тульская область","cartodb_id":65,"created_at":"2013-12-04T04:23:51+0100","updated_at":"2013-12-04T08:13:07+0100","name_latin":"Tula Oblast"}},
{"type":"Feature","geometry":{"type":"Polygon","coordinates":[[[35.334221,55.271752],[35.345212,55.20588],[35.114697,55.037647],[35.124703,54.976239],[34.871971,54.903384],[34.928462,54.78371],[34.814159,54.69443],[34.406122,54.688705],[34.51787,54.660966],[34.444682,54.516637],[33.950846,54.582335],[33.649148,54.507816],[33.702224,54.465884],[33.572328,54.393617],[33.687777,54.295332],[33.603378,54.258884],[33.629445,54.187207],[33.564217,54.175693],[33.56368,54.106581],[33.452535,54.082574],[33.504592,54.016586],[33.817427,53.992681],[33.80622,53.89639],[33.911543,53.867228],[34.201182,53.912152],[34.496489,53.673982],[34.519712,53.500843],[34.63795,53.383027],[34.982773,53.373609],[35.141099,53.279123],[35.378812,53.334278],[35.430717,53.443595],[35.530145,53.42868],[35.612642,53.535],[35.772057,53.505952],[35.925304,53.652394],[35.991189,53.626273],[36.070743,53.699502],[35.963249,53.715868],[35.917532,53.777077],[35.965145,53.824244],[35.90491,53.854942],[36.047179,53.95588],[36.141287,53.940373],[36.09868,54.006953],[36.211557,54.06245],[35.969872,54.181488],[36.205167,54.155902],[36.500357,54.290598],[36.966846,54.291658],[36.972763,54.429393],[36.854939,54.478772],[36.941926,54.50975],[36.894968,54.563494],[36.970507,54.604839],[37.121643,54.551012],[37.272035,54.839777],[37.165285,54.86658],[37.192994,54.923256],[37.045003,55.142201],[36.93724,55.241391],[36.813606,55.194054],[36.763246,55.269828],[36.621329,55.265391],[36.600825,55.35128],[36.38434,55.293977],[36.264784,55.171484],[35.741156,55.295578],[35.446271,55.229013],[35.334221,55.271752]]]},"properties":{"name":"Калужская область","cartodb_id":64,"created_at":"2013-12-04T04:23:51+0100","updated_at":"2013-12-04T08:13:15+0100","name_latin":"Kaluga Oblast"}},
{"type":"Feature","geometry":{"type":"Polygon","coordinates":[[[46.441731,54.761445],[46.421202,54.688222],[46.535834,54.631893],[46.403024,54.574192],[46.521321,54.587969],[46.459293,54.48158],[46.571612,54.502561],[46.500991,54.428505],[46.729482,54.401948],[46.705543,54.326711],[46.254055,54.172458],[45.967396,54.154323],[45.813633,53.975716],[45.947012,54.027264],[46.148233,53.935542],[46.217747,53.885096],[46.17272,53.796735],[46.279374,53.790302],[46.246873,53.754909],[46.479751,53.617991],[46.455797,53.512958],[46.908509,53.36347],[46.898875,53.278757],[46.954466,53.284601],[46.863107,53.177165],[46.97298,53.120431],[46.911449,53.090428],[46.892765,52.893382],[46.969109,52.759405],[46.817569,52.697949],[46.801859,52.621141],[46.980435,52.638251],[47.062545,52.537086],[47.163278,52.595878],[47.20611,52.547227],[47.442631,52.563272],[47.495989,52.621203],[47.722415,52.570621],[47.812411,52.736339],[47.933741,52.646579],[48.063442,52.676318],[48.092152,52.732734],[47.99333,52.744964],[48.088773,52.793553],[48.428632,52.814407],[48.588749,52.895802],[48.359846,52.957338],[48.327158,53.068815],[48.22456,53.004761],[48.124697,53.051808],[48.212984,53.137229],[48.109719,53.178832],[48.15998,53.229979],[47.936798,53.362035],[48.035817,53.471305],[48.369543,53.474137],[48.382128,53.545555],[48.465294,53.556244],[48.345203,53.593476],[48.348159,53.652527],[48.533131,53.666707],[48.4851,53.76967],[48.994808,53.706596],[48.994669,53.872317],[49.60166,53.802623],[49.816593,53.889757],[49.850446,53.831996],[50.035857,53.819146],[50.037275,53.880285],[49.931196,53.905269],[49.97804,53.978772],[50.182345,54.023657],[50.242641,54.217581],[50.092459,54.5066],[49.560315,54.56201],[49.551035,54.668061],[49.479729,54.688562],[49.525816,54.723598],[49.288299,54.891446],[49.09039,54.788549],[48.88178,54.79602],[48.881741,54.625206],[48.465153,54.625211],[48.103415,54.766523],[48.08097,54.713872],[47.920709,54.719614],[47.928628,54.64042],[47.816443,54.641706],[47.770618,54.682118],[47.822985,54.728389],[47.717752,54.735028],[47.616532,54.55753],[47.438299,54.563704],[47.424562,54.498545],[47.355589,54.627395],[47.290809,54.674267],[47.267867,54.673486],[47.034094,54.705496],[46.826185,54.632065],[46.441731,54.761445]]]},"properties":{"name":"Ульяновская область","cartodb_id":63,"created_at":"2013-12-04T04:23:51+0100","updated_at":"2013-12-04T08:13:25+0100","name_latin":"Ulyanovsk Oblast"}},
{"type":"Feature","geometry":{"type":"Polygon","coordinates":[[[46.721544,56.963392],[45.941509,56.859195],[45.918534,56.722482],[45.861989,56.706302],[45.950749,56.649393],[45.627051,56.568021],[45.757037,56.40865],[45.963762,56.428534],[45.970041,56.318456],[45.8665,56.258791],[45.963529,56.162499],[46.094822,56.170396],[46.054453,56.073778],[46.185308,56.031569],[46.414245,56.129863],[46.655615,56.099032],[46.796975,56.190563],[46.753424,56.206976],[47.150551,56.314996],[47.392278,56.324122],[47.425881,56.156816],[47.878968,56.125786],[47.983319,55.976168],[48.406167,55.825699],[48.459321,55.825284],[48.383295,55.867481],[48.415802,55.91449],[48.666195,55.938391],[48.726219,56.013638],[48.691852,56.059126],[48.829928,56.050319],[48.848632,56.115987],[49.069652,56.206555],[48.922421,56.256181],[49.051564,56.34479],[49.21585,56.390075],[49.334157,56.329954],[49.417629,56.473483],[49.506447,56.421256],[49.569368,56.502881],[49.756333,56.537227],[49.813884,56.501165],[49.753835,56.454004],[49.86106,56.425313],[49.987235,56.494623],[49.928538,56.458441],[49.970484,56.431381],[50.201345,56.557124],[50.081423,56.611177],[50.026035,56.657554],[50.104437,56.792259],[50.019966,56.869405],[49.730864,56.891185],[49.695383,57.057719],[49.247377,57.041502],[49.138697,57.17991],[49.214115,57.288103],[49.169038,57.342734],[49.007399,57.289029],[49.044261,57.190278],[48.947945,57.082648],[48.840072,57.092782],[48.824609,57.165219],[48.555442,57.171718],[48.416842,57.110189],[48.328936,57.16609],[48.13753,57.069662],[48.206062,57.0135],[47.954068,56.957774],[47.764379,57.03932],[47.782673,56.998604],[47.685069,57.001636],[47.510934,56.850756],[47.434973,56.88289],[47.261413,56.80731],[47.107907,56.823804],[47.162052,56.879444],[47.095051,56.926632],[46.721544,56.963392]]]},"properties":{"name":"Марий Эл","cartodb_id":60,"created_at":"2013-12-04T04:23:51+0100","updated_at":"2013-12-04T08:13:50+0100","name_latin":"Mari El Republic"}},
{"type":"Feature","geometry":{"type":"Polygon","coordinates":[[[30.931557,55.623159],[30.93467,55.39985],[30.82309,55.279],[30.958731,55.194167],[31.010015,55.057728],[30.81871,54.94022],[30.75451,54.80504],[31.00668,54.72118],[30.991364,54.672783],[31.2004,54.65003],[31.0847,54.51012],[31.23259,54.46627],[31.31352,54.24851],[31.871689,54.079334],[31.891554,53.966518],[31.778312,53.804795],[32.125411,53.818869],[32.460683,53.737652],[32.49996,53.69053],[32.4131,53.66521],[32.479968,53.547706],[32.762935,53.424048],[32.880551,53.434176],[32.91822,53.58584],[33.235166,53.738353],[33.19828,53.807679],[33.298769,53.816648],[33.245515,53.870104],[33.280324,53.938608],[33.504592,54.016586],[33.452535,54.082574],[33.56368,54.106581],[33.564217,54.175693],[33.629445,54.187207],[33.603378,54.258884],[33.687777,54.295332],[33.572328,54.393617],[33.702224,54.465884],[33.649148,54.507816],[33.950846,54.582335],[34.444682,54.516637],[34.51787,54.660966],[34.406122,54.688705],[34.814159,54.69443],[34.928462,54.78371],[34.871971,54.903384],[35.124703,54.976239],[35.114697,55.037647],[35.345212,55.20588],[35.334221,55.271752],[35.258645,55.329882],[35.329487,55.429493],[35.294308,55.555006],[35.391128,55.60589],[35.32325,55.665981],[35.330782,55.792565],[35.148495,55.957501],[34.745045,55.977857],[34.605539,55.911879],[34.381548,56.022678],[33.915505,56.067054],[33.798613,56.014915],[33.802508,55.932911],[33.650924,55.956405],[33.648069,55.844485],[33.53347,55.77377],[33.117237,55.636496],[32.709038,55.692979],[32.522683,55.643046],[32.497858,55.740422],[32.452336,55.672605],[32.382798,55.72166],[32.057776,55.649347],[32.114438,55.721271],[31.887769,55.787895],[31.777728,55.696992],[31.483134,55.718642],[31.038165,55.758896],[31.064901,55.694619],[30.931557,55.623159]]]},"properties":{"name":"Смоленская область","cartodb_id":58,"created_at":"2013-12-04T04:23:51+0100","updated_at":"2013-12-04T08:14:04+0100","name_latin":"Smolensk Oblast"}},
{"type":"Feature","geometry":{"type":"Polygon","coordinates":[[[59.348463,61.66377],[58.843882,61.495045],[57.080551,61.475297],[56.653124,61.5243],[56.56634,61.418999],[56.37827,61.443122],[56.274501,61.191858],[55.813087,61.246778],[55.730554,61.09171],[55.272479,61.146023],[55.19996,60.991563],[55.05005,61.009161],[54.976851,60.859908],[53.87597,60.982831],[53.826351,60.835202],[53.607078,60.854012],[53.352946,60.882025],[53.413843,61.032158],[52.870558,61.09062],[52.806464,60.937746],[52.431433,60.976416],[52.360943,60.829175],[51.893792,60.8817],[51.771541,60.579912],[52.152814,60.541242],[52.12267,60.464806],[52.348937,60.438315],[52.317282,60.227188],[53.075593,60.150712],[53.37263,60.155608],[53.436561,60.223524],[53.625636,60.114233],[53.685846,60.001456],[53.6303,59.742317],[53.597778,59.687428],[53.449701,59.702848],[53.357126,59.461552],[53.222744,59.358456],[53.384022,59.152672],[53.72213,59.117775],[53.725112,59.181336],[53.902916,59.086836],[53.753649,58.964697],[53.931242,58.773891],[53.739067,58.691258],[53.702641,58.602127],[53.785599,58.455538],[53.88668,58.31436],[53.785463,58.236607],[54.136468,57.957979],[54.085662,57.918409],[54.153117,57.701943],[54.050386,57.643421],[54.126741,57.615644],[53.991837,57.559337],[54.273825,57.461266],[54.124469,57.346259],[54.311665,57.305716],[54.344605,57.158853],[54.289141,57.114539],[54.434826,57.035921],[54.153452,56.980931],[54.03253,56.757927],[53.803202,56.817448],[53.901705,56.679068],[53.84102,56.59672],[54.082409,56.635401],[54.041618,56.579077],[54.244086,56.458165],[54.328795,56.482895],[54.377579,56.378702],[54.444573,56.34606],[54.577733,56.534643],[54.943592,56.337213],[55.150002,56.307456],[55.206916,56.37202],[55.38524,56.317094],[55.879236,56.456682],[56.081113,56.290316],[56.532631,56.397031],[56.506254,56.344041],[56.594748,56.262981],[56.921333,56.103883],[57.203793,56.169341],[57.195286,56.250602],[57.406237,56.34266],[57.312763,56.390579],[57.418168,56.580454],[57.338556,56.609783],[57.438894,56.677265],[57.317492,56.705601],[57.347261,56.748935],[57.248349,56.884779],[57.371511,56.955349],[57.665146,56.910806],[57.826571,56.962411],[57.872988,57.055695],[58.069369,57.049412],[58.039704,57.114243],[58.124395,57.142605],[58.032166,57.150674],[57.98641,57.21175],[58.047489,57.248701],[57.940085,57.296469],[58.030354,57.611408],[58.119009,57.602701],[58.094477,57.658863],[58.154722,57.695192],[58.446871,57.673931],[58.460452,57.582358],[58.537085,57.564072],[58.847335,57.725834],[58.863791,57.838097],[58.728266,57.852053],[58.586743,58.041514],[58.924693,58.28101],[59.137063,58.259842],[59.105526,58.288069],[59.18624,58.278588],[59.287457,58.419285],[59.453623,58.478057],[59.398591,58.708066],[59.153582,58.717546],[59.105835,58.77378],[59.080028,58.906096],[59.20694,58.953952],[59.092924,59.000481],[59.196787,59.147133],[58.681216,59.26849],[58.524931,59.435023],[58.362935,59.46464],[58.479048,59.711673],[58.602325,59.693481],[58.693449,59.85661],[58.800246,59.843002],[58.839456,59.931982],[58.988792,59.907617],[58.963427,59.977965],[59.137965,60.205882],[59.149756,60.341837],[59.423639,60.635472],[59.475006,60.939248],[59.369371,60.968356],[59.252806,61.260553],[59.44521,61.415145],[59.348463,61.66377]]]},"properties":{"name":"Пермский край","cartodb_id":56,"created_at":"2013-12-04T04:23:51+0100","updated_at":"2013-12-04T08:14:14+0100","name_latin":"Perm Krai"}},
{"type":"Feature","geometry":{"type":"Polygon","coordinates":[[[40.430464,57.285829],[39.853334,57.17419],[39.857583,57.084842],[39.524104,57.018293],[39.553421,56.959924],[39.400397,56.86469],[39.402019,56.771048],[39.900942,56.770205],[39.824012,56.610172],[39.957077,56.533707],[39.916613,56.495401],[40.192821,56.435786],[40.561214,56.60283],[41.146142,56.475979],[41.882941,56.528111],[42.046402,56.352363],[42.20424,56.450181],[42.614182,56.406734],[42.651056,56.46847],[42.897287,56.470342],[42.821133,56.515931],[42.927336,56.634938],[42.797447,56.691727],[42.870814,56.809429],[43.152336,56.879027],[43.300596,56.820831],[43.086767,57.166766],[43.304617,57.428877],[43.224945,57.418325],[43.19295,57.554294],[43.161065,57.405714],[42.89554,57.37111],[42.806918,57.527843],[42.883711,57.654661],[42.783707,57.690568],[42.715006,57.613792],[42.460068,57.636223],[42.22089,57.554981],[41.599156,57.736762],[41.569898,57.634141],[41.632585,57.538482],[41.567387,57.45253],[41.151576,57.422957],[41.018309,57.31818],[40.864246,57.353118],[40.430464,57.285829]]]},"properties":{"name":"Ивановская область","cartodb_id":57,"created_at":"2013-12-04T04:23:51+0100","updated_at":"2013-12-04T08:15:18+0100","name_latin":"Ivanovo Oblast"}},
{"type":"Feature","geometry":{"type":"MultiPolygon","coordinates":[[[[47.290809,54.674267],[47.355589,54.627395],[47.405286,54.638393],[47.370814,54.697904],[47.290809,54.674267]]],[[[46.185308,56.031569],[46.080268,55.948898],[46.168537,55.886183],[46.073492,55.867697],[46.100442,55.798637],[45.952936,55.75773],[45.916555,55.668798],[46.133022,55.51547],[46.206392,55.543998],[46.394891,55.462952],[46.214155,55.371729],[46.221752,55.271374],[46.011838,55.163123],[46.061001,55.047639],[46.154598,54.973984],[46.226845,55.083002],[46.293037,55.028402],[46.243187,54.977962],[46.410591,54.874072],[46.441731,54.761445],[46.826185,54.632065],[47.034094,54.705496],[47.267867,54.673486],[47.387674,54.752798],[47.409066,54.880576],[47.744786,54.812796],[47.735823,54.908911],[47.823539,54.803411],[47.763722,54.954319],[48.011604,54.98553],[48.028034,55.039695],[47.900018,55.052815],[48.086793,55.093943],[48.016183,55.28475],[47.872431,55.321496],[47.901726,55.262231],[47.804031,55.302955],[47.783703,55.23867],[47.669943,55.214213],[47.699566,55.285032],[47.645109,55.33553],[47.780374,55.333057],[47.969208,55.51546],[48.107967,55.524123],[48.147589,55.565033],[48.010683,55.629275],[48.083966,55.694768],[48.129499,55.646347],[48.23507,55.689446],[48.266329,55.78055],[48.406167,55.825699],[47.983319,55.976168],[47.878968,56.125786],[47.425881,56.156816],[47.392278,56.324122],[47.150551,56.314996],[46.753424,56.206976],[46.796975,56.190563],[46.655615,56.099032],[46.414245,56.129863],[46.185308,56.031569]]]]},"properties":{"name":"Чувашия","cartodb_id":49,"created_at":"2013-12-04T04:23:51+0100","updated_at":"2013-12-04T08:15:36+0100","name_latin":"Chuvash Republic"}},
{"type":"Feature","geometry":{"type":"Polygon","coordinates":[[[43.398487,42.896923],[43.778776,42.758044],[43.807887,42.721072],[43.715011,42.636577],[43.965006,42.546942],[44.233345,42.627957],[44.319256,42.7225],[44.517974,42.697038],[44.514598,42.754273],[44.678461,42.756177],[44.633879,42.913062],[44.853651,42.835576],[44.959944,43.045205],[44.697017,43.270732],[44.679901,43.210889],[44.568979,43.234828],[44.577958,43.416361],[44.511816,43.40569],[44.479066,43.513722],[44.503346,43.587919],[44.63363,43.614966],[44.622436,43.548247],[44.847608,43.56497],[44.83243,43.681956],[44.789621,43.817085],[44.291438,43.810387],[44.282233,43.710046],[44.429341,43.685154],[44.474986,43.58225],[44.442879,43.427804],[44.355254,43.3924],[44.320372,43.449644],[44.17493,43.3486],[44.105683,43.431065],[44.037769,43.352206],[44.098232,43.26719],[44.003052,43.212394],[44.002068,43.272692],[43.919593,43.242004],[43.829874,43.323265],[43.572302,42.943093],[43.442963,42.96938],[43.398487,42.896923]]]},"properties":{"name":"Северная Осетия - Алания","cartodb_id":35,"created_at":"2013-12-04T04:23:51+0100","updated_at":"2013-12-04T08:15:51+0100","name_latin":"Republic of North Ossetia-Alania"}},
{"type":"Feature","geometry":{"type":"Polygon","coordinates":[[[32.762935,53.424048],[32.7335,53.33253],[32.48846,53.30352],[32.446819,53.207991],[32.235101,53.098968],[31.934674,53.083064],[31.62835,53.23108],[31.40184,53.21185],[31.3912,53.096492],[31.2434,53.03435],[31.58698,52.79377],[31.50312,52.6985],[31.668427,52.559863],[31.55763,52.51765],[31.62612,52.4925],[31.58183,52.32822],[31.71247,52.26368],[31.68732,52.19424],[31.954161,52.08159],[31.917152,52.053382],[32.095886,52.033117],[32.360139,52.139895],[32.324542,52.223413],[32.401708,52.248171],[32.376832,52.337308],[32.887559,52.245098],[33.169904,52.372834],[33.518636,52.354675],[33.480768,52.316059],[33.560506,52.301927],[33.836472,52.361389],[34.116327,52.141215],[34.062654,52.07306],[34.096917,52.004262],[34.385548,51.843075],[34.452758,51.921475],[34.340515,51.945419],[34.527333,52.068489],[34.742774,52.087892],[34.683128,52.196703],[34.869013,52.202119],[34.960167,52.342959],[34.924193,52.369988],[34.869728,52.368114],[34.854596,52.451538],[34.991555,52.50716],[35.003767,52.660101],[35.109214,52.70427],[35.036945,52.695448],[35.041037,52.756281],[34.825726,52.865741],[34.983277,52.966242],[35.155583,52.957383],[35.325127,53.079388],[35.127382,53.139148],[35.141099,53.279123],[34.982773,53.373609],[34.63795,53.383027],[34.519712,53.500843],[34.496489,53.673982],[34.201182,53.912152],[33.911543,53.867228],[33.80622,53.89639],[33.817427,53.992681],[33.504592,54.016586],[33.280324,53.938608],[33.245515,53.870104],[33.298769,53.816648],[33.19828,53.807679],[33.235166,53.738353],[32.91822,53.58584],[32.880551,53.434176],[32.762935,53.424048]]]},"properties":{"name":"Брянская область","cartodb_id":27,"created_at":"2013-12-04T04:23:51+0100","updated_at":"2013-12-04T08:16:16+0100","name_latin":"Bryansk Oblast"}},
{"type":"Feature","geometry":{"type":"Polygon","coordinates":[[[42.144531,53.802341],[42.081739,53.748005],[42.143951,53.712079],[42.109533,53.515339],[42.295901,53.452083],[42.240536,53.357158],[42.412166,53.33802],[42.571364,53.179832],[42.509028,53.17019],[42.547553,53.122359],[42.957555,52.930946],[43.248087,52.63634],[43.058242,52.559391],[43.121771,52.510893],[43.024048,52.486763],[43.081329,52.404693],[43.039706,52.370635],[43.178883,52.452091],[43.366971,52.353769],[43.747019,52.432056],[44.321377,52.278928],[44.381569,52.413844],[44.535785,52.450395],[44.532591,52.532595],[44.853116,52.447721],[44.892952,52.356528],[45.059969,52.306116],[45.093912,52.400002],[45.429318,52.38629],[45.640552,52.507726],[45.698533,52.440915],[45.961039,52.396793],[46.004107,52.510991],[46.136282,52.526805],[46.140672,52.587105],[46.325899,52.680843],[46.577626,52.725591],[46.609288,52.662354],[46.801859,52.621141],[46.817569,52.697949],[46.969109,52.759405],[46.892765,52.893382],[46.911449,53.090428],[46.97298,53.120431],[46.863107,53.177165],[46.954466,53.284601],[46.898875,53.278757],[46.908509,53.36347],[46.455797,53.512958],[46.479751,53.617991],[46.246873,53.754909],[46.279374,53.790302],[46.17272,53.796735],[46.217747,53.885096],[46.148233,53.935542],[45.947012,54.027264],[45.813633,53.975716],[45.704491,53.895757],[45.540873,53.92937],[45.35717,53.870064],[45.176467,53.971527],[44.831459,53.963251],[44.590701,53.844816],[44.715204,53.680125],[44.505153,53.649065],[44.53682,53.677686],[44.371566,53.721574],[43.982364,53.740151],[43.859671,53.805976],[43.933371,53.85666],[43.846455,53.924113],[43.535252,54.014353],[43.126751,53.977284],[43.156781,53.820004],[43.09672,53.87381],[43.072694,53.810782],[42.759604,53.825475],[42.727085,53.739494],[42.739018,53.81679],[42.547844,53.749295],[42.555995,53.830742],[42.494995,53.778096],[42.562126,53.733439],[42.498596,53.734776],[42.311894,53.799125],[42.35023,53.853669],[42.144531,53.802341]]]},"properties":{"name":"Пензенская область","cartodb_id":28,"created_at":"2013-12-04T04:23:51+0100","updated_at":"2013-12-04T08:16:25+0100","name_latin":"Penza Oblast"}},
{"type":"Feature","geometry":{"type":"Polygon","coordinates":[[[35.350987,50.975007],[35.410347,50.805038],[35.488713,50.776804],[35.484918,50.654958],[35.400493,50.656372],[35.391723,50.57963],[35.62677,50.35171],[36.06794,50.45076],[36.29574,50.29163],[36.43341,50.33077],[36.64867,50.21765],[36.87183,50.33523],[37.49102,50.45746],[37.48466,50.35652],[37.63555,50.31137],[37.63899,50.17937],[37.92652,50.0338],[38.032974,49.900151],[38.221848,49.979138],[38.17823,50.079996],[38.301755,50.087091],[38.48871,49.96324],[38.6475,49.95586],[38.68492,50.00805],[38.69333,49.93698],[38.91718,49.85973],[38.93091,49.7969],[39.179732,49.888659],[39.280925,50.035237],[39.116441,50.156293],[39.117791,50.268059],[39.034382,50.287401],[39.101595,50.339723],[38.981448,50.438618],[39.127046,50.507278],[39.046488,50.617566],[39.11927,50.624593],[38.76859,50.719567],[38.848768,50.783758],[38.706516,50.800234],[38.726079,50.899699],[38.878355,50.909739],[38.804784,50.983853],[38.856455,51.036004],[38.760884,51.074385],[38.633258,50.998237],[38.387686,51.077056],[38.380353,51.150207],[38.52222,51.163495],[38.519389,51.211023],[38.288584,51.296352],[38.005829,51.423132],[37.703198,51.35774],[37.383742,51.384521],[37.300755,51.331542],[37.145238,51.355232],[37.139551,51.230766],[36.587022,51.066319],[36.531642,51.133797],[36.486282,51.062953],[36.430242,51.117688],[36.011712,51.158189],[35.922334,51.130149],[36.006041,51.052517],[35.83418,50.940257],[35.734212,50.975939],[35.570907,50.901557],[35.350987,50.975007]]]},"properties":{"name":"Белгородская область","cartodb_id":26,"created_at":"2013-12-04T04:23:51+0100","updated_at":"2013-12-04T08:16:36+0100","name_latin":"Belgorod Oblast"}},
{"type":"Feature","geometry":{"type":"Polygon","coordinates":[[[37.866469,53.012217],[37.876029,52.886328],[37.801613,52.853207],[37.891259,52.740489],[37.722169,52.594846],[37.84557,52.553715],[37.789985,52.497305],[37.930833,52.472308],[37.88253,52.436371],[38.065904,52.330215],[38.039122,52.24511],[37.760546,52.163008],[37.738268,52.01703],[37.922719,51.891558],[38.292611,51.96594],[38.706769,52.098242],[38.786778,52.029204],[38.877206,52.09655],[39.073572,51.98316],[39.145478,52.082697],[39.299772,52.103184],[39.473172,52.073549],[39.484369,51.977717],[39.7599,51.927417],[40.132234,51.999536],[40.53414,51.945692],[40.536676,52.008933],[40.641422,52.036222],[40.590303,52.091979],[40.637032,52.174902],[40.764775,52.201607],[40.733435,52.251247],[40.293363,52.391964],[40.325873,52.458656],[40.046364,52.545786],[39.915694,52.708851],[40.083271,52.754594],[40.095751,52.879469],[40.037574,52.912903],[40.122762,52.939562],[40.074883,53.004513],[40.155331,53.046237],[40.087045,53.213545],[40.169999,53.312082],[40.127373,53.392541],[39.923704,53.435357],[39.932111,53.513974],[39.753604,53.585429],[39.54827,53.524812],[39.53677,53.418147],[39.32723,53.390583],[39.189494,53.392562],[39.054738,53.578467],[38.937824,53.574779],[38.722323,53.528485],[38.763755,53.357529],[38.528911,53.302222],[38.643444,53.215751],[38.583309,53.160284],[38.671049,53.129568],[38.565863,52.99108],[38.492193,53.036499],[38.326953,52.946357],[38.122278,53.054437],[37.866469,53.012217]]]},"properties":{"name":"Липецкая область","cartodb_id":6,"created_at":"2013-12-04T04:23:51+0100","updated_at":"2013-12-04T08:16:58+0100","name_latin":"Lipetsk Oblast"}},
{"type":"Feature","geometry":{"type":"Polygon","coordinates":[[[29.894085,58.445747],[29.933063,58.3626],[29.822478,58.258278],[29.617957,58.252625],[29.689452,58.188816],[29.628881,58.100909],[29.993884,58.042747],[29.876784,57.997024],[29.901395,57.941441],[30.544553,57.86399],[30.41721,57.781691],[30.496683,57.772213],[30.45226,57.687999],[30.680627,57.644054],[30.463377,57.521873],[30.515634,57.501436],[30.427384,57.367475],[30.522653,57.395435],[30.464248,57.350097],[30.745663,57.263208],[30.62847,57.176504],[30.687549,57.149025],[30.686505,56.984573],[30.837601,56.932488],[30.978757,56.969897],[31.396194,56.909396],[31.702837,56.99325],[31.647391,57.026185],[31.755728,57.114047],[31.880087,57.130835],[31.913784,57.07957],[32.250349,57.202555],[32.236373,57.255114],[32.384981,57.230085],[32.78858,57.467192],[33.264033,57.42192],[33.233437,57.545719],[33.318586,57.583298],[33.306631,57.648529],[33.593119,57.727617],[33.547352,57.851164],[33.684006,57.905601],[33.692728,57.990429],[33.529306,58.061171],[33.705874,58.170305],[34.170765,58.212845],[34.671645,58.07347],[34.736603,58.172142],[34.689496,58.200132],[34.793484,58.245972],[35.11844,58.212464],[35.257167,58.274199],[35.247637,58.381558],[35.304491,58.408005],[35.644882,58.46017],[35.939633,58.423027],[36.181682,58.51165],[36.219745,58.607657],[36.127689,58.623972],[36.103803,58.724755],[35.987598,58.684919],[35.912573,58.738155],[35.962167,58.751129],[35.783203,58.753698],[35.744992,58.82213],[35.827022,58.815966],[35.75633,58.842318],[35.57926,58.810316],[35.461428,58.861123],[35.282841,58.767134],[35.128426,58.81525],[35.17886,58.948819],[35.02031,58.924973],[34.868292,58.990594],[34.897115,59.049105],[34.722362,59.084852],[34.341462,59.204132],[34.076767,59.140523],[33.93254,59.234674],[33.800101,59.200665],[33.773571,59.28302],[33.62203,59.327798],[33.630295,59.382494],[33.348401,59.385252],[33.342771,59.315153],[33.262062,59.320932],[33.020992,59.426387],[32.732449,59.271441],[32.725908,59.148458],[32.447236,59.107971],[32.389173,59.142433],[32.475441,59.152277],[32.199722,59.289634],[32.260159,59.333208],[32.202941,59.303646],[31.963515,59.432369],[31.800679,59.313024],[31.552404,59.369069],[31.580584,59.231836],[31.365912,59.026348],[31.222168,59.005089],[31.129491,59.08929],[30.97115,59.043847],[31.003275,59.000292],[30.922426,58.921503],[30.68272,58.858718],[30.728272,58.813919],[30.6824,58.713746],[30.121606,58.745329],[30.072681,58.628347],[30.171235,58.530442],[30.069715,58.447409],[29.894085,58.445747]]]},"properties":{"name":"Новгородская область","cartodb_id":4,"created_at":"2013-12-04T04:23:51+0100","updated_at":"2013-12-04T08:17:06+0100","name_latin":"Novgorod Oblast"}},
{"type":"Feature","geometry":{"type":"MultiPolygon","coordinates":[[[[42.67422,66.68276],[42.61254,66.75653],[42.42968,66.74957],[42.67422,66.68276]]],[[[44.249558,66.436164],[44.07337,66.22953],[44.16012,66.06919],[44.08557,65.98848],[44.16844,65.8818],[44.03324,65.98611],[44.07739,66.05849],[43.84058,66.19268],[43.37222,66.06571],[43.33204,66.09265],[43.46326,66.17431],[43.67982,66.23564],[43.25651,66.41215],[42.57179,66.3879],[42.63389,66.41943],[42.26452,66.51382],[42.10734,66.48655],[41.5219,66.12108],[40.74353,65.98515],[40.48602,65.8128],[39.8784,65.62794],[39.71335,65.49149],[39.72242,65.33851],[40.14133,65.05957],[40.245313,64.86914],[40.396087,64.921298],[40.412232,64.84287],[40.353236,64.816689],[40.459962,64.774127],[40.414182,64.704296],[40.37365,64.759156],[40.034109,64.767634],[40.253824,64.70154],[40.054335,64.686794],[39.958521,64.760721],[39.962784,64.712157],[39.837069,64.692434],[40.112536,64.623112],[39.807861,64.655769],[39.745062,64.546105],[38.44782,64.80608],[38.39758,64.7956],[38.48523,64.7475],[38.11598,64.67766],[38.00339,64.74868],[38.36829,64.763189],[38.37,64.84123],[37.88652,64.89203],[37.65699,65.03625],[37.17513,65.14964],[36.84887,65.15402],[36.80811,64.9548],[36.43724,64.92234],[36.53071,64.83028],[36.54001,64.71356],[36.69572,64.70937],[37.19784,64.37139],[37.61764,64.35581],[37.65172,64.42264],[37.7911,64.43815],[37.78824,64.36751],[37.99694,64.2981],[37.89096,64.21158],[38.06,64.0707],[38.003979,63.95086],[38.08797,63.9082],[37.66723,63.89472],[37.61432,63.81698],[37.43799,63.78382],[37.20516,63.87714],[36.553041,63.952169],[36.590395,63.748201],[36.455216,63.626485],[35.892773,63.576226],[36.192072,63.425609],[36.245765,63.211511],[36.391114,63.225946],[36.258139,63.01153],[36.528467,62.793114],[37.070641,62.648683],[37.368941,62.677886],[37.548008,62.622088],[37.635381,62.477396],[37.452374,62.198557],[37.701812,62.212684],[37.836783,61.98254],[37.943999,61.972526],[37.884509,61.722298],[37.759843,61.615429],[37.81674,61.529811],[37.872908,61.290487],[38.018173,61.224792],[38.007959,61.141705],[38.123649,61.160507],[38.269752,61.068007],[38.181332,60.985107],[38.367169,60.914128],[38.404946,60.806727],[38.586728,60.797676],[38.619959,60.716362],[38.927,60.76725],[39.186348,60.643816],[39.19359,60.722709],[39.375122,60.687016],[39.645104,60.750209],[40.01047,60.646765],[40.28248,60.67967],[40.428928,60.783295],[40.574868,60.719656],[40.771145,60.775442],[40.895154,60.684256],[41.369925,60.641519],[41.424661,60.818025],[41.377683,60.85032],[41.567656,60.898853],[41.728535,60.858356],[41.824642,60.916387],[41.952876,60.914835],[41.926889,60.84368],[42.375325,60.767783],[42.570482,60.773183],[42.658296,60.887947],[42.887567,60.832253],[42.994978,60.729891],[43.153104,60.811964],[43.523734,60.766376],[43.544626,60.85791],[43.766378,60.896254],[43.782949,61.037182],[43.978624,61.057391],[44.180954,61.061493],[44.159802,60.965034],[45.251136,60.89404],[45.338405,61.195118],[45.809008,61.161534],[45.759413,61.011219],[46.299524,60.968742],[46.52476,61.043915],[46.542857,60.982266],[46.823677,60.963126],[46.820444,60.881563],[47.072164,60.844481],[47.19318,61.067393],[47.897198,61.016821],[47.96653,60.879171],[48.419677,60.837206],[48.474967,61.022139],[49.126753,61.17223],[49.321827,61.152372],[49.502104,61.605036],[49.043737,61.649069],[49.227262,62.1022],[49.374007,62.132736],[49.640796,62.76916],[48.741332,62.8517],[48.681413,62.702136],[48.352231,62.733736],[48.255704,62.506109],[48.322901,62.307153],[47.659359,62.328386],[47.642617,62.175714],[47.389083,62.181409],[47.402889,62.334427],[47.231909,62.337187],[47.245359,62.638732],[47.060895,62.826287],[47.442739,62.964975],[47.570357,63.144764],[47.051019,63.253906],[46.942724,63.34941],[47.017316,63.577728],[46.809881,63.756648],[45.594518,64.056964],[45.39935,64.174918],[45.852006,64.278031],[46.321081,64.247987],[47.344534,64.35439],[48.16144,64.345249],[48.196509,64.2266],[48.464726,64.204326],[48.52447,64.355617],[48.88379,64.326694],[48.961064,64.477553],[49.483163,64.425058],[49.552407,64.575831],[50.360683,64.510388],[50.498827,64.791727],[50.245634,64.82851],[49.636629,65.289107],[49.055647,65.22477],[48.999789,66.113264],[48.084647,66.129254],[48.029132,66.013281],[47.911042,66.032277],[47.749226,65.906458],[47.843529,65.855339],[47.797418,65.837895],[47.144758,65.821305],[46.347105,66.038287],[45.72583,66.069019],[44.854938,66.230571],[44.249558,66.436164]]],[[[36.01521,65.02362],[35.8562,65.04543],[35.76214,65.1726],[35.50378,65.11495],[35.74815,64.9552],[36.01521,65.02362]]],[[[36.11383,65.13705],[36.27397,65.15615],[35.93497,65.18032],[36.11383,65.13705]]],[[[59.101205,74.414543],[58.963237,74.336325],[59.108735,74.341881],[59.064859,74.346642],[59.140454,74.391673],[59.101205,74.414543]]],[[[53.62409,71.093606],[53.567969,71.16683],[53.601918,71.118719],[53.461235,71.11958],[53.62409,71.093606]]],[[[52.5736,71.39049],[52.23791,71.2783],[52.66929,71.21446],[53.038072,70.944011],[53.18245,70.95145],[53.05119,71.0278],[53.241738,71.140316],[53.22996,71.240613],[53.040762,71.240079],[53.078431,71.274036],[52.898468,71.366939],[52.716819,71.395567],[52.769866,71.328838],[52.5736,71.39049]]],[[[59.964301,79.92791],[59.854084,79.899124],[60.073087,79.912323],[59.964301,79.92791]]],[[[58.736583,79.958824],[58.296487,79.945617],[58.992484,79.914718],[58.736583,79.958824]]],[[[54.84375,80.531173],[54.617084,80.518821],[54.851384,80.452911],[55.11861,80.47725],[54.84375,80.531173]]],[[[55.306885,80.429871],[54.984684,80.409218],[55.296814,80.378144],[55.306885,80.429871]]],[[[54.84375,80.431961],[54.612984,80.480217],[54.447384,80.384118],[54.84375,80.431961]]],[[[45,80.613824],[44.888915,80.597718],[45.536187,80.509621],[46.040886,80.555222],[46.092896,80.513917],[46.032982,80.4515],[46.275486,80.442521],[46.584022,80.494239],[46.529027,80.527633],[46.602191,80.546066],[47.403321,80.585511],[47.263305,80.686707],[47.559485,80.679817],[47.449184,80.73262],[47.629993,80.727485],[47.557384,80.751617],[47.604489,80.762933],[47.870118,80.757324],[48.139281,80.648071],[48.786187,80.653122],[48.461385,80.730118],[48.598286,80.745819],[48.49688,80.798027],[47.439186,80.85202],[46.155884,80.665719],[45,80.613824]]],[[[53.4375,80.548776],[53.386191,80.623482],[53.08429,80.620423],[53.321332,80.581056],[53.216186,80.516517],[53.316277,80.485405],[53.56073,80.507323],[53.4375,80.548776]]],[[[54.369082,80.493819],[54.415084,80.513322],[54.126785,80.548218],[54.271583,80.582122],[53.83429,80.569519],[53.966863,80.519027],[53.89032,80.447877],[54.269103,80.414307],[54.537987,80.466424],[54.369082,80.493819]]],[[[58.782777,80.562073],[58.875485,80.624519],[58.494874,80.581482],[58.782777,80.562073]]],[[[57.65625,80.536478],[57.907593,80.532264],[58.083884,80.612724],[57.283696,80.588622],[57.65625,80.536478]]],[[[56.25,80.752978],[55.439766,80.693864],[55.738186,80.688218],[55.569485,80.62732],[55.631981,80.616897],[56.370884,80.595122],[57.014202,80.673005],[56.25,80.752978]]],[[[54.257389,80.302659],[54.102387,80.255821],[54.22059,80.169899],[54.44658,80.265664],[54.257389,80.302659]]],[[[50.625,79.92363],[51.431924,79.919051],[51.203185,79.983222],[51.298385,80.05249],[51.013288,80.103021],[50.583484,79.98822],[50.055786,79.95182],[50.625,79.92363]]],[[[49.377937,80.081688],[49.293983,80.048424],[49.692166,80.052018],[49.377937,80.081688]]],[[[59.0625,80.050667],[58.792714,80.008224],[59.360886,79.911819],[60.016785,79.998923],[59.662186,80.081223],[59.0625,80.050667]]],[[[52.812927,80.107467],[52.769104,80.103089],[52.900708,80.105605],[52.812927,80.107467]]],[[[50.351294,80.15625],[50.387184,80.19162],[50.078685,80.227523],[49.551988,80.159119],[50.047486,80.044021],[50.147822,80.060706],[50.090698,80.1015],[50.128769,80.128082],[50.351294,80.15625]]],[[[57.086917,80.15625],[57.21162,80.195237],[57.119874,80.243285],[57.20259,80.303147],[56.241985,80.331322],[55.940143,80.296654],[56.153085,80.177619],[55.825058,80.089913],[57.02173,80.057312],[57.119484,80.100723],[57.086917,80.15625]]],[[[55.428985,80.315438],[54.958184,80.244721],[55.273384,80.22322],[55.556384,80.305825],[55.428985,80.315438]]],[[[53.924785,80.331139],[53.879184,80.31932],[54.087525,80.330873],[53.924785,80.331139]]],[[[52.390683,80.359665],[52.255184,80.344322],[52.656296,80.320961],[52.390683,80.359665]]],[[[53.545295,80.15625],[53.947511,80.230103],[53.281285,80.389923],[52.219577,80.244293],[52.691784,80.154319],[53.545295,80.15625]]],[[[57.989112,80.15625],[58.454087,80.148621],[58.491088,80.19812],[58.101283,80.231019],[58.477486,80.305617],[59.316712,80.320922],[58.268987,80.467422],[57.009586,80.450317],[57.293984,80.346421],[57.253905,80.315124],[57.34967,80.153077],[58.085678,80.112228],[57.989112,80.15625]]],[[[54.84375,80.367432],[54.927785,80.39753],[54.597484,80.358322],[54.84375,80.367432]]],[[[56.25,80.389518],[55.778584,80.380218],[56.293384,80.358222],[56.25,80.389518]]],[[[59.0625,81.727959],[59.343387,81.758696],[59.302673,81.783692],[59.37563,81.824433],[57.912484,81.810822],[58.064484,81.768219],[57.976284,81.713822],[58.149289,81.687667],[59.0625,81.727959]]],[[[62.236445,81.5625],[61.80951,81.573997],[62.317078,81.54309],[62.236445,81.5625]]],[[[58.565917,81.578674],[58.734459,81.607239],[58.298889,81.588684],[58.565917,81.578674]]],[[[63.28125,81.710105],[62.206485,81.667205],[63.460384,81.569122],[63.834987,81.642134],[63.28125,81.710105]]],[[[58.278411,81.526924],[58.229127,81.519469],[58.406311,81.517272],[58.278411,81.526924]]],[[[60.46875,81.295231],[59.842087,81.285919],[60.602753,81.259461],[60.46875,81.295231]]],[[[59.0625,81.294647],[59.357727,81.334289],[59.162483,81.399322],[59.215785,81.425323],[58.528885,81.345421],[59.0625,81.294647]]],[[[57.673949,81.5625],[57.035188,81.541221],[56.834385,81.465317],[57.840272,81.378119],[58.583484,81.421822],[57.673949,81.5625]]],[[[63.164786,80.943244],[62.520584,80.78022],[63.037444,80.640557],[64.415688,80.705223],[65.219482,80.845123],[65.384888,80.91272],[65.193687,80.973618],[65.402282,81.013923],[65.234688,81.123818],[64.575485,81.190116],[64.189513,81.135925],[64.122384,81.066521],[64.188294,81.006714],[64.068085,80.959618],[63.164786,80.943244]]],[[[60.46875,80.432389],[61.295909,80.384681],[61.426221,80.44162],[61.322987,80.451721],[61.646896,80.468459],[61.592185,80.505019],[61.660279,80.555023],[62.08178,80.594505],[62.038201,80.625932],[62.178408,80.66005],[62.218284,80.766121],[62.136386,80.834021],[61.871587,80.86422],[60.413514,80.774224],[59.778686,80.807679],[59.471497,80.690673],[59.413514,80.633911],[59.454684,80.615922],[59.365723,80.609328],[59.469726,80.520508],[59.338086,80.485024],[59.731095,80.383263],[60.46875,80.432389]]],[[[54.84375,80.841482],[54.037903,80.82129],[54.883912,80.710877],[55.966481,80.76596],[55.194886,80.871016],[54.84375,80.841482]]],[[[57.65625,80.803551],[56.025086,81.023522],[55.499085,80.999619],[54.750687,81.106421],[54.446185,81.018021],[55.380387,80.944824],[56.056518,80.803529],[56.669186,80.781494],[57.056083,80.674919],[57.812984,80.756118],[57.65625,80.803551]]],[[[58.883904,80.869056],[57.845184,80.782921],[58.50769,80.72052],[59.023048,80.808882],[58.883904,80.869056]]],[[[47.8125,80.060094],[48.133483,80.120116],[48.34261,80.073777],[48.520079,80.122924],[48.440385,80.167319],[48.50171,80.190674],[49.113883,80.169624],[48.850076,80.21231],[48.997887,80.236222],[48.891686,80.280923],[48.526306,80.280273],[48.813286,80.377725],[49.572785,80.346817],[49.80228,80.383682],[49.666077,80.478271],[50.986524,80.545829],[51.801796,80.713088],[51.292115,80.796509],[50.232488,80.75502],[51.002785,80.85762],[50.889485,80.943618],[50.191283,80.855103],[49.935685,80.885224],[50.437576,80.926705],[50.16528,80.944329],[49.016906,80.781127],[49.176085,80.772095],[48.98428,80.740287],[49.059585,80.718109],[49.301185,80.751617],[49.344994,80.748139],[49.206386,80.707322],[49.685185,80.672921],[49.280686,80.631919],[49.429484,80.59842],[49.236184,80.58612],[49.154121,80.513427],[48.074096,80.539489],[47.416684,80.451218],[48.201985,80.451819],[48.356232,80.400641],[47.605538,80.394226],[48.115184,80.332618],[47.884285,80.33162],[48.032586,80.299683],[47.319884,80.308715],[47.256385,80.322121],[47.325867,80.353662],[47.1839,80.375931],[46.732727,80.295288],[47.115382,80.160819],[47.856685,80.24582],[48.000202,80.232551],[47.848687,80.195123],[48.146386,80.196023],[47.654384,80.075019],[47.8125,80.060094]]],[[[58.062985,80.940926],[58.153603,80.951087],[57.960186,80.971818],[58.062985,80.940926]]],[[[50.625,81.057101],[51.013584,81.142418],[50.748085,81.187522],[50.367684,81.149123],[50.489442,81.080781],[50.385682,81.044495],[50.625,81.057101]]],[[[58.329372,81.074044],[57.861785,81.039916],[58.410705,80.927673],[58.760022,81.004195],[58.329372,81.074044]]],[[[60.46875,80.903924],[61.206482,80.921082],[61.580623,81.017731],[61.525878,81.072082],[61.643283,81.093223],[61.144586,81.112924],[60.001187,80.973518],[60.46875,80.903924]]],[[[57.65625,80.997809],[56.100086,81.096024],[56.778076,81.021911],[57.526786,80.831223],[57.848693,80.81549],[58.340984,80.904823],[57.865723,80.950622],[57.65625,80.997809]]],[[[58.641185,81.044128],[58.845929,81.090775],[58.518388,81.086417],[58.641185,81.044128]]],[[[58.448302,81.14508],[58.132984,81.125518],[58.626672,81.126054],[58.448302,81.14508]]],[[[57.65625,81.099499],[58.085785,81.183914],[57.684785,81.21682],[56.924483,81.143822],[57.65625,81.099499]]],[[[59.0625,81.209974],[59.004256,81.202553],[59.812084,81.168122],[59.0625,81.209974]]],[[[56.151132,81.198852],[56.519684,81.156419],[57.951722,81.292114],[56.641725,81.409729],[56.36715,81.396248],[56.496703,81.332703],[56.411785,81.309625],[56.636086,81.264222],[56.579383,81.252519],[55.693684,81.334517],[55.460084,81.264892],[55.614502,81.255675],[55.563484,81.208718],[55.637683,81.194321],[56.151132,81.198852]]],[[[59.157384,74.499629],[59.109975,74.513375],[59.144595,74.617329],[59.218491,74.64626],[59.091484,74.710611],[59.761663,74.571057],[59.854468,74.643408],[59.542722,74.756585],[60.199148,74.72444],[60.307763,74.776846],[60.171095,74.849273],[60.52467,74.842389],[60.629451,74.911871],[59.934864,74.986071],[60.411428,74.998899],[60.494959,75.101001],[60.752136,75.01634],[60.812034,75.0801],[60.75257,75.090803],[60.81613,75.098459],[60.736175,75.11922],[61.109455,75.178912],[61.344749,75.280622],[61.291172,75.304662],[61.410493,75.283226],[61.382884,75.211021],[61.466472,75.207119],[61.964206,75.437973],[62.2827,75.41624],[63.37185,75.58114],[63.66434,75.70265],[63.81477,75.65175],[63.7439,75.6202],[63.79639,75.61187],[65.964587,75.973156],[68.31005,76.24886],[68.20309,76.29758],[68.95684,76.53663],[68.796069,76.575548],[69.06398,76.70136],[68.953673,76.736461],[69.00518,76.77978],[68.755954,76.836555],[68.822919,76.869964],[68.531298,76.953856],[67.75667,77.0008],[67.04817,76.93923],[66.23112,76.76359],[66.39152,76.71337],[66.330904,76.697908],[66.02929,76.73729],[65.82099,76.64707],[66.01012,76.59745],[66.09204,76.49766],[65.48824,76.55085],[64.70466,76.39076],[64.84936,76.3507],[64.80149,76.33684],[64.540697,76.37933],[64.07036,76.27424],[63.98072,76.33138],[63.72009,76.32958],[63.03841,76.19122],[62.76992,76.26083],[62.53238,76.15995],[62.35114,76.17772],[62.41825,76.24555],[62.33076,76.25682],[61.134913,76.282228],[60.90658,76.144777],[61.194543,76.107007],[61.081223,76.081784],[61.106202,76.046807],[60.473766,75.996236],[60.76941,76.103158],[60.294049,76.08749],[60.486921,76.153896],[60.084188,76.154155],[59.931724,76.083523],[60.267311,76.086825],[60.0411,76.033474],[60.361973,75.992688],[59.728645,75.89501],[59.126501,75.900022],[59.040936,75.880824],[59.194277,75.849324],[58.733728,75.799154],[58.818129,75.774767],[58.780435,75.721643],[57.983286,75.631978],[58.354542,75.595921],[58.289068,75.57508],[57.560939,75.484939],[57.730485,75.42138],[57.717337,75.348364],[57.898182,75.350805],[57.874732,75.31232],[56.912766,75.359408],[56.720871,75.276243],[57.01067,75.246524],[56.447282,75.052753],[56.292945,75.157831],[55.945752,75.176435],[55.747737,75.054093],[55.93091,75.047098],[55.833512,74.961549],[56.300226,74.999729],[56.389716,74.969586],[56.256465,74.925509],[56.448895,74.897955],[55.798149,74.784057],[56.484651,74.765972],[56.429044,74.718835],[56.66289,74.656722],[55.824244,74.670246],[55.602443,74.611741],[55.570654,74.537697],[56.049321,74.510234],[56.02429,74.466311],[56.163551,74.447208],[55.376813,74.409878],[55.29887,74.34745],[55.754279,74.273077],[55.685749,74.246871],[55.119865,74.259102],[55.886838,74.072202],[55.027892,74.156316],[54.57796,73.99788],[54.79033,73.95568],[54.26219,73.90128],[53.94446,73.76502],[53.70906,73.79016],[53.68255,73.73015],[54.09289,73.60585],[54.59841,73.69286],[55.26437,73.702151],[54.38839,73.55716],[54.24529,73.48783],[54.48568,73.46144],[54.07506,73.36404],[54.28366,73.31534],[54.65702,73.37753],[54.26883,73.2631],[53.90485,73.29304],[53.42436,73.22979],[53.17488,73.1035],[53.42422,73.00793],[53.08982,72.94549],[53.55432,72.87608],[52.95466,72.90548],[52.58403,72.8368],[52.40503,72.71781],[52.8011,72.64401],[52.69196,72.61455],[52.8004,72.60865],[52.72868,72.53953],[52.9867,72.56613],[52.68717,72.45823],[52.77589,72.44374],[52.61234,72.37284],[52.68532,72.36804],[52.52794,72.33791],[52.71845,72.29732],[52.45775,72.27433],[52.53142,72.22401],[52.38375,72.17935],[52.40697,72.1115],[52.32671,72.09269],[52.38884,72.06393],[51.86189,72.15278],[51.56531,72.06142],[51.43539,71.84025],[51.65177,71.52534],[52.30197,71.46156],[52.19641,71.53092],[52.27191,71.56061],[52.45567,71.46198],[52.41284,71.54344],[52.58295,71.60151],[52.71867,71.52265],[52.59731,71.50783],[52.63623,71.45393],[52.85692,71.40997],[52.79908,71.45249],[52.87773,71.45524],[52.96898,71.37117],[53.12126,71.3846],[52.9564,71.45796],[53.13555,71.42124],[53.21686,71.35685],[53.15849,71.3526],[53.552448,71.196494],[53.83809,71.13391],[53.849199,71.184925],[54.07998,71.17648],[54.011921,71.136556],[54.12331,71.098473],[53.816081,71.113755],[53.932881,71.02194],[53.530824,71.056394],[53.781894,70.931572],[53.683097,70.877607],[53.753438,70.811978],[53.47766,70.91762],[53.57632,70.87623],[53.35884,70.86183],[53.48591,70.80057],[54.10714,70.7198],[54.28546,70.76344],[54.78071,70.63393],[54.475864,70.733621],[54.580294,70.765887],[55.16861,70.54516],[55.30032,70.55679],[55.22999,70.6502],[55.27129,70.68102],[55.49613,70.62727],[55.34336,70.70598],[55.430754,70.732601],[55.61036,70.63457],[56.01698,70.55695],[56.03881,70.59796],[55.836002,70.659863],[56.18069,70.58766],[56.043099,70.645999],[56.1502,70.63659],[56.4776,70.51541],[56.76915,70.59446],[56.608912,70.652285],[56.84679,70.59352],[56.80486,70.55771],[56.8831,70.56237],[56.86328,70.53962],[56.95001,70.49776],[57.12268,70.46501],[57.05252,70.50286],[57.21093,70.50607],[57.0074,70.56138],[57.47889,70.51169],[57.151695,70.61112],[57.46544,70.59287],[57.51572,70.69585],[57.61269,70.7091],[57.04565,70.85219],[56.212915,71.184815],[55.657024,71.624725],[55.524604,71.881876],[55.30503,71.93309],[55.43302,71.93456],[55.412745,72.091343],[55.575378,72.173115],[55.373597,72.291846],[55.500661,72.381759],[55.479547,72.435418],[55.356462,72.433826],[55.566495,72.469308],[55.425742,72.561236],[55.614984,72.525741],[55.696115,72.596824],[55.67358,72.6574],[55.921909,72.650749],[55.84165,72.738109],[55.479,72.76925],[56.121607,72.778407],[56.265982,72.94575],[55.61673,72.93812],[56.31725,72.98638],[56.431343,73.020708],[55.887104,73.053482],[56.567935,73.137033],[56.395428,73.224999],[55.964076,73.247566],[55.811707,73.285844],[55.837638,73.296339],[55.804092,73.318763],[55.592814,73.32383],[55.777138,73.33496],[55.965687,73.294588],[56.003969,73.385225],[56.057839,73.339484],[56.02626,73.3074],[56.122105,73.258515],[56.730601,73.233626],[56.806761,73.309333],[56.751738,73.333289],[56.905496,73.299948],[57.24124,73.449284],[57.123943,73.527561],[56.761615,73.583411],[56.88846,73.597311],[56.753191,73.634495],[56.762532,73.678957],[57.208006,73.553553],[57.620709,73.629897],[57.473316,73.75265],[56.962941,73.855485],[57.527611,73.81026],[57.655194,73.712825],[57.884821,73.767946],[57.844247,73.868773],[57.761318,73.884156],[57.862847,73.908299],[57.377368,74.070131],[57.541413,74.079491],[57.401997,74.20165],[57.541941,74.179633],[57.70937,74.045796],[58.14536,73.972434],[58.249413,74.000684],[58.146733,74.049543],[58.193053,74.079443],[58.151508,74.110839],[58.291385,74.110308],[58.259244,74.080602],[58.34391,74.045855],[58.331117,74.122844],[58.537482,74.118418],[58.266845,74.154656],[58.72949,74.21268],[58.636782,74.234092],[58.739716,74.246716],[58.643622,74.291667],[58.82558,74.328054],[58.615479,74.368538],[58.670638,74.402114],[58.497441,74.495088],[58.204901,74.542855],[59.101205,74.414543],[59.354012,74.407139],[59.063503,74.464994],[59.152429,74.494821],[59.157384,74.499629]]],[[[59.152429,74.494821],[59.318948,74.486499],[59.189219,74.505197],[59.271697,74.570319],[59.157384,74.499629],[59.152429,74.494821]]]]},"properties":{"name":"Архангельская область","cartodb_id":2,"created_at":"2013-12-04T04:23:51+0100","updated_at":"2013-12-04T08:17:12+0100","name_latin":"Arkhangelsk Oblast"}},
{"type":"Feature","geometry":{"type":"Polygon","coordinates":[[[41.795935,55.103672],[41.85803,55.058076],[41.997626,55.099703],[41.999029,54.9962],[42.060815,54.978184],[42.485478,55.009005],[42.442662,54.825224],[42.433575,54.793561],[42.444321,54.798354],[43.086784,54.775022],[43.169227,54.897769],[43.386935,54.956907],[43.690637,54.831749],[43.957756,54.806086],[43.921118,54.739324],[44.09598,54.734113],[44.06844,54.648567],[44.200579,54.596459],[44.536737,54.517904],[44.598596,54.570262],[44.658824,54.514816],[44.58624,54.471508],[44.769772,54.520891],[45.099935,54.468519],[45.141635,54.52816],[45.011049,54.570761],[45.08741,54.652352],[45.034551,54.742691],[45.111952,54.800055],[45.189256,54.751461],[45.230701,54.877285],[45.426846,54.885528],[45.422554,55.038037],[45.486402,55.112268],[45.703121,55.190268],[45.783599,55.116384],[45.722519,54.991403],[46.061001,55.047639],[46.011838,55.163123],[46.221752,55.271374],[46.214155,55.371729],[46.394891,55.462952],[46.206392,55.543998],[46.133022,55.51547],[45.916555,55.668798],[45.952936,55.75773],[46.100442,55.798637],[46.073492,55.867697],[46.168537,55.886183],[46.080268,55.948898],[46.185308,56.031569],[46.054453,56.073778],[46.094822,56.170396],[45.963529,56.162499],[45.8665,56.258791],[45.970041,56.318456],[45.963762,56.428534],[45.757037,56.40865],[45.627051,56.568021],[45.950749,56.649393],[45.861989,56.706302],[45.918534,56.722482],[45.941509,56.859195],[46.721544,56.963392],[46.813988,57.077163],[46.749178,57.161911],[46.856562,57.221494],[46.68254,57.343308],[46.771638,57.409316],[46.687803,57.406496],[46.821639,57.446632],[46.752933,57.521511],[47.021939,57.487807],[47.293717,57.561322],[47.481365,57.515179],[47.617145,57.859228],[47.771781,57.888717],[47.417182,58.006856],[46.436307,58.004617],[46.34493,58.062218],[45.842632,58.050935],[45.612942,57.919409],[45.50891,58.028511],[44.869006,58.076712],[44.800976,57.959861],[44.880783,57.881924],[44.766505,57.712414],[44.597113,57.700878],[44.365285,57.528337],[43.853393,57.417485],[43.496505,57.604608],[43.304617,57.428877],[43.086767,57.166766],[43.300596,56.820831],[43.152336,56.879027],[42.870814,56.809429],[42.797447,56.691727],[42.927336,56.634938],[42.821133,56.515931],[42.897287,56.470342],[42.651056,56.46847],[42.614182,56.406734],[42.773942,56.331789],[42.763367,56.192849],[42.903545,56.209389],[42.96122,56.140375],[42.678957,56.083946],[42.716769,55.968332],[42.531744,55.95661],[42.393333,55.788542],[42.136665,55.681753],[42.06483,55.587369],[42.166871,55.443995],[41.946544,55.34757],[41.972521,55.286605],[41.860527,55.241109],[41.908336,55.210282],[41.795935,55.103672]]]},"properties":{"name":"Нижегородская область","cartodb_id":62,"created_at":"2013-12-04T04:23:51+0100","updated_at":"2013-12-04T08:17:27+0100","name_latin":"Nizhny Novgorod Oblast"}},
{"type":"Feature","geometry":{"type":"Polygon","coordinates":[[[62.061058,56.130821],[62.230419,56.027999],[62.238595,55.933735],[62.364329,55.933387],[62.304293,55.837975],[62.525893,55.769909],[62.554016,55.646069],[62.468967,55.563626],[62.62009,55.490569],[62.299507,55.403819],[62.18825,55.445441],[62.244451,55.337179],[62.066351,55.303627],[62.043156,55.260574],[62.225938,55.203206],[62.28477,55.078212],[62.193825,54.99019],[61.966185,55.030311],[62.118788,54.814148],[62.016963,54.723884],[62.276022,54.669316],[62.550583,54.729143],[62.550252,54.652031],[62.671724,54.624012],[63.199821,54.699085],[63.294737,54.543791],[63.218199,54.471431],[63.153453,54.493809],[63.165626,54.335988],[63.097533,54.333485],[63.344,54.251514],[63.3541,54.1904],[63.8152,54.2672],[63.9763,54.1986],[63.9817,54.2974],[64.622,54.3965],[64.7403,54.3544],[64.9728,54.4227],[65.2233,54.3348],[65.213741,54.541467],[65.501312,54.571642],[65.489568,54.656337],[65.747158,54.607688],[65.981598,54.717621],[65.9982,54.625504],[67.333049,54.873306],[67.691741,54.863316],[67.819464,54.971231],[68.235134,54.969052],[68.237737,55.053773],[68.315549,55.076692],[68.17743,55.198887],[68.620187,55.198268],[68.714266,55.347519],[68.188755,55.589124],[68.177142,55.72036],[67.920944,55.654964],[67.822177,55.729012],[67.40392,55.727855],[67.303046,55.9629],[66.76387,55.975632],[66.723401,56.042495],[66.473329,55.956088],[66.161296,56.068576],[66.020971,55.993602],[65.84187,56.068988],[65.683123,56.269664],[65.122002,56.307573],[65.213432,56.364235],[64.996718,56.504587],[65.028727,56.641531],[64.972266,56.643221],[64.991291,56.717528],[64.927055,56.7724],[64.830508,56.842297],[64.327899,56.756542],[64.343056,56.644276],[64.183935,56.58758],[64.178836,56.460685],[63.829419,56.481103],[63.520765,56.609643],[63.400279,56.610414],[63.358256,56.49102],[63.31507,56.567783],[63.18414,56.586739],[62.890995,56.590835],[62.651286,56.48652],[62.518812,56.563641],[62.271055,56.419793],[62.267765,56.339687],[62.07111,56.297018],[62.061058,56.130821]]]},"properties":{"name":"Курганская область","cartodb_id":1,"created_at":"2013-12-04T04:23:51+0100","updated_at":"2013-12-04T04:30:50+0100","name_latin":"Kurgan Oblast"}},
{"type":"Feature","geometry":{"type":"Polygon","coordinates":[[[34.385548,51.843075],[34.435815,51.732626],[34.080765,51.6657],[34.308407,51.5192],[34.222388,51.428758],[34.338989,51.357325],[34.231285,51.265143],[34.661654,51.247478],[34.716867,51.17188],[35.150481,51.223433],[35.148198,51.082447],[35.375306,51.066957],[35.409673,51.026222],[35.350987,50.975007],[35.570907,50.901557],[35.734212,50.975939],[35.83418,50.940257],[36.006041,51.052517],[35.922334,51.130149],[36.011712,51.158189],[36.430242,51.117688],[36.486282,51.062953],[36.531642,51.133797],[36.587022,51.066319],[37.139551,51.230766],[37.145238,51.355232],[37.300755,51.331542],[37.383742,51.384521],[37.703198,51.35774],[38.005829,51.423132],[38.288584,51.296352],[38.356969,51.30172],[38.376395,51.387401],[38.293467,51.394089],[38.297481,51.521305],[38.135846,51.640672],[38.518174,51.747509],[38.399056,51.782003],[38.429118,51.94475],[38.292611,51.96594],[37.922719,51.891558],[37.738268,52.01703],[37.710247,51.970256],[37.507934,52.016485],[37.424947,51.934378],[37.177713,52.041696],[37.207258,52.082804],[36.524042,52.21992],[36.322661,52.381902],[35.667909,52.248233],[35.606443,52.437365],[35.066082,52.321985],[34.924193,52.369988],[34.960167,52.342959],[34.869013,52.202119],[34.683128,52.196703],[34.742774,52.087892],[34.527333,52.068489],[34.340515,51.945419],[34.452758,51.921475],[34.385548,51.843075]]]},"properties":{"name":"Курская область","cartodb_id":5,"created_at":"2013-12-04T04:23:51+0100","updated_at":"2013-12-04T04:31:30+0100","name_latin":"Kursk Oblast"}},
{"type":"Feature","geometry":{"type":"Polygon","coordinates":[[[115.729827,56.962428],[115.587648,56.879848],[115.586226,56.714107],[115.415513,56.620234],[115.67836,56.572132],[115.69336,56.486321],[115.795792,56.441252],[115.676227,56.409143],[115.67019,56.303672],[115.832181,56.148693],[115.753803,56.124861],[115.779897,55.986148],[115.904963,55.926943],[115.83697,55.856333],[115.828624,55.676457],[115.908067,55.650583],[115.873891,55.507943],[115.961588,55.444722],[115.902383,55.409705],[116.106803,55.343843],[116.377619,55.379369],[116.472506,55.316436],[116.472505,55.229117],[116.836253,55.031198],[116.913562,54.793782],[116.848854,54.76924],[116.867049,54.699362],[116.74571,54.662903],[116.780771,54.607405],[116.720588,54.529272],[116.515102,54.515471],[116.516078,54.45995],[116.17372,54.510857],[115.596138,54.410469],[115.161819,54.189431],[114.973639,53.993024],[114.577046,53.915647],[114.51207,53.814304],[114.003458,53.727496],[113.967153,53.643506],[113.799125,53.615391],[113.882472,53.516155],[113.826728,53.41774],[113.937326,53.358602],[113.948776,53.249935],[114.205566,53.17746],[114.143608,53.075783],[114.368291,53.05173],[114.235388,52.897394],[114.260773,52.816221],[114.077388,52.66222],[113.815093,52.614289],[113.590877,52.448327],[113.152477,52.452545],[112.922137,52.329699],[112.546581,52.346365],[112.511075,52.249215],[112.381304,52.202993],[112.177772,52.302828],[112.069747,52.282547],[111.71496,51.975609],[111.014541,51.79132],[111.000971,51.724921],[110.84181,51.675205],[110.846259,51.585337],[110.687543,51.508567],[109.975382,51.616509],[109.619022,51.448509],[109.422078,51.431482],[109.393267,51.353722],[109.225135,51.365903],[109.063616,51.517914],[108.920459,51.431544],[108.628189,51.492491],[108.618639,51.408569],[108.503069,51.40557],[108.375583,51.25607],[108.557588,51.17786],[108.561342,51.120566],[108.341118,51.062878],[108.264092,50.822873],[108.060542,50.774557],[108.181822,50.649003],[108.690608,50.511016],[108.339359,50.393902],[108.206819,50.411713],[108.110622,50.305489],[107.967331,50.321736],[107.941416,50.241707],[107.734021,50.153214],[107.795316,50.031947],[107.759212,49.971554],[107.9745,49.937],[107.9192,49.8754],[107.9816,49.8028],[107.9471,49.6706],[108.3038,49.5319],[108.5175,49.3227],[109.2057,49.3498],[109.5591,49.2208],[110.1998,49.1542],[110.3796,49.247],[110.8193,49.182],[111.3748,49.3577],[111.5148,49.323],[112.4865,49.5241],[112.8066,49.5151],[113.0439,49.6082],[113.2235,49.8441],[114.3388,50.2827],[114.9647,50.1821],[115.2239,49.9884],[115.5067,49.9071],[115.74634,49.885772],[116.2355,50.0356],[116.6216,49.9311],[117.0614,49.6856],[117.881244,49.513743],[118.6379,49.9159],[119.0458,49.9789],[119.3187,50.1174],[119.350619,50.357736],[119.118282,50.389549],[119.243241,50.449992],[119.27401,50.603488],[119.4689,50.7221],[119.5109,50.8993],[119.755986,51.08965],[119.752768,51.212413],[119.934343,51.354485],[119.902604,51.38909],[119.964514,51.400188],[120.084144,51.680141],[120.697266,51.981018],[120.780369,52.158288],[120.61808,52.360852],[120.728013,52.540295],[120.459668,52.643815],[120.078688,52.583142],[120.024703,52.772744],[120.280769,52.860507],[120.883507,53.291835],[121.212206,53.278126],[122.112072,53.431152],[121.948005,53.616322],[121.946601,53.826274],[121.626528,54.096369],[121.779499,54.175246],[121.655447,54.358832],[121.702016,54.413143],[121.814429,54.447627],[121.940807,54.37859],[122.14582,54.458755],[121.929866,54.569081],[121.912039,54.802854],[121.682467,54.727801],[121.640328,54.764774],[121.959649,55.000532],[121.913876,55.119523],[122.03258,55.196149],[121.943818,55.232939],[121.991114,55.507256],[121.899496,55.619519],[121.780001,55.632219],[121.562323,55.511638],[121.342017,55.522041],[121.3371,55.821683],[121.246779,55.88011],[121.193811,56.041188],[120.88448,56.029839],[120.404212,55.873615],[120.250885,55.93599],[120.120565,55.865797],[120.12743,56.024235],[120.039768,56.157008],[120.535543,56.287492],[120.235379,56.403327],[120.254354,56.47728],[119.949473,56.492727],[119.796982,56.596617],[119.88538,56.67795],[119.655777,56.776279],[119.85614,56.896079],[119.572568,57.076454],[119.691375,57.177932],[119.400462,57.432688],[119.502115,57.599544],[119.33814,57.619588],[119.222136,57.505674],[119.142199,57.557559],[119.166955,57.718408],[119.043871,57.747557],[119.184517,58.044775],[119.116842,58.238128],[118.680026,58.178824],[118.474681,58.229584],[118.254371,58.397679],[118.072476,58.367609],[117.830854,58.436308],[117.472249,58.326015],[117.594369,58.184642],[117.411274,58.14371],[117.382514,57.94124],[117.431708,57.929893],[117.076521,57.826745],[117.181607,57.769668],[117.139095,57.648416],[117.335114,57.634848],[117.342754,57.560347],[117.254805,57.537425],[117.33896,57.467123],[117.344629,57.364109],[117.444402,57.36735],[117.449871,57.259616],[117.587371,57.354518],[117.779141,57.318355],[117.720991,57.209258],[117.576207,57.165135],[117.680006,57.043754],[117.547597,56.954465],[117.560692,56.865304],[117.402941,56.845418],[117.320665,56.965178],[117.109925,56.818977],[116.742915,56.738758],[116.316016,56.87033],[116.080663,56.826272],[115.729827,56.962428]]]},"properties":{"name":"Забайкальский край","cartodb_id":9,"created_at":"2013-12-04T04:23:51+0100","updated_at":"2013-12-04T04:32:01+0100","name_latin":"Zabaykalsky Krai"}},
{"type":"Feature","geometry":{"type":"Polygon","coordinates":[[[87.1327,52.617593],[86.809315,52.648361],[86.796288,52.515051],[86.627469,52.527269],[86.679427,52.43683],[86.62298,52.406021],[86.693579,52.294799],[86.781098,52.294582],[86.72418,52.199242],[86.801044,52.158722],[86.464294,52.125406],[86.395733,52.033191],[86.227959,52.011468],[86.143888,52.084258],[85.918843,52.105662],[85.800245,52.053135],[85.889903,52.026922],[85.81753,51.971154],[85.853561,51.891053],[85.721399,51.841342],[85.776959,51.819516],[85.676337,51.717379],[85.474099,51.696491],[85.444258,51.563389],[85.193015,51.485428],[84.995946,51.514356],[84.414168,51.2717],[84.256471,51.282613],[84.120656,51.071237],[84.096635,51.143349],[83.932803,51.136925],[83.941707,51.069879],[84.490696,50.948059],[84.438297,50.859238],[84.589258,50.821747],[84.473729,50.687078],[84.073109,50.634915],[84.2433,50.5207],[84.2509,50.2924],[84.3275,50.226],[84.6212,50.2126],[85.0298,50.0556],[84.9885,49.9101],[85.1949,49.7508],[85.2617,49.5935],[85.593,49.6196],[86.1988,49.4689],[86.2716,49.5827],[86.5788,49.7254],[86.5961,49.8066],[86.7657,49.7943],[86.7772,49.7008],[86.6169,49.6321],[86.6188,49.5745],[86.8223,49.5454],[87.0404,49.2478],[87.3096,49.235],[87.2826,49.1117],[87.4193,49.07],[87.4938,49.1372],[87.9854,49.1816],[88.1606,49.2834],[88.1216,49.3819],[88.2217,49.4769],[88.5909,49.5012],[88.8429,49.4416],[88.8982,49.556],[89.0136,49.4696],[89.2009,49.5228],[89.1976,49.6334],[89.3431,49.5828],[89.7192,49.7283],[89.5915,49.9111],[89.62479,49.970855],[89.524695,50.03935],[89.585893,50.082043],[89.511507,50.119309],[89.525583,50.183729],[89.308428,50.207937],[89.381479,50.338889],[89.496835,50.363912],[89.50291,50.459801],[89.655163,50.369729],[89.8189,50.411201],[89.848757,50.526519],[89.644048,50.581307],[89.398663,50.850525],[89.055555,51.046395],[89.049849,51.159806],[88.960719,51.2283],[89.008876,51.394259],[88.791531,51.553761],[88.658053,51.52805],[88.702876,51.393362],[88.445489,51.285126],[88.156395,51.348495],[88.141106,51.428543],[87.941398,51.478926],[87.900397,51.551547],[88.110094,51.740266],[87.884761,51.780985],[87.97684,51.952266],[88.151791,52.095988],[88.25247,52.0458],[88.375832,52.177457],[88.463944,52.341503],[88.410897,52.445342],[88.228794,52.400701],[87.891813,52.538161],[87.653327,52.422416],[87.371324,52.499792],[87.374339,52.572503],[87.1327,52.617593]]]},"properties":{"name":"Алтай","cartodb_id":77,"created_at":"2013-12-04T04:23:51+0100","updated_at":"2013-12-04T04:32:52+0100","name_latin":"Altai Republic"}},
{"type":"Feature","geometry":{"type":"MultiPolygon","coordinates":[[[[38.665982,54.256714],[38.781663,54.156209],[38.684832,54.098183],[38.748425,54.050772],[38.721745,53.992699],[38.777785,54.033004],[38.779377,53.968812],[38.887845,53.919273],[38.794824,53.909446],[38.855252,53.847962],[38.793945,53.829663],[38.944571,53.743881],[38.873412,53.636502],[38.937824,53.574779],[39.054738,53.578467],[39.189494,53.392562],[39.32723,53.390583],[39.53677,53.418147],[39.54827,53.524812],[39.753604,53.585429],[39.932111,53.513974],[39.923704,53.435357],[40.127373,53.392541],[40.169999,53.312082],[40.300297,53.381491],[40.381569,53.350524],[40.421771,53.496213],[40.471904,53.444714],[40.700873,53.555919],[40.833516,53.461358],[40.956619,53.500541],[41.144602,53.417168],[41.353684,53.525571],[41.405822,53.78474],[42.144531,53.802341],[42.35023,53.853669],[42.444625,53.995998],[42.283234,54.104851],[42.451234,54.122406],[42.49808,54.070025],[42.572044,54.083319],[42.520645,54.132308],[42.579333,54.165228],[42.689115,54.129681],[42.433386,54.25705],[42.288121,54.153619],[42.163367,54.258106],[42.299961,54.226212],[42.628586,54.375868],[42.530773,54.440734],[42.688461,54.580993],[42.602024,54.699853],[42.412899,54.707919],[42.3891,54.830207],[42.442662,54.825224],[42.485478,55.009005],[42.060815,54.978184],[41.999029,54.9962],[41.997626,55.099703],[41.85803,55.058076],[41.795935,55.103672],[41.443436,55.145457],[41.294505,55.233472],[41.090419,55.175732],[41.002091,55.271881],[40.600251,55.200483],[40.527195,55.302347],[40.567896,55.356139],[40.358068,55.289607],[40.363867,55.349775],[40.190923,55.365007],[40.154644,55.264389],[39.715144,55.130186],[39.862565,55.111142],[39.804256,55.005216],[39.517518,54.983877],[39.321955,54.75371],[39.370879,54.747372],[39.232055,54.718611],[39.226063,54.635703],[38.849023,54.62562],[38.779489,54.47923],[38.940648,54.407989],[38.712983,54.348532],[38.665982,54.256714]]],[[[42.433575,54.793561],[42.509725,54.750742],[42.444321,54.798354],[42.433575,54.793561]]]]},"properties":{"name":"Рязанская область","cartodb_id":74,"created_at":"2013-12-04T04:23:51+0100","updated_at":"2013-12-04T04:33:22+0100","name_latin":"Ryazan Oblast"}},
{"type":"Feature","geometry":{"type":"MultiPolygon","coordinates":[[[[66.4817,68.94856],[66.54696,68.92138],[66.21873,69.06471],[65.97304,69.08767],[66.4817,68.94856]]],[[[67.32353,69.48098],[67.38131,69.52678],[67.33205,69.5823],[67.03032,69.47152],[67.22153,69.43229],[67.32353,69.48098]]],[[[66.796875,70.41961],[66.69925,70.44305],[66.89912,70.38488],[66.796875,70.41961]]],[[[75.60835,73.4604],[75.91677,73.43736],[75.79217,73.51992],[75.60835,73.4604]]],[[[70.104362,73.004628],[70.023372,73.053478],[70.44906,73.01522],[71.67921,73.15562],[71.42545,73.32109],[71.26748,73.24057],[71.00953,73.25473],[71.36749,73.31397],[71.30616,73.38739],[71.09586,73.33031],[71.10349,73.42519],[71.26194,73.41114],[71.15511,73.43681],[70.34373,73.44231],[70.01199,73.37902],[70.04653,73.25032],[69.937942,73.052858],[70.104362,73.004628]]],[[[62.000444,65.717736],[62.265281,65.632344],[62.31297,65.535157],[62.425405,65.503702],[62.366543,65.43211],[62.454152,65.339291],[62.872114,65.290589],[62.823741,65.054607],[62.695222,64.872818],[62.807012,64.840715],[62.811534,64.736448],[62.589629,64.640373],[62.557643,64.558547],[62.913436,64.467695],[63.247328,64.520418],[63.477518,64.456145],[63.516973,64.363156],[63.410065,64.333669],[63.61126,64.270514],[64.482332,64.371083],[64.603817,64.442677],[65.178586,64.468122],[65.376371,64.555241],[66.197823,64.59119],[66.970269,64.508071],[66.977605,64.423956],[66.847343,64.340373],[66.837673,64.212394],[67.199669,64.159666],[67.173003,64.121351],[67.284903,64.073888],[67.677623,64.076902],[67.783301,64.019195],[68.448825,64.287694],[68.914756,64.225913],[69.043761,64.329374],[68.858472,64.438539],[69.252204,64.480255],[69.396756,64.386862],[70.293517,64.343852],[70.451002,64.2487],[70.770934,64.191113],[70.766496,64.112367],[70.558903,64.015282],[70.922692,63.702792],[71.455856,63.683308],[71.563007,63.571948],[71.536975,63.472687],[71.645484,63.192752],[72.128306,63.296786],[72.66308,63.281521],[73.054297,63.426791],[73.498183,63.187955],[74.253194,63.173027],[74.524322,63.036364],[75.778408,63.117148],[76.34005,62.951344],[76.666942,63.03481],[77.025323,62.97192],[77.136819,62.811422],[78.092906,62.464098],[78.739462,62.602213],[79.84344,62.608557],[79.908321,62.785033],[80.550595,62.989025],[80.680919,63.115941],[80.921948,63.156636],[81.037018,63.147459],[81.09632,63.011204],[81.319859,62.909914],[81.291249,62.858547],[81.741175,62.705005],[82.159325,62.813008],[82.761864,62.749446],[82.758996,62.659955],[83.324248,62.458029],[83.814028,62.569876],[84.029004,62.400176],[84.23908,62.381468],[84.298348,62.269345],[84.440859,62.195657],[84.935707,62.482305],[84.89644,62.550588],[84.940968,62.587774],[85.090824,62.627616],[85.064501,62.667328],[85.214249,62.798508],[85.523438,62.904483],[85.502784,62.971997],[85.619849,63.034473],[85.502517,63.177791],[85.688428,63.372495],[85.463305,63.351474],[85.374222,63.393427],[85.417437,63.437233],[85.353103,63.491005],[85.023957,63.580608],[85.145257,63.562733],[85.302541,63.647649],[85.378336,63.766248],[85.329072,63.796407],[85.506213,63.928271],[85.967046,64.048501],[85.933575,64.132014],[86.007285,64.272084],[85.921623,64.431646],[85.804287,64.496899],[85.907316,64.574106],[85.819372,64.679925],[85.833713,64.784334],[85.527884,64.85222],[85.133283,64.763997],[85.133607,64.826115],[84.946845,64.834707],[85.032215,64.910079],[84.921258,64.954149],[84.27232,64.935291],[84.393556,65.054653],[84.288352,65.104061],[84.554657,65.269471],[84.509418,65.477438],[84.175125,65.584504],[84.282737,65.617595],[84.29285,65.687125],[83.999658,65.787181],[83.563395,65.761979],[83.473505,65.814529],[83.551045,65.902985],[83.269447,66.049229],[83.539154,66.187446],[83.076214,66.462893],[83.09052,66.594674],[83.32771,66.658633],[83.144944,66.830278],[82.117143,67.233997],[82.361536,67.31718],[82.231825,67.409169],[82.397382,67.521762],[82.113949,67.596324],[82.027625,67.644631],[82.098844,67.719674],[81.724489,67.892795],[81.767561,67.947541],[82.362037,67.939894],[82.337415,68.113932],[82.552208,68.167067],[82.557966,68.26484],[82.686904,68.333877],[82.714025,68.405172],[82.625036,68.582547],[82.872731,68.674322],[82.800677,68.759195],[82.566188,68.81906],[82.493701,68.971615],[82.315583,69.053849],[82.460954,69.077317],[82.468054,69.14523],[81.844422,69.195059],[81.805257,69.253679],[81.961172,69.352549],[81.708273,69.455059],[81.61129,69.332608],[81.67646,69.31661],[81.585507,69.269522],[80.949757,69.200576],[80.702343,69.318664],[79.843914,69.358653],[79.61801,69.459564],[79.55472,69.593397],[79.448908,69.610453],[79.510766,69.629141],[79.469401,69.65567],[79.044522,69.704091],[79.166983,69.737767],[78.880529,69.8801],[79.158702,69.951187],[79.197571,69.976687],[79.116594,69.997191],[79.242506,70.020846],[79.220603,70.060161],[79.369504,70.045558],[79.348985,70.152833],[79.552797,70.118067],[79.666234,70.232815],[79.785765,70.233662],[79.755067,70.27571],[79.919093,70.268871],[80.222912,70.435726],[80.61768,70.453917],[80.685447,70.411911],[80.644504,70.398094],[80.824533,70.38139],[80.793724,70.411725],[80.889185,70.437963],[80.646883,70.482826],[80.82179,70.631349],[80.647689,70.691794],[80.715196,70.809468],[80.638733,70.833051],[80.583982,71.043189],[79.996963,71.116462],[79.220234,71.307417],[79.12869,71.387636],[79.362777,71.505488],[79.312296,71.586591],[79.980134,71.609985],[80.174307,71.681381],[80.072496,71.750427],[80.148266,71.757419],[80.074416,71.823327],[80.379051,71.878692],[79.720558,72.050556],[79.070631,72.059099],[78.625833,72.17134],[78.552386,72.200763],[78.653866,72.223482],[78.613903,72.287387],[78.424233,72.334442],[78.499157,72.366584],[78.03416,72.34524],[77.66487,72.18662],[77.46313,72.20765],[77.52173,72.17441],[77.39654,72.09691],[77.54147,72.05373],[77.97689,72.10086],[78.24013,71.9669],[77.99667,71.84563],[77.55956,71.82631],[76.89165,72.05277],[75.99798,71.89473],[76.07875,71.87593],[76.30443,71.56334],[77.38806,71.30133],[77.71492,71.26472],[77.9255,71.33735],[77.93492,71.2325],[78.26667,71.24912],[78.31165,71.22854],[78.26763,71.07803],[78.5108,71.02799],[78.42309,70.93831],[78.473062,70.892432],[77.93584,70.96901],[77.79423,71.12652],[76.07298,71.19895],[75.29854,71.33185],[75.21718,71.41517],[75.41054,71.44208],[75.50121,71.53582],[75.41697,71.57566],[75.47658,71.65172],[75.21927,71.7717],[75.24112,71.93017],[75.37314,71.94487],[75.56034,72.21963],[75.7305,72.20795],[75.49063,72.49344],[75.63558,72.54286],[75.30726,72.68961],[75.47385,72.73259],[75.00077,72.86993],[74.74302,72.80711],[74.92317,72.69873],[75.07302,72.44015],[75.07337,72.26021],[74.97109,72.14938],[74.58164,72.00982],[73.49756,71.79353],[73.47529,71.63268],[73.00405,71.39837],[73.57614,71.20427],[73.74301,71.02639],[73.8919,70.96795],[73.92004,70.83983],[74.28876,70.62397],[74.25565,70.45289],[73.67825,70.11258],[73.7848,70.06722],[73.75142,69.96408],[73.53464,69.74175],[73.89566,69.4217],[73.77206,69.18158],[73.873,69.07738],[74.29082,69.13087],[74.88925,69.07979],[75.55398,69.25285],[76.01662,69.24004],[77.61898,68.89882],[77.6884,68.86923],[77.74881,68.66056],[77.69701,68.63063],[77.77328,68.52488],[77.95268,68.49702],[77.86885,68.45018],[78.164,68.24693],[77.73817,68.20982],[77.52489,68.1173],[77.47646,67.97421],[77.60449,67.93109],[77.46632,67.88415],[77.46639,67.75616],[77.95895,67.70799],[77.81791,67.65962],[78.14722,67.66712],[78.2315,67.71694],[78.18134,67.75293],[78.32413,67.81494],[78.40601,67.76637],[78.34972,67.74449],[78.64425,67.6605],[78.61493,67.58487],[78.71096,67.64509],[78.84053,67.62422],[78.7913,67.58353],[77.96836,67.53058],[77.07518,67.77231],[77.30184,67.88897],[77.18079,67.98886],[77.20643,68.10518],[77.33699,68.2264],[77.12627,68.27564],[77.29157,68.3662],[77.22637,68.45792],[77.33124,68.47484],[76.66462,68.7399],[76.62033,68.77667],[76.69997,68.84735],[76.60538,68.95943],[76.20645,68.97584],[74.49683,68.71224],[74.44446,68.65828],[74.47055,68.50305],[74.31523,68.36035],[74.58031,68.24459],[74.79182,68.02887],[74.75314,67.69773],[74.13708,67.44327],[73.92174,67.2898],[73.9516,67.18404],[73.876,66.99978],[72.91481,66.64354],[72.47168,66.58893],[72.30574,66.48578],[72.40248,66.35162],[72.06941,66.218772],[71.4785,66.33326],[70.39359,66.3277],[69.90376,66.39971],[69.18931,66.5794],[69.1275,66.615],[69.18305,66.73281],[69.11179,66.77084],[68.78687,66.75425],[68.18639,66.4975],[67.95712,66.51225],[68.29324,66.54673],[68.61759,66.69564],[68.372841,66.692373],[68.4338,66.74302],[69.06302,66.81497],[69.52568,66.80606],[69.15853,66.78832],[69.33888,66.70877],[69.28502,66.6874],[69.33138,66.63183],[69.40827,66.62782],[69.35639,66.66911],[69.4992,66.73136],[69.62191,66.61075],[69.57687,66.59686],[69.86031,66.47207],[70.14733,66.52188],[70.02866,66.61347],[70.16221,66.66215],[69.88541,66.71061],[70.07932,66.71286],[70.02794,66.73597],[69.64346,66.74694],[69.90893,66.80547],[69.89251,66.85338],[70.19274,66.69337],[70.42992,66.67516],[70.26817,66.57822],[70.67708,66.4951],[71.23422,66.60709],[71.3851,66.58312],[71.27209,66.63417],[71.59052,66.64127],[71.64365,66.72226],[71.48719,66.82201],[71.55434,66.86521],[71.31886,66.94046],[71.7461,66.90447],[72.02571,67.03642],[71.97308,67.12032],[72.20784,67.14022],[72.18845,67.24758],[72.04297,67.29417],[72.38918,67.31142],[72.41187,67.46363],[72.55073,67.51772],[72.52068,67.58109],[73.10571,67.70742],[73.054628,67.794653],[73.173563,67.83498],[73.19077,67.93242],[73.0331,68.07337],[73.07717,68.20623],[73.50509,68.46454],[73.59077,68.42288],[73.54789,68.53858],[72.75731,68.81696],[72.52101,69.00043],[72.48788,69.19409],[72.60949,69.30651],[72.48401,69.39687],[72.56657,69.39072],[72.63573,69.50127],[72.50081,69.63635],[72.67425,69.78075],[72.48399,70.01086],[72.58836,70.13241],[72.40858,70.24008],[72.73886,70.39657],[72.68553,70.62649],[72.80283,70.84321],[72.58242,70.9848],[72.67459,71.04558],[72.53754,71.14587],[72.11407,71.2542],[71.81935,71.47881],[72.3189,71.70306],[72.32668,71.85159],[72.45069,71.88088],[72.59109,72.07487],[72.70218,72.11298],[72.71107,72.20495],[72.83379,72.25353],[72.77608,72.4438],[72.81974,72.49595],[72.69291,72.59099],[72.96289,72.57072],[72.9079,72.61046],[72.96412,72.65953],[72.095305,72.81823],[71.99207,72.78044],[71.93402,72.80534],[72.02077,72.81966],[71.62484,72.88936],[69.67349,72.85254],[69.58203,72.88935],[69.88037,72.90232],[69.39927,72.94369],[68.98727,72.65819],[68.5313,71.84717],[68.30521,71.65535],[68.02516,71.49927],[66.93259,71.26989],[66.45661,70.83264],[66.64293,70.9287],[66.61406,70.96388],[66.80488,70.99154],[66.75605,71.04491],[66.81568,71.08883],[66.92797,71.07439],[66.64391,70.86785],[66.7244,70.80494],[66.69215,70.74777],[67.21847,70.83249],[67.39104,70.75726],[67.23196,70.5224],[67.33358,70.44181],[67.12798,70.21687],[67.29138,70.17606],[67.37115,70.02878],[67.03936,69.94605],[66.95383,69.99022],[67.00799,70.04862],[66.84777,69.8964],[66.827,69.56909],[66.85036,69.52974],[66.89263,69.48986],[66.92749,69.46509],[66.93068,69.4471],[66.99978,69.39267],[67.16718,69.36179],[67.19052,69.41624],[66.93406,69.45737],[66.859167,69.52602],[66.97484,69.50362],[66.87523,69.61034],[67.02601,69.63716],[66.97211,69.67107],[67.02748,69.69255],[67.98598,69.47216],[68.10277,69.53568],[68.14301,69.46112],[68.03543,69.344],[68.07435,69.26369],[68.49101,68.96611],[68.77129,68.90308],[69.16805,68.92538],[68.97281,68.88176],[69.13578,68.81474],[68.54614,68.25669],[68.29716,68.17019],[68.17418,68.22842],[68.26366,68.31537],[68.20076,68.37426],[67.78761,68.45435],[67.71819,68.48886],[67.84624,68.47061],[67.04373,68.79534],[67.14946,68.81494],[65.80028,69.04948],[65.7163,69.09459],[65.95818,69.06579],[65.083685,69.260027],[64.896678,69.177919],[64.829245,69.155683],[64.760528,69.126732],[64.735405,69.120174],[64.538948,69.028795],[64.518135,68.978933],[64.624637,68.932736],[64.557261,68.867615],[64.784693,68.892985],[65.396731,68.793298],[65.35088,68.729614],[65.448928,68.73369],[65.436069,68.646778],[65.670532,68.563628],[65.472578,68.417891],[65.274676,68.234566],[65.357862,67.950353],[66.07661,67.938814],[66.133509,67.914682],[66.021731,67.809888],[66.25068,67.733047],[66.161257,67.649424],[65.78579,67.642054],[65.822687,67.538601],[66.048175,67.580506],[66.093311,67.495058],[66.010179,67.409108],[65.698554,67.380796],[65.746773,67.333938],[65.18091,67.142545],[65.244684,67.09368],[65.081882,67.039277],[65.139159,66.907727],[63.418482,66.466617],[63.232851,66.332681],[63.278412,66.219457],[63.107787,66.247136],[62.792307,66.000908],[62.904052,65.965107],[62.775354,65.902371],[62.84062,65.878156],[62.799675,65.857698],[62.496709,65.847722],[62.000444,65.717736]]],[[[66.5976,70.49582],[66.43731,70.65591],[66.45661,70.80527],[66.41831,70.70474],[66.4498,70.59393],[66.5976,70.49582]]],[[[77.06936,72.27966],[77.80325,72.28727],[78.35449,72.47534],[78.13099,72.56534],[77.61406,72.60076],[76.86583,72.3043],[77.06936,72.27966]]],[[[74.69984,72.86014],[74.63134,72.93978],[74.75862,73.0745],[74.29543,73.10032],[74.10929,72.99635],[74.69984,72.86014]]]]},"properties":{"name":"Ямало-Ненецкий автономный округ","cartodb_id":70,"created_at":"2013-12-04T04:23:51+0100","updated_at":"2013-12-04T04:33:40+0100","name_latin":"Yamalo-Nenets Autonomous Okrug"}},
{"type":"Feature","geometry":{"type":"MultiPolygon","coordinates":[[[[104.93099,72.70276],[105.037975,72.734836],[104.82525,72.71381],[104.93099,72.70276]]],[[[78.75,72.774583],[79.39628,72.70164],[79.57405,72.75051],[79.50371,72.7983],[79.51031,72.93047],[79.16983,73.08336],[78.60849,72.81655],[78.75,72.774583]]],[[[111.32291,73.852293],[111.228047,73.987866],[111.600834,74.013483],[111.219122,74.036649],[110.983756,73.900865],[110.459952,74.005632],[109.971207,73.997718],[109.838412,73.868778],[109.543379,73.801216],[109.766784,73.652091],[110.296092,73.679747],[110.676628,73.793143],[110.883231,73.762895],[111.32291,73.852293]]],[[[84.64319,73.860038],[84.60067,73.847294],[84.726896,73.85813],[84.64319,73.860038]]],[[[87.12603,73.77208],[87.17605,73.76833],[86.8633,73.64914],[87.13929,73.62897],[87.35828,73.79711],[87.12603,73.77208]]],[[[86.77373,73.97988],[86.56301,73.95709],[86.96934,73.93386],[86.77373,73.97988]]],[[[82.685383,74.051261],[82.828008,74.088124],[82.636707,74.145523],[82.437225,74.104593],[82.685383,74.051261]]],[[[86.70227,74.10569],[86.5799,74.12285],[86.78042,74.09374],[86.70227,74.10569]]],[[[82.944706,74.075805],[83.630051,74.086647],[83.275467,74.135812],[82.944706,74.075805]]],[[[85.12107,74.31748],[85.05318,74.2998],[85.29475,74.30493],[85.12107,74.31748]]],[[[85.21963,74.3503],[85.15574,74.34537],[85.26692,74.34619],[85.21963,74.3503]]],[[[85.54331,74.129575],[85.764,74.17662],[85.287269,74.195229],[85.60467,74.151205],[85.44183,74.14194],[85.54331,74.129575]]],[[[85.493311,74.408639],[85.60858,74.42255],[85.19404,74.41927],[85.493311,74.408639]]],[[[79.523659,74.53125],[79.62013,74.57455],[79.34052,74.642529],[79.21356,74.57371],[79.523659,74.53125]]],[[[84.88329,74.53125],[85.13238,74.57111],[84.81082,74.53577],[84.88329,74.53125]]],[[[84.76374,74.41231],[84.83244,74.411],[84.583657,74.46375],[84.98284,74.4987],[84.44603,74.45727],[84.76374,74.41231]]],[[[85.46531,74.57814],[85.15741,74.52187],[85.36437,74.44978],[85.66706,74.53762],[85.46531,74.57814]]],[[[86.17806,74.61064],[85.79703,74.57662],[85.66429,74.4826],[86.055209,74.492872],[85.973786,74.530946],[86.18057,74.48625],[86.26295,74.5238],[86.04297,74.58375],[86.18095,74.60622],[86.17806,74.61064]]],[[[85.55422,74.71772],[85.70808,74.72378],[85.51265,74.80078],[85.09594,74.75315],[85.55422,74.71772]]],[[[81.728491,75.198004],[82.155854,75.066462],[82.145002,75.122069],[81.728491,75.198004]]],[[[86.67098,74.74552],[86.62918,74.77953],[86.81063,74.79853],[86.58292,74.82608],[86.969817,74.813731],[86.810694,74.850463],[87.180443,74.94633],[86.51778,74.97592],[86.65955,74.90446],[86.22488,74.88667],[86.54585,74.84841],[86.45633,74.79198],[86.67098,74.74552]]],[[[92.8125,75.824932],[92.99232,75.8409],[92.65357,75.82149],[92.8125,75.824932]]],[[[93.35953,75.85417],[93.41481,75.86915],[93.31292,75.84861],[93.35953,75.85417]]],[[[92.64254,75.97256],[92.69143,76.00136],[92.57598,75.99684],[92.64254,75.97256]]],[[[95.19244,76.15374],[95.2653,76.16202],[95.16591,76.21045],[95.01208,76.16524],[95.19244,76.15374]]],[[[94.921875,76.185734],[94.87669,76.23965],[95.08796,76.27731],[94.44959,76.19525],[94.921875,76.185734]]],[[[111.796267,76.604439],[111.893026,76.621357],[111.741622,76.625047],[111.796267,76.604439]]],[[[96.68162,76.30817],[96.77197,76.32857],[96.36065,76.33254],[96.68162,76.30817]]],[[[97.06059,76.23444],[96.98534,76.261],[97.12445,76.29431],[97.08113,76.32344],[96.85599,76.35057],[96.93501,76.31376],[96.68055,76.17922],[97.06059,76.23444]]],[[[113.39915,76.370897],[113.257407,76.43085],[113.161592,76.374722],[113.4819,76.352786],[113.39915,76.370897]]],[[[93.724742,78.185655],[93.65034,78.17376],[93.817241,78.146334],[93.724742,78.185655]]],[[[106.592142,78.320931],[106.152689,78.20206],[106.820658,78.270085],[106.592142,78.320931]]],[[[103.368826,79.214236],[103.279509,79.200631],[103.435964,79.166774],[103.368826,79.214236]]],[[[77.34375,79.524259],[76.131517,79.625867],[76.31685,79.526612],[76.646342,79.523694],[76.79104,79.46052],[77.62034,79.486856],[77.34375,79.524259]]],[[[91.40625,79.501909],[90.644442,79.547921],[91.450739,79.493562],[91.40625,79.501909]]],[[[100.218736,79.698789],[100.077837,79.706403],[99.999018,79.602818],[100.393853,79.664609],[100.218736,79.698789]]],[[[91.64844,79.429867],[91.847842,79.417669],[91.473047,79.479616],[91.64844,79.429867]]],[[[92.8125,79.044598],[92.301873,79.097995],[92.861184,79.031077],[92.8125,79.044598]]],[[[92.8125,79.422849],[92.738717,79.411262],[93.087443,79.403655],[92.8125,79.422849]]],[[[100.088968,79.433007],[100.007884,79.391792],[100.162142,79.43449],[100.088968,79.433007]]],[[[92.524801,79.435054],[92.800935,79.434207],[92.514437,79.441997],[92.161738,79.41027],[91.872796,79.416019],[92.371576,79.377807],[92.381716,79.404449],[92.567841,79.429685],[92.524801,79.435054]]],[[[78.75,80.817655],[79.95324,80.881639],[79.250635,80.957126],[78.880137,80.932095],[78.619036,80.836887],[78.75,80.817655]]],[[[91.40625,81.181571],[90.25174,81.172871],[90.091143,81.095185],[91.09652,81.019483],[91.735941,81.102593],[91.40625,81.181571]]],[[[91.40625,79.689206],[91.775942,79.637821],[93.145076,79.700761],[93.910523,79.909187],[93.020838,80.015349],[91.014077,80.049324],[91.374269,79.991754],[91.259768,79.952152],[91.45604,79.908829],[91.235041,79.861481],[91.302743,79.827125],[92.198908,79.804928],[92.418047,79.737857],[91.291491,79.718419],[91.40625,79.689206]]],[[[94.21875,79.984355],[94.403535,80.016953],[93.992907,79.970399],[94.21875,79.984355]]],[[[99.84375,79.087735],[99.649638,79.104516],[99.78892,79.135253],[99.23491,79.279972],[99.654435,79.219752],[99.839136,79.257791],[99.879381,79.399805],[99.831041,79.431686],[99.936738,79.492058],[99.797907,79.541521],[100.001244,79.688462],[99.902239,79.742747],[100.167337,79.771978],[99.854539,79.911937],[99.621942,79.926855],[99.669138,79.966495],[99.219576,80.009971],[99.311341,80.050194],[98.570535,80.042479],[98.499048,80.02201],[98.604937,79.97421],[98.533442,79.872388],[98.4293,79.868034],[98.530543,79.934759],[98.472635,79.948378],[98.158885,79.900708],[98.287836,79.812718],[97.226328,79.661599],[97.215035,79.581461],[97.171335,79.604887],[97.23034,79.687476],[97.758548,79.772144],[96.511491,79.712103],[97.986842,79.891109],[98.034211,79.930795],[97.92644,80.000034],[98.125436,80.052592],[97.694942,80.146129],[95.518107,80.09176],[95.320643,80.008949],[94.992518,80.089309],[94.786493,80.030603],[94.750636,79.980658],[94.80974,79.961891],[94.39055,79.96723],[94.472994,79.93266],[94.35599,79.904932],[94.750841,79.796908],[94.627519,79.775759],[94.692041,79.770175],[94.116343,79.757861],[93.381037,79.540711],[92.974938,79.558096],[93.396296,79.523808],[93.212602,79.473307],[93.328143,79.441997],[93.959101,79.62712],[93.731935,79.54822],[94.042939,79.502666],[93.809327,79.465407],[93.913142,79.451813],[93.866443,79.423681],[94.439837,79.461825],[94.39174,79.406756],[94.478037,79.2663],[94.391047,79.243989],[94.74174,79.166889],[94.691736,79.107619],[94.891023,79.04045],[95.650942,79.084896],[95.780992,79.035889],[95.750636,78.981575],[96.890534,78.987685],[97.678042,78.795971],[99.57599,78.801736],[100.060937,78.93493],[99.948717,79.01348],[99.983775,79.060867],[99.84375,79.087735]]],[[[96.060838,80.111559],[96.118639,80.126978],[95.985102,80.111084],[96.060838,80.111559]]],[[[92.8125,80.165195],[92.989543,80.127079],[92.324038,80.171326],[92.198542,80.126581],[93.734843,79.992023],[94.588297,80.130385],[97.315135,80.216842],[97.481241,80.278855],[97.275736,80.323301],[97.261796,80.419686],[97.14084,80.480882],[97.240496,80.612349],[96.758142,80.709238],[97.443712,80.599587],[98.033519,80.658239],[97.863208,80.698842],[97.978343,80.729365],[97.822642,80.746086],[97.885575,80.778959],[96.8743,80.890499],[96.738466,80.941505],[96.788835,80.973144],[96.266824,81.122428],[95.907908,81.15027],[96.014017,81.200774],[95.894937,81.246359],[95.190965,81.233029],[95.655642,81.180579],[93.205072,80.927712],[93.304139,80.850199],[92.896037,80.819167],[92.598573,80.717083],[93.39354,80.749492],[92.96563,80.610907],[92.904337,80.475077],[92.000742,80.397245],[92.782189,80.322384],[92.101412,80.339341],[92.186159,80.313709],[91.74505,80.314564],[91.480737,80.244209],[93.008767,80.282278],[93.423989,80.226886],[92.175294,80.240207],[92.8125,80.165195]]],[[[106.982242,78.160455],[106.444521,78.122999],[107.580241,78.073848],[107.544466,78.026026],[107.759714,78.122556],[106.982242,78.160455]]],[[[99.84375,77.941477],[101.267483,78.167052],[102.548483,78.199436],[102.910778,78.133121],[103.05274,78.210519],[104.824541,78.294622],[105.409065,78.490425],[105.453089,78.565562],[105.286109,78.79223],[104.948422,78.853796],[104.789996,78.834652],[104.817954,78.817336],[104.766973,78.774891],[104.657884,78.762826],[104.735178,78.786623],[104.553455,78.846906],[104.763684,78.865341],[104.541943,78.878989],[104.547699,78.941726],[104.449026,78.981505],[104.055905,78.996024],[103.958547,79.065503],[104.030012,79.128134],[103.839811,79.176266],[103.62702,79.102756],[103.646436,79.17021],[103.554464,79.177456],[103.339712,79.072633],[102.954205,79.053346],[102.695959,78.885268],[102.72891,78.843244],[102.388738,78.797809],[102.688811,78.927223],[102.716626,79.064925],[102.864508,79.199632],[103.159375,79.309398],[102.303487,79.413197],[102.206808,79.349517],[102.309935,79.21362],[102.001005,79.234983],[101.883809,79.356304],[101.60671,79.315263],[101.700437,79.232819],[101.360262,79.220473],[101.241731,79.131372],[101.541285,79.11535],[101.070557,79.053481],[101.486265,78.981337],[101.018838,79.008806],[100.820323,78.850418],[101.204407,78.756446],[100.625506,78.785199],[100.363614,78.655682],[100.338997,78.614202],[100.421769,78.575575],[100.049537,78.405608],[100.127724,78.33565],[99.387977,78.013613],[99.560996,77.921285],[99.84375,77.941477]]],[[[110.914279,73.698611],[110.102875,73.557354],[110.166715,73.538235],[109.768412,73.43363],[109.241651,73.553545],[109.209433,73.489539],[109.458742,73.432394],[109.254494,73.47173],[109.230792,73.427143],[109.301519,73.391001],[108.20085,73.25997],[108.407339,73.238002],[108.355484,73.213008],[106.894384,73.1307],[106.34679,73.185984],[106.21819,73.127499],[106.238733,72.94646],[106.5204,72.905456],[106.058745,72.936485],[105.535997,72.745371],[105.153029,72.758032],[105.195763,72.688245],[105.059858,72.717968],[104.757937,72.600252],[104.423956,72.608825],[104.77754,72.74979],[105.483884,72.791747],[105.395096,72.816212],[105.814194,72.879989],[105.864818,72.939443],[105.8113,72.968024],[105.923208,73.007153],[105.906538,73.107132],[106.063255,73.140622],[106.12769,73.271872],[106.796738,73.318534],[106.95234,73.458223],[107.344138,73.605554],[108.225354,73.671003],[109.036055,74.027522],[109.530755,74.077859],[109.876055,74.186951],[109.951561,74.258669],[109.902107,74.325768],[110.403428,74.426057],[110.399987,74.500376],[111.012765,74.53862],[111.44788,74.683592],[111.802342,74.649194],[112.132822,74.868519],[112.839964,74.961734],[113.055328,75.048492],[112.9724,75.057843],[113.579212,75.243639],[113.706642,75.374425],[113.532165,75.390689],[113.756904,75.44402],[113.703468,75.504848],[113.3783,75.519905],[113.256021,75.659949],[112.996705,75.610098],[113.02556,75.550378],[112.796345,75.550093],[112.884765,75.634977],[112.768001,75.678748],[112.886602,75.713215],[112.417516,75.839961],[113.16284,75.70338],[113.100719,75.678061],[113.612863,75.639503],[113.434407,75.535045],[113.726336,75.611057],[113.924253,75.84456],[113.879146,75.926778],[113.72988,75.963716],[113.520496,75.928373],[113.593559,75.951061],[113.478185,76.151409],[113.221435,76.26817],[112.95268,76.236531],[113.202612,76.169046],[112.991921,76.114174],[113.050617,76.085449],[112.764652,76.060988],[112.880492,76.125006],[112.548374,76.215142],[112.728354,76.20273],[112.727034,76.288257],[112.808121,76.320476],[112.625705,76.35885],[112.73057,76.425389],[112.591909,76.459248],[112.735835,76.502989],[112.524223,76.509166],[112.604463,76.538411],[112.404492,76.613852],[112.449321,76.626689],[111.998816,76.602514],[112.066312,76.529663],[112.425972,76.451104],[112.062593,76.355938],[112.002289,76.363815],[112.243485,76.443336],[112.002522,76.549445],[111.563165,76.601601],[111.69708,76.669785],[111.222755,76.68209],[111.139505,76.703622],[111.23905,76.741516],[111.133245,76.76962],[109.94733,76.688633],[109.426762,76.752446],[108.661245,76.697393],[107.999541,76.732842],[107.969014,76.652162],[108.040017,76.63547],[107.98789,76.566789],[107.724905,76.500342],[106.858955,76.458256],[106.454081,76.513295],[106.414008,76.576113],[106.746055,76.575875],[106.845966,76.676916],[106.7824,76.718411],[107.035747,76.739521],[107.37914,76.8721],[107.259835,76.88947],[107.531112,76.914175],[107.245725,76.985282],[107.314828,77.009387],[107.010882,76.990407],[107.075393,77.02189],[106.867776,77.047422],[106.651636,76.99284],[106.193126,77.056524],[105.887214,76.983991],[105.465106,77.005134],[105.815109,77.027192],[105.766316,77.04852],[105.951854,77.126632],[105.081386,77.055367],[104.255885,77.084601],[105.577629,77.217184],[105.68117,77.240829],[105.566442,77.259976],[105.83711,77.360285],[106.308124,77.365405],[106.027525,77.408779],[105.901837,77.552158],[105.347031,77.538518],[104.849189,77.598604],[104.803297,77.620013],[104.839143,77.667599],[104.704437,77.684947],[104.358311,77.655353],[104.290273,77.67323],[104.474637,77.687528],[104.253971,77.723286],[103.753732,77.608063],[103.284544,77.629138],[102.986021,77.570206],[103.038191,77.551444],[102.242969,77.348214],[102.323107,77.321683],[102.085203,77.339385],[101.394314,77.109003],[101.280477,77.048768],[101.359037,77.037469],[101.29449,76.923005],[101.059875,76.958347],[100.930713,76.858717],[101.081461,76.750798],[101.436038,76.678995],[101.183375,76.680136],[101.09327,76.54173],[100.43897,76.45381],[98.8618,76.47126],[99.10302,76.33279],[99.60795,76.2523],[99.62873,76.19136],[99.89659,76.08674],[99.86252,76.05874],[99.6075,76.15314],[99.19488,76.14183],[99.38927,76.17818],[99.33464,76.20476],[98.77664,76.20588],[98.86757,76.25609],[98.80344,76.25376],[97.95568,76.10638],[98.2704,76.08904],[98.19755,76.07061],[97.56238,76.03769],[97.77674,76.03128],[97.85013,75.96962],[97.53907,75.99458],[97.17902,75.92985],[97.27286,75.95331],[97.18266,75.9856],[97.39993,76.02018],[97.20525,76.0121],[97.35441,76.10345],[96.72737,75.99198],[97.18316,75.99635],[96.8465,75.89671],[96.49969,75.87562],[96.70911,75.9705],[96.44313,76.01381],[95.74319,75.82824],[95.61643,75.87477],[96.15762,76.04785],[96.04428,76.06821],[96.27579,76.09592],[95.83246,76.13992],[96.29277,76.15299],[96.35897,76.10119],[96.47679,76.17348],[96.31105,76.2149],[96.49929,76.20591],[96.40097,76.25614],[96.57094,76.21563],[96.55219,76.134988],[96.70958,76.25683],[96.37866,76.30863],[96.16025,76.23145],[96.16422,76.28716],[95.89126,76.26824],[95.89301,76.31577],[95.58673,76.23708],[95.34985,76.27842],[95.36222,76.21773],[95.78686,76.1467],[95.04871,76.09747],[94.62699,76.15594],[94.54713,76.1479],[94.78944,76.11534],[94.51209,76.06968],[94.42899,76.12945],[93.72447,76.12091],[94.02517,76.05458],[93.51193,76.01277],[93.369386,76.062027],[93.50756,76.09783],[93.27414,76.11672],[93.18548,76.08999],[93.32514,76.06697],[93.2131,76.0196],[92.93394,76.05212],[92.99329,75.99274],[92.83539,75.96523],[92.939532,75.922753],[92.86821,75.8876],[93.16942,75.90137],[93.02797,75.92569],[93.28049,75.98045],[93.46831,75.87441],[93.54868,75.86938],[93.51481,75.90216],[93.58256,75.94441],[93.6843,75.88425],[94.03691,75.9102],[92.06077,75.70381],[91.69257,75.7275],[91.63693,75.68555],[91.68065,75.63035],[91.22154,75.6611],[91.01632,75.60377],[90.89389,75.66226],[90.19237,75.597],[89.948576,75.549812],[90.027208,75.512615],[89.982221,75.496416],[89.679892,75.47616],[89.758583,75.43233],[89.411591,75.430234],[89.465367,75.447562],[89.309046,75.476587],[89.515044,75.484001],[89.304087,75.511816],[89.170493,75.44088],[88.740001,75.395493],[88.862606,75.376651],[88.11202,75.16862],[88.32674,75.15039],[86.89564,75.1006],[87.74446,74.99339],[87.56068,74.93113],[87.39546,74.95431],[87.47717,74.97425],[87.40518,75.00353],[87.17819,74.97759],[87.37833,74.9485],[87.047,74.82869],[87.0313,74.76514],[87.12147,74.76674],[87.03135,74.7192],[86.8739,74.75634],[86.74558,74.69937],[86.96186,74.67524],[86.88405,74.62316],[86.70342,74.61579],[86.74405,74.65554],[86.51353,74.73289],[86.35851,74.701],[86.26351,74.74914],[86.40548,74.77782],[85.89121,74.874],[85.73704,74.79362],[86.16352,74.77811],[85.724163,74.653963],[86.17806,74.61064],[86.18095,74.60622],[86.7554,74.56237],[86.5729,74.51341],[86.81055,74.42957],[87.10931,74.43257],[87.04819,74.42221],[87.13061,74.38259],[87.02043,74.37911],[87.08646,74.29596],[87,74.27808],[87.00194,74.35986],[86.8743,74.34859],[86.98353,74.41186],[86.65305,74.40839],[86.72176,74.4324],[86.56378,74.47786],[86.07078,74.43343],[86.29352,74.40411],[86.35048,74.3494],[86.30973,74.3368],[86.12498,74.40014],[85.92039,74.37456],[85.956,74.30688],[86.72682,74.22857],[86.79716,74.1736],[86.72142,74.13353],[86.87823,74.10548],[86.83093,74.07802],[87.17799,74.04593],[86.713041,74.038443],[86.77373,73.97988],[87.09009,73.97333],[87.45221,73.78555],[87.13084,73.60958],[86.1851,73.56278],[85.88047,73.46577],[85.973965,73.414861],[85.87765,73.35411],[86.39099,73.26041],[86.596579,73.15619],[86.31214,73.19527],[86.31076,73.25992],[85.9068,73.29679],[85.70465,73.40113],[85.82149,73.3959],[85.85169,73.48629],[86.5163,73.66438],[86.78631,73.66229],[86.45062,73.59415],[86.81733,73.60987],[86.93324,73.7116],[86.77786,73.71178],[87.12523,73.7911],[87.138138,73.847665],[86.793995,73.892285],[85.639235,73.809675],[85.393288,73.704785],[84.756145,73.754117],[83.526792,73.643304],[81.8951,73.63569],[80.15189,73.51797],[80.71611,73.4689],[80.35493,73.29079],[80.63401,73.25954],[80.7048,73.18965],[80.33582,73.16452],[80.6257,73.13178],[80.51186,73.08096],[80.81515,73.02525],[80.88391,72.94277],[80.84125,72.79839],[80.69268,72.72771],[80.71877,72.62708],[80.87668,72.60782],[80.76735,72.50783],[80.83745,72.45884],[81.19935,72.35584],[82.24903,72.25643],[82.36925,72.18867],[82.26561,72.09583],[82.54316,72.01691],[82.70855,71.87188],[83.14841,71.87709],[83.45253,71.7905],[83.44423,71.73908],[83.2788,71.70621],[82.88069,71.77085],[81.671177,71.694802],[81.38046,71.74822],[80.84779,71.98437],[80.82299,72.0748],[79.95535,72.20344],[79.49561,72.34819],[78.499157,72.366584],[78.424233,72.334442],[78.613903,72.287387],[78.653866,72.223482],[78.552386,72.200763],[78.625833,72.17134],[79.070631,72.059099],[79.720558,72.050556],[80.379051,71.878692],[80.074416,71.823327],[80.148266,71.757419],[80.072496,71.750427],[80.174307,71.681381],[79.980134,71.609985],[79.312296,71.586591],[79.362777,71.505488],[79.12869,71.387636],[79.220234,71.307417],[79.996963,71.116462],[80.583982,71.043189],[80.638733,70.833051],[80.715196,70.809468],[80.647689,70.691794],[80.82179,70.631349],[80.646883,70.482826],[80.889185,70.437963],[80.793724,70.411725],[80.824533,70.38139],[80.644504,70.398094],[80.685447,70.411911],[80.61768,70.453917],[80.222912,70.435726],[79.919093,70.268871],[79.755067,70.27571],[79.785765,70.233662],[79.666234,70.232815],[79.552797,70.118067],[79.348985,70.152833],[79.369504,70.045558],[79.220603,70.060161],[79.242506,70.020846],[79.116594,69.997191],[79.197571,69.976687],[79.158702,69.951187],[78.880529,69.8801],[79.166983,69.737767],[79.044522,69.704091],[79.469401,69.65567],[79.510766,69.629141],[79.448908,69.610453],[79.55472,69.593397],[79.61801,69.459564],[79.843914,69.358653],[80.702343,69.318664],[80.949757,69.200576],[81.585507,69.269522],[81.67646,69.31661],[81.61129,69.332608],[81.708273,69.455059],[81.961172,69.352549],[81.805257,69.253679],[81.844422,69.195059],[82.468054,69.14523],[82.460954,69.077317],[82.315583,69.053849],[82.493701,68.971615],[82.566188,68.81906],[82.800677,68.759195],[82.872731,68.674322],[82.625036,68.582547],[82.714025,68.405172],[82.686904,68.333877],[82.557966,68.26484],[82.552208,68.167067],[82.337415,68.113932],[82.362037,67.939894],[81.767561,67.947541],[81.724489,67.892795],[82.098844,67.719674],[82.027625,67.644631],[82.113949,67.596324],[82.397382,67.521762],[82.231825,67.409169],[82.361536,67.31718],[82.117143,67.233997],[83.144944,66.830278],[83.32771,66.658633],[83.09052,66.594674],[83.076214,66.462893],[83.539154,66.187446],[83.269447,66.049229],[83.551045,65.902985],[83.473505,65.814529],[83.563395,65.761979],[83.999658,65.787181],[84.29285,65.687125],[84.282737,65.617595],[84.175125,65.584504],[84.509418,65.477438],[84.554657,65.269471],[84.288352,65.104061],[84.393556,65.054653],[84.27232,64.935291],[84.921258,64.954149],[85.032215,64.910079],[84.946845,64.834707],[85.133607,64.826115],[85.133283,64.763997],[85.527884,64.85222],[85.833713,64.784334],[85.819372,64.679925],[85.907316,64.574106],[85.804287,64.496899],[85.921623,64.431646],[86.007285,64.272084],[85.933575,64.132014],[85.967046,64.048501],[85.506213,63.928271],[85.329072,63.796407],[85.378336,63.766248],[85.302541,63.647649],[85.145257,63.562733],[85.023957,63.580608],[85.353103,63.491005],[85.417437,63.437233],[85.374222,63.393427],[85.463305,63.351474],[85.688428,63.372495],[85.502517,63.177791],[85.619849,63.034473],[85.502784,62.971997],[85.523438,62.904483],[85.214249,62.798508],[85.064501,62.667328],[85.090824,62.627616],[84.940968,62.587774],[84.89644,62.550588],[84.935707,62.482305],[84.440859,62.195657],[84.519392,61.927839],[84.677915,61.80813],[85.406556,61.687147],[85.712839,61.572615],[85.842513,61.593921],[85.976673,61.48261],[85.640731,61.36709],[85.696583,61.283815],[84.26311,60.862518],[84.791487,60.352366],[84.616018,60.168548],[84.633451,60.029796],[84.575203,59.983973],[84.681663,59.89955],[86.636499,59.948654],[87.078047,59.879074],[87.174086,59.682528],[87.514225,59.66441],[87.902226,59.256238],[88.626467,59.295126],[88.575826,59.212216],[88.82866,59.022604],[88.382657,58.893119],[87.924013,58.511345],[88.016988,58.214258],[88.069853,58.220064],[88.106659,58.112772],[88.687253,58.036199],[88.858954,57.955186],[89.29641,57.948954],[89.372526,57.866694],[89.355248,57.615657],[89.130337,57.615341],[89.098764,57.517209],[89.160477,57.492393],[89.063639,57.457552],[88.869036,57.476367],[88.734155,57.208035],[88.506549,57.125246],[88.714554,57.092294],[88.597557,56.802198],[88.648161,56.819786],[88.624413,56.719298],[88.736076,56.714701],[88.663149,56.619767],[88.500878,56.62189],[88.605597,56.531251],[88.593416,56.430664],[89.039898,56.300484],[89.036652,56.201266],[89.280863,56.053909],[89.235652,56.013021],[89.275644,55.892811],[89.402644,55.866562],[89.349576,55.770889],[88.913599,55.660203],[88.601258,55.427377],[89.011422,55.323647],[89.009895,55.233704],[89.115942,55.180122],[89.064119,55.120055],[89.24112,55.111902],[89.278195,55.042068],[89.423039,55.011289],[89.43036,55.062463],[89.580251,55.087853],[89.661038,55.073468],[89.607299,55.028163],[89.664379,55.000658],[89.724446,55.068499],[90.126284,55.153501],[90.216932,55.153584],[90.24387,55.078872],[90.499215,55.060849],[90.507234,54.904443],[90.945677,54.848132],[90.918748,54.653634],[91.260237,54.506586],[91.310988,54.33155],[91.573678,54.091245],[91.44478,53.803129],[91.567944,53.708647],[91.538996,53.641577],[91.625096,53.533874],[91.863571,53.456917],[91.923697,53.349601],[91.738462,53.177746],[91.449972,53.135703],[91.475536,52.894465],[91.314188,52.776589],[91.257868,52.636738],[90.894977,52.600995],[90.486733,52.195871],[90.751753,52.070303],[90.849343,51.900384],[91.072364,51.95189],[91.259746,51.876564],[91.804399,51.886579],[92.07567,51.773091],[92.873698,51.836023],[93.337751,52.128059],[93.676812,52.212364],[93.767515,52.451383],[94.102883,52.68589],[94.141842,52.831178],[94.525925,52.910019],[94.602437,53.167803],[94.716503,53.240799],[94.618345,53.33111],[94.954593,53.404864],[95.035869,53.366121],[95.212813,53.468174],[95.405126,53.365634],[95.732224,53.52522],[96.110523,53.451726],[96.103488,53.504484],[96.232057,53.517146],[96.240931,53.618767],[96.439737,53.513467],[96.658672,53.56417],[96.689007,53.645835],[96.483179,53.693692],[96.061071,53.995375],[96.073598,54.08123],[95.936125,54.103321],[95.647701,54.299588],[95.711193,54.413813],[95.904026,54.389473],[96.064756,54.574173],[96.538823,54.529775],[96.566126,54.690612],[96.716457,54.899447],[96.593417,55.030175],[96.685306,55.082735],[96.657122,55.234882],[96.943629,55.321854],[96.847501,55.431695],[96.810292,55.569201],[96.854371,55.599766],[96.743994,55.656761],[96.82558,55.688982],[96.754383,55.733953],[96.786108,55.78958],[96.990024,55.851758],[96.990726,56.003892],[97.063652,56.004181],[97.131942,56.112529],[97.359519,56.03207],[97.437077,56.104107],[97.409098,56.163546],[97.574179,56.187314],[97.557019,56.376301],[97.879988,56.375359],[97.879933,56.534101],[97.741605,56.547458],[97.785914,56.797093],[97.472194,56.822412],[97.47862,56.883111],[97.63156,56.907463],[97.67146,56.9738],[97.34397,57.032281],[97.9532,57.828574],[98.747524,57.797018],[98.978912,57.71777],[99.086604,57.778079],[99.433516,57.78925],[99.681723,58.082698],[100.003762,58.082883],[100.090969,58.068641],[100.063989,57.977071],[100.137241,57.859669],[100.37883,57.741991],[100.322777,57.684373],[100.403319,57.552781],[100.763049,57.399517],[100.97034,57.483276],[100.948439,57.569257],[100.813714,57.638003],[100.908093,57.774067],[100.81856,57.875391],[101.02328,57.88148],[101.13863,57.968196],[101.166866,58.044212],[101.106576,58.101445],[101.552672,58.254658],[101.699847,58.411146],[102.206713,58.525541],[102.51853,58.707781],[102.581494,58.790032],[102.56121,58.904955],[102.449866,58.939753],[102.491842,59.010768],[102.402553,59.083479],[102.426481,59.144976],[102.567676,59.209606],[102.825359,59.19379],[103.018591,59.31841],[103.352725,59.266382],[103.217734,59.237867],[103.234371,59.1807],[103.630515,58.922413],[103.946214,58.903804],[103.965114,58.770761],[103.887545,58.739103],[104.211024,58.786293],[104.257158,58.715693],[104.382345,58.726987],[104.34669,58.672869],[104.467538,58.608789],[104.804707,58.674798],[104.894032,58.744527],[104.754618,58.807188],[104.836726,58.901237],[105.368066,59.118101],[105.293526,59.155833],[105.304037,59.245387],[105.185544,59.291112],[105.235691,59.443036],[104.967757,59.470628],[104.762143,59.684813],[105.025709,59.779466],[104.97972,59.854009],[105.070091,59.876918],[105.509932,59.843756],[105.409822,59.947871],[105.504517,60.000523],[105.422475,60.15293],[105.508445,60.226811],[105.324678,60.299431],[104.903699,60.299521],[104.656759,60.406016],[104.644574,60.518049],[104.503669,60.61562],[104.609339,60.724322],[104.468419,60.850633],[104.633952,60.905524],[104.581359,60.936311],[104.626259,61.079141],[104.856982,61.191937],[105.044477,61.177693],[104.950299,61.316054],[104.776858,61.347387],[105.283294,61.425124],[105.257449,61.462705],[105.359109,61.539433],[105.979911,61.690511],[105.899614,61.844031],[106.3957,62.042693],[106.464277,62.261178],[106.3487,62.28343],[106.483176,62.34107],[106.431921,62.396715],[106.755899,62.498125],[106.672482,62.556457],[106.773111,62.638657],[106.472495,62.697612],[106.512518,62.791116],[106.192995,62.920967],[106.114888,63.090599],[106.396808,63.125686],[106.438764,63.215343],[106.344485,63.245063],[106.411826,63.353603],[106.620901,63.316763],[106.737036,63.397767],[106.471391,63.542362],[106.59685,63.560554],[106.686944,63.667414],[106.602442,63.722726],[106.792636,63.881165],[106.624071,64.008376],[106.664368,64.044317],[107.089406,63.927],[107.307045,63.977563],[107.377132,63.936817],[107.344739,63.906224],[107.565638,63.897369],[107.769202,64.020085],[108.385109,64.046349],[108.246822,64.250218],[108.085664,64.246468],[107.971941,64.182336],[107.641299,64.3107],[107.369929,64.261064],[106.915167,64.43828],[106.741122,64.422277],[106.578978,64.542671],[106.554146,64.460234],[106.138632,64.415954],[106.075299,64.446469],[106.133812,64.485387],[106.023849,64.540924],[105.765799,64.48447],[105.785637,64.550311],[105.714886,64.580925],[105.750906,64.640663],[105.687202,64.682967],[105.869535,64.675123],[105.815905,64.72606],[105.852876,64.832933],[105.986937,64.83151],[105.914801,64.903497],[106.207529,64.873037],[105.950465,65.039901],[106.526121,65.219637],[106.429257,65.24653],[106.439462,65.319506],[106.615225,65.39598],[106.817327,65.377536],[106.967889,65.508284],[106.703752,65.539858],[106.698461,65.603734],[106.415123,65.671969],[106.514476,65.995053],[106.338582,66.152849],[106.106042,66.19724],[106.108699,66.363172],[106.330961,66.474971],[106.237461,66.563338],[106.258277,66.676895],[106.146376,66.730805],[106.213301,66.797782],[106.025462,66.78582],[105.985634,66.801503],[106.080664,66.895417],[105.698989,66.925205],[105.509063,67.013985],[105.962214,67.045478],[106.076491,67.168536],[106.555429,67.290893],[106.715601,67.258458],[106.822039,67.334093],[106.920682,68.254164],[106.905551,68.859042],[106.14286,69.409405],[106.487412,69.581163],[106.857426,69.523271],[107.952931,69.669024],[108.01942,69.69844],[108.022611,69.787929],[108.248733,69.854403],[109.295729,69.774273],[109.38587,69.824367],[109.400095,69.95813],[109.545155,70.014676],[109.365572,70.073329],[109.304333,70.209872],[109.575575,70.252447],[109.616694,70.28517],[109.558341,70.352237],[109.643766,70.372773],[110.313335,70.408571],[110.113966,70.479588],[110.123517,70.636983],[110.61927,70.784785],[111.378156,70.863313],[111.478798,70.928825],[111.946322,70.978864],[112.030505,71.05306],[112.249204,71.001368],[112.599576,71.109193],[112.520897,71.176169],[112.724997,71.252169],[112.000514,71.402308],[112.000695,72.1244],[111.592957,72.211758],[111.667015,72.257532],[111.574805,72.324402],[111.0102,72.39022],[111.074827,72.412194],[111.008817,72.441847],[111.30088,72.512994],[110.912348,72.570951],[110.863022,72.60242],[110.908832,72.632042],[110.699496,72.705094],[110.656684,72.791381],[110.730591,72.829548],[110.626252,72.879091],[110.891484,72.931056],[110.657588,72.952045],[110.85986,73.055281],[110.745516,73.102943],[110.85016,73.16067],[110.373798,73.151871],[110.34862,73.196564],[110.623502,73.268432],[110.121518,73.402718],[110.635663,73.427318],[110.814072,73.546944],[111.28636,73.620639],[110.914279,73.698611]],[[78.82998,73.20736],[78.98554,73.24216],[78.78582,73.18618],[78.82998,73.20736]],[[91.87358,76.05247],[91.71324,76.05641],[91.9317,76.05439],[91.87358,76.05247]]],[[[94.42559,76.64503],[94.32564,76.61772],[94.7799,76.64023],[94.42559,76.64503]]],[[[96.20633,76.5856],[96.16297,76.53397],[96.33502,76.61387],[96.27987,76.63709],[96.46481,76.6725],[96.19236,76.686258],[95.888599,76.591835],[96.20633,76.5856]]],[[[95.625,76.62206],[95.85025,76.66656],[95.42576,76.65996],[95.625,76.62206]]],[[[95.290695,76.971926],[96.02398,76.99341],[95.7161,76.90987],[95.93535,76.91132],[95.88535,76.94103],[96.23386,76.97376],[96.57745,77.1243],[96.41694,77.17325],[95.290695,76.971926]]],[[[102.15815,77.374391],[102.073216,77.359086],[102.254727,77.375539],[102.15815,77.374391]]],[[[107.699271,77.267646],[107.74503,77.321978],[107.427609,77.339496],[107.29984,77.269241],[107.487918,77.2569],[107.220131,77.216636],[107.699271,77.267646]]],[[[106.875,77.410014],[106.947838,77.438361],[106.76209,77.459067],[106.531645,77.370277],[106.875,77.410014]]],[[[95.8138,76.87022],[95.70297,76.85633],[95.867512,76.867422],[95.8138,76.87022]]],[[[96.26689,76.87308],[96.36488,76.88666],[95.85484,76.88333],[96.26689,76.87308]]],[[[94.83208,76.63374],[95.41313,76.63247],[95.15181,76.69206],[94.83208,76.63374]]],[[[97.47396,76.62605],[97.555,76.64331],[97.46116,76.70848],[97.64904,76.77224],[97.16085,76.74555],[97.44378,76.74028],[97.30961,76.67319],[97.46248,76.64674],[97.32636,76.58303],[97.635,76.59191],[97.47396,76.62605]]],[[[96.0689,76.685119],[95.97919,76.71878],[95.90194,76.66471],[96.0689,76.685119]]],[[[95.47199,76.69492],[95.51754,76.70099],[95.411479,76.708058],[95.47199,76.69492]]],[[[97.50747,76.83726],[97.88029,76.74642],[97.942109,76.782879],[97.88878,76.79443],[97.92375,76.82862],[97.50747,76.83726]]]]},"properties":{"name":"Красноярский край","cartodb_id":69,"created_at":"2013-12-04T04:23:51+0100","updated_at":"2013-12-04T04:33:56+0100","name_latin":"Krasnoyarsk Krai"}},
{"type":"Feature","geometry":{"type":"MultiPolygon","coordinates":[[[[161.813863,69.485954],[161.74263,69.506235],[161.798071,69.478011],[161.813863,69.485954]]],[[[161.71875,69.570028],[161.859697,69.534505],[161.914972,69.551064],[161.87755,69.61795],[161.965208,69.643663],[161.66246,69.619803],[161.71875,69.570028]]],[[[161.703858,70.729607],[161.695226,70.790474],[161.50174,70.787363],[161.703858,70.729607]]],[[[160.58791,70.795582],[160.757306,70.803919],[160.67703,70.877741],[160.440737,70.912462],[160.547626,70.88657],[160.50102,70.814865],[160.58791,70.795582]]],[[[138.034603,71.490658],[137.983764,71.57325],[137.774109,71.598218],[137.023362,71.506142],[137.18592,71.428409],[137.607352,71.474808],[137.74717,71.409581],[138.034603,71.490658]]],[[[129.39789,72.497472],[129.474195,72.493346],[129.286138,72.517721],[129.39789,72.497472]]],[[[129.502702,72.694228],[129.545849,72.729759],[129.471711,72.755878],[129.326355,72.720524],[129.502702,72.694228]]],[[[111.119565,74.276303],[111.213643,74.305358],[111.084908,74.312309],[111.119565,74.276303]]],[[[112.808583,74.081781],[112.987776,74.184695],[113.229944,74.218551],[113.455543,74.369238],[113.446003,74.426075],[113.086019,74.506718],[112.009803,74.544563],[112.084121,74.418007],[112.036853,74.360902],[111.508354,74.324281],[112.207752,74.135329],[112.808583,74.081781]]],[[[115.969117,74.316858],[116.073189,74.363307],[116.149897,74.350091],[116.054892,74.368339],[115.965334,74.324249],[115.952587,74.295063],[116.039492,74.277321],[115.969117,74.316858]]],[[[149.259355,74.732794],[150.629724,74.861359],[150.695384,75.007706],[150.965158,75.124841],[150.52916,75.09638],[150.142474,75.20426],[149.384097,75.262505],[148.625244,75.199554],[148.523829,75.223347],[148.565677,75.373579],[147.61932,75.440618],[147.171954,75.361938],[147.36187,75.354781],[146.923932,75.327946],[146.64491,75.436949],[146.749744,75.512691],[146.515544,75.586615],[146.436732,75.58258],[146.416591,75.484017],[146.229442,75.38263],[146.289924,75.269743],[146.121806,75.243649],[147.121029,75.007485],[147.686092,74.953979],[148.109482,74.795453],[149.259355,74.732794]]],[[[135.4996,75.438083],[135.536424,75.370141],[135.872672,75.375517],[136.05557,75.442513],[135.958282,75.479698],[136.234284,75.623771],[135.898638,75.711429],[135.722156,75.871323],[135.60854,75.674563],[135.607319,75.509621],[135.4996,75.438083]]],[[[140.42839,75.663718],[140.37851,75.672789],[140.47555,75.786433],[139.835826,75.871349],[140.001317,75.947209],[139.241397,76.070881],[139.039843,76.156929],[139.06171,76.195867],[138.718993,76.191849],[138.204517,76.100918],[138.102617,75.999403],[137.514059,75.948284],[137.441492,75.880913],[137.610255,75.792673],[137.154998,75.725924],[137.225877,75.651389],[136.990709,75.585321],[137.297739,75.470513],[137.17778,75.432501],[137.196606,75.375117],[136.931515,75.34398],[136.95296,75.26351],[137.246147,75.106322],[137.871068,74.938115],[138.176369,74.756623],[139.164054,74.634694],[139.455803,74.706155],[139.683064,74.846851],[139.51216,74.870621],[139.642916,74.9624],[139.965608,74.900252],[140.096436,74.807927],[139.844026,74.802225],[139.91937,74.791554],[141.771365,74.946364],[141.603372,74.949424],[141.895374,74.99943],[142.23333,75.000032],[142.371773,74.92055],[141.909175,74.932572],[142.49708,74.79722],[142.76136,74.84172],[142.625967,74.829762],[142.740509,74.890945],[143.47223,74.888029],[143.699589,74.949557],[142.76855,75.071368],[142.27023,75.308715],[142.086874,75.543904],[142.297604,75.637116],[142.179695,75.655867],[142.480424,75.694047],[142.379138,75.710493],[142.41952,75.737339],[143.084919,75.67804],[143.020709,75.583267],[142.569689,75.456878],[142.609544,75.435146],[142.524551,75.343985],[142.742504,75.299789],[142.926942,75.144493],[143.377804,75.047201],[144.388005,75.048038],[144.954889,75.269878],[144.779196,75.371328],[144.85661,75.428964],[145.400026,75.495119],[145.148767,75.593976],[143.8732,75.825832],[143.163615,75.798101],[142.608908,75.856487],[141.398087,76.172742],[141.350557,76.154716],[141.706886,76.003212],[141.01651,75.999638],[140.966017,75.930036],[141.065577,75.769116],[140.977867,75.737196],[141.186365,75.63138],[140.42839,75.663718]]],[[[110.914279,73.698611],[111.28636,73.620639],[110.814072,73.546944],[110.635663,73.427318],[110.121518,73.402718],[110.623502,73.268432],[110.34862,73.196564],[110.373798,73.151871],[110.85016,73.16067],[110.745516,73.102943],[110.85986,73.055281],[110.657588,72.952045],[110.891484,72.931056],[110.626252,72.879091],[110.730591,72.829548],[110.656684,72.791381],[110.699496,72.705094],[110.908832,72.632042],[110.863022,72.60242],[110.912348,72.570951],[111.30088,72.512994],[111.008817,72.441847],[111.074827,72.412194],[111.0102,72.39022],[111.574805,72.324402],[111.667015,72.257532],[111.592957,72.211758],[112.000695,72.1244],[112.000514,71.402308],[112.724997,71.252169],[112.520897,71.176169],[112.599576,71.109193],[112.249204,71.001368],[112.030505,71.05306],[111.946322,70.978864],[111.478798,70.928825],[111.378156,70.863313],[110.61927,70.784785],[110.123517,70.636983],[110.113966,70.479588],[110.313335,70.408571],[109.643766,70.372773],[109.558341,70.352237],[109.616694,70.28517],[109.575575,70.252447],[109.304333,70.209872],[109.365572,70.073329],[109.545155,70.014676],[109.400095,69.95813],[109.38587,69.824367],[109.295729,69.774273],[108.248733,69.854403],[108.022611,69.787929],[108.01942,69.69844],[107.952931,69.669024],[106.857426,69.523271],[106.487412,69.581163],[106.14286,69.409405],[106.905551,68.859042],[106.920682,68.254164],[106.822039,67.334093],[106.715601,67.258458],[106.555429,67.290893],[106.076491,67.168536],[105.962214,67.045478],[105.509063,67.013985],[105.698989,66.925205],[106.080664,66.895417],[105.985634,66.801503],[106.025462,66.78582],[106.213301,66.797782],[106.146376,66.730805],[106.258277,66.676895],[106.237461,66.563338],[106.330961,66.474971],[106.108699,66.363172],[106.106042,66.19724],[106.338582,66.152849],[106.514476,65.995053],[106.415123,65.671969],[106.698461,65.603734],[106.703752,65.539858],[106.967889,65.508284],[106.817327,65.377536],[106.615225,65.39598],[106.439462,65.319506],[106.429257,65.24653],[106.526121,65.219637],[105.950465,65.039901],[106.207529,64.873037],[105.914801,64.903497],[105.986937,64.83151],[105.852876,64.832933],[105.815905,64.72606],[105.869535,64.675123],[105.687202,64.682967],[105.750906,64.640663],[105.714886,64.580925],[105.785637,64.550311],[105.765799,64.48447],[106.023849,64.540924],[106.133812,64.485387],[106.075299,64.446469],[106.138632,64.415954],[106.554146,64.460234],[106.578978,64.542671],[106.741122,64.422277],[106.915167,64.43828],[107.369929,64.261064],[107.641299,64.3107],[107.971941,64.182336],[108.085664,64.246468],[108.502827,64.306291],[108.583116,64.255198],[108.519782,64.211751],[108.596893,64.194121],[108.522791,64.1346],[108.762471,64.01662],[108.710601,63.932133],[108.802638,63.870719],[108.681176,63.822215],[108.306324,63.847093],[108.299315,63.716051],[108.124333,63.658146],[108.144004,63.603945],[108.495058,63.636415],[109.081238,63.577065],[109.257929,63.462989],[109.285972,63.372478],[109.411673,63.367869],[109.496928,63.140758],[109.458555,63.109201],[109.515634,63.105548],[109.469752,63.024098],[109.534118,63.013659],[109.483979,62.970701],[109.681311,62.839964],[109.507987,62.795014],[109.472373,62.68541],[109.251916,62.57675],[109.445182,62.424841],[109.91093,62.437021],[109.889907,62.37053],[109.99532,62.309658],[109.918588,62.26006],[109.983661,62.16212],[109.575309,61.914704],[109.600187,61.745473],[109.87049,61.549351],[109.761796,61.3317],[110.111251,61.277886],[110.222093,61.168251],[110.426312,61.208414],[110.541449,61.16427],[110.483167,61.000681],[110.261865,60.844633],[110.288624,60.701981],[110.056796,60.683279],[110.138172,60.59693],[109.949669,60.504864],[109.948778,60.41689],[109.849731,60.390969],[109.815246,60.273757],[109.722853,60.232044],[109.692598,60.076711],[109.755081,60.026996],[109.621253,59.937818],[109.662596,59.876033],[109.474766,59.767633],[109.543439,59.667295],[109.252271,59.466906],[109.351645,59.42901],[109.240394,59.390863],[109.245004,59.333282],[109.506285,59.308076],[109.509493,59.192734],[109.630401,59.16426],[109.642656,59.060777],[109.727389,59.090552],[109.821884,58.988769],[110.263097,58.991048],[110.498522,59.058927],[110.603614,59.140373],[110.548603,59.183345],[110.720542,59.280902],[111.217729,59.203733],[111.451149,59.292353],[111.649821,59.223848],[111.790191,59.29798],[111.941094,59.278543],[112.273681,59.531504],[112.340591,59.425588],[112.279031,59.299172],[112.651461,59.313623],[112.448434,59.153263],[112.441539,58.918129],[112.524731,58.894082],[112.599206,58.992301],[112.514623,59.060429],[112.605654,59.107824],[112.608183,59.048381],[112.730105,59.047867],[112.805138,59.126996],[113.277556,59.158104],[113.465212,59.265593],[113.532065,59.349913],[113.431376,59.40231],[113.614501,59.515156],[113.5913,59.594758],[114.150321,59.745556],[114.334394,59.913428],[114.573376,59.989086],[114.49177,60.034572],[114.565087,60.130926],[115.023475,60.236097],[115.145207,60.365985],[115.096025,60.413232],[115.212785,60.490171],[115.749481,60.546659],[116.1839,60.394096],[116.594034,60.382068],[116.608546,60.295133],[116.937166,60.19646],[116.988643,60.048908],[117.34719,60.024205],[117.008568,59.916842],[117.223793,59.874169],[117.205544,59.681404],[117.112064,59.609812],[117.24934,59.513227],[117.569694,59.477549],[117.77047,59.565891],[117.826314,59.445463],[117.910902,59.450702],[118.052115,59.642408],[118.244631,59.650811],[118.346144,59.615041],[118.361812,59.525624],[118.761284,59.428266],[118.7488,59.345128],[118.836142,59.317371],[118.670814,59.186608],[118.696272,59.057558],[118.872731,58.991417],[118.748988,58.934514],[118.87273,58.820487],[118.833945,58.676304],[118.754963,58.629187],[119.120441,58.516282],[119.063283,58.363496],[119.116842,58.238128],[119.184517,58.044775],[119.043871,57.747557],[119.166955,57.718408],[119.142199,57.557559],[119.222136,57.505674],[119.33814,57.619588],[119.502115,57.599544],[119.400462,57.432688],[119.691375,57.177932],[119.572568,57.076454],[119.85614,56.896079],[120.543639,57.044459],[121.40559,56.985529],[121.609072,56.821492],[121.61031,56.738243],[122.163943,56.74619],[122.640219,56.475338],[122.884679,56.596382],[123.194051,56.440672],[123.808748,56.418599],[124.176827,56.197843],[124.214495,56.084136],[124.394278,56.052636],[124.41842,55.920287],[124.485281,55.891622],[124.639793,55.937683],[124.964315,55.837642],[125.253349,55.907761],[125.420122,55.869934],[125.565884,55.739259],[125.838889,55.803592],[126.091726,55.711501],[126.141116,55.651194],[126.06703,55.64522],[126.096092,55.58978],[126.492168,55.569373],[126.692811,55.666712],[126.72505,55.599593],[126.857229,55.611502],[126.934872,55.690885],[127.186956,55.717696],[127.458775,55.57803],[127.589912,55.594064],[127.542464,55.66484],[127.733709,55.731276],[127.85497,55.662208],[128.290426,55.696913],[128.512443,55.544781],[128.682784,55.571789],[128.785939,55.487671],[129.07264,55.513753],[129.05084,55.69489],[129.659195,55.786023],[129.903307,55.77829],[130.00109,55.71328],[130.624824,55.76245],[130.952768,55.712176],[130.957815,55.816086],[130.86022,55.915099],[130.93553,55.963596],[130.896693,56.018642],[130.991287,56.167585],[131.120136,56.248448],[131.103629,56.409936],[131.222116,56.520844],[131.339013,56.528154],[131.422284,56.45309],[131.408278,56.509243],[131.501157,56.564587],[131.62874,56.529793],[131.648413,56.455436],[131.725008,56.470715],[131.646368,56.536917],[131.709222,56.603398],[131.68148,56.683889],[131.835872,56.771393],[131.4989,57.030247],[131.494191,57.111407],[131.313257,57.192029],[131.19229,57.167836],[131.12295,57.251713],[131.279232,57.336195],[131.487912,57.26412],[131.608751,57.309362],[131.60628,57.4282],[131.780773,57.538616],[131.724049,57.578063],[132.068427,57.68172],[131.760145,57.871115],[131.799213,57.932452],[131.584748,58.019402],[131.644071,58.079844],[131.444274,58.182403],[131.66815,58.209021],[131.984823,58.05169],[132.137239,58.08023],[131.985865,58.158537],[132.111436,58.27843],[132.198077,58.254443],[132.226305,58.386228],[132.139929,58.514862],[132.430917,58.510854],[132.386507,58.561251],[132.546511,58.659689],[132.48851,58.795264],[132.588076,58.891657],[132.777245,58.887027],[132.844908,58.993174],[132.756228,59.025339],[132.829636,59.118754],[133.51856,59.312262],[133.629472,59.232917],[134.077362,59.256017],[134.483379,59.139514],[134.722557,59.218614],[134.80816,59.140001],[135.193251,59.114383],[135.349139,59.335389],[135.689987,59.508543],[136.768574,59.337881],[137.501406,59.558085],[137.449811,59.645583],[137.631978,59.751303],[137.89877,59.740811],[138.031175,59.824763],[138.080477,59.74679],[138.022098,59.667668],[138.21759,59.653979],[138.272096,59.705773],[138.17691,59.822122],[138.268721,59.945713],[138.26242,60.068805],[138.178408,60.20899],[138.322441,60.333853],[138.268057,60.482459],[138.428956,60.703656],[138.206922,60.857035],[138.359881,61.005269],[138.336459,61.107432],[138.702808,61.20852],[138.636763,61.282242],[138.734927,61.336884],[138.97238,61.316048],[139.060415,61.363339],[139.055351,61.431278],[139.55376,61.473609],[139.692293,61.662242],[139.775756,61.639539],[139.927104,61.795297],[139.99022,61.977711],[140.275988,62.037808],[140.312081,62.341879],[140.422095,62.416213],[140.666065,62.416365],[140.790861,62.526497],[141.061325,62.489834],[141.12933,62.396668],[141.314379,62.416314],[141.5269,62.255515],[141.559283,62.155529],[141.85493,62.082662],[141.833325,62.017922],[142.181286,62.069774],[142.44244,61.873455],[142.723366,61.970616],[142.957602,61.89841],[143.153417,62.059373],[143.135909,62.104004],[143.229693,62.117471],[143.334967,62.033713],[143.645788,62.018704],[143.642355,61.85787],[143.922257,61.994276],[143.998537,61.891583],[143.944683,61.754986],[144.223743,61.727803],[144.549473,61.848024],[144.617804,61.907496],[144.582979,61.973206],[144.73642,62.045483],[144.87762,62.158284],[144.98684,62.156606],[144.990204,62.238915],[145.19959,62.278872],[145.137654,62.478539],[145.484044,62.539551],[145.39705,62.599234],[145.450265,62.632283],[145.39044,62.680707],[145.45657,62.707403],[145.353052,62.746696],[145.409515,62.866673],[145.24951,63.161006],[145.25786,63.242875],[145.440458,63.378698],[145.4683,63.526303],[145.675889,63.673529],[145.668741,63.774762],[145.567507,63.807865],[146.165684,63.927209],[146.33349,64.0701],[146.368627,64.185881],[147.012052,64.133424],[147.294615,64.018729],[147.38328,64.081941],[147.342367,64.111444],[147.643774,64.178001],[147.73276,64.115184],[147.651769,64.066943],[147.670816,64.011346],[148.01834,63.936136],[148.176595,64.023366],[148.159692,64.102504],[148.314505,64.220696],[148.1235,64.295166],[148.04783,64.407899],[148.327615,64.528079],[148.708723,64.402203],[149.041135,64.431475],[149.339492,64.376755],[149.871263,64.56237],[150.143723,64.469472],[150.016771,64.350929],[150.196246,64.226865],[150.54882,64.166332],[150.668293,64.1927],[150.675331,64.267998],[150.58689,64.304575],[150.63959,64.337741],[151.410216,64.330624],[151.496874,64.425812],[151.974573,64.489108],[152.131617,64.356607],[152.332168,64.368045],[152.4448,64.389408],[152.376811,64.5329],[152.847283,64.701393],[152.585915,64.811292],[152.518397,64.91846],[152.66147,65.168483],[152.733014,65.227087],[153.148186,65.244046],[153.500533,65.345736],[153.585837,65.398429],[153.442342,65.48533],[153.577082,65.689843],[153.483706,65.747972],[153.532184,65.810303],[153.956673,65.873049],[154.087433,65.850263],[154.089677,65.783536],[154.266841,65.806328],[154.430058,65.994357],[154.228944,66.047978],[154.364956,66.103399],[154.394493,66.182848],[154.585952,66.217985],[154.894973,66.109322],[155.170693,66.182483],[155.402757,66.125378],[155.747972,66.161196],[156.06531,66.046131],[156.42702,66.038272],[156.674004,66.189043],[157.034383,66.007334],[156.961833,65.956736],[157.335158,65.891827],[157.449326,65.912874],[157.444713,66.000241],[157.744936,66.099459],[158.188291,66.142603],[158.500697,66.093502],[158.403346,66.21974],[158.543444,66.335235],[158.368873,66.430309],[158.504391,66.4629],[158.77551,66.726084],[158.960036,66.760587],[158.71176,67.038389],[157.839066,67.286079],[157.807727,67.351499],[157.907708,67.420455],[157.730565,67.518002],[157.810091,67.674568],[158.362234,67.723638],[158.249488,67.824492],[158.081936,67.836157],[158.103566,67.914021],[158.215908,67.934821],[158.325145,68.060556],[158.646984,68.127407],[158.893296,68.10158],[159.656572,68.222842],[159.743854,68.17864],[159.944142,68.259624],[160.73171,68.247989],[161.44974,68.377936],[162.447526,68.284103],[162.616563,68.43732],[162.563824,68.483344],[162.751685,68.583955],[162.603191,68.68753],[162.591608,68.777632],[162.855209,68.831229],[162.539667,68.982584],[162.531907,69.105638],[162.82646,69.183649],[162.562997,69.28877],[162.543629,69.372961],[162.3495,69.406387],[162.43208,69.454206],[162.32461,69.52943],[162.412578,69.549421],[162.32411,69.590994],[162.469443,69.654961],[161.985182,69.581811],[162.035212,69.53777],[161.813863,69.485954],[161.798071,69.478011],[161.463331,69.347994],[161.50384,69.324005],[161.448568,69.328127],[161.44943,69.24525],[161.507105,69.260574],[161.383935,69.199232],[161.424397,69.290772],[161.356941,69.302933],[161.370916,69.376799],[161.646494,69.431986],[161.663316,69.554722],[161.351768,69.610258],[161.441913,69.588275],[161.377802,69.557818],[161.42088,69.547478],[161.095461,69.447238],[161.190291,69.304502],[161.115843,69.333386],[161.135095,69.12684],[161.02748,69.113211],[161.09306,69.154972],[161.09442,69.30262],[160.99561,69.381433],[161.027826,69.427522],[160.951191,69.44332],[161.110226,69.569278],[161.007736,69.59445],[161.140637,69.633052],[160.434303,69.668215],[160.37433,69.637758],[160.418891,69.555239],[160.325183,69.6405],[160.368694,69.676927],[159.802197,69.779652],[159.719658,69.895359],[159.949729,70.077287],[159.734987,70.117066],[159.926375,70.106638],[160.095588,70.252874],[160.041289,70.35412],[159.63626,70.666051],[158.97,70.861862],[157.81889,71.024474],[156.11275,71.076707],[153.686947,70.84826],[152.566245,70.80927],[151.682103,70.97091],[152.095889,70.988248],[151.695339,71.271869],[151.298742,71.349478],[151.449242,71.345277],[151.384941,71.369405],[151.128519,71.391582],[150.718774,71.301941],[150.673867,71.317501],[150.712433,71.355686],[150.978046,71.429404],[150.787442,71.468439],[150.833132,71.441098],[150.66299,71.367994],[150.746917,71.481514],[150.11769,71.495006],[150.407592,71.566437],[150.150961,71.56917],[150.27904,71.592268],[149.958136,71.67312],[148.871426,71.686442],[149.46957,71.890706],[149.70138,71.746909],[150.105801,71.8455],[149.889388,72.035111],[149.199477,72.213928],[148.385355,72.319],[147.141165,72.305334],[145.98558,71.751775],[145.379388,71.651805],[144.987466,71.697752],[144.908283,71.762102],[145.228238,71.832667],[145.028916,71.938317],[145.33785,71.863015],[145.830588,71.932035],[145.802299,72.030621],[145.659044,72.03359],[145.629171,72.093481],[145.810885,72.215671],[145.644587,72.240937],[145.91446,72.203239],[145.85139,72.202374],[145.87574,72.145778],[146.071472,72.210395],[145.95919,72.077175],[146.096792,72.114384],[146.018463,72.128458],[146.059712,72.160628],[146.347033,72.124361],[146.107472,72.023363],[146.002933,72.045046],[145.96463,71.869443],[146.50965,72.060856],[146.952666,72.309579],[145.208463,72.262142],[144.43605,72.155066],[144.240564,72.229646],[144.318648,72.281562],[144.49418,72.228376],[144.781509,72.400696],[144.955039,72.430207],[145.22579,72.428088],[145.387819,72.337495],[146.863063,72.335358],[144.444513,72.629197],[141.982036,72.715844],[140.763781,72.878287],[140.716084,72.871867],[140.767489,72.794236],[141.27858,72.57854],[140.517374,72.468413],[140.279429,72.525825],[140.317538,72.485077],[139.601938,72.488501],[139.389023,72.391563],[139.489527,72.370885],[139.3171,72.356717],[139.152616,72.249941],[139.192284,72.178994],[139.419417,72.148493],[140.059265,72.262738],[140.307517,72.170246],[139.951009,72.162277],[139.740096,72.039902],[139.702505,71.94957],[139.37388,71.955916],[139.847443,71.858101],[139.788958,71.836532],[139.7889,71.684728],[140.04573,71.47407],[139.849286,71.466082],[139.819127,71.460019],[139.476,71.492081],[139.445466,71.432023],[139.237176,71.402721],[139.17834,71.42351],[139.151917,71.577654],[138.801107,71.64041],[139.037685,71.631221],[138.973008,71.698038],[138.782356,71.672536],[139.061273,71.765671],[138.764593,71.823305],[138.997433,71.813334],[138.966435,71.842664],[138.466837,71.893274],[138.355567,71.842686],[138.751633,71.832359],[138.635259,71.803099],[138.9779,71.758933],[138.422102,71.680433],[138.805378,71.659634],[138.762856,71.631145],[138.12888,71.597742],[138.091612,71.473122],[137.851065,71.377441],[138.200095,71.327685],[138.039646,71.290958],[138.352916,71.272605],[138.290018,71.238461],[137.55186,71.277408],[137.617342,71.317619],[137.632612,71.362927],[137.471406,71.351795],[137.61532,71.397674],[137.131871,71.417585],[136.912026,71.534073],[136.627473,71.490607],[136.61536,71.540015],[136.760097,71.570696],[136.589953,71.606278],[135.926775,71.648531],[134.987458,71.510337],[134.772252,71.441004],[134.840905,71.367781],[134.070729,71.380322],[133.166667,71.593821],[132.753319,71.800766],[132.818476,71.833274],[132.797448,71.924045],[133.185469,71.951901],[132.786088,71.949352],[132.559198,71.872009],[132.185905,71.558723],[131.988292,71.263913],[132.113559,71.216214],[131.856232,71.166721],[131.954156,71.1519],[131.79511,71.121348],[131.742797,70.962013],[131.517427,70.804095],[131.0743,70.705299],[130.934363,70.773555],[130.849452,70.966673],[130.825251,70.87846],[130.711469,70.847594],[130.357179,70.903957],[130.16867,71.070092],[129.829324,71.087498],[129.7576,71.209445],[129.466084,71.301877],[129.246389,71.595636],[128.909529,71.595774],[128.870731,71.652221],[128.937937,71.689688],[129.405926,71.757238],[129.604131,71.705741],[129.387007,71.789345],[129.129016,71.999211],[129.247357,71.794941],[128.809722,71.750162],[128.553892,71.914167],[128.518999,72.007603],[128.775067,71.902377],[128.948194,71.951211],[128.788116,72.004505],[129.012007,71.997108],[128.339246,72.076068],[127.798354,72.240367],[127.901267,72.255533],[127.476058,72.410907],[126.719367,72.368003],[126.5909,72.478083],[127.199712,72.58087],[127.052009,72.522486],[127.191104,72.505262],[126.942349,72.525604],[127.006248,72.540184],[126.719385,72.499024],[126.686141,72.463359],[127.627199,72.435264],[127.566684,72.408514],[128.442454,72.203381],[128.394141,72.173598],[128.500247,72.167253],[128.431338,72.103442],[128.64164,72.05667],[129.390576,72.07986],[129.55368,72.150245],[129.281791,72.129872],[129.564054,72.21716],[129.390074,72.253097],[129.460195,72.243237],[129.391443,72.271277],[129.52853,72.348336],[129.265025,72.411206],[129.450773,72.422114],[129.179378,72.466106],[129.265356,72.491689],[128.688227,72.490344],[129.300247,72.54836],[129.003105,72.574773],[129.161733,72.578285],[129.130511,72.624169],[129.515091,72.632749],[129.115321,72.722032],[129.523497,72.817965],[129.411491,72.870855],[128.78057,72.923272],[129.366559,73.003412],[129.421162,72.985551],[129.181634,72.944004],[129.397495,72.903841],[129.301579,72.932876],[129.556656,72.93796],[129.421386,72.994875],[129.498746,73.02881],[129.1861,73.119007],[128.96107,73.087663],[128.857844,73.15251],[128.999684,73.173253],[128.84124,73.233485],[128.444632,73.235612],[128.329921,73.271553],[128.440917,73.268305],[128.483852,73.345061],[127.812002,73.513003],[127.519026,73.518811],[127.448769,73.50936],[127.573592,73.496189],[127.459718,73.468042],[126.954196,73.513821],[126.898586,73.501259],[127.010752,73.488293],[126.903536,73.388326],[126.822355,73.412043],[126.910164,73.454724],[126.670439,73.390459],[126.688028,73.458656],[126.508225,73.38718],[126.437039,73.5102],[126.302826,73.550202],[125.683438,73.467935],[125.888643,73.510215],[125.755476,73.521248],[125.883454,73.651077],[125.671324,73.56189],[125.792822,73.490613],[125.673626,73.481339],[125.679941,73.527233],[125.403512,73.584614],[125.370428,73.525957],[125.291613,73.570775],[125.203585,73.527874],[125.265784,73.605766],[125.15625,73.63285],[125.164434,73.704538],[125.018857,73.626597],[125.024543,73.698508],[124.965406,73.64888],[124.855797,73.691567],[124.918452,73.718639],[124.733157,73.690031],[124.751865,73.742003],[124.412819,73.774663],[124.485706,73.796454],[124.204661,73.765592],[124.164107,73.752248],[124.252681,73.728879],[123.987679,73.65704],[124.12489,73.72829],[124.022468,73.711562],[124.099134,73.761523],[124.064406,73.80608],[123.615173,73.739946],[123.990176,73.721998],[123.772099,73.68154],[123.746349,73.613239],[123.662559,73.633763],[123.700867,73.695373],[123.41294,73.610039],[123.486935,73.576694],[123.373595,73.580673],[123.396087,73.544293],[123.314122,73.534706],[123.381196,73.504941],[123.294234,73.465589],[123.382329,73.457654],[123.320696,73.432565],[123.380286,73.4043],[123.265723,73.396993],[123.442938,73.370396],[123.369887,73.338107],[123.568645,73.263579],[123.48817,73.241719],[123.570931,73.198514],[123.719434,73.193209],[123.469004,73.164754],[123.630117,73.10413],[123.388433,73.046315],[123.437314,72.966545],[123.175793,72.894962],[122.982882,72.95053],[123.054579,72.990379],[122.634872,73.054085],[122.530943,72.987158],[122.622289,72.976966],[122.469747,72.956751],[122.719146,72.919627],[122.52502,72.912941],[122.764139,72.822659],[121.730452,72.967044],[121.0538,72.924126],[120.197231,73.003574],[119.801865,73.000289],[120.736046,72.871976],[119.908757,72.917466],[119.630177,73.006659],[119.567856,73.070607],[119.730537,73.013784],[119.780552,73.064257],[119.620598,73.10037],[119.428868,73.077666],[119.560661,73.069418],[119.506316,73.045414],[119.392603,73.059684],[119.38499,73.11947],[119.210348,73.074636],[118.402287,73.228036],[118.4709,73.358145],[118.397776,73.369124],[118.433757,73.4205],[119.005276,73.492485],[118.794205,73.541164],[117.466377,73.569362],[115.656969,73.709338],[113.521718,73.507277],[113.870709,73.346242],[113.590865,73.234902],[113.66677,73.158618],[113.575211,73.135114],[113.481776,73.226425],[113.553448,73.255775],[113.554356,73.33997],[113.197133,73.448159],[113.460881,73.630363],[113.162151,73.873423],[112.852119,73.993099],[112.997191,73.786184],[112.811923,73.71759],[111.896061,73.72714],[111.32291,73.852293],[110.883231,73.762895],[110.843917,73.718953],[110.914279,73.698611]],[[161.506036,70.896109],[161.424275,70.924619],[161.571572,70.87995],[161.506036,70.896109]]],[[[120.197231,73.003574],[120.505169,73.021175],[120.24096,73.135786],[119.575504,73.152078],[119.822656,73.076263],[119.796851,73.050993],[119.833917,73.038976],[120.197231,73.003574]]],[[[118.717078,73.376198],[118.788838,73.404987],[118.674178,73.403125],[118.717078,73.376198]]],[[[140.067896,73.354443],[140.795647,73.421604],[142.497961,73.218805],[143.607925,73.209693],[143.480557,73.309816],[143.527974,73.476107],[143.40973,73.547171],[142.62419,73.808064],[142.065523,73.908157],[141.079496,73.842318],[140.560189,73.494948],[139.779693,73.409244],[139.864969,73.345207],[140.067896,73.354443]]],[[[140.625,73.89618],[140.515178,73.906418],[140.672853,73.944525],[140.98069,73.980535],[141.04051,74.007252],[141.104965,74.191067],[140.871665,74.268121],[140.20109,74.201326],[140.21561,74.027143],[140.386292,73.929337],[140.526016,73.899462],[140.625,73.89618]]],[[[136.069398,73.920178],[136.299283,73.91485],[136.074986,74.065974],[135.439826,74.242607],[135.449469,74.158708],[135.589078,74.164658],[136.069398,73.920178]]],[[[124.720572,73.935219],[124.264236,73.868511],[124.649985,73.824196],[124.826553,73.900177],[124.720572,73.935219]]]]},"properties":{"name":"Республика Саха (Якутия)","cartodb_id":67,"created_at":"2013-12-04T04:23:51+0100","updated_at":"2013-12-04T04:34:21+0100","name_latin":"Sakha (Yakutia) Republic"}},
{"type":"Feature","geometry":{"type":"MultiPolygon","coordinates":[[[[45.705116,44.977363],[45.613474,44.873985],[45.655536,44.803692],[45.521916,44.679398],[45.239472,44.556773],[45.22674,44.467518],[45.429086,44.428803],[45.37151,44.290144],[45.136672,44.253797],[45.103629,44.191674],[45.503624,44.175802],[45.487471,44.010095],[46.071198,43.930546],[46.002636,43.880979],[46.078291,43.817167],[46.250131,43.881952],[46.252002,43.944929],[46.358893,43.94386],[46.320363,44.009813],[46.437555,44.002992],[46.445518,43.878376],[46.649831,43.829716],[46.325255,43.451031],[46.422286,43.298322],[46.385467,43.148154],[46.505235,43.085379],[46.469618,43.015362],[46.531259,42.923288],[46.366744,42.841864],[46.306909,42.90959],[46.300488,42.86489],[46.184333,42.886812],[46.114769,42.803082],[46.170155,42.731878],[45.772822,42.489153],[45.752271,42.308012],[45.608612,42.212313],[45.896377,42.106486],[45.927909,42.031495],[46.256504,42.006129],[46.585857,41.800775],[46.754639,41.858573],[47.019565,41.552762],[47.124827,41.580554],[47.307346,41.303207],[47.546696,41.201221],[47.89658,41.228854],[48.044423,41.476781],[48.387563,41.602281],[48.58736,41.845057],[48.36095,41.956838],[47.888194,42.58067],[47.734901,42.668076],[47.697479,42.869199],[47.475507,43.000704],[47.558948,43.29985],[47.535145,43.342739],[47.487574,43.298892],[47.496978,43.447215],[47.581779,43.701293],[47.74726,43.901879],[47.555343,43.85882],[47.472375,43.511053],[47.405735,43.490239],[47.331822,43.607017],[47.5249,43.792708],[47.239486,44.202417],[47.112457,44.220874],[47.00225,44.364634],[46.774627,44.370401],[46.67987,44.467996],[46.697894,44.686868],[46.731883,44.652808],[46.895027,44.8121],[46.812566,44.762929],[46.504579,44.934296],[45.705116,44.977363]],[[47.517937,44.448668],[47.49473,44.489934],[47.564506,44.434832],[47.517937,44.448668]]],[[[47.8125,43.947923],[47.866737,43.98395],[47.635337,43.962207],[47.8125,43.947923]]]]},"properties":{"name":"Дагестан","cartodb_id":14,"created_at":"2013-12-04T04:23:51+0100","updated_at":"2013-12-04T08:06:24+0100","name_latin":"Republic of Dagestan"}},
{"type":"Feature","geometry":{"type":"Polygon","coordinates":[[[75.108237,58.576245],[74.628585,58.288288],[74.219631,58.136298],[73.128287,58.155304],[72.811536,57.996748],[72.167156,58.014698],[71.990196,58.115843],[71.214219,58.054221],[71.237838,58.327859],[71.311412,58.383055],[71.111075,58.434179],[71.053455,58.511108],[70.852774,58.529271],[70.358304,57.900312],[70.426527,57.893057],[70.392336,57.782465],[70.557686,57.718741],[70.598864,57.577222],[70.690201,57.553787],[70.418236,57.415114],[70.372349,57.329437],[70.701809,57.201325],[70.786795,57.364979],[70.983217,57.387105],[71.065009,57.350892],[71.115604,57.202398],[71.604991,56.932929],[71.677329,56.765223],[71.369887,56.631768],[71.020382,56.682954],[71.113689,56.624043],[71.084598,56.524166],[70.736817,56.424495],[70.927466,56.379234],[70.948417,56.304836],[70.732229,56.253127],[70.913828,56.085713],[70.80854,55.902622],[70.480612,55.905967],[70.47174,55.851273],[70.585787,55.822901],[70.828713,55.834617],[70.550487,55.791749],[70.563457,55.650732],[70.756972,55.584722],[70.439596,55.407525],[70.498739,55.330814],[70.460501,55.279672],[70.8161,55.288],[71.0245,55.0825],[70.9601,54.8859],[71.0355,54.7742],[71.0984,54.6994],[71.2936,54.6662],[71.2884,54.6016],[71.1724,54.5734],[71.2342,54.4021],[71.1999,54.3077],[70.9983,54.3338],[71.1764,54.0917],[71.2974,54.1827],[71.4904,54.1566],[71.4899,54.0971],[71.7227,54.1038],[71.7555,54.2522],[71.9512,54.2413],[72.1832,54.127],[72.2197,54.1753],[72.0975,54.2148],[72.1347,54.2965],[72.0126,54.3693],[72.20079,54.353394],[72.337948,54.245809],[72.3092,54.1892],[72.5175,54.1406],[72.3789,54.1054],[72.4331,54.0447],[72.3752,53.9462],[72.4305,53.9141],[72.556,53.9797],[72.7066,53.9584],[72.6744,54.0449],[72.5309,54.043],[72.608793,54.136841],[72.994581,54.098412],[73.066968,53.985537],[73.3,53.9431],[73.5104,53.9378],[73.630035,54.070924],[73.767879,54.053821],[73.697,53.8609],[73.4609,53.876],[73.261,53.6719],[73.2488,53.5649],[73.44547,53.43703],[73.6686,53.6082],[73.8204,53.5827],[73.9078,53.6502],[74.0685,53.6307],[74.0579,53.5659],[74.2416,53.587],[74.3945,53.4603],[74.4821,53.5622],[74.4258,53.5943],[74.4653,53.6888],[74.6426,53.6724],[74.7946,53.8245],[75.056497,53.797823],[75.4401,53.9732],[75.3784,54.0695],[75.688494,54.123289],[75.691058,54.546033],[75.804033,54.540152],[75.851846,54.607591],[75.79866,54.698176],[75.684226,54.674746],[75.638859,54.81005],[75.528951,54.803294],[75.514151,54.913308],[75.332079,54.911162],[75.409602,54.990939],[75.261625,55.128938],[75.275133,55.242491],[75.091515,55.376632],[75.312433,55.537969],[75.140769,55.583898],[75.256359,55.625503],[75.08801,55.72683],[75.369374,55.740665],[75.367335,55.805322],[75.262427,55.844122],[75.731579,56.112635],[76.306639,56.157246],[76.078777,56.292992],[76.055935,56.416088],[76.108368,56.445576],[75.83133,56.417848],[76.038233,56.61783],[76.289127,56.696968],[76.095015,57.235533],[75.965411,57.393694],[75.848267,57.3858],[75.704124,57.624997],[75.550039,57.625218],[75.565762,57.934585],[75.071473,58.116793],[75.242489,58.202615],[75.056664,58.339153],[75.376835,58.454101],[75.108237,58.576245]]]},"properties":{"name":"Омская область","cartodb_id":21,"created_at":"2013-12-04T04:23:51+0100","updated_at":"2013-12-04T08:06:58+0100","name_latin":"Omsk Oblast"}},
{"type":"Feature","geometry":{"type":"Polygon","coordinates":[[[48.999789,66.113264],[49.055647,65.22477],[49.636629,65.289107],[50.245634,64.82851],[50.498827,64.791727],[50.360683,64.510388],[49.552407,64.575831],[49.483163,64.425058],[48.961064,64.477553],[48.88379,64.326694],[48.52447,64.355617],[48.464726,64.204326],[48.196509,64.2266],[48.16144,64.345249],[47.344534,64.35439],[46.321081,64.247987],[45.852006,64.278031],[45.39935,64.174918],[45.594518,64.056964],[46.809881,63.756648],[47.017316,63.577728],[46.942724,63.34941],[47.051019,63.253906],[47.570357,63.144764],[47.442739,62.964975],[47.060895,62.826287],[47.245359,62.638732],[47.231909,62.337187],[47.402889,62.334427],[47.389083,62.181409],[47.642617,62.175714],[47.659359,62.328386],[48.322901,62.307153],[48.255704,62.506109],[48.352231,62.733736],[48.681413,62.702136],[48.741332,62.8517],[49.640796,62.76916],[49.374007,62.132736],[49.227262,62.1022],[49.043737,61.649069],[49.502104,61.605036],[49.321827,61.152372],[49.126753,61.17223],[48.474967,61.022139],[48.419677,60.837206],[48.560666,60.551513],[48.496136,60.472218],[48.632908,60.423506],[48.530512,60.400429],[48.785465,60.354924],[48.492226,60.195156],[48.523224,59.706844],[49.101547,59.661699],[49.039664,59.482398],[49.151193,59.507078],[49.347335,59.465417],[49.344454,59.409331],[49.568798,59.392349],[49.519772,59.216079],[49.815425,59.210155],[49.870036,59.477682],[49.798092,59.484999],[49.859414,59.655265],[50.084931,59.680315],[49.982241,59.723801],[49.988744,59.778361],[50.268901,59.7488],[50.402529,59.838961],[50.831023,59.863324],[51.047665,60.031904],[51.179065,60.048892],[51.467194,59.915573],[51.973869,60.279334],[52.065457,60.308487],[52.317282,60.227188],[52.348937,60.438315],[52.12267,60.464806],[52.152814,60.541242],[51.771541,60.579912],[51.893792,60.8817],[52.360943,60.829175],[52.431433,60.976416],[52.806464,60.937746],[52.870558,61.09062],[53.413843,61.032158],[53.352946,60.882025],[53.607078,60.854012],[53.826351,60.835202],[53.87597,60.982831],[54.976851,60.859908],[55.05005,61.009161],[55.19996,60.991563],[55.272479,61.146023],[55.730554,61.09171],[55.813087,61.246778],[56.274501,61.191858],[56.37827,61.443122],[56.56634,61.418999],[56.653124,61.5243],[57.080551,61.475297],[58.843882,61.495045],[59.348463,61.66377],[59.418551,61.753706],[59.327587,61.842219],[59.486699,61.946069],[59.400125,62.157112],[59.612653,62.366442],[59.635447,62.548454],[59.442619,62.565955],[59.360391,62.752291],[59.434096,62.779641],[59.464346,62.893049],[59.203794,63.027597],[59.322027,63.123271],[59.288405,63.184708],[59.365877,63.251827],[59.32203,63.314058],[59.373036,63.370917],[59.313,63.390018],[59.467974,63.548],[59.561302,63.908559],[59.72279,63.962117],[59.836947,64.087144],[59.55983,64.247737],[59.653717,64.376185],[59.598435,64.497467],[59.464282,64.495798],[59.615089,64.64667],[59.745304,64.657241],[59.626092,64.724716],[59.626861,64.803015],[60.203559,65.076943],[60.417476,65.066288],[60.609563,64.920501],[60.72944,64.925505],[60.807062,65.024702],[60.948215,65.014577],[61.137374,65.174495],[61.295941,65.183228],[61.364851,65.2496],[61.298457,65.327348],[61.626756,65.561903],[62.000444,65.717736],[62.496709,65.847722],[62.799675,65.857698],[62.84062,65.878156],[62.775354,65.902371],[62.904052,65.965107],[62.792307,66.000908],[63.107787,66.247136],[63.278412,66.219457],[63.232851,66.332681],[63.418482,66.466617],[65.139159,66.907727],[65.081882,67.039277],[65.244684,67.09368],[65.18091,67.142545],[65.746773,67.333938],[65.698554,67.380796],[66.010179,67.409108],[66.093311,67.495058],[66.048175,67.580506],[65.822687,67.538601],[65.78579,67.642054],[66.161257,67.649424],[66.25068,67.733047],[66.021731,67.809888],[66.133509,67.914682],[66.07661,67.938814],[65.357862,67.950353],[65.274676,68.234566],[65.472578,68.417891],[64.580261,68.357235],[64.527994,68.278748],[64.581889,68.200339],[63.866319,68.032518],[63.996996,67.901222],[63.706344,67.803668],[63.758087,67.725028],[63.425642,67.768995],[63.144213,67.691409],[62.834253,67.519865],[62.916956,67.445954],[62.863958,67.369734],[61.729305,67.09571],[61.597206,66.992392],[60.109855,67.000637],[59.924997,66.951591],[59.9735,67.000443],[53.874727,67.000361],[52.14922,67.099397],[51.830438,67.000177],[51.776404,66.919384],[51.526506,66.939329],[51.488714,66.834436],[51.545125,66.773977],[48.999789,66.113264]]]},"properties":{"name":"Республика Коми","cartodb_id":25,"created_at":"2013-12-04T04:23:51+0100","updated_at":"2013-12-04T08:07:28+0100","name_latin":"Komi Republic"}},
{"type":"Feature","geometry":{"type":"Polygon","coordinates":[[[44.83243,43.681956],[44.847608,43.56497],[45.066798,43.508619],[45.158521,43.411035],[45.114909,43.262417],[45.2493,42.909473],[45.086794,42.712221],[45.333492,42.527377],[45.772822,42.489153],[46.170155,42.731878],[46.114769,42.803082],[46.184333,42.886812],[46.300488,42.86489],[46.306909,42.90959],[46.366744,42.841864],[46.531259,42.923288],[46.469618,43.015362],[46.505235,43.085379],[46.385467,43.148154],[46.422286,43.298322],[46.325255,43.451031],[46.649831,43.829716],[46.445518,43.878376],[46.437555,44.002992],[46.320363,44.009813],[46.358893,43.94386],[46.252002,43.944929],[46.250131,43.881952],[46.078291,43.817167],[46.002636,43.880979],[46.071198,43.930546],[45.487471,44.010095],[45.441289,44.009733],[45.437874,43.875638],[45.200171,43.876309],[45.201686,43.956407],[45.054674,43.958372],[45.063143,43.718963],[44.83243,43.681956]]]},"properties":{"name":"Чеченская республика","cartodb_id":32,"created_at":"2013-12-04T04:23:51+0100","updated_at":"2013-12-04T08:08:21+0100","name_latin":"Chechen Republic"}},
{"type":"Feature","geometry":{"type":"Polygon","coordinates":[[[42.678289,43.809695],[42.675528,43.69786],[42.456074,43.621092],[42.414023,43.256817],[42.664413,43.140186],[42.859797,43.178898],[43.18487,42.938667],[43.398487,42.896923],[43.442963,42.96938],[43.572302,42.943093],[43.829874,43.323265],[43.919593,43.242004],[44.002068,43.272692],[44.003052,43.212394],[44.098232,43.26719],[44.037769,43.352206],[44.105683,43.431065],[44.17493,43.3486],[44.320372,43.449644],[44.355254,43.3924],[44.442879,43.427804],[44.474986,43.58225],[44.429341,43.685154],[44.282233,43.710046],[44.291438,43.810387],[44.419364,44.016451],[44.270705,43.917312],[43.920306,44.018403],[43.770114,43.926558],[43.731517,43.819418],[43.47387,43.86562],[43.317604,43.799546],[43.224112,43.958254],[43.147482,43.958934],[43.147711,43.895076],[42.678289,43.809695]]]},"properties":{"name":"Кабардино-Балкарская республика","cartodb_id":36,"created_at":"2013-12-04T04:23:51+0100","updated_at":"2013-12-04T08:08:55+0100","name_latin":"Kabardino-Balkar Republic"}},
{"type":"Feature","geometry":{"type":"Polygon","coordinates":[[[43.039706,52.370635],[42.918202,52.360338],[42.888997,52.213045],[42.771364,52.183776],[42.820193,52.022105],[42.72749,52.006383],[42.665625,51.809889],[42.515436,51.712054],[42.520795,51.596072],[42.85907,51.397253],[42.858106,51.316673],[42.947337,51.26722],[42.880894,51.233025],[43.357075,50.998832],[43.916286,51.160594],[44.019169,51.159132],[44.018499,51.072218],[44.184978,51.093284],[44.228199,51.198982],[44.499365,51.205177],[44.593444,51.11936],[44.643897,51.178614],[44.896617,51.162866],[44.939155,51.106577],[44.993972,51.146763],[45.220229,51.039943],[45.203797,50.967902],[45.321317,50.877965],[45.27866,50.718574],[45.18518,50.710334],[45.234198,50.698987],[45.192553,50.585635],[45.684345,50.575624],[45.715632,50.737716],[45.842266,50.756178],[46.091598,50.665005],[46.06146,50.526166],[46.278413,50.527697],[46.275643,50.57293],[46.495777,50.553459],[46.45836,50.617155],[46.56871,50.61463],[46.583388,50.712288],[46.727447,50.703916],[46.856582,50.641039],[46.803181,50.575686],[46.870767,50.577215],[46.911452,50.489874],[47.205309,50.509006],[47.235211,50.371022],[47.430817,50.376814],[47.582,50.466],[47.8303,50.33],[48.0958,50.099],[48.2278,49.8708],[48.4443,49.8031],[48.7485,49.9227],[48.9016,50.0228],[48.7598,50.1009],[48.8084,50.1684],[48.7315,50.2542],[48.651,50.6068],[48.5693,50.6294],[48.8295,50.5968],[49.1213,50.788],[49.4198,50.8517],[49.3382,50.9908],[49.4576,51.1282],[49.7809,51.1113],[49.9894,51.2401],[50.3604,51.3318],[50.3749,51.4288],[50.5498,51.4782],[50.5886,51.6447],[50.7289,51.6306],[50.683,51.5748],[50.8157,51.5885],[50.768482,51.773511],[50.701438,51.819657],[50.70172,51.932973],[50.352399,51.981541],[50.352111,52.044856],[50.156395,52.009824],[50.223421,52.129312],[49.798156,52.172336],[49.733409,52.272851],[49.624494,52.24782],[49.65935,52.282221],[49.570031,52.395936],[49.450203,52.320162],[49.434658,52.39862],[49.286427,52.385932],[49.35214,52.464734],[49.17145,52.49976],[48.960312,52.492513],[48.882121,52.40757],[48.834615,52.541915],[48.7272,52.542621],[48.693213,52.639141],[48.309744,52.683711],[48.428632,52.814407],[48.088773,52.793553],[47.99333,52.744964],[48.092152,52.732734],[48.063442,52.676318],[47.933741,52.646579],[47.812411,52.736339],[47.722415,52.570621],[47.495989,52.621203],[47.442631,52.563272],[47.20611,52.547227],[47.163278,52.595878],[47.062545,52.537086],[46.980435,52.638251],[46.801859,52.621141],[46.609288,52.662354],[46.577626,52.725591],[46.325899,52.680843],[46.140672,52.587105],[46.136282,52.526805],[46.004107,52.510991],[45.961039,52.396793],[45.698533,52.440915],[45.640552,52.507726],[45.429318,52.38629],[45.093912,52.400002],[45.059969,52.306116],[44.892952,52.356528],[44.853116,52.447721],[44.532591,52.532595],[44.535785,52.450395],[44.381569,52.413844],[44.321377,52.278928],[43.747019,52.432056],[43.366971,52.353769],[43.178883,52.452091],[43.039706,52.370635]]]},"properties":{"name":"Саратовская область","cartodb_id":41,"created_at":"2013-12-04T04:23:51+0100","updated_at":"2013-12-04T08:09:48+0100","name_latin":"Saratov Oblast"}},
{"type":"Feature","geometry":{"type":"Polygon","coordinates":[[[20.953488,55.281096],[20.445214,54.952621],[19.979779,54.961212],[19.93908,54.71803],[19.638671,54.458405],[21.445369,54.318778],[22.792047,54.36332],[22.701062,54.453663],[22.686001,54.590819],[22.876717,54.833404],[22.589128,55.070525],[22.070215,55.02599],[22.03784,55.081802],[21.505347,55.185822],[21.383565,55.294581],[21.271322,55.245223],[20.953488,55.281096]]]},"properties":{"name":"Калининградская область","cartodb_id":47,"created_at":"2013-12-04T04:23:51+0100","updated_at":"2013-12-04T08:10:21+0100","name_latin":"Kaliningrad Oblast"}},
{"type":"Feature","geometry":{"type":"Polygon","coordinates":[[[35.141099,53.279123],[35.127382,53.139148],[35.325127,53.079388],[35.155583,52.957383],[34.983277,52.966242],[34.825726,52.865741],[35.041037,52.756281],[35.036945,52.695448],[35.109214,52.70427],[35.003767,52.660101],[34.991555,52.50716],[34.854596,52.451538],[34.869728,52.368114],[34.924193,52.369988],[35.066082,52.321985],[35.606443,52.437365],[35.667909,52.248233],[36.322661,52.381902],[36.524042,52.21992],[37.207258,52.082804],[37.177713,52.041696],[37.424947,51.934378],[37.507934,52.016485],[37.710247,51.970256],[37.738268,52.01703],[37.760546,52.163008],[38.039122,52.24511],[38.065904,52.330215],[37.88253,52.436371],[37.930833,52.472308],[37.789985,52.497305],[37.84557,52.553715],[37.722169,52.594846],[37.891259,52.740489],[37.801613,52.853207],[37.876029,52.886328],[37.866469,53.012217],[37.730973,53.127954],[37.609804,53.098542],[37.590463,53.278939],[36.784136,53.295815],[36.699603,53.395036],[36.494591,53.388288],[36.32032,53.473698],[36.296466,53.549973],[36.030538,53.560296],[35.991189,53.626273],[35.925304,53.652394],[35.772057,53.505952],[35.612642,53.535],[35.530145,53.42868],[35.430717,53.443595],[35.378812,53.334278],[35.141099,53.279123]]]},"properties":{"name":"Орловская область","cartodb_id":51,"created_at":"2013-12-04T04:23:51+0100","updated_at":"2013-12-04T08:11:02+0100","name_latin":"Oryol Oblast"}},
{"type":"Feature","geometry":{"type":"MultiPolygon","coordinates":[[[[36.647,64.2001],[36.75542,64.1784],[36.55051,64.23116],[36.647,64.2001]]],[[[29.305928,61.329293],[29.582921,61.177989],[30.384933,61.120144],[32.915654,60.679797],[33.264762,60.794883],[33.179558,60.820888],[33.466504,60.927591],[33.449051,61.003278],[33.785424,60.93703],[33.9194,61.073669],[33.738691,61.130023],[33.544948,61.078634],[33.450692,61.153015],[33.550967,61.21201],[34.236106,61.244265],[34.442786,61.145134],[34.545519,61.274948],[34.770245,61.312745],[35.084506,61.23741],[35.393194,61.282483],[35.350481,61.177392],[35.393668,61.141498],[35.697879,61.207401],[36.499441,61.416318],[36.584329,61.53946],[36.873933,61.539284],[37.029972,61.614232],[37.30461,61.510119],[37.81674,61.529811],[37.759843,61.615429],[37.884509,61.722298],[37.943999,61.972526],[37.836783,61.98254],[37.701812,62.212684],[37.452374,62.198557],[37.635381,62.477396],[37.548008,62.622088],[37.368941,62.677886],[37.070641,62.648683],[36.528467,62.793114],[36.258139,63.01153],[36.391114,63.225946],[36.245765,63.211511],[36.192072,63.425609],[35.892773,63.576226],[36.455216,63.626485],[36.590395,63.748201],[36.553041,63.952169],[36.24853,64.00599],[36.17209,64.09319],[36.24349,64.12592],[35.95458,64.19119],[35.86217,64.34813],[35.75497,64.32128],[35.62014,64.39208],[35.61179,64.32288],[35.34991,64.29533],[35.32849,64.39751],[35.16642,64.3446],[35.16503,64.41716],[35.00201,64.44556],[35.07551,64.49699],[34.82207,64.54537],[35.02558,64.66015],[34.84345,64.68146],[35.0465,64.73967],[34.96008,64.77001],[34.92514,64.91885],[34.71127,64.94883],[34.93673,64.99594],[34.80359,64.99814],[34.8365,65.07678],[34.67985,65.14052],[34.73791,65.19204],[34.47217,65.27494],[34.52934,65.33396],[34.30622,65.36508],[34.69361,65.42761],[34.6477,65.48387],[34.79617,65.57939],[34.72514,65.66386],[35.02425,65.68703],[34.97535,65.70507],[35.0531,65.74574],[35.00643,65.79343],[34.70769,65.90218],[34.71659,65.96986],[34.51168,66.07993],[34.10982,66.22655],[33.80296,66.2604],[33.99034,66.26571],[33.648975,66.303889],[33.92406,66.3101],[33.87236,66.35924],[33.49987,66.30117],[33.45459,66.32765],[33.6666,66.33417],[33.60086,66.35259],[33.63585,66.37649],[33.4997,66.38849],[33.82707,66.4344],[33.3548,66.46815],[33.146063,66.554993],[32.587114,66.582213],[32.548149,66.479487],[32.360389,66.475171],[32.342661,66.345393],[31.936984,66.351047],[31.83003,66.371375],[31.791938,66.495233],[31.621161,66.502378],[31.575857,66.654003],[29.322073,66.662859],[29.923935,66.126249],[30.138463,65.668687],[29.722582,65.636831],[29.864331,65.560209],[29.733681,65.472201],[29.74717,65.347239],[29.602179,65.259977],[29.886701,65.205263],[29.819345,65.144459],[29.896753,65.104839],[29.625074,65.06191],[29.610097,64.927446],[29.739663,64.789755],[30.086896,64.774192],[30.041973,64.739699],[30.136573,64.648883],[29.989621,64.587631],[30.045383,64.401775],[30.483432,64.261639],[30.553811,64.131983],[30.260859,63.822138],[29.971745,63.75705],[30.484325,63.467039],[31.241646,63.216642],[31.265855,63.115467],[31.586855,62.908527],[31.163415,62.44549],[30.656406,62.208588],[29.305928,61.329293]]],[[[35.561498,64.6875],[35.50415,64.67968],[35.6139,64.64951],[35.561498,64.6875]]],[[[35.10098,64.92823],[35.06584,64.89087],[35.191424,64.931391],[35.10098,64.92823]]]]},"properties":{"name":"Республика Карелия","cartodb_id":83,"created_at":"2013-12-04T04:23:51+0100","updated_at":"2013-12-04T08:11:49+0100","name_latin":"Republic of Karelia"}},
{"type":"Feature","geometry":{"type":"Polygon","coordinates":[[[108.085664,64.246468],[108.246822,64.250218],[108.385109,64.046349],[107.769202,64.020085],[107.565638,63.897369],[107.344739,63.906224],[107.377132,63.936817],[107.307045,63.977563],[107.089406,63.927],[106.664368,64.044317],[106.624071,64.008376],[106.792636,63.881165],[106.602442,63.722726],[106.686944,63.667414],[106.59685,63.560554],[106.471391,63.542362],[106.737036,63.397767],[106.620901,63.316763],[106.411826,63.353603],[106.344485,63.245063],[106.438764,63.215343],[106.396808,63.125686],[106.114888,63.090599],[106.192995,62.920967],[106.512518,62.791116],[106.472495,62.697612],[106.773111,62.638657],[106.672482,62.556457],[106.755899,62.498125],[106.431921,62.396715],[106.483176,62.34107],[106.3487,62.28343],[106.464277,62.261178],[106.3957,62.042693],[105.899614,61.844031],[105.979911,61.690511],[105.359109,61.539433],[105.257449,61.462705],[105.283294,61.425124],[104.776858,61.347387],[104.950299,61.316054],[105.044477,61.177693],[104.856982,61.191937],[104.626259,61.079141],[104.581359,60.936311],[104.633952,60.905524],[104.468419,60.850633],[104.609339,60.724322],[104.503669,60.61562],[104.644574,60.518049],[104.656759,60.406016],[104.903699,60.299521],[105.324678,60.299431],[105.508445,60.226811],[105.422475,60.15293],[105.504517,60.000523],[105.409822,59.947871],[105.509932,59.843756],[105.070091,59.876918],[104.97972,59.854009],[105.025709,59.779466],[104.762143,59.684813],[104.967757,59.470628],[105.235691,59.443036],[105.185544,59.291112],[105.304037,59.245387],[105.293526,59.155833],[105.368066,59.118101],[104.836726,58.901237],[104.754618,58.807188],[104.894032,58.744527],[104.804707,58.674798],[104.467538,58.608789],[104.34669,58.672869],[104.382345,58.726987],[104.257158,58.715693],[104.211024,58.786293],[103.887545,58.739103],[103.965114,58.770761],[103.946214,58.903804],[103.630515,58.922413],[103.234371,59.1807],[103.217734,59.237867],[103.352725,59.266382],[103.018591,59.31841],[102.825359,59.19379],[102.567676,59.209606],[102.426481,59.144976],[102.402553,59.083479],[102.491842,59.010768],[102.449866,58.939753],[102.56121,58.904955],[102.581494,58.790032],[102.51853,58.707781],[102.206713,58.525541],[101.699847,58.411146],[101.552672,58.254658],[101.106576,58.101445],[101.166866,58.044212],[101.13863,57.968196],[101.02328,57.88148],[100.81856,57.875391],[100.908093,57.774067],[100.813714,57.638003],[100.948439,57.569257],[100.97034,57.483276],[100.763049,57.399517],[100.403319,57.552781],[100.322777,57.684373],[100.37883,57.741991],[100.137241,57.859669],[100.063989,57.977071],[100.090969,58.068641],[100.003762,58.082883],[99.681723,58.082698],[99.433516,57.78925],[99.086604,57.778079],[98.978912,57.71777],[98.747524,57.797018],[97.9532,57.828574],[97.34397,57.032281],[97.67146,56.9738],[97.63156,56.907463],[97.47862,56.883111],[97.472194,56.822412],[97.785914,56.797093],[97.741605,56.547458],[97.879933,56.534101],[97.879988,56.375359],[97.557019,56.376301],[97.574179,56.187314],[97.409098,56.163546],[97.437077,56.104107],[97.359519,56.03207],[97.131942,56.112529],[97.063652,56.004181],[96.990726,56.003892],[96.990024,55.851758],[96.786108,55.78958],[96.754383,55.733953],[96.82558,55.688982],[96.743994,55.656761],[96.854371,55.599766],[96.810292,55.569201],[96.847501,55.431695],[96.943629,55.321854],[96.657122,55.234882],[96.685306,55.082735],[96.593417,55.030175],[96.716457,54.899447],[96.566126,54.690612],[96.538823,54.529775],[96.064756,54.574173],[95.904026,54.389473],[95.711193,54.413813],[95.647701,54.299588],[95.936125,54.103321],[96.073598,54.08123],[96.061071,53.995375],[96.483179,53.693692],[96.689007,53.645835],[96.734819,53.724722],[96.88758,53.73011],[97.329068,53.588836],[97.456561,53.455465],[97.602759,53.425895],[97.58953,53.376688],[97.9825,53.348161],[98.002828,53.249523],[98.295093,53.227152],[98.31211,53.094827],[98.927803,53.153476],[99.054015,53.109028],[98.999776,53.027406],[99.230567,52.963186],[99.369922,53.034086],[99.372187,53.101895],[99.841302,53.19678],[99.872321,53.31212],[100.265894,53.372066],[100.421104,53.249162],[100.335512,53.161319],[100.377597,53.104531],[100.599521,52.95031],[100.91058,52.783194],[101.416426,52.632261],[101.677511,52.475645],[101.68666,52.404721],[101.963041,52.315434],[101.899609,52.284786],[101.926968,52.220832],[102.153423,52.282259],[102.56782,52.219569],[102.764301,51.994902],[103.226932,51.80512],[103.181311,51.619315],[103.241083,51.506176],[103.364374,51.433988],[103.586472,51.490601],[103.800815,51.434838],[103.810084,51.130227],[104.196914,51.284058],[104.589789,51.286868],[104.672738,51.337817],[104.601498,51.631356],[105.602595,51.851716],[106.172533,52.361055],[108.013798,53.235626],[108.373418,53.764052],[109.001352,54.335516],[109.068144,54.426243],[108.546178,54.543454],[108.701884,54.656122],[108.760949,54.932696],[108.686059,55.02013],[108.796959,55.166257],[108.606511,55.439832],[108.704029,55.499434],[108.682294,55.605975],[108.792171,55.639142],[108.823035,55.848072],[108.969228,55.938905],[109.187989,55.90775],[109.267174,55.961668],[109.240161,56.018805],[108.986295,56.006484],[108.80515,56.234776],[108.651599,56.241405],[108.5593,56.32099],[108.740097,56.504686],[108.670854,56.566617],[109.060805,56.610665],[109.423648,56.738455],[109.768487,56.707834],[109.890831,56.793695],[109.846152,56.846413],[109.886764,56.898718],[110.085546,56.988024],[110.576459,56.835035],[110.756987,56.887228],[111.160855,56.822461],[111.342361,56.896154],[111.333906,56.969545],[111.532251,57.131254],[111.789741,56.909677],[112.083403,56.956536],[112.217937,56.857332],[112.402457,56.857649],[112.680348,56.965787],[112.738001,56.948522],[112.67696,56.870134],[112.720988,56.773132],[112.866245,56.685793],[113.322493,56.630184],[113.496386,56.684807],[113.788065,56.613572],[113.85827,56.520305],[114.157627,56.697082],[114.423021,56.643713],[114.49633,56.703305],[114.767439,56.686957],[114.914467,56.911919],[115.082717,56.98249],[114.988184,57.033512],[115.069984,57.112084],[115.653909,57.12056],[115.845042,57.24828],[116.152067,57.230633],[116.250508,57.138381],[115.729827,56.962428],[116.080663,56.826272],[116.316016,56.87033],[116.742915,56.738758],[117.109925,56.818977],[117.320665,56.965178],[117.402941,56.845418],[117.560692,56.865304],[117.547597,56.954465],[117.680006,57.043754],[117.576207,57.165135],[117.720991,57.209258],[117.779141,57.318355],[117.587371,57.354518],[117.449871,57.259616],[117.444402,57.36735],[117.344629,57.364109],[117.33896,57.467123],[117.254805,57.537425],[117.342754,57.560347],[117.335114,57.634848],[117.139095,57.648416],[117.181607,57.769668],[117.076521,57.826745],[117.431708,57.929893],[117.382514,57.94124],[117.411274,58.14371],[117.594369,58.184642],[117.472249,58.326015],[117.830854,58.436308],[118.072476,58.367609],[118.254371,58.397679],[118.474681,58.229584],[118.680026,58.178824],[119.116842,58.238128],[119.063283,58.363496],[119.120441,58.516282],[118.754963,58.629187],[118.833945,58.676304],[118.87273,58.820487],[118.748988,58.934514],[118.872731,58.991417],[118.696272,59.057558],[118.670814,59.186608],[118.836142,59.317371],[118.7488,59.345128],[118.761284,59.428266],[118.361812,59.525624],[118.346144,59.615041],[118.244631,59.650811],[118.052115,59.642408],[117.910902,59.450702],[117.826314,59.445463],[117.77047,59.565891],[117.569694,59.477549],[117.24934,59.513227],[117.112064,59.609812],[117.205544,59.681404],[117.223793,59.874169],[117.008568,59.916842],[117.34719,60.024205],[116.988643,60.048908],[116.937166,60.19646],[116.608546,60.295133],[116.594034,60.382068],[116.1839,60.394096],[115.749481,60.546659],[115.212785,60.490171],[115.096025,60.413232],[115.145207,60.365985],[115.023475,60.236097],[114.565087,60.130926],[114.49177,60.034572],[114.573376,59.989086],[114.334394,59.913428],[114.150321,59.745556],[113.5913,59.594758],[113.614501,59.515156],[113.431376,59.40231],[113.532065,59.349913],[113.465212,59.265593],[113.277556,59.158104],[112.805138,59.126996],[112.730105,59.047867],[112.608183,59.048381],[112.605654,59.107824],[112.514623,59.060429],[112.599206,58.992301],[112.524731,58.894082],[112.441539,58.918129],[112.448434,59.153263],[112.651461,59.313623],[112.279031,59.299172],[112.340591,59.425588],[112.273681,59.531504],[111.941094,59.278543],[111.790191,59.29798],[111.649821,59.223848],[111.451149,59.292353],[111.217729,59.203733],[110.720542,59.280902],[110.548603,59.183345],[110.603614,59.140373],[110.498522,59.058927],[110.263097,58.991048],[109.821884,58.988769],[109.727389,59.090552],[109.642656,59.060777],[109.630401,59.16426],[109.509493,59.192734],[109.506285,59.308076],[109.245004,59.333282],[109.240394,59.390863],[109.351645,59.42901],[109.252271,59.466906],[109.543439,59.667295],[109.474766,59.767633],[109.662596,59.876033],[109.621253,59.937818],[109.755081,60.026996],[109.692598,60.076711],[109.722853,60.232044],[109.815246,60.273757],[109.849731,60.390969],[109.948778,60.41689],[109.949669,60.504864],[110.138172,60.59693],[110.056796,60.683279],[110.288624,60.701981],[110.261865,60.844633],[110.483167,61.000681],[110.541449,61.16427],[110.426312,61.208414],[110.222093,61.168251],[110.111251,61.277886],[109.761796,61.3317],[109.87049,61.549351],[109.600187,61.745473],[109.575309,61.914704],[109.983661,62.16212],[109.918588,62.26006],[109.99532,62.309658],[109.889907,62.37053],[109.91093,62.437021],[109.445182,62.424841],[109.251916,62.57675],[109.472373,62.68541],[109.507987,62.795014],[109.681311,62.839964],[109.483979,62.970701],[109.534118,63.013659],[109.469752,63.024098],[109.515634,63.105548],[109.458555,63.109201],[109.496928,63.140758],[109.411673,63.367869],[109.285972,63.372478],[109.257929,63.462989],[109.081238,63.577065],[108.495058,63.636415],[108.144004,63.603945],[108.124333,63.658146],[108.299315,63.716051],[108.306324,63.847093],[108.681176,63.822215],[108.802638,63.870719],[108.710601,63.932133],[108.762471,64.01662],[108.522791,64.1346],[108.596893,64.194121],[108.519782,64.211751],[108.583116,64.255198],[108.502827,64.306291],[108.085664,64.246468]]]},"properties":{"name":"Иркутская область","cartodb_id":82,"created_at":"2013-12-04T04:23:51+0100","updated_at":"2013-12-04T08:11:57+0100","name_latin":"Irkutsk Oblast"}},
{"type":"Feature","geometry":{"type":"Polygon","coordinates":[[[119.85614,56.896079],[119.655777,56.776279],[119.88538,56.67795],[119.796982,56.596617],[119.949473,56.492727],[120.254354,56.47728],[120.235379,56.403327],[120.535543,56.287492],[120.039768,56.157008],[120.12743,56.024235],[120.120565,55.865797],[120.250885,55.93599],[120.404212,55.873615],[120.88448,56.029839],[121.193811,56.041188],[121.246779,55.88011],[121.3371,55.821683],[121.342017,55.522041],[121.562323,55.511638],[121.780001,55.632219],[121.899496,55.619519],[121.991114,55.507256],[121.943818,55.232939],[122.03258,55.196149],[121.913876,55.119523],[121.959649,55.000532],[121.640328,54.764774],[121.682467,54.727801],[121.912039,54.802854],[121.929866,54.569081],[122.14582,54.458755],[121.940807,54.37859],[121.814429,54.447627],[121.702016,54.413143],[121.655447,54.358832],[121.779499,54.175246],[121.626528,54.096369],[121.946601,53.826274],[121.948005,53.616322],[122.112072,53.431152],[122.341714,53.501621],[122.429487,53.44243],[122.849535,53.455768],[123.273263,53.562153],[123.481089,53.495409],[123.592171,53.54879],[124.109707,53.346183],[124.232104,53.377488],[124.43404,53.212231],[124.673326,53.201483],[124.882113,53.096014],[124.880232,53.165207],[125.157561,53.203446],[125.518363,53.048558],[125.604696,53.081677],[125.741512,52.979266],[125.655017,52.869139],[125.829062,52.895464],[125.938818,52.763321],[126.109776,52.76114],[125.972286,52.608699],[126.201243,52.530031],[126.189583,52.465329],[126.346406,52.383202],[126.31066,52.328877],[126.424689,52.297103],[126.299927,52.206269],[126.556106,52.120166],[126.437607,52.004437],[126.727435,51.706683],[126.68519,51.577805],[126.83299,51.533086],[126.775655,51.442552],[126.914529,51.388917],[126.811361,51.287792],[126.899766,51.243648],[126.867494,51.307971],[126.972551,51.326853],[126.894102,51.202043],[126.920881,51.052082],[127.291154,50.753412],[127.366857,50.57268],[127.28543,50.467557],[127.361117,50.432322],[127.325145,50.333852],[127.60139,50.236611],[127.489311,49.989144],[127.525291,49.817772],[127.665051,49.769105],[127.687097,49.665741],[127.842663,49.573191],[128.169346,49.534769],[128.752992,49.592442],[128.802029,49.548989],[128.756831,49.474475],[128.983516,49.455628],[129.072689,49.353716],[129.225906,49.398215],[129.35197,49.350379],[129.379863,49.428054],[129.500546,49.423363],[129.559193,49.288148],[129.710373,49.289777],[129.91368,49.041178],[130.224189,48.863933],[130.631293,48.881824],[130.831775,48.987826],[131.04529,48.974788],[131.109396,49.231596],[131.419462,49.255472],[131.527884,49.427865],[131.51035,49.614858],[131.352414,49.698801],[131.520415,49.757803],[131.465802,49.803785],[131.520539,49.903465],[131.387403,49.975901],[131.38882,50.158784],[131.458305,50.177325],[131.30484,50.37646],[131.171355,50.356659],[131.13055,50.431843],[131.023652,50.434764],[130.942123,50.362337],[130.87875,50.479153],[131.026452,50.577456],[130.984524,50.637969],[130.791448,50.660374],[130.723473,50.605954],[130.644752,50.662002],[130.787387,50.864914],[130.882629,50.893339],[130.765432,50.992791],[130.948992,51.04269],[131.042859,51.239123],[131.176885,51.257705],[131.253109,51.363298],[131.490443,51.346711],[131.400911,51.691948],[131.604323,51.66596],[132.218875,51.839784],[132.29565,51.807431],[132.4506,51.885684],[132.38938,51.971535],[132.525827,51.962229],[132.572847,52.080795],[132.81813,52.183412],[133.0927,52.153126],[133.42045,52.233701],[133.233804,52.447453],[133.300754,52.529183],[133.229284,52.616671],[133.26003,52.681092],[133.869705,52.514491],[134.623599,52.438936],[134.597839,52.53894],[134.752147,52.679678],[134.653166,52.716489],[134.5946,52.900874],[134.86279,53.099726],[134.8249,53.193831],[134.920913,53.26072],[134.78237,53.382705],[134.915095,53.401786],[134.531237,53.621482],[134.04631,53.447146],[133.706805,53.467333],[133.59901,53.551287],[133.42068,53.518214],[133.159513,53.405444],[133.139159,53.307675],[132.896266,53.300235],[132.861201,53.235276],[132.105603,53.240534],[132.013113,53.139232],[131.896795,53.135808],[131.80643,53.257528],[131.441549,53.221315],[131.533441,53.33366],[131.45127,53.51011],[131.49141,53.602354],[131.418264,53.68338],[131.444139,53.739173],[131.107558,53.822338],[130.906202,53.774997],[130.673976,53.902561],[130.441599,53.888155],[130.386742,53.927568],[130.496274,53.987317],[130.511178,54.122416],[130.735983,54.298827],[131.11795,54.333683],[131.231634,54.558683],[131.169472,54.635017],[131.929887,54.893947],[132.088864,55.000978],[131.972319,55.019822],[132.086281,55.061585],[132.435135,55.091369],[132.35024,55.17724],[132.372203,55.247707],[132.611489,55.235266],[132.67767,55.355463],[132.972059,55.401858],[132.66118,55.521493],[132.661506,55.626406],[132.441057,55.742781],[132.156486,55.679722],[131.974634,55.714083],[131.827437,55.647814],[131.636182,55.708917],[131.579067,55.655608],[131.21572,55.694136],[131.147458,55.649038],[130.952768,55.712176],[130.624824,55.76245],[130.00109,55.71328],[129.903307,55.77829],[129.659195,55.786023],[129.05084,55.69489],[129.07264,55.513753],[128.785939,55.487671],[128.682784,55.571789],[128.512443,55.544781],[128.290426,55.696913],[127.85497,55.662208],[127.733709,55.731276],[127.542464,55.66484],[127.589912,55.594064],[127.458775,55.57803],[127.186956,55.717696],[126.934872,55.690885],[126.857229,55.611502],[126.72505,55.599593],[126.692811,55.666712],[126.492168,55.569373],[126.096092,55.58978],[126.06703,55.64522],[126.141116,55.651194],[126.091726,55.711501],[125.838889,55.803592],[125.565884,55.739259],[125.420122,55.869934],[125.253349,55.907761],[124.964315,55.837642],[124.639793,55.937683],[124.485281,55.891622],[124.41842,55.920287],[124.394278,56.052636],[124.214495,56.084136],[124.176827,56.197843],[123.808748,56.418599],[123.194051,56.440672],[122.884679,56.596382],[122.640219,56.475338],[122.163943,56.74619],[121.61031,56.738243],[121.609072,56.821492],[121.40559,56.985529],[120.543639,57.044459],[119.85614,56.896079]]]},"properties":{"name":"Амурская область","cartodb_id":81,"created_at":"2013-12-04T04:23:51+0100","updated_at":"2013-12-04T08:12:04+0100","name_latin":"Amur Oblast"}},
{"type":"Feature","geometry":{"type":"Polygon","coordinates":[[[130.631293,48.881824],[130.681732,48.848159],[130.521081,48.615598],[130.60837,48.577726],[130.609259,48.498656],[130.753421,48.503395],[130.727069,48.441329],[130.835304,48.304761],[130.654489,48.094736],[130.862083,47.93588],[131.02659,47.685557],[131.461803,47.738808],[131.622042,47.655653],[132.343682,47.756566],[132.54879,47.713091],[132.680554,47.870847],[132.657215,47.946181],[132.815858,47.933773],[133.049539,48.103642],[133.52213,48.120167],[133.593464,48.197019],[133.710147,48.186412],[133.74647,48.255522],[134.18838,48.382486],[134.493022,48.423826],[134.765455,48.375203],[134.995785,48.532681],[134.950617,48.626557],[134.55478,48.599774],[134.399664,48.746428],[134.046514,48.63543],[133.726693,48.757533],[133.589277,48.729502],[133.463447,48.829097],[133.281351,48.848458],[133.224739,48.958946],[133.26,49.056674],[133.053719,49.214828],[132.809333,49.23666],[132.771334,49.33546],[132.385134,49.29676],[132.384763,49.41336],[132.241219,49.489845],[132.082172,49.478248],[132.093754,49.389564],[131.993382,49.377629],[131.986279,49.256153],[131.803901,49.337971],[131.490045,49.210796],[131.419462,49.255472],[131.109396,49.231596],[131.04529,48.974788],[130.831775,48.987826],[130.631293,48.881824]]]},"properties":{"name":"Еврейская автономная область","cartodb_id":80,"created_at":"2013-12-04T04:23:51+0100","updated_at":"2013-12-04T08:12:21+0100","name_latin":"Jewish Autonomous Oblast"}},
{"type":"Feature","geometry":{"type":"MultiPolygon","coordinates":[[[[137.68875,54.6425],[137.98675,54.77175],[138.00225,54.90075],[138.21675,55.03425],[137.93075,55.14075],[137.5535,55.17925],[137.236,54.76175],[137.48525,54.868],[137.68875,54.6425]]],[[[137.7875,54.37175],[137.955,54.461],[137.843,54.48475],[137.708,54.37225],[137.7875,54.37175]]],[[[137.59175,54.38325],[137.65775,54.37925],[137.609,54.55425],[137.54,54.40375],[137.59175,54.38325]]],[[[130.952768,55.712176],[131.147458,55.649038],[131.21572,55.694136],[131.579067,55.655608],[131.636182,55.708917],[131.827437,55.647814],[131.974634,55.714083],[132.156486,55.679722],[132.441057,55.742781],[132.661506,55.626406],[132.66118,55.521493],[132.972059,55.401858],[132.67767,55.355463],[132.611489,55.235266],[132.372203,55.247707],[132.35024,55.17724],[132.435135,55.091369],[132.086281,55.061585],[131.972319,55.019822],[132.088864,55.000978],[131.929887,54.893947],[131.169472,54.635017],[131.231634,54.558683],[131.11795,54.333683],[130.735983,54.298827],[130.511178,54.122416],[130.496274,53.987317],[130.386742,53.927568],[130.441599,53.888155],[130.673976,53.902561],[130.906202,53.774997],[131.107558,53.822338],[131.444139,53.739173],[131.418264,53.68338],[131.49141,53.602354],[131.45127,53.51011],[131.533441,53.33366],[131.441549,53.221315],[131.80643,53.257528],[131.896795,53.135808],[132.013113,53.139232],[132.105603,53.240534],[132.861201,53.235276],[132.896266,53.300235],[133.139159,53.307675],[133.159513,53.405444],[133.42068,53.518214],[133.59901,53.551287],[133.706805,53.467333],[134.04631,53.447146],[134.531237,53.621482],[134.915095,53.401786],[134.78237,53.382705],[134.920913,53.26072],[134.8249,53.193831],[134.86279,53.099726],[134.5946,52.900874],[134.653166,52.716489],[134.752147,52.679678],[134.597839,52.53894],[134.623599,52.438936],[133.869705,52.514491],[133.26003,52.681092],[133.229284,52.616671],[133.300754,52.529183],[133.233804,52.447453],[133.42045,52.233701],[133.0927,52.153126],[132.81813,52.183412],[132.572847,52.080795],[132.525827,51.962229],[132.38938,51.971535],[132.4506,51.885684],[132.29565,51.807431],[132.218875,51.839784],[131.604323,51.66596],[131.400911,51.691948],[131.490443,51.346711],[131.253109,51.363298],[131.176885,51.257705],[131.042859,51.239123],[130.948992,51.04269],[130.765432,50.992791],[130.882629,50.893339],[130.787387,50.864914],[130.644752,50.662002],[130.723473,50.605954],[130.791448,50.660374],[130.984524,50.637969],[131.026452,50.577456],[130.87875,50.479153],[130.942123,50.362337],[131.023652,50.434764],[131.13055,50.431843],[131.171355,50.356659],[131.30484,50.37646],[131.458305,50.177325],[131.38882,50.158784],[131.387403,49.975901],[131.520539,49.903465],[131.465802,49.803785],[131.520415,49.757803],[131.352414,49.698801],[131.51035,49.614858],[131.527884,49.427865],[131.419462,49.255472],[131.490045,49.210796],[131.803901,49.337971],[131.986279,49.256153],[131.993382,49.377629],[132.093754,49.389564],[132.082172,49.478248],[132.241219,49.489845],[132.384763,49.41336],[132.385134,49.29676],[132.771334,49.33546],[132.809333,49.23666],[133.053719,49.214828],[133.26,49.056674],[133.224739,48.958946],[133.281351,48.848458],[133.463447,48.829097],[133.589277,48.729502],[133.726693,48.757533],[134.046514,48.63543],[134.399664,48.746428],[134.55478,48.599774],[134.950617,48.626557],[134.995785,48.532681],[134.765455,48.375203],[134.558201,47.974858],[134.76522,47.717017],[134.558262,47.47547],[134.30474,47.431061],[134.168348,47.318667],[134.223308,47.134158],[134.05474,46.975336],[134.005313,46.655228],[134.432745,46.697497],[134.43814,46.970805],[134.550996,46.973296],[134.66213,47.124291],[135.009433,47.133498],[135.085318,47.2134],[135.29866,47.160907],[135.415134,47.059782],[135.361515,46.920717],[135.752588,46.964765],[135.704517,46.917338],[135.949447,46.797242],[136.087006,46.868224],[136.234199,46.775458],[136.624928,46.79827],[136.978112,47.024922],[136.926116,47.080067],[137.037267,47.284049],[137.46519,47.209447],[138.077857,47.511982],[138.070063,47.586509],[137.972363,47.616192],[138.05247,47.696654],[137.413487,47.805803],[137.605242,47.924028],[137.308267,48.104368],[137.591927,48.245299],[137.88281,48.210842],[138.17634,48.335274],[138.19317,48.419026],[138.310583,48.464346],[138.474111,48.414451],[138.52233,48.21394],[138.703497,48.210105],[138.723572,48.14093],[138.577998,48.029218],[138.831636,47.868139],[138.76266,47.763384],[138.506695,47.67705],[138.6304,47.60423],[138.53684,47.481983],[138.862704,47.469589],[139.032543,47.396181],[139.284442,47.821573],[140.174354,48.45036],[140.190119,48.748743],[140.39057,48.976819],[140.350021,49.02539],[140.229773,48.979117],[140.331745,49.044352],[140.294874,49.080693],[140.361397,49.150011],[140.310474,49.215233],[140.423857,49.295325],[140.423093,49.414201],[140.54682,49.564583],[140.52839,49.783247],[140.398466,49.873065],[140.484874,49.996886],[140.686872,50.089626],[140.501575,50.168154],[140.530499,50.338531],[140.413083,50.543969],[140.491874,50.628926],[140.430234,50.718748],[140.524,50.899062],[140.650853,50.961034],[140.669759,51.322536],[140.858235,51.370762],[140.868741,51.43745],[140.760241,51.459496],[140.888017,51.496752],[140.884544,51.628206],[141.104702,51.682262],[141.16827,51.828469],[141.421821,51.956796],[141.349577,51.989963],[141.348889,52.097003],[141.545942,52.152291],[141.529221,52.234937],[141.39092,52.220949],[141.259498,52.293596],[141.107232,52.471615],[141.211035,52.508679],[141.28402,52.657952],[141.16353,52.790359],[141.236419,52.867667],[141.140312,52.868607],[141.1487,52.992064],[141.443017,53.165211],[141.34129,53.224546],[141.417165,53.293804],[140.908802,53.427545],[140.95686,53.494786],[141.326136,53.375137],[140.56972,53.634777],[140.25628,53.870787],[140.328675,53.9544],[139.79175,54.203],[139.7335,54.2955],[139.31825,54.1745],[138.66,54.286],[138.74,54.247],[138.663,54.0635],[138.762,54.077],[138.76875,53.97825],[138.694,53.9065],[138.6595,53.707],[138.4895,53.54275],[138.274,53.554],[138.586,53.806],[138.58225,53.9945],[138.37075,53.902],[138.32225,53.75525],[137.95025,53.581],[137.320833,53.533869],[137.25325,53.595],[137.49925,53.656],[137.606,53.83075],[137.84175,53.96175],[137.567,53.96225],[137.33375,54.05125],[137.329,54.10925],[137.477,54.09375],[137.752,54.32375],[137.4005,54.306],[137.1895,54.21],[137.0845,54.12475],[137.16228,54.038065],[137.290165,54.038169],[137.18875,53.8615],[136.793,53.779],[136.707,53.82375],[136.679,53.9515],[136.815,54.132],[136.7515,54.282],[136.818,54.32225],[136.74975,54.417],[136.8315,54.429],[136.803549,54.510108],[136.876309,54.568419],[136.829083,54.643901],[136.693,54.60275],[136.668,54.683],[136.51475,54.5875],[135.7445,54.56575],[135.63825,54.66475],[135.21225,54.69725],[135.27025,54.748],[135.18225,54.8625],[135.53725,55.08925],[136.133397,55.289082],[136.415586,55.566107],[136.797264,55.663941],[137.291537,55.961837],[137.39517,55.947084],[137.42619,56.034862],[137.725108,56.137901],[138.062948,56.43865],[138.228562,56.423235],[138.254262,56.468996],[138.133464,56.494414],[138.112203,56.578467],[138.260734,56.617261],[138.44925,56.844677],[138.548442,56.858721],[138.579231,56.785165],[138.610632,56.955256],[138.90467,57.030911],[138.926132,57.142852],[139.491622,57.335923],[139.60188,57.460137],[139.78781,57.484173],[139.99351,57.698496],[140.48858,57.843047],[140.777209,58.303902],[141.54203,58.601575],[142.079535,59.033055],[142.399831,59.180626],[143.26981,59.362378],[143.482087,59.319404],[143.87686,59.40137],[144.980273,59.367333],[145.68671,59.425311],[145.802559,59.365585],[145.96803,59.406859],[145.82965,59.241875],[146.047259,59.141124],[146.352857,59.206626],[146.303374,59.389637],[146.44101,59.46173],[146.94151,59.368693],[147.108655,59.408506],[147.168798,59.646334],[147.12605,59.696004],[147.21618,59.73206],[147.03927,59.947898],[146.80077,59.905055],[146.70214,59.971554],[146.689112,60.087294],[146.53747,60.097224],[146.372387,60.250587],[145.857411,60.170272],[145.561934,60.311641],[145.657322,60.38814],[145.525005,60.45554],[146.085257,60.73658],[146.444025,60.671125],[146.455747,60.785163],[146.534597,60.842448],[146.499321,60.941147],[146.75447,61.003652],[146.664852,61.067675],[146.756434,61.093282],[146.698001,61.306826],[146.747149,61.38622],[146.68859,61.408637],[146.739752,61.468605],[146.580909,61.531723],[146.603855,61.615183],[146.389128,61.743088],[146.347697,61.841445],[145.965418,62.004494],[145.634243,62.05328],[145.620791,61.974948],[145.450543,61.949333],[145.05248,61.996843],[144.956246,62.066851],[144.73642,62.045483],[144.582979,61.973206],[144.617804,61.907496],[144.549473,61.848024],[144.223743,61.727803],[143.944683,61.754986],[143.998537,61.891583],[143.922257,61.994276],[143.642355,61.85787],[143.645788,62.018704],[143.334967,62.033713],[143.229693,62.117471],[143.135909,62.104004],[143.153417,62.059373],[142.957602,61.89841],[142.723366,61.970616],[142.44244,61.873455],[142.181286,62.069774],[141.833325,62.017922],[141.85493,62.082662],[141.559283,62.155529],[141.5269,62.255515],[141.314379,62.416314],[141.12933,62.396668],[141.061325,62.489834],[140.790861,62.526497],[140.666065,62.416365],[140.422095,62.416213],[140.312081,62.341879],[140.275988,62.037808],[139.99022,61.977711],[139.927104,61.795297],[139.775756,61.639539],[139.692293,61.662242],[139.55376,61.473609],[139.055351,61.431278],[139.060415,61.363339],[138.97238,61.316048],[138.734927,61.336884],[138.636763,61.282242],[138.702808,61.20852],[138.336459,61.107432],[138.359881,61.005269],[138.206922,60.857035],[138.428956,60.703656],[138.268057,60.482459],[138.322441,60.333853],[138.178408,60.20899],[138.26242,60.068805],[138.268721,59.945713],[138.17691,59.822122],[138.272096,59.705773],[138.21759,59.653979],[138.022098,59.667668],[138.080477,59.74679],[138.031175,59.824763],[137.89877,59.740811],[137.631978,59.751303],[137.449811,59.645583],[137.501406,59.558085],[136.768574,59.337881],[135.689987,59.508543],[135.349139,59.335389],[135.193251,59.114383],[134.80816,59.140001],[134.722557,59.218614],[134.483379,59.139514],[134.077362,59.256017],[133.629472,59.232917],[133.51856,59.312262],[132.829636,59.118754],[132.756228,59.025339],[132.844908,58.993174],[132.777245,58.887027],[132.588076,58.891657],[132.48851,58.795264],[132.546511,58.659689],[132.386507,58.561251],[132.430917,58.510854],[132.139929,58.514862],[132.226305,58.386228],[132.198077,58.254443],[132.111436,58.27843],[131.985865,58.158537],[132.137239,58.08023],[131.984823,58.05169],[131.66815,58.209021],[131.444274,58.182403],[131.644071,58.079844],[131.584748,58.019402],[131.799213,57.932452],[131.760145,57.871115],[132.068427,57.68172],[131.724049,57.578063],[131.780773,57.538616],[131.60628,57.4282],[131.608751,57.309362],[131.487912,57.26412],[131.279232,57.336195],[131.12295,57.251713],[131.19229,57.167836],[131.313257,57.192029],[131.494191,57.111407],[131.4989,57.030247],[131.835872,56.771393],[131.68148,56.683889],[131.709222,56.603398],[131.646368,56.536917],[131.725008,56.470715],[131.648413,56.455436],[131.62874,56.529793],[131.501157,56.564587],[131.408278,56.509243],[131.422284,56.45309],[131.339013,56.528154],[131.222116,56.520844],[131.103629,56.409936],[131.120136,56.248448],[130.991287,56.167585],[130.896693,56.018642],[130.93553,55.963596],[130.86022,55.915099],[130.957815,55.816086],[130.952768,55.712176]],[[141.41111,53.321302],[141.476143,53.297047],[141.319344,53.348164],[141.41111,53.321302]]]]},"properties":{"name":"Хабаровский край","cartodb_id":79,"created_at":"2013-12-04T04:23:51+0100","updated_at":"2013-12-04T08:12:30+0100","name_latin":"Khabarovsk Krai"}},
{"type":"Feature","geometry":{"type":"Polygon","coordinates":[[[84.45382,56.043149],[84.569463,56.004814],[84.455401,55.894249],[84.60457,55.798618],[84.539147,55.718644],[84.709612,55.668201],[84.784063,55.525339],[84.621925,55.403696],[84.916447,55.321729],[84.818268,55.227091],[84.927188,55.163608],[84.841651,54.992675],[85.088092,54.816346],[84.894531,54.72854],[85.004037,54.680076],[84.931938,54.60875],[85.116875,54.437789],[85.425309,54.187304],[85.624222,54.214501],[85.871253,54.037556],[86.124254,53.982905],[86.184139,53.811626],[86.295755,53.829757],[86.393733,53.597287],[86.812873,53.451549],[86.930329,53.503674],[86.8487,53.319581],[86.630132,53.248627],[86.64421,53.180464],[87.054982,53.041002],[87.007914,52.899184],[86.912424,52.846971],[87.066492,52.695915],[87.163682,52.71021],[87.1327,52.617593],[87.374339,52.572503],[87.371324,52.499792],[87.653327,52.422416],[87.891813,52.538161],[88.228794,52.400701],[88.410897,52.445342],[88.463944,52.341503],[88.375832,52.177457],[88.707507,52.255952],[88.699479,52.363788],[89.110396,52.58785],[89.053054,52.705816],[89.239749,52.800688],[89.075433,52.958189],[88.912551,52.989647],[89.076221,53.158765],[89.005738,53.19619],[89.036455,53.280057],[88.910521,53.392139],[88.75786,53.376288],[88.876085,53.498],[88.838829,53.595685],[88.994553,53.656878],[89.044724,53.79211],[89.237828,53.818508],[89.165088,53.885376],[89.194799,53.952626],[89.041741,53.940037],[89.005812,54.06533],[89.159697,54.135923],[89.238394,54.265603],[89.125804,54.345714],[88.974605,54.288641],[88.859688,54.417708],[88.630714,54.281594],[88.363813,54.382062],[88.545095,54.434451],[88.635811,54.756529],[88.754163,54.790547],[88.747198,54.879469],[88.550427,55.001677],[88.560741,55.119048],[88.432544,55.281874],[88.601258,55.427377],[88.913599,55.660203],[89.349576,55.770889],[89.402644,55.866562],[89.275644,55.892811],[89.235652,56.013021],[89.280863,56.053909],[89.036652,56.201266],[89.039898,56.300484],[88.593416,56.430664],[88.605597,56.531251],[88.500878,56.62189],[88.663149,56.619767],[88.736076,56.714701],[88.624413,56.719298],[88.648161,56.819786],[88.597557,56.802198],[88.362446,56.827376],[87.654309,56.543607],[87.596665,56.663656],[87.36458,56.592957],[87.383977,56.645611],[87.172663,56.664294],[87.158864,56.588387],[87.225251,56.574715],[87.118012,56.535604],[86.909466,56.540903],[86.67819,56.643265],[86.382675,56.548036],[86.338887,56.636074],[86.216043,56.628059],[86.11507,56.499507],[85.562492,56.280707],[85.671139,56.211846],[85.231645,56.225658],[84.986862,56.107777],[84.897481,56.162817],[84.45382,56.043149]]]},"properties":{"name":"Кемеровская область","cartodb_id":78,"created_at":"2013-12-04T04:23:51+0100","updated_at":"2013-12-04T08:12:36+0100","name_latin":"Kemerovo Oblast"}},
{"type":"Feature","geometry":{"type":"Polygon","coordinates":[[[88.375832,52.177457],[88.25247,52.0458],[88.151791,52.095988],[87.97684,51.952266],[87.884761,51.780985],[88.110094,51.740266],[87.900397,51.551547],[87.941398,51.478926],[88.141106,51.428543],[88.156395,51.348495],[88.445489,51.285126],[88.702876,51.393362],[88.658053,51.52805],[88.791531,51.553761],[89.20975,51.658379],[89.263824,51.641242],[89.24937,51.543225],[89.439673,51.606774],[89.658952,51.539275],[89.926926,51.757194],[90.136214,51.764436],[90.011789,51.958472],[90.158465,52.060766],[90.143443,52.148488],[90.486733,52.195871],[90.894977,52.600995],[91.257868,52.636738],[91.314188,52.776589],[91.475536,52.894465],[91.449972,53.135703],[91.738462,53.177746],[91.923697,53.349601],[91.863571,53.456917],[91.625096,53.533874],[91.538996,53.641577],[91.567944,53.708647],[91.44478,53.803129],[91.573678,54.091245],[91.310988,54.33155],[91.260237,54.506586],[90.918748,54.653634],[90.945677,54.848132],[90.507234,54.904443],[90.499215,55.060849],[90.24387,55.078872],[90.216932,55.153584],[90.126284,55.153501],[89.724446,55.068499],[89.664379,55.000658],[89.607299,55.028163],[89.661038,55.073468],[89.580251,55.087853],[89.43036,55.062463],[89.423039,55.011289],[89.278195,55.042068],[89.24112,55.111902],[89.064119,55.120055],[89.115942,55.180122],[89.009895,55.233704],[89.011422,55.323647],[88.601258,55.427377],[88.432544,55.281874],[88.560741,55.119048],[88.550427,55.001677],[88.747198,54.879469],[88.754163,54.790547],[88.635811,54.756529],[88.545095,54.434451],[88.363813,54.382062],[88.630714,54.281594],[88.859688,54.417708],[88.974605,54.288641],[89.125804,54.345714],[89.238394,54.265603],[89.159697,54.135923],[89.005812,54.06533],[89.041741,53.940037],[89.194799,53.952626],[89.165088,53.885376],[89.237828,53.818508],[89.044724,53.79211],[88.994553,53.656878],[88.838829,53.595685],[88.876085,53.498],[88.75786,53.376288],[88.910521,53.392139],[89.036455,53.280057],[89.005738,53.19619],[89.076221,53.158765],[88.912551,52.989647],[89.075433,52.958189],[89.239749,52.800688],[89.053054,52.705816],[89.110396,52.58785],[88.699479,52.363788],[88.707507,52.255952],[88.375832,52.177457]]]},"properties":{"name":"Республика Хакасия","cartodb_id":75,"created_at":"2013-12-04T04:23:51+0100","updated_at":"2013-12-04T08:12:47+0100","name_latin":"Republic of Khakassia"}},
{"type":"Feature","geometry":{"type":"Polygon","coordinates":[[[37.628222,58.482944],[37.624237,58.420457],[37.381726,58.36244],[37.435102,58.276002],[37.327909,58.236644],[37.714982,58.077988],[37.51363,58.041175],[37.499023,57.96861],[37.354008,57.990045],[37.444756,57.907217],[37.33033,57.88546],[37.433831,57.869276],[37.380219,57.820446],[37.488926,57.811498],[37.630062,57.66343],[37.814211,57.625256],[37.85767,57.5797],[37.806651,57.440711],[37.882599,57.39494],[38.016234,57.336215],[38.3032,57.358673],[38.313427,57.259914],[38.148415,57.224503],[38.251866,57.028605],[38.154234,56.985256],[38.194199,56.902533],[38.100071,56.85531],[38.244299,56.793463],[38.318131,56.658578],[38.422891,56.70089],[38.562259,56.613802],[38.55302,56.541787],[38.769532,56.610467],[38.972406,56.535227],[39.174764,56.579128],[39.273024,56.536674],[39.402019,56.771048],[39.400397,56.86469],[39.553421,56.959924],[39.524104,57.018293],[39.857583,57.084842],[39.853334,57.17419],[40.430464,57.285829],[40.40563,57.493452],[40.50458,57.517849],[40.440885,57.542821],[40.631984,57.56882],[40.718094,57.662102],[40.597672,57.897109],[40.809087,58.006626],[40.774589,58.066146],[40.893266,58.107787],[40.906813,58.199678],[41.190459,58.333909],[40.930072,58.576336],[40.185873,58.555134],[40.088303,58.595198],[40.125689,58.649295],[40.048492,58.656204],[40.020075,58.741223],[39.870957,58.752406],[39.604119,58.904925],[38.989808,58.956012],[38.926217,58.896967],[39.036062,58.855655],[38.920087,58.807158],[38.923263,58.733331],[38.064554,58.730111],[37.896818,58.611319],[37.712146,58.625677],[37.628222,58.482944]]]},"properties":{"name":"Ярославская область","cartodb_id":66,"created_at":"2013-12-04T04:23:51+0100","updated_at":"2013-12-04T08:12:59+0100","name_latin":"Yaroslavl Oblast"}},
{"type":"Feature","geometry":{"type":"Polygon","coordinates":[[[53.785599,58.455538],[53.504666,58.454353],[53.373651,58.384282],[53.213692,58.401361],[53.24802,58.443735],[53.160667,58.450482],[53.160052,58.542172],[52.910892,58.536977],[52.843074,58.392879],[52.173006,58.489411],[51.786873,58.36115],[51.820346,58.285681],[51.72312,58.249386],[51.685395,58.148137],[51.790292,58.146398],[51.824628,58.017371],[51.924883,58.000705],[51.820076,57.843814],[51.954249,57.766864],[51.864777,57.729299],[51.832307,57.571415],[51.626881,57.531568],[51.590067,57.460752],[51.165254,57.440762],[51.124165,57.243277],[51.240272,57.139464],[51.216643,57.044933],[51.430318,56.93549],[51.392154,56.908362],[51.536232,56.885229],[51.391373,56.766567],[51.393202,56.666895],[51.180423,56.684637],[51.127693,56.511828],[51.299262,56.421902],[51.286024,56.323433],[51.403791,56.286327],[51.357483,56.198388],[51.498864,56.205728],[51.444008,56.127376],[51.645638,56.110942],[51.397933,56.029644],[51.456185,55.922552],[51.742772,55.981557],[51.711387,55.941683],[51.78097,55.886564],[51.952489,55.989862],[52.156222,55.904398],[52.24645,55.967358],[52.242984,56.098086],[52.379718,56.019136],[52.499403,56.032898],[52.45639,56.082527],[52.756727,55.989558],[52.712548,56.130197],[52.845043,56.080128],[52.882179,56.159847],[52.55531,56.242863],[52.777968,56.397833],[52.924081,56.400796],[52.969235,56.459967],[52.889844,56.500476],[53.033488,56.543349],[53.144828,56.524698],[53.006075,56.43261],[52.945273,56.282013],[52.999291,56.177529],[53.065107,56.21165],[53.064148,56.129808],[53.155232,56.158943],[53.33283,56.062106],[53.383501,56.090312],[53.350944,56.165816],[53.233604,56.239378],[53.575332,56.236981],[53.568052,56.125731],[53.200002,55.926013],[53.240618,55.872167],[53.697341,55.925082],[53.84536,56.044852],[54.014881,56.009474],[54.195177,56.198227],[54.392322,56.258322],[54.377579,56.378702],[54.328795,56.482895],[54.244086,56.458165],[54.041618,56.579077],[54.082409,56.635401],[53.84102,56.59672],[53.901705,56.679068],[53.803202,56.817448],[54.03253,56.757927],[54.153452,56.980931],[54.434826,57.035921],[54.289141,57.114539],[54.344605,57.158853],[54.311665,57.305716],[54.124469,57.346259],[54.273825,57.461266],[53.991837,57.559337],[54.126741,57.615644],[54.050386,57.643421],[54.153117,57.701943],[54.085662,57.918409],[54.136468,57.957979],[53.785463,58.236607],[53.88668,58.31436],[53.785599,58.455538]]]},"properties":{"name":"Удмуртская республика","cartodb_id":59,"created_at":"2013-12-04T04:23:51+0100","updated_at":"2013-12-04T08:13:59+0100","name_latin":"Udmurt Republic"}},
{"type":"Feature","geometry":{"type":"Polygon","coordinates":[[[34.722362,59.084852],[34.897115,59.049105],[34.868292,58.990594],[35.02031,58.924973],[35.17886,58.948819],[35.128426,58.81525],[35.282841,58.767134],[35.461428,58.861123],[35.57926,58.810316],[35.75633,58.842318],[35.827022,58.815966],[35.744992,58.82213],[35.783203,58.753698],[35.962167,58.751129],[35.912573,58.738155],[35.987598,58.684919],[36.103803,58.724755],[36.127689,58.623972],[36.219745,58.607657],[36.181682,58.51165],[36.503051,58.515478],[36.66368,58.701748],[36.829193,58.742107],[36.765447,58.800944],[37.070959,58.863139],[37.195804,58.814279],[37.292556,58.645339],[37.628222,58.482944],[37.712146,58.625677],[37.896818,58.611319],[38.064554,58.730111],[38.923263,58.733331],[38.920087,58.807158],[39.036062,58.855655],[38.926217,58.896967],[38.989808,58.956012],[39.604119,58.904925],[39.870957,58.752406],[40.020075,58.741223],[40.048492,58.656204],[40.125689,58.649295],[40.088303,58.595198],[40.185873,58.555134],[40.930072,58.576336],[41.22104,58.713521],[41.156287,58.803261],[41.263991,58.898907],[41.182087,58.895598],[41.190382,58.95622],[41.349027,58.951944],[41.72852,59.110905],[41.906841,59.07355],[42.058869,59.125959],[42.098663,59.24982],[41.938463,59.27723],[42.034862,59.429549],[42.216254,59.408483],[42.202767,59.327548],[42.279223,59.261537],[42.636381,59.328185],[42.799691,59.170034],[43.028181,59.202897],[43.143818,59.292548],[43.382571,59.204406],[43.33743,59.266158],[43.504048,59.305888],[43.534962,59.1785],[43.776377,59.268368],[43.94817,59.208092],[44.171108,59.237329],[44.190221,59.17012],[44.352629,59.132541],[45.039644,59.121812],[45.056262,59.198298],[45.340468,59.216042],[45.979028,59.171648],[46.020292,59.323947],[46.368871,59.343196],[46.408911,59.618645],[47.117822,59.598969],[47.152877,59.752233],[46.922349,59.765497],[47.034772,60.126381],[46.770376,60.040178],[46.352685,60.110449],[46.329626,60.214766],[46.264862,60.229691],[46.763025,60.233679],[46.843537,60.358231],[46.758457,60.36478],[46.871727,60.414204],[46.873836,60.513505],[47.038023,60.544604],[46.964361,60.657176],[47.072164,60.844481],[46.820444,60.881563],[46.823677,60.963126],[46.542857,60.982266],[46.52476,61.043915],[46.299524,60.968742],[45.759413,61.011219],[45.809008,61.161534],[45.338405,61.195118],[45.251136,60.89404],[44.159802,60.965034],[44.180954,61.061493],[43.978624,61.057391],[43.782949,61.037182],[43.766378,60.896254],[43.544626,60.85791],[43.523734,60.766376],[43.153104,60.811964],[42.994978,60.729891],[42.887567,60.832253],[42.658296,60.887947],[42.570482,60.773183],[42.375325,60.767783],[41.926889,60.84368],[41.952876,60.914835],[41.824642,60.916387],[41.728535,60.858356],[41.567656,60.898853],[41.377683,60.85032],[41.424661,60.818025],[41.369925,60.641519],[40.895154,60.684256],[40.771145,60.775442],[40.574868,60.719656],[40.428928,60.783295],[40.28248,60.67967],[40.01047,60.646765],[39.645104,60.750209],[39.375122,60.687016],[39.19359,60.722709],[39.186348,60.643816],[38.927,60.76725],[38.619959,60.716362],[38.586728,60.797676],[38.404946,60.806727],[38.367169,60.914128],[38.181332,60.985107],[38.269752,61.068007],[38.123649,61.160507],[38.007959,61.141705],[38.018173,61.224792],[37.872908,61.290487],[37.81674,61.529811],[37.30461,61.510119],[37.029972,61.614232],[36.873933,61.539284],[36.584329,61.53946],[36.499441,61.416318],[35.697879,61.207401],[35.696684,61.003459],[35.175541,60.770072],[35.298761,60.601439],[35.274424,60.336265],[35.162628,60.256032],[35.213954,60.074013],[35.145554,60.020779],[35.446386,59.977593],[35.375027,59.8579],[35.407351,59.719425],[35.615236,59.712406],[35.605574,59.614381],[35.49466,59.651901],[35.493687,59.535701],[35.40948,59.530044],[35.512622,59.503458],[35.316317,59.520275],[35.442389,59.404345],[35.299507,59.340982],[35.396223,59.317561],[34.863305,59.215629],[34.834593,59.127253],[34.722362,59.084852]]]},"properties":{"name":"Вологодская область","cartodb_id":55,"created_at":"2013-12-04T04:23:51+0100","updated_at":"2013-12-04T08:15:26+0100","name_latin":"Vologda Oblast"}},
{"type":"Feature","geometry":{"type":"Polygon","coordinates":[[[44.847608,43.56497],[44.622436,43.548247],[44.63363,43.614966],[44.503346,43.587919],[44.479066,43.513722],[44.511816,43.40569],[44.577958,43.416361],[44.568979,43.234828],[44.679901,43.210889],[44.697017,43.270732],[44.959944,43.045205],[44.853651,42.835576],[44.633879,42.913062],[44.678461,42.756177],[44.803788,42.61473],[44.887471,42.747044],[45.086794,42.712221],[45.2493,42.909473],[45.114909,43.262417],[45.158521,43.411035],[45.066798,43.508619],[44.847608,43.56497]]]},"properties":{"name":"Ингушетия","cartodb_id":34,"created_at":"2013-12-04T04:23:51+0100","updated_at":"2013-12-04T08:16:04+0100","name_latin":"Republic of Ingushetia"}},
{"type":"Feature","geometry":{"type":"Polygon","coordinates":[[[59.04205,56.168357],[59.335833,56.149686],[59.308165,56.04629],[59.192583,56.025162],[59.221148,55.85022],[59.133416,55.820019],[59.320522,55.761379],[59.27561,55.709122],[59.335809,55.63157],[59.249646,55.58146],[59.390982,55.644734],[59.65493,55.591895],[59.464074,55.473619],[59.183238,55.468431],[59.162596,55.333266],[59.006998,55.265256],[58.911422,55.326399],[58.837773,55.293352],[58.931858,55.272014],[58.70942,55.279674],[58.755401,55.16372],[58.57545,55.162091],[58.823733,55.053886],[58.727088,54.967864],[58.453279,54.99672],[58.362464,55.140886],[58.245816,55.170525],[58.128532,55.127048],[58.195584,55.096184],[58.087454,55.012955],[58.131944,54.952238],[58.005081,54.906153],[57.932921,54.948617],[58.027003,54.991296],[57.987618,55.149662],[58.136618,55.211127],[58.008686,55.282699],[57.530101,55.337019],[57.246225,55.266033],[57.241546,55.1496],[57.131288,55.085049],[57.259646,54.960529],[57.143324,54.851586],[57.201329,54.80445],[57.520623,54.65375],[57.603152,54.67859],[57.762647,54.563129],[57.753361,54.501668],[57.983601,54.396357],[58.38526,54.560103],[58.617068,54.462723],[59.065343,54.649671],[59.263303,54.616893],[59.617976,54.906111],[60.001809,54.864135],[59.853775,54.609024],[59.646489,54.484027],[59.739901,54.455659],[59.67179,54.33965],[59.789291,54.244344],[59.707982,54.141639],[59.325654,54.187793],[59.140931,53.972677],[58.910619,53.928772],[58.964898,53.907859],[58.907744,53.862662],[58.906865,53.642514],[58.81378,53.548606],[58.906374,53.547702],[58.872275,53.201817],[58.913414,53.056053],[58.991746,53.041952],[58.839127,53.024017],[58.861054,52.944409],[58.7608,52.849632],[58.804657,52.695086],[58.751016,52.611018],[58.838928,52.566],[58.770178,52.471171],[58.854927,52.425806],[59.001885,52.42465],[59.001908,52.361888],[59.165674,52.276502],[59.249241,52.476566],[59.412303,52.484694],[59.501736,52.398978],[59.824166,52.480058],[60.162998,52.400119],[60.173892,52.260282],[59.905441,52.082243],[60.0096,51.9938],[60.2527,51.997],[61.0658,52.3495],[60.980854,52.50754],[60.841464,52.521976],[60.8436,52.6317],[60.7159,52.6733],[60.7143,52.7605],[61.0712,52.9331],[61.0231,52.9754],[61.4662,53.035],[61.6342,52.9535],[62.132,52.9887],[62.1115,53.1161],[61.8173,53.1709],[61.6829,53.2624],[61.5241,53.2156],[61.1852,53.2997],[61.1582,53.4036],[61.2593,53.5057],[61.4239,53.4586],[61.5963,53.5254],[61.5579,53.5907],[61.2223,53.5627],[60.9037,53.6249],[61.22659,53.794853],[61.137479,53.904418],[60.998162,53.936906],[61.2799,53.9269],[61.246328,54.037192],[61.406802,54.086849],[61.571867,53.968503],[61.850881,54.031646],[61.857614,53.962046],[61.93106,53.94957],[62.037044,53.947999],[62.013418,54.039685],[62.414421,54.047681],[62.4935,54.0332],[62.3963,54.0004],[62.4445,53.9286],[62.5469,53.8978],[62.5924,54.0694],[63.0843,54.1016],[63.1534,54.1845],[63.3541,54.1904],[63.344,54.251514],[63.097533,54.333485],[63.165626,54.335988],[63.153453,54.493809],[63.218199,54.471431],[63.294737,54.543791],[63.199821,54.699085],[62.671724,54.624012],[62.550252,54.652031],[62.550583,54.729143],[62.276022,54.669316],[62.016963,54.723884],[62.118788,54.814148],[61.966185,55.030311],[62.193825,54.99019],[62.28477,55.078212],[62.225938,55.203206],[62.043156,55.260574],[62.066351,55.303627],[62.244451,55.337179],[62.18825,55.445441],[62.299507,55.403819],[62.62009,55.490569],[62.468967,55.563626],[62.554016,55.646069],[62.525893,55.769909],[62.304293,55.837975],[62.364329,55.933387],[62.238595,55.933735],[62.230419,56.027999],[62.061058,56.130821],[61.836979,56.177833],[61.870744,56.222679],[61.668357,56.317422],[61.161025,56.366287],[61.091777,56.319243],[61.185875,56.208264],[61.103532,56.181438],[60.65546,56.214968],[60.679792,56.310093],[60.576364,56.318084],[60.553838,56.221309],[60.258947,56.199749],[59.757861,56.223543],[59.634706,56.248048],[59.714008,56.323517],[59.222805,56.355335],[59.141941,56.330622],[59.198336,56.271061],[59.168521,56.198713],[59.04205,56.168357]]]},"properties":{"name":"Челябинская область","cartodb_id":24,"created_at":"2013-12-04T04:23:51+0100","updated_at":"2013-12-04T08:16:45+0100","name_latin":"Chelyabinsk Oblast"}},
{"type":"Feature","geometry":{"type":"Polygon","coordinates":[[[53.697341,55.925082],[54.265888,55.704039],[53.966076,55.529181],[53.8827,55.3707],[53.602269,55.262642],[53.616626,55.214323],[53.158294,55.165716],[53.553362,54.878503],[53.648184,54.908455],[53.6149,54.7044],[53.422711,54.564303],[53.386261,54.41684],[53.500606,54.056129],[53.644587,53.753514],[53.850762,53.684026],[54.151671,53.387978],[54.547572,53.355177],[54.615454,53.217025],[54.827796,53.275814],[54.927072,53.211115],[55.1395,52.814367],[55.400338,52.827063],[55.338549,52.767307],[55.427082,52.733112],[55.367311,52.683087],[55.216321,52.721853],[55.280618,52.630418],[55.368152,52.675262],[55.463937,52.624612],[55.437028,52.58536],[55.524102,52.604216],[55.544844,52.534839],[55.474527,52.523159],[55.525192,52.513938],[55.525097,52.38756],[55.823417,52.364962],[55.887662,52.407831],[55.867592,52.545781],[56.006415,52.548907],[56.035274,52.647084],[56.26441,52.545861],[56.423645,52.603841],[56.3508,52.496325],[56.381999,52.420007],[56.486556,52.451204],[56.453994,52.297024],[56.236995,52.219032],[56.202373,52.142327],[56.347727,52.128616],[56.466166,52.211192],[56.399491,52.159855],[56.704598,52.060058],[56.65455,51.959442],[56.734256,51.918219],[56.630384,51.899192],[56.610845,51.827073],[56.769913,51.763697],[56.723,51.591497],[56.892302,51.606433],[56.811799,51.768614],[57.22046,51.575738],[57.395935,51.727277],[57.628705,51.750428],[57.655329,51.86881],[58.109535,51.791877],[58.164657,51.718366],[58.574905,51.771697],[58.655809,52.034295],[58.712842,52.037409],[58.616724,52.136593],[58.670231,52.297299],[58.952477,52.28167],[58.945428,52.339689],[58.837006,52.355784],[58.854927,52.425806],[58.770178,52.471171],[58.838928,52.566],[58.751016,52.611018],[58.804657,52.695086],[58.7608,52.849632],[58.861054,52.944409],[58.839127,53.024017],[58.991746,53.041952],[58.913414,53.056053],[58.872275,53.201817],[58.906374,53.547702],[58.81378,53.548606],[58.906865,53.642514],[58.907744,53.862662],[58.964898,53.907859],[58.910619,53.928772],[59.140931,53.972677],[59.325654,54.187793],[59.707982,54.141639],[59.789291,54.244344],[59.67179,54.33965],[59.739901,54.455659],[59.646489,54.484027],[59.853775,54.609024],[60.001809,54.864135],[59.617976,54.906111],[59.263303,54.616893],[59.065343,54.649671],[58.617068,54.462723],[58.38526,54.560103],[57.983601,54.396357],[57.753361,54.501668],[57.762647,54.563129],[57.603152,54.67859],[57.520623,54.65375],[57.201329,54.80445],[57.143324,54.851586],[57.259646,54.960529],[57.131288,55.085049],[57.241546,55.1496],[57.246225,55.266033],[57.530101,55.337019],[58.008686,55.282699],[58.136618,55.211127],[57.987618,55.149662],[58.027003,54.991296],[57.932921,54.948617],[58.005081,54.906153],[58.131944,54.952238],[58.087454,55.012955],[58.195584,55.096184],[58.128532,55.127048],[58.245816,55.170525],[58.362464,55.140886],[58.453279,54.99672],[58.727088,54.967864],[58.823733,55.053886],[58.57545,55.162091],[58.755401,55.16372],[58.70942,55.279674],[58.931858,55.272014],[58.837773,55.293352],[58.911422,55.326399],[59.006998,55.265256],[59.162596,55.333266],[59.183238,55.468431],[59.464074,55.473619],[59.65493,55.591895],[59.390982,55.644734],[59.249646,55.58146],[59.335809,55.63157],[59.27561,55.709122],[59.320522,55.761379],[59.133416,55.820019],[59.221148,55.85022],[59.192583,56.025162],[59.308165,56.04629],[59.335833,56.149686],[59.04205,56.168357],[58.900497,56.053224],[58.559694,56.172639],[58.384528,56.081776],[57.861552,56.148356],[57.598601,56.085196],[57.480225,56.122618],[57.50828,56.19462],[57.406237,56.34266],[57.195286,56.250602],[57.203793,56.169341],[56.921333,56.103883],[56.594748,56.262981],[56.506254,56.344041],[56.532631,56.397031],[56.081113,56.290316],[55.879236,56.456682],[55.38524,56.317094],[55.206916,56.37202],[55.150002,56.307456],[54.943592,56.337213],[54.577733,56.534643],[54.444573,56.34606],[54.377579,56.378702],[54.392322,56.258322],[54.195177,56.198227],[54.014881,56.009474],[53.84536,56.044852],[53.697341,55.925082]]]},"properties":{"name":"Башкортостан","cartodb_id":61,"created_at":"2013-12-04T04:23:51+0100","updated_at":"2013-12-04T08:17:23+0100","name_latin":"Republic of Bashkortostan"}}
]}